Header_Press,Liquid_Level,Flow_Lower,Flow_Upper,Pump_Group,P1_Freq,P2_Freq,P3_Freq,P4_Freq,P5_Freq,P6_Freq,P7_Freq,Total_Flow,Flow_Deviation,Eff,PCTW,Confidence,Dev_Confidence,Total_Confidence,Appear_Count
0.3,2.0,2100.0,2300.0,0000011,0,0,0,0,0,50,50,2064.0,-136.0,47.74,176.67,0.0,0.09,0.05,0
0.3,2.0,2100.0,2300.0,0000101,0,0,0,0,50,0,50,2082.0,-118.0,50.37,167.43,0.0,0.21,0.11,0
0.3,2.0,2100.0,2300.0,0000110,0,0,0,0,50,50,0,1905.7,-294.3,47.79,176.46,1.0,0.0,0.5,7381
0.3,2.0,2100.0,2300.0,0001001,0,0,0,50,0,0,50,2023.6,-176.4,50.55,166.83,0.0,0.0,0.0,0
0.3,2.0,2100.0,2300.0,0001010,0,0,0,47,0,50,0,2068.9,-131.1,48.33,174.49,1.0,0.13,0.56,183088
0.3,2.0,2100.0,2300.0,0001100,0,0,0,50,50,0,0,1957.6,-242.4,49.97,168.79,1.0,0.0,0.5,107
0.3,2.0,2100.0,2300.0,0010001,0,0,50,0,0,0,50,2215.0,15.0,48.85,172.64,0.0,0.9,0.45,0
0.3,2.0,2100.0,2300.0,0010010,0,0,47,0,0,50,0,2136.0,-64.0,46.71,180.55,1.0,0.57,0.79,72227
0.3,2.0,2100.0,2300.0,0010100,0,0,50,0,50,0,0,2098.8,-101.2,49.77,169.45,0.0,0.33,0.16,0
0.3,2.0,2100.0,2300.0,0011000,0,0,49,50,0,0,0,2065.0,-135.0,48.2,174.97,1.0,0.1,0.55,98122
0.3,2.0,2100.0,2300.0,0100001,0,50,0,0,0,0,50,2170.9,-29.1,49.54,170.24,0.0,0.81,0.4,0
0.3,2.0,2100.0,2300.0,0100010,0,50,0,0,0,50,0,2143.9,-56.1,47.63,177.09,0.0,0.63,0.31,0
0.3,2.0,2100.0,2300.0,0100100,0,50,0,0,50,0,0,2237.9,37.9,52.05,162.02,0.0,0.75,0.37,0
0.3,2.0,2100.0,2300.0,0101000,0,50,0,50,0,0,0,2166.8,-33.2,49.27,171.18,0.0,0.78,0.39,0
0.3,2.0,2100.0,2300.0,0110000,0,50,30,0,0,0,0,2115.4,-84.6,48.3,174.62,0.0,0.44,0.22,0
0.3,2.0,2100.0,2300.0,1000001,50,0,0,0,0,0,50,2090.6,-109.4,47.74,176.66,0.0,0.27,0.14,0
0.3,2.0,2100.0,2300.0,1000010,47,0,0,0,0,50,0,2096.7,-103.3,46.24,182.39,1.0,0.31,0.66,287155
0.3,2.0,2100.0,2300.0,1000100,50,0,0,0,50,0,0,2110.3,-89.7,49.51,170.34,0.0,0.4,0.2,0
0.3,2.0,2100.0,2300.0,1001000,48,0,0,48,0,0,0,2113.1,-86.9,48.43,174.13,1.0,0.42,0.71,177419
0.3,2.0,2100.0,2300.0,1010000,31,0,50,0,0,0,0,2054.2,-145.8,47.49,177.58,0.0,0.03,0.01,0
0.3,2.0,2100.0,2300.0,1100000,50,50,0,0,0,0,0,2182.0,-18.0,47.78,176.52,1.0,0.88,0.94,13
0.3,2.0,2200.0,2400.0,0000011,0,0,0,0,0,50,50,2064.0,-236.0,47.74,176.67,0.0,0.0,0.0,0
0.3,2.0,2200.0,2400.0,0000101,0,0,0,0,50,0,50,2082.0,-218.0,50.37,167.43,0.0,0.0,0.0,0
0.3,2.0,2200.0,2400.0,0000110,0,0,0,0,50,50,0,1905.7,-394.3,47.79,176.46,1.0,0.0,0.5,7381
0.3,2.0,2200.0,2400.0,0001001,0,0,0,50,0,0,50,2023.6,-276.4,50.55,166.83,0.0,0.0,0.0,0
0.3,2.0,2200.0,2400.0,0001010,0,0,0,49,0,50,0,2203.2,-96.8,47.95,175.88,1.0,0.35,0.68,183088
0.3,2.0,2200.0,2400.0,0001100,0,0,0,50,50,0,0,1957.6,-342.4,49.97,168.79,1.0,0.0,0.5,107
0.3,2.0,2200.0,2400.0,0010001,0,0,50,0,0,0,50,2215.0,-85.0,48.85,172.64,0.0,0.43,0.22,0
0.3,2.0,2200.0,2400.0,0010010,0,0,48,0,0,50,0,2217.6,-82.4,46.6,180.98,1.0,0.45,0.73,72227
0.3,2.0,2200.0,2400.0,0010100,0,0,50,0,50,0,0,2098.8,-201.2,49.77,169.45,0.0,0.0,0.0,0
0.3,2.0,2200.0,2400.0,0011000,0,0,50,50,0,0,0,2088.6,-211.4,48.07,175.46,1.0,0.0,0.5,98122
0.3,2.0,2200.0,2400.0,0100001,0,50,0,0,0,0,50,2170.9,-129.1,49.54,170.24,0.0,0.14,0.07,0
0.3,2.0,2200.0,2400.0,0100010,0,50,0,0,0,50,0,2143.9,-156.1,47.63,177.09,0.0,0.0,0.0,0
0.3,2.0,2200.0,2400.0,0100100,0,50,0,0,50,0,0,2237.9,-62.1,52.05,162.02,0.0,0.59,0.29,0
0.3,2.0,2200.0,2400.0,0101000,0,50,0,50,0,0,0,2166.8,-133.2,49.27,171.18,0.0,0.11,0.06,0
0.3,2.0,2200.0,2400.0,0110000,0,50,38,0,0,0,0,2152.5,-147.5,48.22,174.9,0.0,0.02,0.01,0
0.3,2.0,2200.0,2400.0,1000001,50,0,0,0,0,0,50,2090.6,-209.4,47.74,176.66,0.0,0.0,0.0,0
0.3,2.0,2200.0,2400.0,1000010,48,0,0,0,0,50,0,2168.3,-131.7,46.04,183.17,1.0,0.12,0.56,287155
0.3,2.0,2200.0,2400.0,1000100,50,0,0,0,50,0,0,2110.3,-189.7,49.51,170.34,0.0,0.0,0.0,0
0.3,2.0,2200.0,2400.0,1001000,48,0,0,49,0,0,0,2153.0,-147.0,48.42,174.18,1.0,0.02,0.51,177419
0.3,2.0,2200.0,2400.0,1010000,35,0,50,0,0,0,0,2168.4,-131.6,47.26,178.45,0.0,0.12,0.06,0
0.3,2.0,2200.0,2400.0,1100000,50,50,0,0,0,0,0,2182.0,-118.0,47.78,176.52,1.0,0.21,0.61,13
0.3,2.0,2300.0,2500.0,0000011,0,0,0,0,0,50,50,2064.0,-336.0,47.74,176.67,0.0,0.0,0.0,0
0.3,2.0,2300.0,2500.0,0000101,0,0,0,0,50,0,50,2082.0,-318.0,50.37,167.43,0.0,0.0,0.0,0
0.3,2.0,2300.0,2500.0,0000110,0,0,0,0,50,50,0,1905.7,-494.3,47.79,176.46,1.0,0.0,0.5,7381
0.3,2.0,2300.0,2500.0,0001001,0,0,0,50,0,0,50,2023.6,-376.4,50.55,166.83,0.0,0.0,0.0,0
0.3,2.0,2300.0,2500.0,0001010,0,0,0,50,0,50,0,2232.1,-167.9,47.82,176.36,1.0,0.0,0.5,183088
0.3,2.0,2300.0,2500.0,0001100,0,0,0,50,50,0,0,1957.6,-442.4,49.97,168.79,1.0,0.0,0.5,107
0.3,2.0,2300.0,2500.0,0010001,0,0,50,0,0,0,50,2215.0,-185.0,48.85,172.64,0.0,0.0,0.0,0
0.3,2.0,2300.0,2500.0,0010010,0,0,49,0,0,50,0,2261.2,-138.8,46.49,181.4,1.0,0.07,0.54,72227
0.3,2.0,2300.0,2500.0,0010100,0,0,50,0,50,0,0,2098.8,-301.2,49.77,169.45,0.0,0.0,0.0,0
0.3,2.0,2300.0,2500.0,0011000,0,0,50,50,0,0,0,2088.6,-311.4,48.07,175.46,1.0,0.0,0.5,98122
0.3,2.0,2300.0,2500.0,0100001,0,50,0,0,0,0,50,2170.9,-229.1,49.54,170.24,0.0,0.0,0.0,0
0.3,2.0,2300.0,2500.0,0100010,0,50,0,0,0,50,0,2143.9,-256.1,47.63,177.09,0.0,0.0,0.0,0
0.3,2.0,2300.0,2500.0,0100100,0,50,0,0,50,0,0,2237.9,-162.1,52.05,162.02,0.0,0.0,0.0,0
0.3,2.0,2300.0,2500.0,0101000,0,50,0,50,0,0,0,2166.8,-233.2,49.27,171.18,0.0,0.0,0.0,0
0.3,2.0,2300.0,2500.0,0110000,0,50,50,0,0,0,0,2209.7,-190.3,48.15,175.14,0.0,0.0,0.0,0
0.3,2.0,2300.0,2500.0,1000001,50,0,0,0,0,0,50,2090.6,-309.4,47.74,176.66,0.0,0.0,0.0,0
0.3,2.0,2300.0,2500.0,1000010,50,0,0,0,0,50,0,2245.2,-154.8,45.77,184.28,1.0,0.0,0.5,287155
0.3,2.0,2300.0,2500.0,1000100,50,0,0,0,50,0,0,2110.3,-289.7,49.51,170.34,0.0,0.0,0.0,0
0.3,2.0,2300.0,2500.0,1001000,50,0,0,50,0,0,0,2259.0,-141.0,48.18,175.04,1.0,0.06,0.53,177419
0.3,2.0,2300.0,2500.0,1010000,38,0,50,0,0,0,0,2265.1,-134.9,46.9,179.84,0.0,0.1,0.05,0
0.3,2.0,2300.0,2500.0,1100000,50,50,0,0,0,0,0,2182.0,-218.0,47.78,176.52,1.0,0.0,0.5,13
0.3,2.0,2400.0,2600.0,0000011,0,0,0,0,0,50,50,2064.0,-436.0,47.74,176.67,0.0,0.0,0.0,0
0.3,2.0,2400.0,2600.0,0000101,0,0,0,0,50,0,50,2082.0,-418.0,50.37,167.43,0.0,0.0,0.0,0
0.3,2.0,2400.0,2600.0,0000110,0,0,0,0,50,50,0,1905.7,-594.3,47.79,176.46,1.0,0.0,0.5,7381
0.3,2.0,2400.0,2600.0,0001001,0,0,0,50,0,0,50,2023.6,-476.4,50.55,166.83,0.0,0.0,0.0,0
0.3,2.0,2400.0,2600.0,0001010,0,0,0,50,0,50,0,2232.1,-267.9,47.82,176.36,1.0,0.0,0.5,183088
0.3,2.0,2400.0,2600.0,0001100,0,0,0,50,50,0,0,1957.6,-542.4,49.97,168.79,1.0,0.0,0.5,107
0.3,2.0,2400.0,2600.0,0010001,0,0,50,0,0,0,50,2215.0,-285.0,48.85,172.64,0.0,0.0,0.0,0
0.3,2.0,2400.0,2600.0,0010010,0,0,50,0,0,50,0,2284.9,-215.1,46.41,181.71,1.0,0.0,0.5,72227
0.3,2.0,2400.0,2600.0,0010100,0,0,50,0,50,0,0,2098.8,-401.2,49.77,169.45,0.0,0.0,0.0,0
0.3,2.0,2400.0,2600.0,0011000,0,0,50,50,0,0,0,2088.6,-411.4,48.07,175.46,1.0,0.0,0.5,98122
0.3,2.0,2400.0,2600.0,0100001,0,50,0,0,0,0,50,2170.9,-329.1,49.54,170.24,0.0,0.0,0.0,0
0.3,2.0,2400.0,2600.0,0100010,0,50,0,0,0,50,0,2143.9,-356.1,47.63,177.09,0.0,0.0,0.0,0
0.3,2.0,2400.0,2600.0,0100100,0,50,0,0,50,0,0,2237.9,-262.1,52.05,162.02,0.0,0.0,0.0,0
0.3,2.0,2400.0,2600.0,0101000,0,50,0,50,0,0,0,2166.8,-333.2,49.27,171.18,0.0,0.0,0.0,0
0.3,2.0,2400.0,2600.0,0110000,0,50,50,0,0,0,0,2209.7,-290.3,48.15,175.14,0.0,0.0,0.0,0
0.3,2.0,2400.0,2600.0,1000001,50,0,0,0,0,0,50,2090.6,-409.4,47.74,176.66,0.0,0.0,0.0,0
0.3,2.0,2400.0,2600.0,1000010,50,0,0,0,0,50,0,2245.2,-254.8,45.77,184.28,1.0,0.0,0.5,287155
0.3,2.0,2400.0,2600.0,1000100,50,0,0,0,50,0,0,2110.3,-389.7,49.51,170.34,0.0,0.0,0.0,0
0.3,2.0,2400.0,2600.0,1001000,50,0,0,50,0,0,0,2259.0,-241.0,48.18,175.04,1.0,0.0,0.5,177419
0.3,2.0,2400.0,2600.0,1010000,45,0,48,0,0,0,0,2353.1,-146.9,46.3,182.15,0.0,0.02,0.01,0
0.3,2.0,2400.0,2600.0,1100000,50,50,0,0,0,0,0,2182.0,-318.0,47.78,176.52,1.0,0.0,0.5,13
0.3,2.0,2500.0,2700.0,0000011,0,0,0,0,0,50,50,2064.0,-536.0,47.74,176.67,0.0,0.0,0.0,0
0.3,2.0,2500.0,2700.0,0000101,0,0,0,0,50,0,50,2082.0,-518.0,50.37,167.43,0.0,0.0,0.0,0
0.3,2.0,2500.0,2700.0,0000110,0,0,0,0,50,50,0,1905.7,-694.3,47.79,176.46,1.0,0.0,0.5,7381
0.3,2.0,2500.0,2700.0,0001001,0,0,0,50,0,0,50,2023.6,-576.4,50.55,166.83,0.0,0.0,0.0,0
0.3,2.0,2500.0,2700.0,0001010,0,0,0,50,0,50,0,2232.1,-367.9,47.82,176.36,1.0,0.0,0.5,183088
0.3,2.0,2500.0,2700.0,0001100,0,0,0,50,50,0,0,1957.6,-642.4,49.97,168.79,1.0,0.0,0.5,107
0.3,2.0,2500.0,2700.0,0010001,0,0,50,0,0,0,50,2215.0,-385.0,48.85,172.64,0.0,0.0,0.0,0
0.3,2.0,2500.0,2700.0,0010010,0,0,50,0,0,50,0,2284.9,-315.1,46.41,181.71,1.0,0.0,0.5,72227
0.3,2.0,2500.0,2700.0,0010100,0,0,50,0,50,0,0,2098.8,-501.2,49.77,169.45,0.0,0.0,0.0,0
0.3,2.0,2500.0,2700.0,0011000,0,0,50,50,0,0,0,2088.6,-511.4,48.07,175.46,1.0,0.0,0.5,98122
0.3,2.0,2500.0,2700.0,0100001,0,50,0,0,0,0,50,2170.9,-429.1,49.54,170.24,0.0,0.0,0.0,0
0.3,2.0,2500.0,2700.0,0100010,0,50,0,0,0,50,0,2143.9,-456.1,47.63,177.09,0.0,0.0,0.0,0
0.3,2.0,2500.0,2700.0,0100100,0,50,0,0,50,0,0,2237.9,-362.1,52.05,162.02,0.0,0.0,0.0,0
0.3,2.0,2500.0,2700.0,0101000,0,50,0,50,0,0,0,2166.8,-433.2,49.27,171.18,0.0,0.0,0.0,0
0.3,2.0,2500.0,2700.0,0110000,0,50,50,0,0,0,0,2209.7,-390.3,48.15,175.14,0.0,0.0,0.0,0
0.3,2.0,2500.0,2700.0,1000001,50,0,0,0,0,0,50,2090.6,-509.4,47.74,176.66,0.0,0.0,0.0,0
0.3,2.0,2500.0,2700.0,1000010,50,0,0,0,0,50,0,2245.2,-354.8,45.77,184.28,1.0,0.0,0.5,287155
0.3,2.0,2500.0,2700.0,1000100,50,0,0,0,50,0,0,2110.3,-489.7,49.51,170.34,0.0,0.0,0.0,0
0.3,2.0,2500.0,2700.0,1001000,50,0,0,50,0,0,0,2259.0,-341.0,48.18,175.04,1.0,0.0,0.5,177419
0.3,2.0,2500.0,2700.0,1010000,47,0,50,0,0,0,0,2456.0,-144.0,46.06,183.1,0.0,0.04,0.02,0
0.3,2.0,2500.0,2700.0,1100000,50,50,0,0,0,0,0,2182.0,-418.0,47.78,176.52,1.0,0.0,0.5,13
0.3,2.0,2600.0,2800.0,0000011,0,0,0,0,0,50,50,2064.0,-636.0,47.74,176.67,0.0,0.0,0.0,0
0.3,2.0,2600.0,2800.0,0000101,0,0,0,0,50,0,50,2082.0,-618.0,50.37,167.43,0.0,0.0,0.0,0
0.3,2.0,2600.0,2800.0,0000110,0,0,0,0,50,50,0,1905.7,-794.3,47.79,176.46,1.0,0.0,0.5,7381
0.3,2.0,2600.0,2800.0,0001001,0,0,0,50,0,0,50,2023.6,-676.4,50.55,166.83,0.0,0.0,0.0,0
0.3,2.0,2600.0,2800.0,0001010,0,0,0,50,0,50,0,2232.1,-467.9,47.82,176.36,1.0,0.0,0.5,183088
0.3,2.0,2600.0,2800.0,0001100,0,0,0,50,50,0,0,1957.6,-742.4,49.97,168.79,1.0,0.0,0.5,107
0.3,2.0,2600.0,2800.0,0010001,0,0,50,0,0,0,50,2215.0,-485.0,48.85,172.64,0.0,0.0,0.0,0
0.3,2.0,2600.0,2800.0,0010010,0,0,50,0,0,50,0,2284.9,-415.1,46.41,181.71,1.0,0.0,0.5,72227
0.3,2.0,2600.0,2800.0,0010100,0,0,50,0,50,0,0,2098.8,-601.2,49.77,169.45,0.0,0.0,0.0,0
0.3,2.0,2600.0,2800.0,0011000,0,0,50,50,0,0,0,2088.6,-611.4,48.07,175.46,1.0,0.0,0.5,98122
0.3,2.0,2600.0,2800.0,0100001,0,50,0,0,0,0,50,2170.9,-529.1,49.54,170.24,0.0,0.0,0.0,0
0.3,2.0,2600.0,2800.0,0100010,0,50,0,0,0,50,0,2143.9,-556.1,47.63,177.09,0.0,0.0,0.0,0
0.3,2.0,2600.0,2800.0,0100100,0,50,0,0,50,0,0,2237.9,-462.1,52.05,162.02,0.0,0.0,0.0,0
0.3,2.0,2600.0,2800.0,0101000,0,50,0,50,0,0,0,2166.8,-533.2,49.27,171.18,0.0,0.0,0.0,0
0.3,2.0,2600.0,2800.0,0110000,0,50,50,0,0,0,0,2209.7,-490.3,48.15,175.14,0.0,0.0,0.0,0
0.3,2.0,2600.0,2800.0,1000001,50,0,0,0,0,0,50,2090.6,-609.4,47.74,176.66,0.0,0.0,0.0,0
0.3,2.0,2600.0,2800.0,1000010,50,0,0,0,0,50,0,2245.2,-454.8,45.77,184.28,1.0,0.0,0.5,287155
0.3,2.0,2600.0,2800.0,1000100,50,0,0,0,50,0,0,2110.3,-589.7,49.51,170.34,0.0,0.0,0.0,0
0.3,2.0,2600.0,2800.0,1001000,50,0,0,50,0,0,0,2259.0,-441.0,48.18,175.04,1.0,0.0,0.5,177419
0.3,2.0,2600.0,2800.0,1010000,50,0,50,0,0,0,0,2547.6,-152.4,46.04,183.19,0.0,0.0,0.0,0
0.3,2.0,2600.0,2800.0,1100000,50,50,0,0,0,0,0,2182.0,-518.0,47.78,176.52,1.0,0.0,0.5,13
0.3,2.0,2700.0,2900.0,0000011,0,0,0,0,0,50,50,2064.0,-736.0,47.74,176.67,0.0,0.0,0.0,0
0.3,2.0,2700.0,2900.0,0000101,0,0,0,0,50,0,50,2082.0,-718.0,50.37,167.43,0.0,0.0,0.0,0
0.3,2.0,2700.0,2900.0,0000110,0,0,0,0,50,50,0,1905.7,-894.3,47.79,176.46,1.0,0.0,0.5,7381
0.3,2.0,2700.0,2900.0,0001001,0,0,0,50,0,0,50,2023.6,-776.4,50.55,166.83,0.0,0.0,0.0,0
0.3,2.0,2700.0,2900.0,0001010,0,0,0,50,0,50,0,2232.1,-567.9,47.82,176.36,1.0,0.0,0.5,183088
0.3,2.0,2700.0,2900.0,0001100,0,0,0,50,50,0,0,1957.6,-842.4,49.97,168.79,1.0,0.0,0.5,107
0.3,2.0,2700.0,2900.0,0010001,0,0,50,0,0,0,50,2215.0,-585.0,48.85,172.64,0.0,0.0,0.0,0
0.3,2.0,2700.0,2900.0,0010010,0,0,50,0,0,50,0,2284.9,-515.1,46.41,181.71,1.0,0.0,0.5,72227
0.3,2.0,2700.0,2900.0,0010100,0,0,50,0,50,0,0,2098.8,-701.2,49.77,169.45,0.0,0.0,0.0,0
0.3,2.0,2700.0,2900.0,0011000,0,0,50,50,0,0,0,2088.6,-711.4,48.07,175.46,1.0,0.0,0.5,98122
0.3,2.0,2700.0,2900.0,0100001,0,50,0,0,0,0,50,2170.9,-629.1,49.54,170.24,0.0,0.0,0.0,0
0.3,2.0,2700.0,2900.0,0100010,0,50,0,0,0,50,0,2143.9,-656.1,47.63,177.09,0.0,0.0,0.0,0
0.3,2.0,2700.0,2900.0,0100100,0,50,0,0,50,0,0,2237.9,-562.1,52.05,162.02,0.0,0.0,0.0,0
0.3,2.0,2700.0,2900.0,0101000,0,50,0,50,0,0,0,2166.8,-633.2,49.27,171.18,0.0,0.0,0.0,0
0.3,2.0,2700.0,2900.0,0110000,0,50,50,0,0,0,0,2209.7,-590.3,48.15,175.14,0.0,0.0,0.0,0
0.3,2.0,2700.0,2900.0,1000001,50,0,0,0,0,0,50,2090.6,-709.4,47.74,176.66,0.0,0.0,0.0,0
0.3,2.0,2700.0,2900.0,1000010,50,0,0,0,0,50,0,2245.2,-554.8,45.77,184.28,1.0,0.0,0.5,287155
0.3,2.0,2700.0,2900.0,1000100,50,0,0,0,50,0,0,2110.3,-689.7,49.51,170.34,0.0,0.0,0.0,0
0.3,2.0,2700.0,2900.0,1001000,50,0,0,50,0,0,0,2259.0,-541.0,48.18,175.04,1.0,0.0,0.5,177419
0.3,2.0,2700.0,2900.0,1010000,50,0,50,0,0,0,0,2547.6,-252.4,46.04,183.19,0.0,0.0,0.0,0
0.3,2.0,2700.0,2900.0,1100000,50,50,0,0,0,0,0,2182.0,-618.0,47.78,176.52,1.0,0.0,0.5,13
0.3,2.0,2800.0,3000.0,0000011,0,0,0,0,0,50,50,2064.0,-836.0,47.74,176.67,0.0,0.0,0.0,0
0.3,2.0,2800.0,3000.0,0000101,0,0,0,0,50,0,50,2082.0,-818.0,50.37,167.43,0.0,0.0,0.0,0
0.3,2.0,2800.0,3000.0,0000110,0,0,0,0,50,50,0,1905.7,-994.3,47.79,176.46,1.0,0.0,0.5,7381
0.3,2.0,2800.0,3000.0,0001001,0,0,0,50,0,0,50,2023.6,-876.4,50.55,166.83,0.0,0.0,0.0,0
0.3,2.0,2800.0,3000.0,0001010,0,0,0,50,0,50,0,2232.1,-667.9,47.82,176.36,1.0,0.0,0.5,183088
0.3,2.0,2800.0,3000.0,0001100,0,0,0,50,50,0,0,1957.6,-942.4,49.97,168.79,1.0,0.0,0.5,107
0.3,2.0,2800.0,3000.0,0010001,0,0,50,0,0,0,50,2215.0,-685.0,48.85,172.64,0.0,0.0,0.0,0
0.3,2.0,2800.0,3000.0,0010010,0,0,50,0,0,50,0,2284.9,-615.1,46.41,181.71,1.0,0.0,0.5,72227
0.3,2.0,2800.0,3000.0,0010100,0,0,50,0,50,0,0,2098.8,-801.2,49.77,169.45,0.0,0.0,0.0,0
0.3,2.0,2800.0,3000.0,0011000,0,0,50,50,0,0,0,2088.6,-811.4,48.07,175.46,1.0,0.0,0.5,98122
0.3,2.0,2800.0,3000.0,0100001,0,50,0,0,0,0,50,2170.9,-729.1,49.54,170.24,0.0,0.0,0.0,0
0.3,2.0,2800.0,3000.0,0100010,0,50,0,0,0,50,0,2143.9,-756.1,47.63,177.09,0.0,0.0,0.0,0
0.3,2.0,2800.0,3000.0,0100100,0,50,0,0,50,0,0,2237.9,-662.1,52.05,162.02,0.0,0.0,0.0,0
0.3,2.0,2800.0,3000.0,0101000,0,50,0,50,0,0,0,2166.8,-733.2,49.27,171.18,0.0,0.0,0.0,0
0.3,2.0,2800.0,3000.0,0110000,0,50,50,0,0,0,0,2209.7,-690.3,48.15,175.14,0.0,0.0,0.0,0
0.3,2.0,2800.0,3000.0,1000001,50,0,0,0,0,0,50,2090.6,-809.4,47.74,176.66,0.0,0.0,0.0,0
0.3,2.0,2800.0,3000.0,1000010,50,0,0,0,0,50,0,2245.2,-654.8,45.77,184.28,1.0,0.0,0.5,287155
0.3,2.0,2800.0,3000.0,1000100,50,0,0,0,50,0,0,2110.3,-789.7,49.51,170.34,0.0,0.0,0.0,0
0.3,2.0,2800.0,3000.0,1001000,50,0,0,50,0,0,0,2259.0,-641.0,48.18,175.04,1.0,0.0,0.5,177419
0.3,2.0,2800.0,3000.0,1010000,50,0,50,0,0,0,0,2547.6,-352.4,46.04,183.19,0.0,0.0,0.0,0
0.3,2.0,2800.0,3000.0,1100000,50,50,0,0,0,0,0,2182.0,-718.0,47.78,176.52,1.0,0.0,0.5,13
0.3,2.0,2900.0,3100.0,0000011,0,0,0,0,0,50,50,2064.0,-936.0,47.74,176.67,0.0,0.0,0.0,0
0.3,2.0,2900.0,3100.0,0000101,0,0,0,0,50,0,50,2082.0,-918.0,50.37,167.43,0.0,0.0,0.0,0
0.3,2.0,2900.0,3100.0,0000110,0,0,0,0,50,50,0,1905.7,-1094.3,47.79,176.46,1.0,0.0,0.5,7381
0.3,2.0,2900.0,3100.0,0001001,0,0,0,50,0,0,50,2023.6,-976.4,50.55,166.83,0.0,0.0,0.0,0
0.3,2.0,2900.0,3100.0,0001010,0,0,0,50,0,50,0,2232.1,-767.9,47.82,176.36,1.0,0.0,0.5,183088
0.3,2.0,2900.0,3100.0,0001100,0,0,0,50,50,0,0,1957.6,-1042.4,49.97,168.79,1.0,0.0,0.5,107
0.3,2.0,2900.0,3100.0,0010001,0,0,50,0,0,0,50,2215.0,-785.0,48.85,172.64,0.0,0.0,0.0,0
0.3,2.0,2900.0,3100.0,0010010,0,0,50,0,0,50,0,2284.9,-715.1,46.41,181.71,1.0,0.0,0.5,72227
0.3,2.0,2900.0,3100.0,0010100,0,0,50,0,50,0,0,2098.8,-901.2,49.77,169.45,0.0,0.0,0.0,0
0.3,2.0,2900.0,3100.0,0011000,0,0,50,50,0,0,0,2088.6,-911.4,48.07,175.46,1.0,0.0,0.5,98122
0.3,2.0,2900.0,3100.0,0100001,0,50,0,0,0,0,50,2170.9,-829.1,49.54,170.24,0.0,0.0,0.0,0
0.3,2.0,2900.0,3100.0,0100010,0,50,0,0,0,50,0,2143.9,-856.1,47.63,177.09,0.0,0.0,0.0,0
0.3,2.0,2900.0,3100.0,0100100,0,50,0,0,50,0,0,2237.9,-762.1,52.05,162.02,0.0,0.0,0.0,0
0.3,2.0,2900.0,3100.0,0101000,0,50,0,50,0,0,0,2166.8,-833.2,49.27,171.18,0.0,0.0,0.0,0
0.3,2.0,2900.0,3100.0,0110000,0,50,50,0,0,0,0,2209.7,-790.3,48.15,175.14,0.0,0.0,0.0,0
0.3,2.0,2900.0,3100.0,1000001,50,0,0,0,0,0,50,2090.6,-909.4,47.74,176.66,0.0,0.0,0.0,0
0.3,2.0,2900.0,3100.0,1000010,50,0,0,0,0,50,0,2245.2,-754.8,45.77,184.28,1.0,0.0,0.5,287155
0.3,2.0,2900.0,3100.0,1000100,50,0,0,0,50,0,0,2110.3,-889.7,49.51,170.34,0.0,0.0,0.0,0
0.3,2.0,2900.0,3100.0,1001000,50,0,0,50,0,0,0,2259.0,-741.0,48.18,175.04,1.0,0.0,0.5,177419
0.3,2.0,2900.0,3100.0,1010000,50,0,50,0,0,0,0,2547.6,-452.4,46.04,183.19,0.0,0.0,0.0,0
0.3,2.0,2900.0,3100.0,1100000,50,50,0,0,0,0,0,2182.0,-818.0,47.78,176.52,1.0,0.0,0.5,13
0.3,2.0,3000.0,3200.0,0000011,0,0,0,0,0,50,50,2064.0,-1036.0,47.74,176.67,0.0,0.0,0.0,0
0.3,2.0,3000.0,3200.0,0000101,0,0,0,0,50,0,50,2082.0,-1018.0,50.37,167.43,0.0,0.0,0.0,0
0.3,2.0,3000.0,3200.0,0000110,0,0,0,0,50,50,0,1905.7,-1194.3,47.79,176.46,1.0,0.0,0.5,7381
0.3,2.0,3000.0,3200.0,0001001,0,0,0,50,0,0,50,2023.6,-1076.4,50.55,166.83,0.0,0.0,0.0,0
0.3,2.0,3000.0,3200.0,0001010,0,0,0,50,0,50,0,2232.1,-867.9,47.82,176.36,1.0,0.0,0.5,183088
0.3,2.0,3000.0,3200.0,0001100,0,0,0,50,50,0,0,1957.6,-1142.4,49.97,168.79,1.0,0.0,0.5,107
0.3,2.0,3000.0,3200.0,0010001,0,0,50,0,0,0,50,2215.0,-885.0,48.85,172.64,0.0,0.0,0.0,0
0.3,2.0,3000.0,3200.0,0010010,0,0,50,0,0,50,0,2284.9,-815.1,46.41,181.71,1.0,0.0,0.5,72227
0.3,2.0,3000.0,3200.0,0010100,0,0,50,0,50,0,0,2098.8,-1001.2,49.77,169.45,0.0,0.0,0.0,0
0.3,2.0,3000.0,3200.0,0011000,0,0,50,50,0,0,0,2088.6,-1011.4,48.07,175.46,1.0,0.0,0.5,98122
0.3,2.0,3000.0,3200.0,0100001,0,50,0,0,0,0,50,2170.9,-929.1,49.54,170.24,0.0,0.0,0.0,0
0.3,2.0,3000.0,3200.0,0100010,0,50,0,0,0,50,0,2143.9,-956.1,47.63,177.09,0.0,0.0,0.0,0
0.3,2.0,3000.0,3200.0,0100100,0,50,0,0,50,0,0,2237.9,-862.1,52.05,162.02,0.0,0.0,0.0,0
0.3,2.0,3000.0,3200.0,0101000,0,50,0,50,0,0,0,2166.8,-933.2,49.27,171.18,0.0,0.0,0.0,0
0.3,2.0,3000.0,3200.0,0110000,0,50,50,0,0,0,0,2209.7,-890.3,48.15,175.14,0.0,0.0,0.0,0
0.3,2.0,3000.0,3200.0,1000001,50,0,0,0,0,0,50,2090.6,-1009.4,47.74,176.66,0.0,0.0,0.0,0
0.3,2.0,3000.0,3200.0,1000010,50,0,0,0,0,50,0,2245.2,-854.8,45.77,184.28,1.0,0.0,0.5,287155
0.3,2.0,3000.0,3200.0,1000100,50,0,0,0,50,0,0,2110.3,-989.7,49.51,170.34,0.0,0.0,0.0,0
0.3,2.0,3000.0,3200.0,1001000,50,0,0,50,0,0,0,2259.0,-841.0,48.18,175.04,1.0,0.0,0.5,177419
0.3,2.0,3000.0,3200.0,1010000,50,0,50,0,0,0,0,2547.6,-552.4,46.04,183.19,0.0,0.0,0.0,0
0.3,2.0,3000.0,3200.0,1100000,50,50,0,0,0,0,0,2182.0,-918.0,47.78,176.52,1.0,0.0,0.5,13
0.3,2.0,3100.0,3300.0,0000011,0,0,0,0,0,50,50,2064.0,-1136.0,47.74,176.67,0.0,0.0,0.0,0
0.3,2.0,3100.0,3300.0,0000101,0,0,0,0,50,0,50,2082.0,-1118.0,50.37,167.43,0.0,0.0,0.0,0
0.3,2.0,3100.0,3300.0,0000110,0,0,0,0,50,50,0,1905.7,-1294.3,47.79,176.46,1.0,0.0,0.5,7381
0.3,2.0,3100.0,3300.0,0001001,0,0,0,50,0,0,50,2023.6,-1176.4,50.55,166.83,0.0,0.0,0.0,0
0.3,2.0,3100.0,3300.0,0001010,0,0,0,50,0,50,0,2232.1,-967.9,47.82,176.36,1.0,0.0,0.5,183088
0.3,2.0,3100.0,3300.0,0001100,0,0,0,50,50,0,0,1957.6,-1242.4,49.97,168.79,1.0,0.0,0.5,107
0.3,2.0,3100.0,3300.0,0010001,0,0,50,0,0,0,50,2215.0,-985.0,48.85,172.64,0.0,0.0,0.0,0
0.3,2.0,3100.0,3300.0,0010010,0,0,50,0,0,50,0,2284.9,-915.1,46.41,181.71,1.0,0.0,0.5,72227
0.3,2.0,3100.0,3300.0,0010100,0,0,50,0,50,0,0,2098.8,-1101.2,49.77,169.45,0.0,0.0,0.0,0
0.3,2.0,3100.0,3300.0,0011000,0,0,50,50,0,0,0,2088.6,-1111.4,48.07,175.46,1.0,0.0,0.5,98122
0.3,2.0,3100.0,3300.0,0100001,0,50,0,0,0,0,50,2170.9,-1029.1,49.54,170.24,0.0,0.0,0.0,0
0.3,2.0,3100.0,3300.0,0100010,0,50,0,0,0,50,0,2143.9,-1056.1,47.63,177.09,0.0,0.0,0.0,0
0.3,2.0,3100.0,3300.0,0100100,0,50,0,0,50,0,0,2237.9,-962.1,52.05,162.02,0.0,0.0,0.0,0
0.3,2.0,3100.0,3300.0,0101000,0,50,0,50,0,0,0,2166.8,-1033.2,49.27,171.18,0.0,0.0,0.0,0
0.3,2.0,3100.0,3300.0,0110000,0,50,50,0,0,0,0,2209.7,-990.3,48.15,175.14,0.0,0.0,0.0,0
0.3,2.0,3100.0,3300.0,1000001,50,0,0,0,0,0,50,2090.6,-1109.4,47.74,176.66,0.0,0.0,0.0,0
0.3,2.0,3100.0,3300.0,1000010,50,0,0,0,0,50,0,2245.2,-954.8,45.77,184.28,1.0,0.0,0.5,287155
0.3,2.0,3100.0,3300.0,1000100,50,0,0,0,50,0,0,2110.3,-1089.7,49.51,170.34,0.0,0.0,0.0,0
0.3,2.0,3100.0,3300.0,1001000,50,0,0,50,0,0,0,2259.0,-941.0,48.18,175.04,1.0,0.0,0.5,177419
0.3,2.0,3100.0,3300.0,1010000,50,0,50,0,0,0,0,2547.6,-652.4,46.04,183.19,0.0,0.0,0.0,0
0.3,2.0,3100.0,3300.0,1100000,50,50,0,0,0,0,0,2182.0,-1018.0,47.78,176.52,1.0,0.0,0.5,13
0.3,2.0,3200.0,3400.0,0000011,0,0,0,0,0,50,50,2064.0,-1236.0,47.74,176.67,0.0,0.0,0.0,0
0.3,2.0,3200.0,3400.0,0000101,0,0,0,0,50,0,50,2082.0,-1218.0,50.37,167.43,0.0,0.0,0.0,0
0.3,2.0,3200.0,3400.0,0000110,0,0,0,0,50,50,0,1905.7,-1394.3,47.79,176.46,1.0,0.0,0.5,7381
0.3,2.0,3200.0,3400.0,0001001,0,0,0,50,0,0,50,2023.6,-1276.4,50.55,166.83,0.0,0.0,0.0,0
0.3,2.0,3200.0,3400.0,0001010,0,0,0,50,0,50,0,2232.1,-1067.9,47.82,176.36,1.0,0.0,0.5,183088
0.3,2.0,3200.0,3400.0,0001100,0,0,0,50,50,0,0,1957.6,-1342.4,49.97,168.79,1.0,0.0,0.5,107
0.3,2.0,3200.0,3400.0,0010001,0,0,50,0,0,0,50,2215.0,-1085.0,48.85,172.64,0.0,0.0,0.0,0
0.3,2.0,3200.0,3400.0,0010010,0,0,50,0,0,50,0,2284.9,-1015.1,46.41,181.71,1.0,0.0,0.5,72227
0.3,2.0,3200.0,3400.0,0010100,0,0,50,0,50,0,0,2098.8,-1201.2,49.77,169.45,0.0,0.0,0.0,0
0.3,2.0,3200.0,3400.0,0011000,0,0,50,50,0,0,0,2088.6,-1211.4,48.07,175.46,1.0,0.0,0.5,98122
0.3,2.0,3200.0,3400.0,0100001,0,50,0,0,0,0,50,2170.9,-1129.1,49.54,170.24,0.0,0.0,0.0,0
0.3,2.0,3200.0,3400.0,0100010,0,50,0,0,0,50,0,2143.9,-1156.1,47.63,177.09,0.0,0.0,0.0,0
0.3,2.0,3200.0,3400.0,0100100,0,50,0,0,50,0,0,2237.9,-1062.1,52.05,162.02,0.0,0.0,0.0,0
0.3,2.0,3200.0,3400.0,0101000,0,50,0,50,0,0,0,2166.8,-1133.2,49.27,171.18,0.0,0.0,0.0,0
0.3,2.0,3200.0,3400.0,0110000,0,50,50,0,0,0,0,2209.7,-1090.3,48.15,175.14,0.0,0.0,0.0,0
0.3,2.0,3200.0,3400.0,1000001,50,0,0,0,0,0,50,2090.6,-1209.4,47.74,176.66,0.0,0.0,0.0,0
0.3,2.0,3200.0,3400.0,1000010,50,0,0,0,0,50,0,2245.2,-1054.8,45.77,184.28,1.0,0.0,0.5,287155
0.3,2.0,3200.0,3400.0,1000100,50,0,0,0,50,0,0,2110.3,-1189.7,49.51,170.34,0.0,0.0,0.0,0
0.3,2.0,3200.0,3400.0,1001000,50,0,0,50,0,0,0,2259.0,-1041.0,48.18,175.04,1.0,0.0,0.5,177419
0.3,2.0,3200.0,3400.0,1010000,50,0,50,0,0,0,0,2547.6,-752.4,46.04,183.19,0.0,0.0,0.0,0
0.3,2.0,3200.0,3400.0,1100000,50,50,0,0,0,0,0,2182.0,-1118.0,47.78,176.52,1.0,0.0,0.5,13
0.3,2.0,3300.0,3500.0,0000011,0,0,0,0,0,50,50,2064.0,-1336.0,47.74,176.67,0.0,0.0,0.0,0
0.3,2.0,3300.0,3500.0,0000101,0,0,0,0,50,0,50,2082.0,-1318.0,50.37,167.43,0.0,0.0,0.0,0
0.3,2.0,3300.0,3500.0,0000110,0,0,0,0,50,50,0,1905.7,-1494.3,47.79,176.46,1.0,0.0,0.5,7381
0.3,2.0,3300.0,3500.0,0001001,0,0,0,50,0,0,50,2023.6,-1376.4,50.55,166.83,0.0,0.0,0.0,0
0.3,2.0,3300.0,3500.0,0001010,0,0,0,50,0,50,0,2232.1,-1167.9,47.82,176.36,1.0,0.0,0.5,183088
0.3,2.0,3300.0,3500.0,0001100,0,0,0,50,50,0,0,1957.6,-1442.4,49.97,168.79,1.0,0.0,0.5,107
0.3,2.0,3300.0,3500.0,0010001,0,0,50,0,0,0,50,2215.0,-1185.0,48.85,172.64,0.0,0.0,0.0,0
0.3,2.0,3300.0,3500.0,0010010,0,0,50,0,0,50,0,2284.9,-1115.1,46.41,181.71,1.0,0.0,0.5,72227
0.3,2.0,3300.0,3500.0,0010100,0,0,50,0,50,0,0,2098.8,-1301.2,49.77,169.45,0.0,0.0,0.0,0
0.3,2.0,3300.0,3500.0,0011000,0,0,50,50,0,0,0,2088.6,-1311.4,48.07,175.46,1.0,0.0,0.5,98122
0.3,2.0,3300.0,3500.0,0100001,0,50,0,0,0,0,50,2170.9,-1229.1,49.54,170.24,0.0,0.0,0.0,0
0.3,2.0,3300.0,3500.0,0100010,0,50,0,0,0,50,0,2143.9,-1256.1,47.63,177.09,0.0,0.0,0.0,0
0.3,2.0,3300.0,3500.0,0100100,0,50,0,0,50,0,0,2237.9,-1162.1,52.05,162.02,0.0,0.0,0.0,0
0.3,2.0,3300.0,3500.0,0101000,0,50,0,50,0,0,0,2166.8,-1233.2,49.27,171.18,0.0,0.0,0.0,0
0.3,2.0,3300.0,3500.0,0110000,0,50,50,0,0,0,0,2209.7,-1190.3,48.15,175.14,0.0,0.0,0.0,0
0.3,2.0,3300.0,3500.0,1000001,50,0,0,0,0,0,50,2090.6,-1309.4,47.74,176.66,0.0,0.0,0.0,0
0.3,2.0,3300.0,3500.0,1000010,50,0,0,0,0,50,0,2245.2,-1154.8,45.77,184.28,1.0,0.0,0.5,287155
0.3,2.0,3300.0,3500.0,1000100,50,0,0,0,50,0,0,2110.3,-1289.7,49.51,170.34,0.0,0.0,0.0,0
0.3,2.0,3300.0,3500.0,1001000,50,0,0,50,0,0,0,2259.0,-1141.0,48.18,175.04,1.0,0.0,0.5,177419
0.3,2.0,3300.0,3500.0,1010000,50,0,50,0,0,0,0,2547.6,-852.4,46.04,183.19,0.0,0.0,0.0,0
0.3,2.0,3300.0,3500.0,1100000,50,50,0,0,0,0,0,2182.0,-1218.0,47.78,176.52,1.0,0.0,0.5,13
0.3,2.0,3400.0,3600.0,0000011,0,0,0,0,0,50,50,2064.0,-1436.0,47.74,176.67,0.0,0.0,0.0,0
0.3,2.0,3400.0,3600.0,0000101,0,0,0,0,50,0,50,2082.0,-1418.0,50.37,167.43,0.0,0.0,0.0,0
0.3,2.0,3400.0,3600.0,0000110,0,0,0,0,50,50,0,1905.7,-1594.3,47.79,176.46,1.0,0.0,0.5,7381
0.3,2.0,3400.0,3600.0,0001001,0,0,0,50,0,0,50,2023.6,-1476.4,50.55,166.83,0.0,0.0,0.0,0
0.3,2.0,3400.0,3600.0,0001010,0,0,0,50,0,50,0,2232.1,-1267.9,47.82,176.36,1.0,0.0,0.5,183088
0.3,2.0,3400.0,3600.0,0001100,0,0,0,50,50,0,0,1957.6,-1542.4,49.97,168.79,1.0,0.0,0.5,107
0.3,2.0,3400.0,3600.0,0010001,0,0,50,0,0,0,50,2215.0,-1285.0,48.85,172.64,0.0,0.0,0.0,0
0.3,2.0,3400.0,3600.0,0010010,0,0,50,0,0,50,0,2284.9,-1215.1,46.41,181.71,1.0,0.0,0.5,72227
0.3,2.0,3400.0,3600.0,0010100,0,0,50,0,50,0,0,2098.8,-1401.2,49.77,169.45,0.0,0.0,0.0,0
0.3,2.0,3400.0,3600.0,0011000,0,0,50,50,0,0,0,2088.6,-1411.4,48.07,175.46,1.0,0.0,0.5,98122
0.3,2.0,3400.0,3600.0,0100001,0,50,0,0,0,0,50,2170.9,-1329.1,49.54,170.24,0.0,0.0,0.0,0
0.3,2.0,3400.0,3600.0,0100010,0,50,0,0,0,50,0,2143.9,-1356.1,47.63,177.09,0.0,0.0,0.0,0
0.3,2.0,3400.0,3600.0,0100100,0,50,0,0,50,0,0,2237.9,-1262.1,52.05,162.02,0.0,0.0,0.0,0
0.3,2.0,3400.0,3600.0,0101000,0,50,0,50,0,0,0,2166.8,-1333.2,49.27,171.18,0.0,0.0,0.0,0
0.3,2.0,3400.0,3600.0,0110000,0,50,50,0,0,0,0,2209.7,-1290.3,48.15,175.14,0.0,0.0,0.0,0
0.3,2.0,3400.0,3600.0,1000001,50,0,0,0,0,0,50,2090.6,-1409.4,47.74,176.66,0.0,0.0,0.0,0
0.3,2.0,3400.0,3600.0,1000010,50,0,0,0,0,50,0,2245.2,-1254.8,45.77,184.28,1.0,0.0,0.5,287155
0.3,2.0,3400.0,3600.0,1000100,50,0,0,0,50,0,0,2110.3,-1389.7,49.51,170.34,0.0,0.0,0.0,0
0.3,2.0,3400.0,3600.0,1001000,50,0,0,50,0,0,0,2259.0,-1241.0,48.18,175.04,1.0,0.0,0.5,177419
0.3,2.0,3400.0,3600.0,1010000,50,0,50,0,0,0,0,2547.6,-952.4,46.04,183.19,0.0,0.0,0.0,0
0.3,2.0,3400.0,3600.0,1100000,50,50,0,0,0,0,0,2182.0,-1318.0,47.78,176.52,1.0,0.0,0.5,13
0.3,2.0,3500.0,3700.0,0000011,0,0,0,0,0,50,50,2064.0,-1536.0,47.74,176.67,0.0,0.0,0.0,0
0.3,2.0,3500.0,3700.0,0000101,0,0,0,0,50,0,50,2082.0,-1518.0,50.37,167.43,0.0,0.0,0.0,0
0.3,2.0,3500.0,3700.0,0000110,0,0,0,0,50,50,0,1905.7,-1694.3,47.79,176.46,1.0,0.0,0.5,7381
0.3,2.0,3500.0,3700.0,0001001,0,0,0,50,0,0,50,2023.6,-1576.4,50.55,166.83,0.0,0.0,0.0,0
0.3,2.0,3500.0,3700.0,0001010,0,0,0,50,0,50,0,2232.1,-1367.9,47.82,176.36,1.0,0.0,0.5,183088
0.3,2.0,3500.0,3700.0,0001100,0,0,0,50,50,0,0,1957.6,-1642.4,49.97,168.79,1.0,0.0,0.5,107
0.3,2.0,3500.0,3700.0,0010001,0,0,50,0,0,0,50,2215.0,-1385.0,48.85,172.64,0.0,0.0,0.0,0
0.3,2.0,3500.0,3700.0,0010010,0,0,50,0,0,50,0,2284.9,-1315.1,46.41,181.71,1.0,0.0,0.5,72227
0.3,2.0,3500.0,3700.0,0010100,0,0,50,0,50,0,0,2098.8,-1501.2,49.77,169.45,0.0,0.0,0.0,0
0.3,2.0,3500.0,3700.0,0011000,0,0,50,50,0,0,0,2088.6,-1511.4,48.07,175.46,1.0,0.0,0.5,98122
0.3,2.0,3500.0,3700.0,0100001,0,50,0,0,0,0,50,2170.9,-1429.1,49.54,170.24,0.0,0.0,0.0,0
0.3,2.0,3500.0,3700.0,0100010,0,50,0,0,0,50,0,2143.9,-1456.1,47.63,177.09,0.0,0.0,0.0,0
0.3,2.0,3500.0,3700.0,0100100,0,50,0,0,50,0,0,2237.9,-1362.1,52.05,162.02,0.0,0.0,0.0,0
0.3,2.0,3500.0,3700.0,0101000,0,50,0,50,0,0,0,2166.8,-1433.2,49.27,171.18,0.0,0.0,0.0,0
0.3,2.0,3500.0,3700.0,0110000,0,50,50,0,0,0,0,2209.7,-1390.3,48.15,175.14,0.0,0.0,0.0,0
0.3,2.0,3500.0,3700.0,1000001,50,0,0,0,0,0,50,2090.6,-1509.4,47.74,176.66,0.0,0.0,0.0,0
0.3,2.0,3500.0,3700.0,1000010,50,0,0,0,0,50,0,2245.2,-1354.8,45.77,184.28,1.0,0.0,0.5,287155
0.3,2.0,3500.0,3700.0,1000100,50,0,0,0,50,0,0,2110.3,-1489.7,49.51,170.34,0.0,0.0,0.0,0
0.3,2.0,3500.0,3700.0,1001000,50,0,0,50,0,0,0,2259.0,-1341.0,48.18,175.04,1.0,0.0,0.5,177419
0.3,2.0,3500.0,3700.0,1010000,50,0,50,0,0,0,0,2547.6,-1052.4,46.04,183.19,0.0,0.0,0.0,0
0.3,2.0,3500.0,3700.0,1100000,50,50,0,0,0,0,0,2182.0,-1418.0,47.78,176.52,1.0,0.0,0.5,13
0.3,2.0,3600.0,3800.0,0000011,0,0,0,0,0,50,50,2064.0,-1636.0,47.74,176.67,0.0,0.0,0.0,0
0.3,2.0,3600.0,3800.0,0000101,0,0,0,0,50,0,50,2082.0,-1618.0,50.37,167.43,0.0,0.0,0.0,0
0.3,2.0,3600.0,3800.0,0000110,0,0,0,0,50,50,0,1905.7,-1794.3,47.79,176.46,1.0,0.0,0.5,7381
0.3,2.0,3600.0,3800.0,0001001,0,0,0,50,0,0,50,2023.6,-1676.4,50.55,166.83,0.0,0.0,0.0,0
0.3,2.0,3600.0,3800.0,0001010,0,0,0,50,0,50,0,2232.1,-1467.9,47.82,176.36,1.0,0.0,0.5,183088
0.3,2.0,3600.0,3800.0,0001100,0,0,0,50,50,0,0,1957.6,-1742.4,49.97,168.79,1.0,0.0,0.5,107
0.3,2.0,3600.0,3800.0,0010001,0,0,50,0,0,0,50,2215.0,-1485.0,48.85,172.64,0.0,0.0,0.0,0
0.3,2.0,3600.0,3800.0,0010010,0,0,50,0,0,50,0,2284.9,-1415.1,46.41,181.71,1.0,0.0,0.5,72227
0.3,2.0,3600.0,3800.0,0010100,0,0,50,0,50,0,0,2098.8,-1601.2,49.77,169.45,0.0,0.0,0.0,0
0.3,2.0,3600.0,3800.0,0011000,0,0,50,50,0,0,0,2088.6,-1611.4,48.07,175.46,1.0,0.0,0.5,98122
0.3,2.0,3600.0,3800.0,0100001,0,50,0,0,0,0,50,2170.9,-1529.1,49.54,170.24,0.0,0.0,0.0,0
0.3,2.0,3600.0,3800.0,0100010,0,50,0,0,0,50,0,2143.9,-1556.1,47.63,177.09,0.0,0.0,0.0,0
0.3,2.0,3600.0,3800.0,0100100,0,50,0,0,50,0,0,2237.9,-1462.1,52.05,162.02,0.0,0.0,0.0,0
0.3,2.0,3600.0,3800.0,0101000,0,50,0,50,0,0,0,2166.8,-1533.2,49.27,171.18,0.0,0.0,0.0,0
0.3,2.0,3600.0,3800.0,0110000,0,50,50,0,0,0,0,2209.7,-1490.3,48.15,175.14,0.0,0.0,0.0,0
0.3,2.0,3600.0,3800.0,1000001,50,0,0,0,0,0,50,2090.6,-1609.4,47.74,176.66,0.0,0.0,0.0,0
0.3,2.0,3600.0,3800.0,1000010,50,0,0,0,0,50,0,2245.2,-1454.8,45.77,184.28,1.0,0.0,0.5,287155
0.3,2.0,3600.0,3800.0,1000100,50,0,0,0,50,0,0,2110.3,-1589.7,49.51,170.34,0.0,0.0,0.0,0
0.3,2.0,3600.0,3800.0,1001000,50,0,0,50,0,0,0,2259.0,-1441.0,48.18,175.04,1.0,0.0,0.5,177419
0.3,2.0,3600.0,3800.0,1010000,50,0,50,0,0,0,0,2547.6,-1152.4,46.04,183.19,0.0,0.0,0.0,0
0.3,2.0,3600.0,3800.0,1100000,50,50,0,0,0,0,0,2182.0,-1518.0,47.78,176.52,1.0,0.0,0.5,13
0.3,2.0,2100.0,2300.0,0000111,0,0,0,0,50,50,50,2328.3,128.3,48.79,172.85,0.0,0.14,0.07,0
0.3,2.0,2100.0,2300.0,0001011,0,0,0,39,0,50,50,2348.8,148.8,50.7,166.34,1.0,0.01,0.5,38890
0.3,2.0,2100.0,2300.0,0001101,0,0,0,49,46,0,50,2349.8,149.8,51.47,163.85,0.0,0.0,0.0,0
0.3,2.0,2100.0,2300.0,0001110,0,0,0,40,50,50,0,2081.7,-118.3,49.37,170.82,1.0,0.21,0.61,43074
0.3,2.0,2100.0,2300.0,0010011,0,0,40,0,0,50,50,2348.5,148.5,48.32,174.53,1.0,0.01,0.5,27394
0.3,2.0,2100.0,2300.0,0010110,0,0,34,0,50,50,0,2150.1,-49.9,48.16,175.13,1.0,0.67,0.83,752
0.3,2.0,2100.0,2300.0,0011001,0,0,39,50,0,0,50,2348.0,148.0,51.19,164.75,1.0,0.01,0.51,43600
0.3,2.0,2100.0,2300.0,0011010,0,0,30,30,0,50,0,2277.5,77.5,46.86,179.97,1.0,0.48,0.74,16794
0.3,2.0,2100.0,2300.0,0011100,0,0,40,50,50,0,0,2300.7,100.7,50.44,167.19,1.0,0.33,0.66,20018
0.3,2.0,2100.0,2300.0,0100011,0,38,0,0,0,50,50,2344.8,144.8,47.81,176.42,0.0,0.03,0.02,0
0.3,2.0,2100.0,2300.0,0100101,0,39,0,0,50,0,50,2349.5,149.5,52.31,161.23,0.0,0.0,0.0,0
0.3,2.0,2100.0,2300.0,0100110,0,42,0,0,50,50,0,2346.0,146.0,50.65,166.51,0.0,0.03,0.01,0
0.3,2.0,2100.0,2300.0,0101001,0,36,0,50,0,0,50,2340.3,140.3,50.27,167.78,0.0,0.06,0.03,0
0.3,2.0,2100.0,2300.0,0101010,0,48,0,31,0,50,0,2346.6,146.6,48.69,173.22,1.0,0.02,0.51,70128
0.3,2.0,2100.0,2300.0,0101100,0,47,0,31,50,0,0,2348.0,148.0,52.26,161.37,0.0,0.01,0.01,0
0.3,2.0,2100.0,2300.0,0110001,0,42,30,0,0,0,50,2346.3,146.3,48.93,172.38,0.0,0.02,0.01,0
0.3,2.0,2100.0,2300.0,0110010,0,50,30,0,0,50,0,2309.5,109.5,46.56,181.12,1.0,0.27,0.64,82146
0.3,2.0,2100.0,2300.0,0110100,0,44,30,0,50,0,0,2345.8,145.8,51.95,162.33,0.0,0.03,0.01,0
0.3,2.0,2100.0,2300.0,0111000,0,49,30,49,0,0,0,2348.3,148.3,48.97,172.24,1.0,0.01,0.51,60629
0.3,2.0,2100.0,2300.0,1000011,43,0,0,0,0,50,50,2330.3,130.3,47.38,178.01,1.0,0.13,0.57,160983
0.3,2.0,2100.0,2300.0,1000101,34,0,0,0,50,0,50,2346.7,146.7,50.4,167.33,0.0,0.02,0.01,0
0.3,2.0,2100.0,2300.0,1000110,43,0,0,0,50,50,0,2345.5,145.5,47.97,175.81,1.0,0.03,0.51,51601
0.3,2.0,2100.0,2300.0,1001001,44,0,0,48,0,0,50,2345.3,145.3,50.33,167.57,1.0,0.03,0.52,42856
0.3,2.0,2100.0,2300.0,1001010,30,0,0,35,0,50,0,2294.5,94.5,46.96,179.59,1.0,0.37,0.68,55145
0.3,2.0,2100.0,2300.0,1001100,48,0,0,43,50,0,0,2318.9,118.9,51.06,165.17,1.0,0.21,0.6,42078
0.3,2.0,2100.0,2300.0,1010001,39,0,32,0,0,0,50,2350.0,150.0,49.43,170.62,0.0,0.0,0.0,0
0.3,2.0,2100.0,2300.0,1010010,30,0,30,0,0,50,0,2334.1,134.1,46.01,183.31,1.0,0.11,0.55,1849
0.3,2.0,2100.0,2300.0,1010100,44,0,30,0,50,0,0,2331.5,131.5,50.57,166.77,0.0,0.12,0.06,0
0.3,2.0,2100.0,2300.0,1011000,30,0,30,40,0,0,0,2060.1,-139.9,47.85,176.27,1.0,0.07,0.53,4513
0.3,2.0,2100.0,2300.0,1100001,30,47,0,0,0,0,50,2341.8,141.8,48.66,173.32,0.0,0.05,0.03,0
0.3,2.0,2100.0,2300.0,1100010,33,50,0,0,0,50,0,2344.8,144.8,46.44,181.63,1.0,0.03,0.52,267341
0.3,2.0,2100.0,2300.0,1100100,31,42,0,0,50,0,0,2348.7,148.7,51.96,162.32,0.0,0.01,0.0,0
0.3,2.0,2100.0,2300.0,1101000,48,50,0,30,0,0,0,2346.1,146.1,48.4,174.25,1.0,0.03,0.51,188512
0.3,2.0,2100.0,2300.0,1110000,36,50,34,0,0,0,0,2348.8,148.8,48.68,173.25,0.0,0.01,0.0,0
0.3,2.0,2200.0,2400.0,0000111,0,0,0,0,50,50,50,2328.3,28.3,48.79,172.85,0.0,0.81,0.41,0
0.3,2.0,2200.0,2400.0,0001011,0,0,0,43,0,50,50,2430.9,130.9,51.14,164.91,1.0,0.13,0.56,38890
0.3,2.0,2200.0,2400.0,0001101,0,0,0,50,50,0,50,2398.8,98.8,51.72,163.08,0.0,0.34,0.17,0
0.3,2.0,2200.0,2400.0,0001110,0,0,0,42,50,50,0,2183.6,-116.4,48.97,172.22,1.0,0.22,0.61,43074
0.3,2.0,2200.0,2400.0,0010011,0,0,43,0,0,50,50,2438.1,138.1,48.71,173.14,1.0,0.08,0.54,27394
0.3,2.0,2200.0,2400.0,0010110,0,0,34,0,50,50,0,2150.1,-149.9,48.16,175.13,1.0,0.0,0.5,752
0.3,2.0,2200.0,2400.0,0011001,0,0,43,50,0,0,50,2428.0,128.0,51.38,164.15,1.0,0.15,0.57,43600
0.3,2.0,2200.0,2400.0,0011010,0,0,30,30,0,50,0,2277.5,-22.5,46.86,179.97,1.0,0.85,0.92,16794
0.3,2.0,2200.0,2400.0,0011100,0,0,40,50,50,0,0,2300.7,0.7,50.44,167.19,1.0,1.0,1.0,20018
0.3,2.0,2200.0,2400.0,0100011,0,45,0,0,0,50,50,2442.0,142.0,48.36,174.41,0.0,0.05,0.03,0
0.3,2.0,2200.0,2400.0,0100101,0,49,0,0,50,0,50,2441.3,141.3,52.92,159.37,0.0,0.06,0.03,0
0.3,2.0,2200.0,2400.0,0100110,0,50,0,0,49,50,0,2449.9,149.9,51.62,163.38,0.0,0.0,0.0,0
0.3,2.0,2200.0,2400.0,0101001,0,42,0,50,0,0,50,2443.3,143.3,50.55,166.85,0.0,0.04,0.02,0
0.3,2.0,2200.0,2400.0,0101010,0,50,0,32,0,50,0,2439.4,139.4,49.02,172.05,1.0,0.07,0.54,70128
0.3,2.0,2200.0,2400.0,0101100,0,50,0,40,50,0,0,2443.7,143.7,52.79,159.76,0.0,0.04,0.02,0
0.3,2.0,2200.0,2400.0,0110001,0,50,32,0,0,0,50,2445.5,145.5,49.42,170.67,0.0,0.03,0.02,0
0.3,2.0,2200.0,2400.0,0110010,0,50,30,0,0,50,0,2309.5,9.5,46.56,181.12,1.0,0.94,0.97,82146
0.3,2.0,2200.0,2400.0,0110100,0,50,41,0,50,0,0,2448.5,148.5,52.61,160.31,0.0,0.01,0.0,0
0.3,2.0,2200.0,2400.0,0111000,0,50,30,50,0,0,0,2381.1,81.1,49.1,171.76,1.0,0.46,0.73,60629
0.3,2.0,2200.0,2400.0,1000011,44,0,0,0,0,50,50,2378.5,78.5,47.87,176.18,1.0,0.48,0.74,160983
0.3,2.0,2200.0,2400.0,1000101,45,0,0,0,50,0,50,2449.5,149.5,50.82,165.96,0.0,0.0,0.0,0
0.3,2.0,2200.0,2400.0,1000110,44,0,0,0,50,50,0,2434.5,134.5,48.16,175.13,1.0,0.1,0.55,51601
0.3,2.0,2200.0,2400.0,1001001,45,0,0,49,0,0,50,2433.1,133.1,51.14,164.9,1.0,0.11,0.56,42856
0.3,2.0,2200.0,2400.0,1001010,30,0,0,35,0,50,0,2294.5,-5.5,46.96,179.59,1.0,0.96,0.98,55145
0.3,2.0,2200.0,2400.0,1001100,50,0,0,41,50,0,0,2420.8,120.8,51.09,165.07,1.0,0.19,0.6,42078
0.3,2.0,2200.0,2400.0,1010001,45,0,30,0,0,0,50,2449.9,149.9,49.63,169.94,0.0,0.0,0.0,0
0.3,2.0,2200.0,2400.0,1010010,30,0,30,0,0,50,0,2334.1,34.1,46.01,183.31,1.0,0.77,0.89,1849
0.3,2.0,2200.0,2400.0,1010100,45,0,35,0,50,0,0,2442.9,142.9,50.86,165.82,0.0,0.05,0.02,0
0.3,2.0,2200.0,2400.0,1011000,30,0,30,46,0,0,0,2169.6,-130.4,47.55,177.35,1.0,0.13,0.57,4513
0.3,2.0,2200.0,2400.0,1100001,38,50,0,0,0,0,50,2442.6,142.6,48.95,172.31,0.0,0.05,0.02,0
0.3,2.0,2200.0,2400.0,1100010,36,50,0,0,0,50,0,2424.1,124.1,46.7,180.59,1.0,0.17,0.59,267341
0.3,2.0,2200.0,2400.0,1100100,32,50,0,0,50,0,0,2443.8,143.8,52.59,160.37,0.0,0.04,0.02,0
0.3,2.0,2200.0,2400.0,1101000,50,50,0,31,0,0,0,2428.4,128.4,48.69,173.23,1.0,0.14,0.57,188512
0.3,2.0,2200.0,2400.0,1110000,45,50,30,0,0,0,0,2438.8,138.8,49.39,170.78,0.0,0.07,0.04,0
0.3,2.0,2300.0,2500.0,0000111,0,0,0,0,50,50,50,2328.3,-71.7,48.79,172.85,0.0,0.52,0.26,0
0.3,2.0,2300.0,2500.0,0001011,0,0,0,46,0,50,50,2517.8,117.8,51.44,163.96,1.0,0.21,0.61,38890
0.3,2.0,2300.0,2500.0,0001101,0,0,0,50,50,0,50,2398.8,-1.2,51.72,163.08,0.0,0.99,0.5,0
0.3,2.0,2300.0,2500.0,0001110,0,0,0,43,50,50,0,2270.5,-129.5,48.6,173.53,1.0,0.14,0.57,43074
0.3,2.0,2300.0,2500.0,0010011,0,0,44,0,0,50,50,2480.0,80.0,48.8,172.82,1.0,0.47,0.73,27394
0.3,2.0,2300.0,2500.0,0010110,0,0,39,0,50,50,0,2311.6,-88.4,48.15,175.16,1.0,0.41,0.71,752
0.3,2.0,2300.0,2500.0,0011001,0,0,45,50,0,0,50,2483.8,83.8,51.47,163.87,1.0,0.44,0.72,43600
0.3,2.0,2300.0,2500.0,0011010,0,0,30,30,0,50,0,2277.5,-122.5,46.86,179.97,1.0,0.18,0.59,16794
0.3,2.0,2300.0,2500.0,0011100,0,0,40,50,50,0,0,2300.7,-99.3,50.44,167.19,1.0,0.34,0.67,20018
0.3,2.0,2300.0,2500.0,0100011,0,50,0,0,0,50,50,2516.1,116.1,48.85,172.65,0.0,0.23,0.11,0
0.3,2.0,2300.0,2500.0,0100101,0,50,0,0,50,0,50,2450.4,50.4,52.99,159.16,0.0,0.66,0.33,0
0.3,2.0,2300.0,2500.0,0100110,0,50,0,0,50,50,0,2457.5,57.5,51.74,163.01,0.0,0.62,0.31,0
0.3,2.0,2300.0,2500.0,0101001,0,48,0,50,0,0,50,2538.6,138.6,50.91,165.67,0.0,0.08,0.04,0
0.3,2.0,2300.0,2500.0,0101010,0,50,0,34,0,50,0,2489.6,89.6,49.07,171.87,1.0,0.4,0.7,70128
0.3,2.0,2300.0,2500.0,0101100,0,50,0,48,50,0,0,2493.6,93.6,52.83,159.64,0.0,0.38,0.19,0
0.3,2.0,2300.0,2500.0,0110001,0,50,43,0,0,0,50,2541.6,141.6,49.5,170.38,0.0,0.06,0.03,0
0.3,2.0,2300.0,2500.0,0110010,0,50,30,0,0,50,0,2309.5,-90.5,46.56,181.12,1.0,0.4,0.7,82146
0.3,2.0,2300.0,2500.0,0110100,0,50,50,0,50,0,0,2499.1,99.1,53.03,159.03,0.0,0.34,0.17,0
0.3,2.0,2300.0,2500.0,0111000,0,50,30,50,0,0,0,2381.1,-18.9,49.1,171.76,1.0,0.87,0.94,60629
0.3,2.0,2300.0,2500.0,1000011,45,0,0,0,0,50,50,2454.1,54.1,48.59,173.56,1.0,0.64,0.82,160983
0.3,2.0,2300.0,2500.0,1000101,50,0,0,0,50,0,50,2503.1,103.1,51.11,165.02,0.0,0.31,0.16,0
0.3,2.0,2300.0,2500.0,1000110,45,0,0,0,50,50,0,2535.8,135.8,48.32,174.55,1.0,0.09,0.55,51601
0.3,2.0,2300.0,2500.0,1001001,46,0,0,49,0,0,50,2519.5,119.5,51.41,164.04,1.0,0.2,0.6,42856
0.3,2.0,2300.0,2500.0,1001010,30,0,0,35,0,50,0,2294.5,-105.5,46.96,179.59,1.0,0.3,0.65,55145
0.3,2.0,2300.0,2500.0,1001100,50,0,0,43,50,0,0,2519.3,119.3,51.11,165.02,1.0,0.2,0.6,42078
0.3,2.0,2300.0,2500.0,1010001,45,0,31,0,0,0,50,2480.3,80.3,49.64,169.91,0.0,0.46,0.23,0
0.3,2.0,2300.0,2500.0,1010010,30,0,30,0,0,50,0,2334.1,-65.9,46.01,183.31,1.0,0.56,0.78,1849
0.3,2.0,2300.0,2500.0,1010100,50,0,31,0,50,0,0,2544.2,144.2,51.26,164.53,0.0,0.04,0.02,0
0.3,2.0,2300.0,2500.0,1011000,30,0,30,50,0,0,0,2254.0,-146.0,47.45,177.74,1.0,0.03,0.51,4513
0.3,2.0,2300.0,2500.0,1100001,50,50,0,0,0,0,50,2543.8,143.8,49.19,171.44,0.0,0.04,0.02,0
0.3,2.0,2300.0,2500.0,1100010,39,50,0,0,0,50,0,2520.9,120.9,47.02,179.36,1.0,0.19,0.6,267341
0.3,2.0,2300.0,2500.0,1100100,45,50,0,0,50,0,0,2543.5,143.5,53.24,158.42,0.0,0.04,0.02,0
0.3,2.0,2300.0,2500.0,1101000,50,50,0,33,0,0,0,2475.6,75.6,48.75,173.01,1.0,0.5,0.75,188512
0.3,2.0,2300.0,2500.0,1110000,46,50,30,0,0,0,0,2468.2,68.2,49.47,170.48,0.0,0.55,0.27,0
0.3,2.0,2400.0,2600.0,0000111,0,0,0,0,50,50,50,2328.3,-171.7,48.79,172.85,0.0,0.0,0.0,0
0.3,2.0,2400.0,2600.0,0001011,0,0,0,47,0,50,50,2556.0,56.0,51.44,163.94,1.0,0.63,0.81,38890
0.3,2.0,2400.0,2600.0,0001101,0,0,0,50,50,0,50,2398.8,-101.2,51.72,163.08,0.0,0.33,0.16,0
0.3,2.0,2400.0,2600.0,0001110,0,0,0,44,50,50,0,2365.1,-134.9,48.23,174.86,1.0,0.1,0.55,43074
0.3,2.0,2400.0,2600.0,0010011,0,0,46,0,0,50,50,2640.8,140.8,48.9,172.48,1.0,0.06,0.53,27394
0.3,2.0,2400.0,2600.0,0010110,0,0,41,0,50,50,0,2384.5,-115.5,47.85,176.26,1.0,0.23,0.61,752
0.3,2.0,2400.0,2600.0,0011001,0,0,45,50,0,0,50,2483.8,-16.2,51.47,163.87,1.0,0.89,0.95,43600
0.3,2.0,2400.0,2600.0,0011010,0,0,30,32,0,50,0,2352.6,-147.4,46.81,180.19,1.0,0.02,0.51,16794
0.3,2.0,2400.0,2600.0,0011100,0,0,42,50,50,0,0,2383.2,-116.8,50.41,167.32,1.0,0.22,0.61,20018
0.3,2.0,2400.0,2600.0,0100011,0,50,0,0,0,50,50,2516.1,16.1,48.85,172.65,0.0,0.89,0.45,0
0.3,2.0,2400.0,2600.0,0100101,0,50,0,0,50,0,50,2450.4,-49.6,52.99,159.16,0.0,0.67,0.33,0
0.3,2.0,2400.0,2600.0,0100110,0,50,0,0,50,50,0,2457.5,-42.5,51.74,163.01,0.0,0.72,0.36,0
0.3,2.0,2400.0,2600.0,0101001,0,50,0,50,0,0,50,2574.8,74.8,51.05,165.21,0.0,0.5,0.25,0
0.3,2.0,2400.0,2600.0,0101010,0,50,0,34,0,50,0,2489.6,-10.4,49.07,171.87,1.0,0.93,0.97,70128
0.3,2.0,2400.0,2600.0,0101100,0,50,0,48,50,0,0,2493.6,-6.4,52.83,159.64,0.0,0.96,0.48,0
0.3,2.0,2400.0,2600.0,0110001,0,50,50,0,0,0,50,2601.1,101.1,49.67,169.81,0.0,0.33,0.16,0
0.3,2.0,2400.0,2600.0,0110010,0,50,32,0,0,50,0,2356.9,-143.1,46.45,181.58,1.0,0.05,0.52,82146
0.3,2.0,2400.0,2600.0,0110100,0,50,50,0,50,0,0,2499.1,-0.9,53.03,159.03,0.0,0.99,0.5,0
0.3,2.0,2400.0,2600.0,0111000,0,50,30,50,0,0,0,2381.1,-118.9,49.1,171.76,1.0,0.21,0.6,60629
0.3,2.0,2400.0,2600.0,1000011,46,0,0,0,0,50,50,2551.3,51.3,49.02,172.06,1.0,0.66,0.83,160983
0.3,2.0,2400.0,2600.0,1000101,50,0,0,0,50,0,50,2503.1,3.1,51.11,165.02,0.0,0.98,0.49,0
0.3,2.0,2400.0,2600.0,1000110,46,0,0,0,50,50,0,2640.0,140.0,48.55,173.72,1.0,0.07,0.53,51601
0.3,2.0,2400.0,2600.0,1001001,47,0,0,48,0,0,50,2558.5,58.5,51.42,164.03,1.0,0.61,0.81,42856
0.3,2.0,2400.0,2600.0,1001010,31,0,0,40,0,50,0,2350.3,-149.7,46.8,180.22,1.0,0.0,0.5,55145
0.3,2.0,2400.0,2600.0,1001100,50,0,0,43,50,0,0,2519.3,19.3,51.11,165.02,1.0,0.87,0.94,42078
0.3,2.0,2400.0,2600.0,1010001,45,0,31,0,0,0,50,2480.3,-19.7,49.64,169.91,0.0,0.87,0.43,0
0.3,2.0,2400.0,2600.0,1010010,30,0,31,0,0,50,0,2352.0,-148.0,45.96,183.5,1.0,0.01,0.51,1849
0.3,2.0,2400.0,2600.0,1010100,50,0,34,0,50,0,0,2632.9,132.9,51.47,163.85,0.0,0.11,0.06,0
0.3,2.0,2400.0,2600.0,1011000,33,0,30,50,0,0,0,2352.6,-147.4,47.26,178.47,1.0,0.02,0.51,4513
0.3,2.0,2400.0,2600.0,1100001,50,50,0,0,0,0,50,2543.8,43.8,49.19,171.44,0.0,0.71,0.35,0
0.3,2.0,2400.0,2600.0,1100010,41,50,0,0,0,50,0,2596.1,96.1,47.1,179.05,1.0,0.36,0.68,267341
0.3,2.0,2400.0,2600.0,1100100,50,50,0,0,50,0,0,2585.5,85.5,53.48,157.7,0.0,0.43,0.21,0
0.3,2.0,2400.0,2600.0,1101000,50,50,0,38,0,0,0,2577.7,77.7,48.76,172.97,1.0,0.48,0.74,188512
0.3,2.0,2400.0,2600.0,1110000,46,50,30,0,0,0,0,2468.2,-31.8,49.47,170.48,0.0,0.79,0.39,0
0.3,2.0,2500.0,2700.0,0000111,0,0,0,0,50,50,50,2328.3,-271.7,48.79,172.85,0.0,0.0,0.0,0
0.3,2.0,2500.0,2700.0,0001011,0,0,0,47,0,50,50,2556.0,-44.0,51.44,163.94,1.0,0.71,0.85,38890
0.3,2.0,2500.0,2700.0,0001101,0,0,0,50,50,0,50,2398.8,-201.2,51.72,163.08,0.0,0.0,0.0,0
0.3,2.0,2500.0,2700.0,0001110,0,0,0,46,49,50,0,2460.7,-139.3,47.76,176.59,1.0,0.07,0.54,43074
0.3,2.0,2500.0,2700.0,0010011,0,0,47,0,0,50,50,2718.6,118.6,48.94,172.32,1.0,0.21,0.6,27394
0.3,2.0,2500.0,2700.0,0010110,0,0,43,0,50,50,0,2452.2,-147.8,47.28,178.38,1.0,0.01,0.51,752
0.3,2.0,2500.0,2700.0,0011001,0,0,45,50,0,0,50,2483.8,-116.2,51.47,163.87,1.0,0.23,0.61,43600
0.3,2.0,2500.0,2700.0,0011010,0,0,30,35,0,50,0,2459.0,-141.0,46.7,180.61,1.0,0.06,0.53,16794
0.3,2.0,2500.0,2700.0,0011100,0,0,50,43,50,0,0,2452.6,-147.4,50.27,167.77,1.0,0.02,0.51,20018
0.3,2.0,2500.0,2700.0,0100011,0,50,0,0,0,50,50,2516.1,-83.9,48.85,172.65,0.0,0.44,0.22,0
0.3,2.0,2500.0,2700.0,0100101,0,50,0,0,50,0,50,2450.4,-149.6,52.99,159.16,0.0,0.0,0.0,0
0.3,2.0,2500.0,2700.0,0100110,0,50,0,0,50,50,0,2457.5,-142.5,51.74,163.01,0.0,0.05,0.02,0
0.3,2.0,2500.0,2700.0,0101001,0,50,0,50,0,0,50,2574.8,-25.2,51.05,165.21,0.0,0.83,0.42,0
0.3,2.0,2500.0,2700.0,0101010,0,50,0,34,0,50,0,2489.6,-110.4,49.07,171.87,1.0,0.26,0.63,70128
0.3,2.0,2500.0,2700.0,0101100,0,50,0,48,50,0,0,2493.6,-106.4,52.83,159.64,0.0,0.29,0.15,0
0.3,2.0,2500.0,2700.0,0110001,0,50,50,0,0,0,50,2601.1,1.1,49.67,169.81,0.0,0.99,0.5,0
0.3,2.0,2500.0,2700.0,0110010,0,50,42,0,0,50,0,2707.5,107.5,46.2,182.56,1.0,0.28,0.64,82146
0.3,2.0,2500.0,2700.0,0110100,0,50,50,0,50,0,0,2499.1,-100.9,53.03,159.03,0.0,0.33,0.16,0
0.3,2.0,2500.0,2700.0,0111000,0,50,35,50,0,0,0,2468.9,-131.1,48.62,173.45,1.0,0.13,0.56,60629
0.3,2.0,2500.0,2700.0,1000011,46,0,0,0,0,50,50,2551.3,-48.7,49.02,172.06,1.0,0.68,0.84,160983
0.3,2.0,2500.0,2700.0,1000101,50,0,0,0,50,0,50,2503.1,-96.9,51.11,165.02,0.0,0.35,0.18,0
0.3,2.0,2500.0,2700.0,1000110,46,0,0,0,50,50,0,2640.0,40.0,48.55,173.72,1.0,0.73,0.87,51601
0.3,2.0,2500.0,2700.0,1001001,47,0,0,48,0,0,50,2558.5,-41.5,51.42,164.03,1.0,0.72,0.86,42856
0.3,2.0,2500.0,2700.0,1001010,37,0,0,39,0,50,0,2451.5,-148.5,46.37,181.88,1.0,0.01,0.5,55145
0.3,2.0,2500.0,2700.0,1001100,50,0,0,43,50,0,0,2519.3,-80.7,51.11,165.02,1.0,0.46,0.73,42078
0.3,2.0,2500.0,2700.0,1010001,45,0,31,0,0,0,50,2480.3,-119.7,49.64,169.91,0.0,0.2,0.1,0
0.3,2.0,2500.0,2700.0,1010010,30,0,39,0,0,50,0,2460.0,-140.0,45.6,184.93,1.0,0.07,0.53,1849
0.3,2.0,2500.0,2700.0,1010100,50,0,34,0,50,0,0,2632.9,32.9,51.47,163.85,0.0,0.78,0.39,0
0.3,2.0,2500.0,2700.0,1011000,36,0,30,49,0,0,0,2453.4,-146.6,47.13,178.96,1.0,0.02,0.51,4513
0.3,2.0,2500.0,2700.0,1100001,50,50,0,0,0,0,50,2543.8,-56.2,49.19,171.44,0.0,0.63,0.31,0
0.3,2.0,2500.0,2700.0,1100010,41,50,0,0,0,50,0,2596.1,-3.9,47.1,179.05,1.0,0.97,0.99,267341
0.3,2.0,2500.0,2700.0,1100100,50,50,0,0,50,0,0,2585.5,-14.5,53.48,157.7,0.0,0.9,0.45,0
0.3,2.0,2500.0,2700.0,1101000,50,50,0,38,0,0,0,2577.7,-22.3,48.76,172.97,1.0,0.85,0.93,188512
0.3,2.0,2500.0,2700.0,1110000,46,50,30,0,0,0,0,2468.2,-131.8,49.47,170.48,0.0,0.12,0.06,0
0.3,2.0,2600.0,2800.0,0000111,0,0,0,0,50,50,50,2328.3,-371.7,48.79,172.85,0.0,0.0,0.0,0
0.3,2.0,2600.0,2800.0,0001011,0,0,0,47,0,50,50,2556.0,-144.0,51.44,163.94,1.0,0.04,0.52,38890
0.3,2.0,2600.0,2800.0,0001101,0,0,0,50,50,0,50,2398.8,-301.2,51.72,163.08,0.0,0.0,0.0,0
0.3,2.0,2600.0,2800.0,0001110,0,0,0,48,49,50,0,2554.4,-145.6,47.23,178.58,1.0,0.03,0.51,43074
0.3,2.0,2600.0,2800.0,0010011,0,0,47,0,0,50,50,2718.6,18.6,48.94,172.32,1.0,0.88,0.94,27394
0.3,2.0,2600.0,2800.0,0010110,0,0,47,0,50,50,0,2573.5,-126.5,46.31,182.12,1.0,0.16,0.58,752
0.3,2.0,2600.0,2800.0,0011001,0,0,47,50,0,0,50,2556.1,-143.9,51.31,164.38,1.0,0.04,0.52,43600
0.3,2.0,2600.0,2800.0,0011010,0,0,30,38,0,50,0,2552.2,-147.8,46.53,181.24,1.0,0.01,0.51,16794
0.3,2.0,2600.0,2800.0,0011100,0,0,50,48,50,0,0,2550.8,-149.2,48.85,172.64,1.0,0.01,0.5,20018
0.3,2.0,2600.0,2800.0,0100011,0,50,0,0,0,50,50,2516.1,-183.9,48.85,172.65,0.0,0.0,0.0,0
0.3,2.0,2600.0,2800.0,0100101,0,50,0,0,50,0,50,2450.4,-249.6,52.99,159.16,0.0,0.0,0.0,0
0.3,2.0,2600.0,2800.0,0100110,0,50,0,0,50,50,0,2457.5,-242.5,51.74,163.01,0.0,0.0,0.0,0
0.3,2.0,2600.0,2800.0,0101001,0,50,0,50,0,0,50,2574.8,-125.2,51.05,165.21,0.0,0.17,0.08,0
0.3,2.0,2600.0,2800.0,0101010,0,50,0,36,0,50,0,2551.2,-148.8,49.02,172.05,1.0,0.01,0.5,70128
0.3,2.0,2600.0,2800.0,0101100,0,50,0,50,50,0,0,2503.9,-196.1,52.82,159.66,0.0,0.0,0.0,0
0.3,2.0,2600.0,2800.0,0110001,0,50,50,0,0,0,50,2601.1,-98.9,49.67,169.81,0.0,0.34,0.17,0
0.3,2.0,2600.0,2800.0,0110010,0,50,42,0,0,50,0,2707.5,7.5,46.2,182.56,1.0,0.95,0.98,82146
0.3,2.0,2600.0,2800.0,0110100,0,50,50,0,50,0,0,2499.1,-200.9,53.03,159.03,0.0,0.0,0.0,0
0.3,2.0,2600.0,2800.0,0111000,0,50,39,50,0,0,0,2558.7,-141.3,47.86,176.22,1.0,0.06,0.53,60629
0.3,2.0,2600.0,2800.0,1000011,46,0,0,0,0,50,50,2551.3,-148.7,49.02,172.06,1.0,0.01,0.5,160983
0.3,2.0,2600.0,2800.0,1000101,50,0,0,0,50,0,50,2503.1,-196.9,51.11,165.02,0.0,0.0,0.0,0
0.3,2.0,2600.0,2800.0,1000110,46,0,0,0,50,50,0,2640.0,-60.0,48.55,173.72,1.0,0.6,0.8,51601
0.3,2.0,2600.0,2800.0,1001001,47,0,0,48,0,0,50,2558.5,-141.5,51.42,164.03,1.0,0.06,0.53,42856
0.3,2.0,2600.0,2800.0,1001010,42,0,0,35,0,50,0,2556.4,-143.6,46.17,182.68,1.0,0.04,0.52,55145
0.3,2.0,2600.0,2800.0,1001100,50,0,0,44,50,0,0,2576.1,-123.9,51.08,165.1,1.0,0.17,0.59,42078
0.3,2.0,2600.0,2800.0,1010001,44,0,35,0,0,0,50,2557.3,-142.7,49.54,170.24,0.0,0.05,0.02,0
0.3,2.0,2600.0,2800.0,1010010,49,0,31,0,0,50,0,2845.6,145.6,45.75,184.34,1.0,0.03,0.51,1849
0.3,2.0,2600.0,2800.0,1010100,50,0,34,0,50,0,0,2632.9,-67.1,51.47,163.85,0.0,0.55,0.28,0
0.3,2.0,2600.0,2800.0,1011000,50,0,30,39,0,0,0,2848.8,148.8,47.02,179.38,1.0,0.01,0.5,4513
0.3,2.0,2600.0,2800.0,1100001,50,50,0,0,0,0,50,2543.8,-156.2,49.19,171.44,0.0,0.0,0.0,0
0.3,2.0,2600.0,2800.0,1100010,41,50,0,0,0,50,0,2596.1,-103.9,47.1,179.05,1.0,0.31,0.65,267341
0.3,2.0,2600.0,2800.0,1100100,50,50,0,0,50,0,0,2585.5,-114.5,53.48,157.7,0.0,0.24,0.12,0
0.3,2.0,2600.0,2800.0,1101000,50,50,0,38,0,0,0,2577.7,-122.3,48.76,172.97,1.0,0.18,0.59,188512
0.3,2.0,2600.0,2800.0,1110000,49,50,30,0,0,0,0,2558.2,-141.8,48.64,173.4,0.0,0.05,0.03,0
0.3,2.0,2700.0,2900.0,0000111,0,0,0,0,50,50,50,2328.3,-471.7,48.79,172.85,0.0,0.0,0.0,0
0.3,2.0,2700.0,2900.0,0001011,0,0,0,49,0,50,50,2651.2,-148.8,51.17,164.83,1.0,0.01,0.5,38890
0.3,2.0,2700.0,2900.0,0001101,0,0,0,50,50,0,50,2398.8,-401.2,51.72,163.08,0.0,0.0,0.0,0
0.3,2.0,2700.0,2900.0,0001110,0,0,0,50,50,50,0,2611.3,-188.7,46.82,180.12,1.0,0.0,0.5,43074
0.3,2.0,2700.0,2900.0,0010011,0,0,47,0,0,50,50,2718.6,-81.4,48.94,172.32,1.0,0.46,0.73,27394
0.3,2.0,2700.0,2900.0,0010110,0,0,50,0,50,50,0,2633.3,-166.7,46.21,182.49,1.0,0.0,0.5,752
0.3,2.0,2700.0,2900.0,0011001,0,0,50,50,0,0,50,2641.4,-158.6,50.43,167.25,1.0,0.0,0.5,43600
0.3,2.0,2700.0,2900.0,0011010,0,0,30,42,0,50,0,2652.4,-147.6,46.32,182.08,1.0,0.02,0.51,16794
0.3,2.0,2700.0,2900.0,0011100,0,0,50,50,50,0,0,2581.0,-219.0,48.04,175.58,1.0,0.0,0.5,20018
0.3,2.0,2700.0,2900.0,0100011,0,50,0,0,0,50,50,2516.1,-283.9,48.85,172.65,0.0,0.0,0.0,0
0.3,2.0,2700.0,2900.0,0100101,0,50,0,0,50,0,50,2450.4,-349.6,52.99,159.16,0.0,0.0,0.0,0
0.3,2.0,2700.0,2900.0,0100110,0,50,0,0,50,50,0,2457.5,-342.5,51.74,163.01,0.0,0.0,0.0,0
0.3,2.0,2700.0,2900.0,0101001,0,50,0,50,0,0,50,2574.8,-225.2,51.05,165.21,0.0,0.0,0.0,0
0.3,2.0,2700.0,2900.0,0101010,0,50,0,41,0,50,0,2674.8,-125.2,48.49,173.94,1.0,0.17,0.58,70128
0.3,2.0,2700.0,2900.0,0101100,0,50,0,50,50,0,0,2503.9,-296.1,52.82,159.66,0.0,0.0,0.0,0
0.3,2.0,2700.0,2900.0,0110001,0,50,50,0,0,0,50,2601.1,-198.9,49.67,169.81,0.0,0.0,0.0,0
0.3,2.0,2700.0,2900.0,0110010,0,50,42,0,0,50,0,2707.5,-92.5,46.2,182.56,1.0,0.38,0.69,82146
0.3,2.0,2700.0,2900.0,0110100,0,50,50,0,50,0,0,2499.1,-300.9,53.03,159.03,0.0,0.0,0.0,0
0.3,2.0,2700.0,2900.0,0111000,0,50,43,50,0,0,0,2652.8,-147.2,47.17,178.79,1.0,0.02,0.51,60629
0.3,2.0,2700.0,2900.0,1000011,48,0,0,0,0,50,50,2689.7,-110.3,48.13,175.23,1.0,0.26,0.63,160983
0.3,2.0,2700.0,2900.0,1000101,50,0,0,0,50,0,50,2503.1,-296.9,51.11,165.02,0.0,0.0,0.0,0
0.3,2.0,2700.0,2900.0,1000110,50,0,0,0,50,50,0,2887.2,87.2,48.79,172.85,1.0,0.42,0.71,51601
0.3,2.0,2700.0,2900.0,1001001,47,0,0,50,0,0,50,2670.1,-129.9,51.09,165.07,1.0,0.13,0.57,42856
0.3,2.0,2700.0,2900.0,1001010,48,0,0,35,0,50,0,2949.8,149.8,46.64,180.82,1.0,0.0,0.5,55145
0.3,2.0,2700.0,2900.0,1001100,50,0,0,46,50,0,0,2686.9,-113.1,50.84,165.89,1.0,0.25,0.62,42078
0.3,2.0,2700.0,2900.0,1010001,33,0,50,0,0,0,50,2673.2,-126.8,49.38,170.79,0.0,0.15,0.08,0
0.3,2.0,2700.0,2900.0,1010010,50,0,36,0,0,50,0,2945.3,145.3,46.14,182.8,1.0,0.03,0.52,1849
0.3,2.0,2700.0,2900.0,1010100,50,0,35,0,50,0,0,2662.2,-137.8,51.42,164.03,0.0,0.08,0.04,0
0.3,2.0,2700.0,2900.0,1011000,49,0,30,46,0,0,0,2947.6,147.6,47.31,178.29,1.0,0.02,0.51,4513
0.3,2.0,2700.0,2900.0,1100001,50,50,0,0,0,0,50,2543.8,-256.2,49.19,171.44,0.0,0.0,0.0,0
0.3,2.0,2700.0,2900.0,1100010,43,50,0,0,0,50,0,2680.1,-119.9,47.07,179.19,1.0,0.2,0.6,267341
0.3,2.0,2700.0,2900.0,1100100,50,50,0,0,50,0,0,2585.5,-214.5,53.48,157.7,0.0,0.0,0.0,0
0.3,2.0,2700.0,2900.0,1101000,49,50,0,42,0,0,0,2657.7,-142.3,48.46,174.02,1.0,0.05,0.53,188512
0.3,2.0,2700.0,2900.0,1110000,49,50,33,0,0,0,0,2653.6,-146.4,47.57,177.29,0.0,0.02,0.01,0
0.3,2.0,2800.0,3000.0,0000111,0,0,0,0,50,50,50,2328.3,-571.7,48.79,172.85,0.0,0.0,0.0,0
0.3,2.0,2800.0,3000.0,0001011,0,0,0,50,0,50,50,2685.5,-214.5,50.99,165.41,1.0,0.0,0.5,38890
0.3,2.0,2800.0,3000.0,0001101,0,0,0,50,50,0,50,2398.8,-501.2,51.72,163.08,0.0,0.0,0.0,0
0.3,2.0,2800.0,3000.0,0001110,0,0,0,50,50,50,0,2611.3,-288.7,46.82,180.12,1.0,0.0,0.5,43074
0.3,2.0,2800.0,3000.0,0010011,0,0,48,0,0,50,50,2772.1,-127.9,48.74,173.03,1.0,0.15,0.57,27394
0.3,2.0,2800.0,3000.0,0010110,0,0,50,0,50,50,0,2633.3,-266.7,46.21,182.49,1.0,0.0,0.5,752
0.3,2.0,2800.0,3000.0,0011001,0,0,50,50,0,0,50,2641.4,-258.6,50.43,167.25,1.0,0.0,0.5,43600
0.3,2.0,2800.0,3000.0,0011010,0,0,50,50,0,50,0,2914.0,14.0,46.26,182.33,1.0,0.91,0.95,16794
0.3,2.0,2800.0,3000.0,0011100,0,0,50,50,50,0,0,2581.0,-319.0,48.04,175.58,1.0,0.0,0.5,20018
0.3,2.0,2800.0,3000.0,0100011,0,50,0,0,0,50,50,2516.1,-383.9,48.85,172.65,0.0,0.0,0.0,0
0.3,2.0,2800.0,3000.0,0100101,0,50,0,0,50,0,50,2450.4,-449.6,52.99,159.16,0.0,0.0,0.0,0
0.3,2.0,2800.0,3000.0,0100110,0,50,0,0,50,50,0,2457.5,-442.5,51.74,163.01,0.0,0.0,0.0,0
0.3,2.0,2800.0,3000.0,0101001,0,50,0,50,0,0,50,2574.8,-325.2,51.05,165.21,0.0,0.0,0.0,0
0.3,2.0,2800.0,3000.0,0101010,0,50,0,44,0,50,0,2778.2,-121.8,47.83,176.32,1.0,0.19,0.59,70128
0.3,2.0,2800.0,3000.0,0101100,0,50,0,50,50,0,0,2503.9,-396.1,52.82,159.66,0.0,0.0,0.0,0
0.3,2.0,2800.0,3000.0,0110001,0,50,50,0,0,0,50,2601.1,-298.9,49.67,169.81,0.0,0.0,0.0,0
0.3,2.0,2800.0,3000.0,0110010,0,50,44,0,0,50,0,2774.9,-125.1,46.11,182.89,1.0,0.17,0.58,82146
0.3,2.0,2800.0,3000.0,0110100,0,50,50,0,50,0,0,2499.1,-400.9,53.03,159.03,0.0,0.0,0.0,0
0.3,2.0,2800.0,3000.0,0111000,0,50,48,50,0,0,0,2751.0,-149.0,46.68,180.67,1.0,0.01,0.5,60629
0.3,2.0,2800.0,3000.0,1000011,50,0,0,0,0,50,50,2742.9,-157.1,47.97,175.8,1.0,0.0,0.5,160983
0.3,2.0,2800.0,3000.0,1000101,50,0,0,0,50,0,50,2503.1,-396.9,51.11,165.02,0.0,0.0,0.0,0
0.3,2.0,2800.0,3000.0,1000110,50,0,0,0,50,50,0,2887.2,-12.8,48.79,172.85,1.0,0.91,0.96,51601
0.3,2.0,2800.0,3000.0,1001001,49,0,0,50,0,0,50,2758.6,-141.4,50.41,167.3,1.0,0.06,0.53,42856
0.3,2.0,2800.0,3000.0,1001010,50,0,0,35,0,50,0,3040.0,140.0,47.45,177.74,1.0,0.07,0.53,55145
0.3,2.0,2800.0,3000.0,1001100,50,0,0,48,50,0,0,2754.0,-146.0,50.42,167.26,1.0,0.03,0.51,42078
0.3,2.0,2800.0,3000.0,1010001,36,0,50,0,0,0,50,2753.2,-146.8,48.85,172.66,0.0,0.02,0.01,0
0.3,2.0,2800.0,3000.0,1010010,50,0,42,0,0,50,0,3033.8,133.8,46.3,182.14,1.0,0.11,0.55,1849
0.3,2.0,2800.0,3000.0,1010100,50,0,39,0,50,0,0,2767.1,-132.9,51.1,165.05,0.0,0.11,0.06,0
0.3,2.0,2800.0,3000.0,1011000,50,0,31,48,0,0,0,3046.8,146.8,47.8,176.46,1.0,0.02,0.51,4513
0.3,2.0,2800.0,3000.0,1100001,50,50,0,0,0,0,50,2543.8,-356.2,49.19,171.44,0.0,0.0,0.0,0
0.3,2.0,2800.0,3000.0,1100010,45,50,0,0,0,50,0,2771.3,-128.7,46.9,179.81,1.0,0.14,0.57,267341
0.3,2.0,2800.0,3000.0,1100100,50,50,0,0,50,0,0,2585.5,-314.5,53.48,157.7,0.0,0.0,0.0,0
0.3,2.0,2800.0,3000.0,1101000,50,50,0,43,0,0,0,2750.2,-149.8,48.01,175.66,1.0,0.0,0.5,188512
0.3,2.0,2800.0,3000.0,1110000,49,50,36,0,0,0,0,2754.1,-145.9,47.09,179.1,0.0,0.03,0.01,0
0.3,2.0,2900.0,3100.0,0000111,0,0,0,0,50,50,50,2328.3,-671.7,48.79,172.85,0.0,0.0,0.0,0
0.3,2.0,2900.0,3100.0,0001011,0,0,0,50,0,50,50,2685.5,-314.5,50.99,165.41,1.0,0.0,0.5,38890
0.3,2.0,2900.0,3100.0,0001101,0,0,0,50,50,0,50,2398.8,-601.2,51.72,163.08,0.0,0.0,0.0,0
0.3,2.0,2900.0,3100.0,0001110,0,0,0,50,50,50,0,2611.3,-388.7,46.82,180.12,1.0,0.0,0.5,43074
0.3,2.0,2900.0,3100.0,0010011,0,0,50,0,0,50,50,2812.8,-187.2,48.39,174.29,1.0,0.0,0.5,27394
0.3,2.0,2900.0,3100.0,0010110,0,0,50,0,50,50,0,2633.3,-366.7,46.21,182.49,1.0,0.0,0.5,752
0.3,2.0,2900.0,3100.0,0011001,0,0,50,50,0,0,50,2641.4,-358.6,50.43,167.25,1.0,0.0,0.5,43600
0.3,2.0,2900.0,3100.0,0011010,0,0,50,50,0,50,0,2914.0,-86.0,46.26,182.33,1.0,0.43,0.71,16794
0.3,2.0,2900.0,3100.0,0011100,0,0,50,50,50,0,0,2581.0,-419.0,48.04,175.58,1.0,0.0,0.5,20018
0.3,2.0,2900.0,3100.0,0100011,0,50,0,0,0,50,50,2516.1,-483.9,48.85,172.65,0.0,0.0,0.0,0
0.3,2.0,2900.0,3100.0,0100101,0,50,0,0,50,0,50,2450.4,-549.6,52.99,159.16,0.0,0.0,0.0,0
0.3,2.0,2900.0,3100.0,0100110,0,50,0,0,50,50,0,2457.5,-542.5,51.74,163.01,0.0,0.0,0.0,0
0.3,2.0,2900.0,3100.0,0101001,0,50,0,50,0,0,50,2574.8,-425.2,51.05,165.21,0.0,0.0,0.0,0
0.3,2.0,2900.0,3100.0,0101010,0,50,0,49,0,50,0,2858.7,-141.3,47.21,178.66,1.0,0.06,0.53,70128
0.3,2.0,2900.0,3100.0,0101100,0,50,0,50,50,0,0,2503.9,-496.1,52.82,159.66,0.0,0.0,0.0,0
0.3,2.0,2900.0,3100.0,0110001,0,50,50,0,0,0,50,2601.1,-398.9,49.67,169.81,0.0,0.0,0.0,0
0.3,2.0,2900.0,3100.0,0110010,0,50,48,0,0,50,0,2853.2,-146.8,45.94,183.59,1.0,0.02,0.51,82146
0.3,2.0,2900.0,3100.0,0110100,0,50,50,0,50,0,0,2499.1,-500.9,53.03,159.03,0.0,0.0,0.0,0
0.3,2.0,2900.0,3100.0,0111000,0,50,50,50,0,0,0,2773.1,-226.9,46.57,181.08,1.0,0.0,0.5,60629
0.3,2.0,2900.0,3100.0,1000011,50,0,0,0,0,50,50,2742.9,-257.1,47.97,175.8,1.0,0.0,0.5,160983
0.3,2.0,2900.0,3100.0,1000101,50,0,0,0,50,0,50,2503.1,-496.9,51.11,165.02,0.0,0.0,0.0,0
0.3,2.0,2900.0,3100.0,1000110,50,0,0,0,50,50,0,2887.2,-112.8,48.79,172.85,1.0,0.25,0.62,51601
0.3,2.0,2900.0,3100.0,1001001,50,0,0,50,0,0,50,2781.6,-218.4,50.1,168.33,1.0,0.0,0.5,42856
0.3,2.0,2900.0,3100.0,1001010,50,0,0,41,0,50,0,3144.7,144.7,47.99,175.74,1.0,0.04,0.52,55145
0.3,2.0,2900.0,3100.0,1001100,50,0,0,50,50,0,0,2806.5,-193.5,49.99,168.71,1.0,0.0,0.5,42078
0.3,2.0,2900.0,3100.0,1010001,50,0,50,0,0,0,50,3068.5,68.5,48.26,174.77,0.0,0.54,0.27,0
0.3,2.0,2900.0,3100.0,1010010,50,0,47,0,0,50,0,3119.8,119.8,46.35,181.94,1.0,0.2,0.6,1849
0.3,2.0,2900.0,3100.0,1010100,50,0,43,0,50,0,0,2852.2,-147.8,50.75,166.19,0.0,0.01,0.01,0
0.3,2.0,2900.0,3100.0,1011000,50,0,38,50,0,0,0,3134.1,134.1,48.1,175.36,1.0,0.11,0.55,4513
0.3,2.0,2900.0,3100.0,1100001,50,50,0,0,0,0,50,2543.8,-456.2,49.19,171.44,0.0,0.0,0.0,0
0.3,2.0,2900.0,3100.0,1100010,47,50,0,0,0,50,0,2853.2,-146.8,46.76,180.37,1.0,0.02,0.51,267341
0.3,2.0,2900.0,3100.0,1100100,50,50,0,0,50,0,0,2585.5,-414.5,53.48,157.7,0.0,0.0,0.0,0
0.3,2.0,2900.0,3100.0,1101000,50,50,0,47,0,0,0,2868.1,-131.9,47.25,178.5,1.0,0.12,0.56,188512
0.3,2.0,2900.0,3100.0,1110000,49,50,42,0,0,0,0,2853.6,-146.4,46.76,180.37,0.0,0.02,0.01,0
0.3,2.0,3000.0,3200.0,0000111,0,0,0,0,50,50,50,2328.3,-771.7,48.79,172.85,0.0,0.0,0.0,0
0.3,2.0,3000.0,3200.0,0001011,0,0,0,50,0,50,50,2685.5,-414.5,50.99,165.41,1.0,0.0,0.5,38890
0.3,2.0,3000.0,3200.0,0001101,0,0,0,50,50,0,50,2398.8,-701.2,51.72,163.08,0.0,0.0,0.0,0
0.3,2.0,3000.0,3200.0,0001110,0,0,0,50,50,50,0,2611.3,-488.7,46.82,180.12,1.0,0.0,0.5,43074
0.3,2.0,3000.0,3200.0,0010011,0,0,50,0,0,50,50,2812.8,-287.2,48.39,174.29,1.0,0.0,0.5,27394
0.3,2.0,3000.0,3200.0,0010110,0,0,50,0,50,50,0,2633.3,-466.7,46.21,182.49,1.0,0.0,0.5,752
0.3,2.0,3000.0,3200.0,0011001,0,0,50,50,0,0,50,2641.4,-458.6,50.43,167.25,1.0,0.0,0.5,43600
0.3,2.0,3000.0,3200.0,0011010,0,0,50,50,0,50,0,2914.0,-186.0,46.26,182.33,1.0,0.0,0.5,16794
0.3,2.0,3000.0,3200.0,0011100,0,0,50,50,50,0,0,2581.0,-519.0,48.04,175.58,1.0,0.0,0.5,20018
0.3,2.0,3000.0,3200.0,0100011,0,50,0,0,0,50,50,2516.1,-583.9,48.85,172.65,0.0,0.0,0.0,0
0.3,2.0,3000.0,3200.0,0100101,0,50,0,0,50,0,50,2450.4,-649.6,52.99,159.16,0.0,0.0,0.0,0
0.3,2.0,3000.0,3200.0,0100110,0,50,0,0,50,50,0,2457.5,-642.5,51.74,163.01,0.0,0.0,0.0,0
0.3,2.0,3000.0,3200.0,0101001,0,50,0,50,0,0,50,2574.8,-525.2,51.05,165.21,0.0,0.0,0.0,0
0.3,2.0,3000.0,3200.0,0101010,0,50,0,50,0,50,0,2868.7,-231.3,47.16,178.84,1.0,0.0,0.5,70128
0.3,2.0,3000.0,3200.0,0101100,0,50,0,50,50,0,0,2503.9,-596.1,52.82,159.66,0.0,0.0,0.0,0
0.3,2.0,3000.0,3200.0,0110001,0,50,50,0,0,0,50,2601.1,-498.9,49.67,169.81,0.0,0.0,0.0,0
0.3,2.0,3000.0,3200.0,0110010,0,50,50,0,0,50,0,2874.3,-225.7,45.84,183.99,1.0,0.0,0.5,82146
0.3,2.0,3000.0,3200.0,0110100,0,50,50,0,50,0,0,2499.1,-600.9,53.03,159.03,0.0,0.0,0.0,0
0.3,2.0,3000.0,3200.0,0111000,0,50,50,50,0,0,0,2773.1,-326.9,46.57,181.08,1.0,0.0,0.5,60629
0.3,2.0,3000.0,3200.0,1000011,50,0,0,0,0,50,50,2742.9,-357.1,47.97,175.8,1.0,0.0,0.5,160983
0.3,2.0,3000.0,3200.0,1000101,50,0,0,0,50,0,50,2503.1,-596.9,51.11,165.02,0.0,0.0,0.0,0
0.3,2.0,3000.0,3200.0,1000110,50,0,0,0,50,50,0,2887.2,-212.8,48.79,172.85,1.0,0.0,0.5,51601
0.3,2.0,3000.0,3200.0,1001001,50,0,0,50,0,0,50,2781.6,-318.4,50.1,168.33,1.0,0.0,0.5,42856
0.3,2.0,3000.0,3200.0,1001010,50,0,0,47,0,50,0,3246.7,146.7,48.16,175.12,1.0,0.02,0.51,55145
0.3,2.0,3000.0,3200.0,1001100,50,0,0,50,50,0,0,2806.5,-293.5,49.99,168.71,1.0,0.0,0.5,42078
0.3,2.0,3000.0,3200.0,1010001,50,0,50,0,0,0,50,3068.5,-31.5,48.26,174.77,0.0,0.79,0.39,0
0.3,2.0,3000.0,3200.0,1010010,50,0,47,0,0,50,0,3119.8,19.8,46.35,181.94,1.0,0.87,0.93,1849
0.3,2.0,3000.0,3200.0,1010100,50,0,50,0,50,0,0,2959.5,-140.5,50.5,167.01,0.0,0.06,0.03,0
0.3,2.0,3000.0,3200.0,1011000,50,0,42,50,0,0,0,3169.5,69.5,48.11,175.32,1.0,0.54,0.77,4513
0.3,2.0,3000.0,3200.0,1100001,50,50,0,0,0,0,50,2543.8,-556.2,49.19,171.44,0.0,0.0,0.0,0
0.3,2.0,3000.0,3200.0,1100010,50,50,0,0,0,50,0,2941.2,-158.8,46.53,181.26,1.0,0.0,0.5,267341
0.3,2.0,3000.0,3200.0,1100100,50,50,0,0,50,0,0,2585.5,-514.5,53.48,157.7,0.0,0.0,0.0,0
0.3,2.0,3000.0,3200.0,1101000,50,50,0,50,0,0,0,2910.3,-189.7,47.1,179.06,1.0,0.0,0.5,188512
0.3,2.0,3000.0,3200.0,1110000,50,50,46,0,0,0,0,2951.8,-148.2,46.4,181.78,0.0,0.01,0.01,0
0.3,2.0,3100.0,3300.0,0000111,0,0,0,0,50,50,50,2328.3,-871.7,48.79,172.85,0.0,0.0,0.0,0
0.3,2.0,3100.0,3300.0,0001011,0,0,0,50,0,50,50,2685.5,-514.5,50.99,165.41,1.0,0.0,0.5,38890
0.3,2.0,3100.0,3300.0,0001101,0,0,0,50,50,0,50,2398.8,-801.2,51.72,163.08,0.0,0.0,0.0,0
0.3,2.0,3100.0,3300.0,0001110,0,0,0,50,50,50,0,2611.3,-588.7,46.82,180.12,1.0,0.0,0.5,43074
0.3,2.0,3100.0,3300.0,0010011,0,0,50,0,0,50,50,2812.8,-387.2,48.39,174.29,1.0,0.0,0.5,27394
0.3,2.0,3100.0,3300.0,0010110,0,0,50,0,50,50,0,2633.3,-566.7,46.21,182.49,1.0,0.0,0.5,752
0.3,2.0,3100.0,3300.0,0011001,0,0,50,50,0,0,50,2641.4,-558.6,50.43,167.25,1.0,0.0,0.5,43600
0.3,2.0,3100.0,3300.0,0011010,0,0,50,50,0,50,0,2914.0,-286.0,46.26,182.33,1.0,0.0,0.5,16794
0.3,2.0,3100.0,3300.0,0011100,0,0,50,50,50,0,0,2581.0,-619.0,48.04,175.58,1.0,0.0,0.5,20018
0.3,2.0,3100.0,3300.0,0100011,0,50,0,0,0,50,50,2516.1,-683.9,48.85,172.65,0.0,0.0,0.0,0
0.3,2.0,3100.0,3300.0,0100101,0,50,0,0,50,0,50,2450.4,-749.6,52.99,159.16,0.0,0.0,0.0,0
0.3,2.0,3100.0,3300.0,0100110,0,50,0,0,50,50,0,2457.5,-742.5,51.74,163.01,0.0,0.0,0.0,0
0.3,2.0,3100.0,3300.0,0101001,0,50,0,50,0,0,50,2574.8,-625.2,51.05,165.21,0.0,0.0,0.0,0
0.3,2.0,3100.0,3300.0,0101010,0,50,0,50,0,50,0,2868.7,-331.3,47.16,178.84,1.0,0.0,0.5,70128
0.3,2.0,3100.0,3300.0,0101100,0,50,0,50,50,0,0,2503.9,-696.1,52.82,159.66,0.0,0.0,0.0,0
0.3,2.0,3100.0,3300.0,0110001,0,50,50,0,0,0,50,2601.1,-598.9,49.67,169.81,0.0,0.0,0.0,0
0.3,2.0,3100.0,3300.0,0110010,0,50,50,0,0,50,0,2874.3,-325.7,45.84,183.99,1.0,0.0,0.5,82146
0.3,2.0,3100.0,3300.0,0110100,0,50,50,0,50,0,0,2499.1,-700.9,53.03,159.03,0.0,0.0,0.0,0
0.3,2.0,3100.0,3300.0,0111000,0,50,50,50,0,0,0,2773.1,-426.9,46.57,181.08,1.0,0.0,0.5,60629
0.3,2.0,3100.0,3300.0,1000011,50,0,0,0,0,50,50,2742.9,-457.1,47.97,175.8,1.0,0.0,0.5,160983
0.3,2.0,3100.0,3300.0,1000101,50,0,0,0,50,0,50,2503.1,-696.9,51.11,165.02,0.0,0.0,0.0,0
0.3,2.0,3100.0,3300.0,1000110,50,0,0,0,50,50,0,2887.2,-312.8,48.79,172.85,1.0,0.0,0.5,51601
0.3,2.0,3100.0,3300.0,1001001,50,0,0,50,0,0,50,2781.6,-418.4,50.1,168.33,1.0,0.0,0.5,42856
0.3,2.0,3100.0,3300.0,1001010,50,0,0,50,0,50,0,3295.6,95.6,48.22,174.9,1.0,0.36,0.68,55145
0.3,2.0,3100.0,3300.0,1001100,50,0,0,50,50,0,0,2806.5,-393.5,49.99,168.71,1.0,0.0,0.5,42078
0.3,2.0,3100.0,3300.0,1010001,50,0,50,0,0,0,50,3068.5,-131.5,48.26,174.77,0.0,0.12,0.06,0
0.3,2.0,3100.0,3300.0,1010010,50,0,47,0,0,50,0,3119.8,-80.2,46.35,181.94,1.0,0.47,0.73,1849
0.3,2.0,3100.0,3300.0,1010100,50,0,50,0,50,0,0,2959.5,-240.5,50.5,167.01,0.0,0.0,0.0,0
0.3,2.0,3100.0,3300.0,1011000,50,0,42,50,0,0,0,3169.5,-30.5,48.11,175.32,1.0,0.8,0.9,4513
0.3,2.0,3100.0,3300.0,1100001,50,50,0,0,0,0,50,2543.8,-656.2,49.19,171.44,0.0,0.0,0.0,0
0.3,2.0,3100.0,3300.0,1100010,50,50,0,0,0,50,0,2941.2,-258.8,46.53,181.26,1.0,0.0,0.5,267341
0.3,2.0,3100.0,3300.0,1100100,50,50,0,0,50,0,0,2585.5,-614.5,53.48,157.7,0.0,0.0,0.0,0
0.3,2.0,3100.0,3300.0,1101000,50,50,0,50,0,0,0,2910.3,-289.7,47.1,179.06,1.0,0.0,0.5,188512
0.3,2.0,3100.0,3300.0,1110000,50,50,50,0,0,0,0,3011.7,-188.3,46.24,182.41,0.0,0.0,0.0,0
0.3,2.0,3200.0,3400.0,0000111,0,0,0,0,50,50,50,2328.3,-971.7,48.79,172.85,0.0,0.0,0.0,0
0.3,2.0,3200.0,3400.0,0001011,0,0,0,50,0,50,50,2685.5,-614.5,50.99,165.41,1.0,0.0,0.5,38890
0.3,2.0,3200.0,3400.0,0001101,0,0,0,50,50,0,50,2398.8,-901.2,51.72,163.08,0.0,0.0,0.0,0
0.3,2.0,3200.0,3400.0,0001110,0,0,0,50,50,50,0,2611.3,-688.7,46.82,180.12,1.0,0.0,0.5,43074
0.3,2.0,3200.0,3400.0,0010011,0,0,50,0,0,50,50,2812.8,-487.2,48.39,174.29,1.0,0.0,0.5,27394
0.3,2.0,3200.0,3400.0,0010110,0,0,50,0,50,50,0,2633.3,-666.7,46.21,182.49,1.0,0.0,0.5,752
0.3,2.0,3200.0,3400.0,0011001,0,0,50,50,0,0,50,2641.4,-658.6,50.43,167.25,1.0,0.0,0.5,43600
0.3,2.0,3200.0,3400.0,0011010,0,0,50,50,0,50,0,2914.0,-386.0,46.26,182.33,1.0,0.0,0.5,16794
0.3,2.0,3200.0,3400.0,0011100,0,0,50,50,50,0,0,2581.0,-719.0,48.04,175.58,1.0,0.0,0.5,20018
0.3,2.0,3200.0,3400.0,0100011,0,50,0,0,0,50,50,2516.1,-783.9,48.85,172.65,0.0,0.0,0.0,0
0.3,2.0,3200.0,3400.0,0100101,0,50,0,0,50,0,50,2450.4,-849.6,52.99,159.16,0.0,0.0,0.0,0
0.3,2.0,3200.0,3400.0,0100110,0,50,0,0,50,50,0,2457.5,-842.5,51.74,163.01,0.0,0.0,0.0,0
0.3,2.0,3200.0,3400.0,0101001,0,50,0,50,0,0,50,2574.8,-725.2,51.05,165.21,0.0,0.0,0.0,0
0.3,2.0,3200.0,3400.0,0101010,0,50,0,50,0,50,0,2868.7,-431.3,47.16,178.84,1.0,0.0,0.5,70128
0.3,2.0,3200.0,3400.0,0101100,0,50,0,50,50,0,0,2503.9,-796.1,52.82,159.66,0.0,0.0,0.0,0
0.3,2.0,3200.0,3400.0,0110001,0,50,50,0,0,0,50,2601.1,-698.9,49.67,169.81,0.0,0.0,0.0,0
0.3,2.0,3200.0,3400.0,0110010,0,50,50,0,0,50,0,2874.3,-425.7,45.84,183.99,1.0,0.0,0.5,82146
0.3,2.0,3200.0,3400.0,0110100,0,50,50,0,50,0,0,2499.1,-800.9,53.03,159.03,0.0,0.0,0.0,0
0.3,2.0,3200.0,3400.0,0111000,0,50,50,50,0,0,0,2773.1,-526.9,46.57,181.08,1.0,0.0,0.5,60629
0.3,2.0,3200.0,3400.0,1000011,50,0,0,0,0,50,50,2742.9,-557.1,47.97,175.8,1.0,0.0,0.5,160983
0.3,2.0,3200.0,3400.0,1000101,50,0,0,0,50,0,50,2503.1,-796.9,51.11,165.02,0.0,0.0,0.0,0
0.3,2.0,3200.0,3400.0,1000110,50,0,0,0,50,50,0,2887.2,-412.8,48.79,172.85,1.0,0.0,0.5,51601
0.3,2.0,3200.0,3400.0,1001001,50,0,0,50,0,0,50,2781.6,-518.4,50.1,168.33,1.0,0.0,0.5,42856
0.3,2.0,3200.0,3400.0,1001010,50,0,0,50,0,50,0,3295.6,-4.4,48.22,174.9,1.0,0.97,0.99,55145
0.3,2.0,3200.0,3400.0,1001100,50,0,0,50,50,0,0,2806.5,-493.5,49.99,168.71,1.0,0.0,0.5,42078
0.3,2.0,3200.0,3400.0,1010001,50,0,50,0,0,0,50,3068.5,-231.5,48.26,174.77,0.0,0.0,0.0,0
0.3,2.0,3200.0,3400.0,1010010,50,0,49,0,0,50,0,3151.4,-148.6,46.35,181.96,1.0,0.01,0.5,1849
0.3,2.0,3200.0,3400.0,1010100,50,0,50,0,50,0,0,2959.5,-340.5,50.5,167.01,0.0,0.0,0.0,0
0.3,2.0,3200.0,3400.0,1011000,50,0,42,50,0,0,0,3169.5,-130.5,48.11,175.32,1.0,0.13,0.57,4513
0.3,2.0,3200.0,3400.0,1100001,50,50,0,0,0,0,50,2543.8,-756.2,49.19,171.44,0.0,0.0,0.0,0
0.3,2.0,3200.0,3400.0,1100010,50,50,0,0,0,50,0,2941.2,-358.8,46.53,181.26,1.0,0.0,0.5,267341
0.3,2.0,3200.0,3400.0,1100100,50,50,0,0,50,0,0,2585.5,-714.5,53.48,157.7,0.0,0.0,0.0,0
0.3,2.0,3200.0,3400.0,1101000,50,50,0,50,0,0,0,2910.3,-389.7,47.1,179.06,1.0,0.0,0.5,188512
0.3,2.0,3200.0,3400.0,1110000,50,50,50,0,0,0,0,3011.7,-288.3,46.24,182.41,0.0,0.0,0.0,0
0.3,2.0,3300.0,3500.0,0000111,0,0,0,0,50,50,50,2328.3,-1071.7,48.79,172.85,0.0,0.0,0.0,0
0.3,2.0,3300.0,3500.0,0001011,0,0,0,50,0,50,50,2685.5,-714.5,50.99,165.41,1.0,0.0,0.5,38890
0.3,2.0,3300.0,3500.0,0001101,0,0,0,50,50,0,50,2398.8,-1001.2,51.72,163.08,0.0,0.0,0.0,0
0.3,2.0,3300.0,3500.0,0001110,0,0,0,50,50,50,0,2611.3,-788.7,46.82,180.12,1.0,0.0,0.5,43074
0.3,2.0,3300.0,3500.0,0010011,0,0,50,0,0,50,50,2812.8,-587.2,48.39,174.29,1.0,0.0,0.5,27394
0.3,2.0,3300.0,3500.0,0010110,0,0,50,0,50,50,0,2633.3,-766.7,46.21,182.49,1.0,0.0,0.5,752
0.3,2.0,3300.0,3500.0,0011001,0,0,50,50,0,0,50,2641.4,-758.6,50.43,167.25,1.0,0.0,0.5,43600
0.3,2.0,3300.0,3500.0,0011010,0,0,50,50,0,50,0,2914.0,-486.0,46.26,182.33,1.0,0.0,0.5,16794
0.3,2.0,3300.0,3500.0,0011100,0,0,50,50,50,0,0,2581.0,-819.0,48.04,175.58,1.0,0.0,0.5,20018
0.3,2.0,3300.0,3500.0,0100011,0,50,0,0,0,50,50,2516.1,-883.9,48.85,172.65,0.0,0.0,0.0,0
0.3,2.0,3300.0,3500.0,0100101,0,50,0,0,50,0,50,2450.4,-949.6,52.99,159.16,0.0,0.0,0.0,0
0.3,2.0,3300.0,3500.0,0100110,0,50,0,0,50,50,0,2457.5,-942.5,51.74,163.01,0.0,0.0,0.0,0
0.3,2.0,3300.0,3500.0,0101001,0,50,0,50,0,0,50,2574.8,-825.2,51.05,165.21,0.0,0.0,0.0,0
0.3,2.0,3300.0,3500.0,0101010,0,50,0,50,0,50,0,2868.7,-531.3,47.16,178.84,1.0,0.0,0.5,70128
0.3,2.0,3300.0,3500.0,0101100,0,50,0,50,50,0,0,2503.9,-896.1,52.82,159.66,0.0,0.0,0.0,0
0.3,2.0,3300.0,3500.0,0110001,0,50,50,0,0,0,50,2601.1,-798.9,49.67,169.81,0.0,0.0,0.0,0
0.3,2.0,3300.0,3500.0,0110010,0,50,50,0,0,50,0,2874.3,-525.7,45.84,183.99,1.0,0.0,0.5,82146
0.3,2.0,3300.0,3500.0,0110100,0,50,50,0,50,0,0,2499.1,-900.9,53.03,159.03,0.0,0.0,0.0,0
0.3,2.0,3300.0,3500.0,0111000,0,50,50,50,0,0,0,2773.1,-626.9,46.57,181.08,1.0,0.0,0.5,60629
0.3,2.0,3300.0,3500.0,1000011,50,0,0,0,0,50,50,2742.9,-657.1,47.97,175.8,1.0,0.0,0.5,160983
0.3,2.0,3300.0,3500.0,1000101,50,0,0,0,50,0,50,2503.1,-896.9,51.11,165.02,0.0,0.0,0.0,0
0.3,2.0,3300.0,3500.0,1000110,50,0,0,0,50,50,0,2887.2,-512.8,48.79,172.85,1.0,0.0,0.5,51601
0.3,2.0,3300.0,3500.0,1001001,50,0,0,50,0,0,50,2781.6,-618.4,50.1,168.33,1.0,0.0,0.5,42856
0.3,2.0,3300.0,3500.0,1001010,50,0,0,50,0,50,0,3295.6,-104.4,48.22,174.9,1.0,0.3,0.65,55145
0.3,2.0,3300.0,3500.0,1001100,50,0,0,50,50,0,0,2806.5,-593.5,49.99,168.71,1.0,0.0,0.5,42078
0.3,2.0,3300.0,3500.0,1010001,50,0,50,0,0,0,50,3068.5,-331.5,48.26,174.77,0.0,0.0,0.0,0
0.3,2.0,3300.0,3500.0,1010010,50,0,50,0,0,50,0,3166.7,-233.3,46.35,181.97,1.0,0.0,0.5,1849
0.3,2.0,3300.0,3500.0,1010100,50,0,50,0,50,0,0,2959.5,-440.5,50.5,167.01,0.0,0.0,0.0,0
0.3,2.0,3300.0,3500.0,1011000,50,0,50,50,0,0,0,3260.0,-140.0,48.03,175.61,1.0,0.07,0.53,4513
0.3,2.0,3300.0,3500.0,1100001,50,50,0,0,0,0,50,2543.8,-856.2,49.19,171.44,0.0,0.0,0.0,0
0.3,2.0,3300.0,3500.0,1100010,50,50,0,0,0,50,0,2941.2,-458.8,46.53,181.26,1.0,0.0,0.5,267341
0.3,2.0,3300.0,3500.0,1100100,50,50,0,0,50,0,0,2585.5,-814.5,53.48,157.7,0.0,0.0,0.0,0
0.3,2.0,3300.0,3500.0,1101000,50,50,0,50,0,0,0,2910.3,-489.7,47.1,179.06,1.0,0.0,0.5,188512
0.3,2.0,3300.0,3500.0,1110000,50,50,50,0,0,0,0,3011.7,-388.3,46.24,182.41,0.0,0.0,0.0,0
0.3,2.0,3400.0,3600.0,0000111,0,0,0,0,50,50,50,2328.3,-1171.7,48.79,172.85,0.0,0.0,0.0,0
0.3,2.0,3400.0,3600.0,0001011,0,0,0,50,0,50,50,2685.5,-814.5,50.99,165.41,1.0,0.0,0.5,38890
0.3,2.0,3400.0,3600.0,0001101,0,0,0,50,50,0,50,2398.8,-1101.2,51.72,163.08,0.0,0.0,0.0,0
0.3,2.0,3400.0,3600.0,0001110,0,0,0,50,50,50,0,2611.3,-888.7,46.82,180.12,1.0,0.0,0.5,43074
0.3,2.0,3400.0,3600.0,0010011,0,0,50,0,0,50,50,2812.8,-687.2,48.39,174.29,1.0,0.0,0.5,27394
0.3,2.0,3400.0,3600.0,0010110,0,0,50,0,50,50,0,2633.3,-866.7,46.21,182.49,1.0,0.0,0.5,752
0.3,2.0,3400.0,3600.0,0011001,0,0,50,50,0,0,50,2641.4,-858.6,50.43,167.25,1.0,0.0,0.5,43600
0.3,2.0,3400.0,3600.0,0011010,0,0,50,50,0,50,0,2914.0,-586.0,46.26,182.33,1.0,0.0,0.5,16794
0.3,2.0,3400.0,3600.0,0011100,0,0,50,50,50,0,0,2581.0,-919.0,48.04,175.58,1.0,0.0,0.5,20018
0.3,2.0,3400.0,3600.0,0100011,0,50,0,0,0,50,50,2516.1,-983.9,48.85,172.65,0.0,0.0,0.0,0
0.3,2.0,3400.0,3600.0,0100101,0,50,0,0,50,0,50,2450.4,-1049.6,52.99,159.16,0.0,0.0,0.0,0
0.3,2.0,3400.0,3600.0,0100110,0,50,0,0,50,50,0,2457.5,-1042.5,51.74,163.01,0.0,0.0,0.0,0
0.3,2.0,3400.0,3600.0,0101001,0,50,0,50,0,0,50,2574.8,-925.2,51.05,165.21,0.0,0.0,0.0,0
0.3,2.0,3400.0,3600.0,0101010,0,50,0,50,0,50,0,2868.7,-631.3,47.16,178.84,1.0,0.0,0.5,70128
0.3,2.0,3400.0,3600.0,0101100,0,50,0,50,50,0,0,2503.9,-996.1,52.82,159.66,0.0,0.0,0.0,0
0.3,2.0,3400.0,3600.0,0110001,0,50,50,0,0,0,50,2601.1,-898.9,49.67,169.81,0.0,0.0,0.0,0
0.3,2.0,3400.0,3600.0,0110010,0,50,50,0,0,50,0,2874.3,-625.7,45.84,183.99,1.0,0.0,0.5,82146
0.3,2.0,3400.0,3600.0,0110100,0,50,50,0,50,0,0,2499.1,-1000.9,53.03,159.03,0.0,0.0,0.0,0
0.3,2.0,3400.0,3600.0,0111000,0,50,50,50,0,0,0,2773.1,-726.9,46.57,181.08,1.0,0.0,0.5,60629
0.3,2.0,3400.0,3600.0,1000011,50,0,0,0,0,50,50,2742.9,-757.1,47.97,175.8,1.0,0.0,0.5,160983
0.3,2.0,3400.0,3600.0,1000101,50,0,0,0,50,0,50,2503.1,-996.9,51.11,165.02,0.0,0.0,0.0,0
0.3,2.0,3400.0,3600.0,1000110,50,0,0,0,50,50,0,2887.2,-612.8,48.79,172.85,1.0,0.0,0.5,51601
0.3,2.0,3400.0,3600.0,1001001,50,0,0,50,0,0,50,2781.6,-718.4,50.1,168.33,1.0,0.0,0.5,42856
0.3,2.0,3400.0,3600.0,1001010,50,0,0,50,0,50,0,3295.6,-204.4,48.22,174.9,1.0,0.0,0.5,55145
0.3,2.0,3400.0,3600.0,1001100,50,0,0,50,50,0,0,2806.5,-693.5,49.99,168.71,1.0,0.0,0.5,42078
0.3,2.0,3400.0,3600.0,1010001,50,0,50,0,0,0,50,3068.5,-431.5,48.26,174.77,0.0,0.0,0.0,0
0.3,2.0,3400.0,3600.0,1010010,50,0,50,0,0,50,0,3166.7,-333.3,46.35,181.97,1.0,0.0,0.5,1849
0.3,2.0,3400.0,3600.0,1010100,50,0,50,0,50,0,0,2959.5,-540.5,50.5,167.01,0.0,0.0,0.0,0
0.3,2.0,3400.0,3600.0,1011000,50,0,50,50,0,0,0,3260.0,-240.0,48.03,175.61,1.0,0.0,0.5,4513
0.3,2.0,3400.0,3600.0,1100001,50,50,0,0,0,0,50,2543.8,-956.2,49.19,171.44,0.0,0.0,0.0,0
0.3,2.0,3400.0,3600.0,1100010,50,50,0,0,0,50,0,2941.2,-558.8,46.53,181.26,1.0,0.0,0.5,267341
0.3,2.0,3400.0,3600.0,1100100,50,50,0,0,50,0,0,2585.5,-914.5,53.48,157.7,0.0,0.0,0.0,0
0.3,2.0,3400.0,3600.0,1101000,50,50,0,50,0,0,0,2910.3,-589.7,47.1,179.06,1.0,0.0,0.5,188512
0.3,2.0,3400.0,3600.0,1110000,50,50,50,0,0,0,0,3011.7,-488.3,46.24,182.41,0.0,0.0,0.0,0
0.3,2.0,3500.0,3700.0,0000111,0,0,0,0,50,50,50,2328.3,-1271.7,48.79,172.85,0.0,0.0,0.0,0
0.3,2.0,3500.0,3700.0,0001011,0,0,0,50,0,50,50,2685.5,-914.5,50.99,165.41,1.0,0.0,0.5,38890
0.3,2.0,3500.0,3700.0,0001101,0,0,0,50,50,0,50,2398.8,-1201.2,51.72,163.08,0.0,0.0,0.0,0
0.3,2.0,3500.0,3700.0,0001110,0,0,0,50,50,50,0,2611.3,-988.7,46.82,180.12,1.0,0.0,0.5,43074
0.3,2.0,3500.0,3700.0,0010011,0,0,50,0,0,50,50,2812.8,-787.2,48.39,174.29,1.0,0.0,0.5,27394
0.3,2.0,3500.0,3700.0,0010110,0,0,50,0,50,50,0,2633.3,-966.7,46.21,182.49,1.0,0.0,0.5,752
0.3,2.0,3500.0,3700.0,0011001,0,0,50,50,0,0,50,2641.4,-958.6,50.43,167.25,1.0,0.0,0.5,43600
0.3,2.0,3500.0,3700.0,0011010,0,0,50,50,0,50,0,2914.0,-686.0,46.26,182.33,1.0,0.0,0.5,16794
0.3,2.0,3500.0,3700.0,0011100,0,0,50,50,50,0,0,2581.0,-1019.0,48.04,175.58,1.0,0.0,0.5,20018
0.3,2.0,3500.0,3700.0,0100011,0,50,0,0,0,50,50,2516.1,-1083.9,48.85,172.65,0.0,0.0,0.0,0
0.3,2.0,3500.0,3700.0,0100101,0,50,0,0,50,0,50,2450.4,-1149.6,52.99,159.16,0.0,0.0,0.0,0
0.3,2.0,3500.0,3700.0,0100110,0,50,0,0,50,50,0,2457.5,-1142.5,51.74,163.01,0.0,0.0,0.0,0
0.3,2.0,3500.0,3700.0,0101001,0,50,0,50,0,0,50,2574.8,-1025.2,51.05,165.21,0.0,0.0,0.0,0
0.3,2.0,3500.0,3700.0,0101010,0,50,0,50,0,50,0,2868.7,-731.3,47.16,178.84,1.0,0.0,0.5,70128
0.3,2.0,3500.0,3700.0,0101100,0,50,0,50,50,0,0,2503.9,-1096.1,52.82,159.66,0.0,0.0,0.0,0
0.3,2.0,3500.0,3700.0,0110001,0,50,50,0,0,0,50,2601.1,-998.9,49.67,169.81,0.0,0.0,0.0,0
0.3,2.0,3500.0,3700.0,0110010,0,50,50,0,0,50,0,2874.3,-725.7,45.84,183.99,1.0,0.0,0.5,82146
0.3,2.0,3500.0,3700.0,0110100,0,50,50,0,50,0,0,2499.1,-1100.9,53.03,159.03,0.0,0.0,0.0,0
0.3,2.0,3500.0,3700.0,0111000,0,50,50,50,0,0,0,2773.1,-826.9,46.57,181.08,1.0,0.0,0.5,60629
0.3,2.0,3500.0,3700.0,1000011,50,0,0,0,0,50,50,2742.9,-857.1,47.97,175.8,1.0,0.0,0.5,160983
0.3,2.0,3500.0,3700.0,1000101,50,0,0,0,50,0,50,2503.1,-1096.9,51.11,165.02,0.0,0.0,0.0,0
0.3,2.0,3500.0,3700.0,1000110,50,0,0,0,50,50,0,2887.2,-712.8,48.79,172.85,1.0,0.0,0.5,51601
0.3,2.0,3500.0,3700.0,1001001,50,0,0,50,0,0,50,2781.6,-818.4,50.1,168.33,1.0,0.0,0.5,42856
0.3,2.0,3500.0,3700.0,1001010,50,0,0,50,0,50,0,3295.6,-304.4,48.22,174.9,1.0,0.0,0.5,55145
0.3,2.0,3500.0,3700.0,1001100,50,0,0,50,50,0,0,2806.5,-793.5,49.99,168.71,1.0,0.0,0.5,42078
0.3,2.0,3500.0,3700.0,1010001,50,0,50,0,0,0,50,3068.5,-531.5,48.26,174.77,0.0,0.0,0.0,0
0.3,2.0,3500.0,3700.0,1010010,50,0,50,0,0,50,0,3166.7,-433.3,46.35,181.97,1.0,0.0,0.5,1849
0.3,2.0,3500.0,3700.0,1010100,50,0,50,0,50,0,0,2959.5,-640.5,50.5,167.01,0.0,0.0,0.0,0
0.3,2.0,3500.0,3700.0,1011000,50,0,50,50,0,0,0,3260.0,-340.0,48.03,175.61,1.0,0.0,0.5,4513
0.3,2.0,3500.0,3700.0,1100001,50,50,0,0,0,0,50,2543.8,-1056.2,49.19,171.44,0.0,0.0,0.0,0
0.3,2.0,3500.0,3700.0,1100010,50,50,0,0,0,50,0,2941.2,-658.8,46.53,181.26,1.0,0.0,0.5,267341
0.3,2.0,3500.0,3700.0,1100100,50,50,0,0,50,0,0,2585.5,-1014.5,53.48,157.7,0.0,0.0,0.0,0
0.3,2.0,3500.0,3700.0,1101000,50,50,0,50,0,0,0,2910.3,-689.7,47.1,179.06,1.0,0.0,0.5,188512
0.3,2.0,3500.0,3700.0,1110000,50,50,50,0,0,0,0,3011.7,-588.3,46.24,182.41,0.0,0.0,0.0,0
0.3,2.0,3600.0,3800.0,0000111,0,0,0,0,50,50,50,2328.3,-1371.7,48.79,172.85,0.0,0.0,0.0,0
0.3,2.0,3600.0,3800.0,0001011,0,0,0,50,0,50,50,2685.5,-1014.5,50.99,165.41,1.0,0.0,0.5,38890
0.3,2.0,3600.0,3800.0,0001101,0,0,0,50,50,0,50,2398.8,-1301.2,51.72,163.08,0.0,0.0,0.0,0
0.3,2.0,3600.0,3800.0,0001110,0,0,0,50,50,50,0,2611.3,-1088.7,46.82,180.12,1.0,0.0,0.5,43074
0.3,2.0,3600.0,3800.0,0010011,0,0,50,0,0,50,50,2812.8,-887.2,48.39,174.29,1.0,0.0,0.5,27394
0.3,2.0,3600.0,3800.0,0010110,0,0,50,0,50,50,0,2633.3,-1066.7,46.21,182.49,1.0,0.0,0.5,752
0.3,2.0,3600.0,3800.0,0011001,0,0,50,50,0,0,50,2641.4,-1058.6,50.43,167.25,1.0,0.0,0.5,43600
0.3,2.0,3600.0,3800.0,0011010,0,0,50,50,0,50,0,2914.0,-786.0,46.26,182.33,1.0,0.0,0.5,16794
0.3,2.0,3600.0,3800.0,0011100,0,0,50,50,50,0,0,2581.0,-1119.0,48.04,175.58,1.0,0.0,0.5,20018
0.3,2.0,3600.0,3800.0,0100011,0,50,0,0,0,50,50,2516.1,-1183.9,48.85,172.65,0.0,0.0,0.0,0
0.3,2.0,3600.0,3800.0,0100101,0,50,0,0,50,0,50,2450.4,-1249.6,52.99,159.16,0.0,0.0,0.0,0
0.3,2.0,3600.0,3800.0,0100110,0,50,0,0,50,50,0,2457.5,-1242.5,51.74,163.01,0.0,0.0,0.0,0
0.3,2.0,3600.0,3800.0,0101001,0,50,0,50,0,0,50,2574.8,-1125.2,51.05,165.21,0.0,0.0,0.0,0
0.3,2.0,3600.0,3800.0,0101010,0,50,0,50,0,50,0,2868.7,-831.3,47.16,178.84,1.0,0.0,0.5,70128
0.3,2.0,3600.0,3800.0,0101100,0,50,0,50,50,0,0,2503.9,-1196.1,52.82,159.66,0.0,0.0,0.0,0
0.3,2.0,3600.0,3800.0,0110001,0,50,50,0,0,0,50,2601.1,-1098.9,49.67,169.81,0.0,0.0,0.0,0
0.3,2.0,3600.0,3800.0,0110010,0,50,50,0,0,50,0,2874.3,-825.7,45.84,183.99,1.0,0.0,0.5,82146
0.3,2.0,3600.0,3800.0,0110100,0,50,50,0,50,0,0,2499.1,-1200.9,53.03,159.03,0.0,0.0,0.0,0
0.3,2.0,3600.0,3800.0,0111000,0,50,50,50,0,0,0,2773.1,-926.9,46.57,181.08,1.0,0.0,0.5,60629
0.3,2.0,3600.0,3800.0,1000011,50,0,0,0,0,50,50,2742.9,-957.1,47.97,175.8,1.0,0.0,0.5,160983
0.3,2.0,3600.0,3800.0,1000101,50,0,0,0,50,0,50,2503.1,-1196.9,51.11,165.02,0.0,0.0,0.0,0
0.3,2.0,3600.0,3800.0,1000110,50,0,0,0,50,50,0,2887.2,-812.8,48.79,172.85,1.0,0.0,0.5,51601
0.3,2.0,3600.0,3800.0,1001001,50,0,0,50,0,0,50,2781.6,-918.4,50.1,168.33,1.0,0.0,0.5,42856
0.3,2.0,3600.0,3800.0,1001010,50,0,0,50,0,50,0,3295.6,-404.4,48.22,174.9,1.0,0.0,0.5,55145
0.3,2.0,3600.0,3800.0,1001100,50,0,0,50,50,0,0,2806.5,-893.5,49.99,168.71,1.0,0.0,0.5,42078
0.3,2.0,3600.0,3800.0,1010001,50,0,50,0,0,0,50,3068.5,-631.5,48.26,174.77,0.0,0.0,0.0,0
0.3,2.0,3600.0,3800.0,1010010,50,0,50,0,0,50,0,3166.7,-533.3,46.35,181.97,1.0,0.0,0.5,1849
0.3,2.0,3600.0,3800.0,1010100,50,0,50,0,50,0,0,2959.5,-740.5,50.5,167.01,0.0,0.0,0.0,0
0.3,2.0,3600.0,3800.0,1011000,50,0,50,50,0,0,0,3260.0,-440.0,48.03,175.61,1.0,0.0,0.5,4513
0.3,2.0,3600.0,3800.0,1100001,50,50,0,0,0,0,50,2543.8,-1156.2,49.19,171.44,0.0,0.0,0.0,0
0.3,2.0,3600.0,3800.0,1100010,50,50,0,0,0,50,0,2941.2,-758.8,46.53,181.26,1.0,0.0,0.5,267341
0.3,2.0,3600.0,3800.0,1100100,50,50,0,0,50,0,0,2585.5,-1114.5,53.48,157.7,0.0,0.0,0.0,0
0.3,2.0,3600.0,3800.0,1101000,50,50,0,50,0,0,0,2910.3,-789.7,47.1,179.06,1.0,0.0,0.5,188512
0.3,2.0,3600.0,3800.0,1110000,50,50,50,0,0,0,0,3011.7,-688.3,46.24,182.41,0.0,0.0,0.0,0
0.3,2.0,2500.0,2700.0,0001111,0,0,0,46,30,50,50,2586.3,-13.7,51.44,163.95,1.0,0.91,0.95,26833
0.3,2.0,2500.0,2700.0,0011011,0,0,30,30,0,50,50,2764.8,164.8,49.01,172.08,1.0,0.0,0.5,17354
0.3,2.0,2500.0,2700.0,0011110,0,0,30,30,38,50,0,2592.5,-7.5,46.23,182.44,1.0,0.95,0.97,258
0.3,2.0,2500.0,2700.0,0100111,0,44,0,0,50,50,50,2749.9,149.9,51.95,162.35,0.0,0.0,0.0,0
0.3,2.0,2500.0,2700.0,0101011,0,30,0,46,0,50,50,2668.6,68.6,50.53,166.9,1.0,0.54,0.77,143190
0.3,2.0,2500.0,2700.0,0101101,0,50,0,35,50,0,50,2741.2,141.2,53.92,156.43,0.0,0.06,0.03,0
0.3,2.0,2500.0,2700.0,0101110,0,41,0,30,50,50,0,2651.1,51.1,51.44,163.96,1.0,0.66,0.83,25013
0.3,2.0,2500.0,2700.0,0110011,0,47,30,0,0,50,50,2717.3,117.3,47.79,176.48,1.0,0.22,0.61,75136
0.3,2.0,2500.0,2700.0,0110110,0,37,30,0,50,50,0,2656.6,56.6,51.09,165.06,1.0,0.62,0.81,165
0.3,2.0,2500.0,2700.0,0111001,0,45,30,50,0,0,50,2749.2,149.2,51.06,165.17,1.0,0.01,0.5,81293
0.3,2.0,2500.0,2700.0,0111010,0,40,30,30,0,50,0,2743.7,143.7,46.05,183.16,1.0,0.04,0.52,735
0.3,2.0,2500.0,2700.0,0111100,0,50,32,30,50,0,0,2605.0,5.0,53.13,158.74,0.0,0.97,0.48,0
0.3,2.0,2500.0,2700.0,1000111,39,0,0,0,50,50,50,2711.9,111.9,49.03,172.01,1.0,0.25,0.63,32229
0.3,2.0,2500.0,2700.0,1001011,30,0,0,30,0,50,50,2749.2,149.2,49.77,169.47,1.0,0.01,0.5,104030
0.3,2.0,2500.0,2700.0,1001101,50,0,0,33,50,0,50,2730.5,130.5,52.82,159.66,1.0,0.13,0.57,33990
0.3,2.0,2500.0,2700.0,1001110,30,0,0,30,36,50,0,2471.9,-128.1,46.36,181.93,1.0,0.15,0.57,4274
0.3,2.0,2500.0,2700.0,1010011,30,0,30,0,0,50,50,2858.1,258.1,48.16,175.11,1.0,0.0,0.5,5887
0.3,2.0,2500.0,2700.0,1010110,30,0,30,0,48,50,0,2738.4,138.4,46.27,182.28,0.0,0.08,0.04,0
0.3,2.0,2500.0,2700.0,1011001,30,0,30,35,0,0,50,2567.9,-32.1,50.74,166.21,1.0,0.79,0.89,8236
0.3,2.0,2500.0,2700.0,1011010,30,0,32,30,0,50,0,2748.1,148.1,45.69,184.6,0.0,0.01,0.01,0
0.3,2.0,2500.0,2700.0,1011100,35,0,30,30,50,0,0,2564.1,-35.9,50.83,165.91,0.0,0.76,0.38,0
0.3,2.0,2500.0,2700.0,1100011,31,50,0,0,0,50,50,2737.9,137.9,48.12,175.28,1.0,0.08,0.54,221713
0.3,2.0,2500.0,2700.0,1100101,32,50,0,0,50,0,50,2740.4,140.4,53.9,156.46,0.0,0.06,0.03,0
0.3,2.0,2500.0,2700.0,1100110,30,40,0,0,50,50,0,2724.9,124.9,51.95,162.35,1.0,0.17,0.58,3717
0.3,2.0,2500.0,2700.0,1101001,30,49,0,49,0,0,50,2747.1,147.1,50.28,167.75,1.0,0.02,0.51,188841
0.3,2.0,2500.0,2700.0,1101100,40,50,0,30,50,0,0,2744.7,144.7,53.4,157.95,1.0,0.04,0.52,1658
0.3,2.0,2500.0,2700.0,1110001,34,50,30,0,0,0,50,2748.9,148.9,50.06,168.47,0.0,0.01,0.0,0
0.3,2.0,2500.0,2700.0,1110010,30,40,30,0,0,50,0,2737.0,137.0,45.83,184.02,1.0,0.09,0.54,106
0.3,2.0,2500.0,2700.0,1110100,35,50,30,0,50,0,0,2749.4,149.4,53.77,156.86,0.0,0.0,0.0,0
0.3,2.0,2500.0,2700.0,1111000,30,48,30,30,0,0,0,2598.4,-1.6,47.47,177.65,1.0,0.99,0.99,437
0.3,2.0,2600.0,2800.0,0001111,0,0,0,46,30,50,50,2586.3,-113.7,51.44,163.95,1.0,0.24,0.62,26833
0.3,2.0,2600.0,2800.0,0011011,0,0,30,30,0,50,50,2764.8,64.8,49.01,172.08,1.0,0.57,0.78,17354
0.3,2.0,2600.0,2800.0,0011110,0,0,30,30,38,50,0,2592.5,-107.5,46.23,182.44,1.0,0.28,0.64,258
0.3,2.0,2600.0,2800.0,0100111,0,50,0,0,50,50,50,2833.4,133.4,52.8,159.73,0.0,0.11,0.06,0
0.3,2.0,2600.0,2800.0,0101011,0,30,0,46,0,50,50,2668.6,-31.4,50.53,166.9,1.0,0.79,0.9,143190
0.3,2.0,2600.0,2800.0,0101101,0,50,0,39,50,0,50,2779.7,79.7,54.03,156.08,0.0,0.47,0.23,0
0.3,2.0,2600.0,2800.0,0101110,0,41,0,30,50,50,0,2651.1,-48.9,51.44,163.96,1.0,0.67,0.84,25013
0.3,2.0,2600.0,2800.0,0110011,0,50,30,0,0,50,50,2815.6,115.6,48.49,173.92,1.0,0.23,0.61,75136
0.3,2.0,2600.0,2800.0,0110110,0,37,30,0,50,50,0,2656.6,-43.4,51.09,165.06,1.0,0.71,0.86,165
0.3,2.0,2600.0,2800.0,0111001,0,49,30,49,0,0,50,2841.7,141.7,51.29,164.42,1.0,0.06,0.53,81293
0.3,2.0,2600.0,2800.0,0111010,0,44,30,30,0,50,0,2837.0,137.0,46.27,182.26,1.0,0.09,0.54,735
0.3,2.0,2600.0,2800.0,0111100,0,50,32,30,50,0,0,2605.0,-95.0,53.13,158.74,0.0,0.37,0.18,0
0.3,2.0,2600.0,2800.0,1000111,41,0,0,0,50,50,50,2831.5,131.5,49.4,170.71,1.0,0.12,0.56,32229
0.3,2.0,2600.0,2800.0,1001011,30,0,0,30,0,50,50,2749.2,49.2,49.77,169.47,1.0,0.67,0.84,104030
0.3,2.0,2600.0,2800.0,1001101,48,0,0,41,50,0,50,2849.9,149.9,52.84,159.6,1.0,0.0,0.5,33990
0.3,2.0,2600.0,2800.0,1001110,39,0,0,30,50,50,0,2839.4,139.4,46.43,181.64,1.0,0.07,0.54,4274
0.3,2.0,2600.0,2800.0,1010011,30,0,30,0,0,50,50,2858.1,158.1,48.16,175.11,1.0,0.0,0.5,5887
0.3,2.0,2600.0,2800.0,1010110,34,0,30,0,50,50,0,2832.8,132.8,46.87,179.94,0.0,0.11,0.06,0
0.3,2.0,2600.0,2800.0,1011001,30,0,30,35,0,0,50,2567.9,-132.1,50.74,166.21,1.0,0.12,0.56,8236
0.3,2.0,2600.0,2800.0,1011010,32,0,38,31,0,50,0,2849.9,149.9,46.02,183.25,0.0,0.0,0.0,0
0.3,2.0,2600.0,2800.0,1011100,35,0,30,30,50,0,0,2564.1,-135.9,50.83,165.91,0.0,0.09,0.05,0
0.3,2.0,2600.0,2800.0,1100011,34,50,0,0,0,50,50,2825.9,125.9,48.19,175.01,1.0,0.16,0.58,221713
0.3,2.0,2600.0,2800.0,1100101,42,50,0,0,50,0,50,2841.4,141.4,54.35,155.18,0.0,0.06,0.03,0
0.3,2.0,2600.0,2800.0,1100110,30,40,0,0,50,50,0,2724.9,24.9,51.95,162.35,1.0,0.83,0.92,3717
0.3,2.0,2600.0,2800.0,1101001,31,50,0,50,0,0,50,2810.0,110.0,50.52,166.93,1.0,0.27,0.63,188841
0.3,2.0,2600.0,2800.0,1101100,41,50,0,30,50,0,0,2765.5,65.5,53.42,157.88,1.0,0.56,0.78,1658
0.3,2.0,2600.0,2800.0,1110001,41,50,30,0,0,0,50,2841.9,141.9,50.59,166.71,0.0,0.05,0.03,0
0.3,2.0,2600.0,2800.0,1110010,30,44,30,0,0,50,0,2842.4,142.4,46.17,182.67,1.0,0.05,0.53,106
0.3,2.0,2600.0,2800.0,1110100,39,50,30,0,50,0,0,2827.2,127.2,53.94,156.35,0.0,0.15,0.08,0
0.3,2.0,2600.0,2800.0,1111000,30,48,30,30,0,0,0,2598.4,-101.6,47.47,177.65,1.0,0.32,0.66,437
0.3,2.0,2700.0,2900.0,0001111,0,0,0,47,30,50,50,2650.8,-149.2,51.41,164.05,1.0,0.01,0.5,26833
0.3,2.0,2700.0,2900.0,0011011,0,0,30,30,0,50,50,2764.8,-35.2,49.01,172.08,1.0,0.77,0.88,17354
0.3,2.0,2700.0,2900.0,0011110,0,0,30,30,50,50,0,2699.8,-100.2,46.17,182.66,1.0,0.33,0.67,258
0.3,2.0,2700.0,2900.0,0100111,0,50,0,0,50,50,50,2833.4,33.4,52.8,159.73,0.0,0.78,0.39,0
0.3,2.0,2700.0,2900.0,0101011,0,50,0,32,0,50,50,2933.5,133.5,50.65,166.52,1.0,0.11,0.56,143190
0.3,2.0,2700.0,2900.0,0101101,0,50,0,39,50,0,50,2779.7,-20.3,54.03,156.08,0.0,0.86,0.43,0
0.3,2.0,2700.0,2900.0,0101110,0,41,0,30,50,50,0,2651.1,-148.9,51.44,163.96,1.0,0.01,0.5,25013
0.3,2.0,2700.0,2900.0,0110011,0,50,30,0,0,50,50,2815.6,15.6,48.49,173.92,1.0,0.9,0.95,75136
0.3,2.0,2700.0,2900.0,0110110,0,37,30,0,50,50,0,2656.6,-143.4,51.09,165.06,1.0,0.04,0.52,165
0.3,2.0,2700.0,2900.0,0111001,0,50,30,49,0,0,50,2871.6,71.6,51.36,164.21,1.0,0.52,0.76,81293
0.3,2.0,2700.0,2900.0,0111010,0,46,30,30,0,50,0,2878.8,78.8,46.3,182.17,1.0,0.47,0.74,735
0.3,2.0,2700.0,2900.0,0111100,0,50,36,31,50,0,0,2658.2,-141.8,53.05,158.98,0.0,0.05,0.03,0
0.3,2.0,2700.0,2900.0,1000111,42,0,0,0,50,50,50,2894.1,94.1,49.55,170.21,1.0,0.37,0.69,32229
0.3,2.0,2700.0,2900.0,1001011,30,0,0,30,0,50,50,2749.2,-50.8,49.77,169.47,1.0,0.66,0.83,104030
0.3,2.0,2700.0,2900.0,1001101,50,0,0,39,50,0,50,2916.9,116.9,52.9,159.42,1.0,0.22,0.61,33990
0.3,2.0,2700.0,2900.0,1001110,43,0,0,31,50,50,0,2947.6,147.6,46.8,180.19,1.0,0.02,0.51,4274
0.3,2.0,2700.0,2900.0,1010011,30,0,30,0,0,50,50,2858.1,58.1,48.16,175.11,1.0,0.61,0.81,5887
0.3,2.0,2700.0,2900.0,1010110,39,0,30,0,50,50,0,2938.5,138.5,47.18,178.76,0.0,0.08,0.04,0
0.3,2.0,2700.0,2900.0,1011001,30,0,30,40,0,0,50,2655.5,-144.5,50.4,167.34,1.0,0.04,0.52,8236
0.3,2.0,2700.0,2900.0,1011010,40,0,31,30,0,50,0,2948.8,148.8,46.49,181.42,0.0,0.01,0.0,0
0.3,2.0,2700.0,2900.0,1011100,38,0,30,30,50,0,0,2653.9,-146.1,50.52,166.93,0.0,0.03,0.01,0
0.3,2.0,2700.0,2900.0,1100011,37,50,0,0,0,50,50,2933.8,133.8,48.48,173.98,1.0,0.11,0.55,221713
0.3,2.0,2700.0,2900.0,1100101,50,50,0,0,50,0,50,2942.0,142.0,54.7,154.19,0.0,0.05,0.03,0
0.3,2.0,2700.0,2900.0,1100110,30,40,0,0,50,50,0,2724.9,-75.1,51.95,162.35,1.0,0.5,0.75,3717
0.3,2.0,2700.0,2900.0,1101001,50,50,0,32,0,0,50,2939.8,139.8,50.58,166.75,1.0,0.07,0.53,188841
0.3,2.0,2700.0,2900.0,1101100,41,50,0,30,50,0,0,2765.5,-34.5,53.42,157.88,1.0,0.77,0.89,1658
0.3,2.0,2700.0,2900.0,1110001,46,50,30,0,0,0,50,2931.0,131.0,51.01,165.34,0.0,0.13,0.06,0
0.3,2.0,2700.0,2900.0,1110010,32,44,30,0,0,50,0,2865.3,65.3,46.18,182.64,1.0,0.56,0.78,106
0.3,2.0,2700.0,2900.0,1110100,39,50,30,0,50,0,0,2827.2,27.2,53.94,156.35,0.0,0.82,0.41,0
0.3,2.0,2700.0,2900.0,1111000,30,50,30,30,0,0,0,2664.9,-135.1,47.41,177.91,1.0,0.1,0.55,437
0.3,2.0,2800.0,3000.0,0001111,0,0,0,48,33,50,50,2751.3,-148.7,51.22,164.67,1.0,0.01,0.5,26833
0.3,2.0,2800.0,3000.0,0011011,0,0,30,30,0,50,50,2764.8,-135.2,49.01,172.08,1.0,0.1,0.55,17354
0.3,2.0,2800.0,3000.0,0011110,0,0,38,30,50,50,0,2767.3,-132.7,46.16,182.71,1.0,0.12,0.56,258
0.3,2.0,2800.0,3000.0,0100111,0,50,0,0,50,50,50,2833.4,-66.6,52.8,159.73,0.0,0.56,0.28,0
0.3,2.0,2800.0,3000.0,0101011,0,50,0,35,0,50,50,3034.1,134.1,50.83,165.91,1.0,0.11,0.55,143190
0.3,2.0,2800.0,3000.0,0101101,0,50,0,39,50,0,50,2779.7,-120.3,54.03,156.08,0.0,0.2,0.1,0
0.3,2.0,2800.0,3000.0,0101110,0,47,0,30,48,50,0,2751.1,-148.9,51.28,164.45,1.0,0.01,0.5,25013
0.3,2.0,2800.0,3000.0,0110011,0,50,30,0,0,50,50,2815.6,-84.4,48.49,173.92,1.0,0.44,0.72,75136
0.3,2.0,2800.0,3000.0,0110110,0,43,30,0,50,50,0,2768.5,-131.5,50.93,165.61,1.0,0.12,0.56,165
0.3,2.0,2800.0,3000.0,0111001,0,50,30,49,0,0,50,2871.6,-28.4,51.36,164.21,1.0,0.81,0.91,81293
0.3,2.0,2800.0,3000.0,0111010,0,46,30,30,0,50,0,2878.8,-21.2,46.3,182.17,1.0,0.86,0.93,735
0.3,2.0,2800.0,3000.0,0111100,0,50,42,33,50,0,0,2750.3,-149.7,52.59,160.37,0.0,0.0,0.0,0
0.3,2.0,2800.0,3000.0,1000111,44,0,0,0,50,50,50,3037.4,137.4,49.92,168.96,1.0,0.08,0.54,32229
0.3,2.0,2800.0,3000.0,1001011,30,0,0,31,0,50,50,2766.3,-133.7,49.66,169.83,1.0,0.11,0.55,104030
0.3,2.0,2800.0,3000.0,1001101,50,0,0,40,50,0,50,2963.8,63.8,52.92,159.36,1.0,0.57,0.79,33990
0.3,2.0,2800.0,3000.0,1001110,46,0,0,30,50,50,0,3039.3,139.3,47.12,179.0,1.0,0.07,0.54,4274
0.3,2.0,2800.0,3000.0,1010011,30,0,30,0,0,50,50,2858.1,-41.9,48.16,175.11,1.0,0.72,0.86,5887
0.3,2.0,2800.0,3000.0,1010110,42,0,30,0,50,50,0,3033.3,133.3,47.4,177.91,0.0,0.11,0.06,0
0.3,2.0,2800.0,3000.0,1011001,30,0,30,46,0,0,50,2750.3,-149.7,49.88,169.08,1.0,0.0,0.5,8236
0.3,2.0,2800.0,3000.0,1011010,42,0,30,31,0,50,0,3039.6,139.6,46.62,180.91,0.0,0.07,0.03,0
0.3,2.0,2800.0,3000.0,1011100,50,0,30,30,50,0,0,3010.0,110.0,50.6,166.69,0.0,0.27,0.13,0
0.3,2.0,2800.0,3000.0,1100011,39,50,0,0,0,50,50,3028.7,128.7,48.68,173.26,1.0,0.14,0.57,221713
0.3,2.0,2800.0,3000.0,1100101,50,50,0,0,50,0,50,2942.0,42.0,54.7,154.19,0.0,0.72,0.36,0
0.3,2.0,2800.0,3000.0,1100110,30,42,0,0,50,50,0,2754.8,-145.2,51.92,162.42,1.0,0.03,0.52,3717
0.3,2.0,2800.0,3000.0,1101001,50,50,0,35,0,0,50,3021.5,121.5,50.67,166.46,1.0,0.19,0.6,188841
0.3,2.0,2800.0,3000.0,1101100,41,50,0,30,50,0,0,2765.5,-134.5,53.42,157.88,1.0,0.1,0.55,1658
0.3,2.0,2800.0,3000.0,1110001,47,50,30,0,0,0,50,2958.6,58.6,51.02,165.29,0.0,0.61,0.3,0
0.3,2.0,2800.0,3000.0,1110010,32,44,30,0,0,50,0,2865.3,-34.7,46.18,182.64,1.0,0.77,0.88,106
0.3,2.0,2800.0,3000.0,1110100,39,50,30,0,50,0,0,2827.2,-72.8,53.94,156.35,0.0,0.51,0.26,0
0.3,2.0,2800.0,3000.0,1111000,32,50,30,31,0,0,0,2751.8,-148.2,47.12,178.99,1.0,0.01,0.51,437
0.3,2.0,2900.0,3100.0,0001111,0,0,0,50,33,50,50,2852.1,-147.9,50.84,165.89,1.0,0.01,0.51,26833
0.3,2.0,2900.0,3100.0,0011011,0,0,30,34,0,50,50,2868.4,-131.6,48.86,172.62,1.0,0.12,0.56,17354
0.3,2.0,2900.0,3100.0,0011110,0,0,47,30,50,50,0,2857.0,-143.0,46.15,182.75,1.0,0.05,0.52,258
0.3,2.0,2900.0,3100.0,0100111,0,50,0,0,50,50,50,2833.4,-166.6,52.8,159.73,0.0,0.0,0.0,0
0.3,2.0,2900.0,3100.0,0101011,0,50,0,35,0,50,50,3034.1,34.1,50.83,165.91,1.0,0.77,0.89,143190
0.3,2.0,2900.0,3100.0,0101101,0,50,0,47,50,0,50,2857.4,-142.6,54.03,156.1,0.0,0.05,0.02,0
0.3,2.0,2900.0,3100.0,0101110,0,50,0,32,50,50,0,2857.1,-142.9,50.34,167.55,1.0,0.05,0.52,25013
0.3,2.0,2900.0,3100.0,0110011,0,50,36,0,0,50,50,2985.1,-14.9,48.49,173.93,1.0,0.9,0.95,75136
0.3,2.0,2900.0,3100.0,0110110,0,49,30,0,50,50,0,2853.7,-146.3,50.46,167.13,1.0,0.02,0.51,165
0.3,2.0,2900.0,3100.0,0111001,0,50,30,49,0,0,50,2871.6,-128.4,51.36,164.21,1.0,0.14,0.57,81293
0.3,2.0,2900.0,3100.0,0111010,0,46,30,30,0,50,0,2878.8,-121.2,46.3,182.17,1.0,0.19,0.6,735
0.3,2.0,2900.0,3100.0,0111100,0,50,49,32,50,0,0,2850.3,-149.7,51.24,164.59,0.0,0.0,0.0,0
0.3,2.0,2900.0,3100.0,1000111,46,0,0,0,50,50,50,3146.9,146.9,50.29,167.69,1.0,0.02,0.51,32229
0.3,2.0,2900.0,3100.0,1001011,30,0,0,39,0,50,50,2850.2,-149.8,49.24,171.27,1.0,0.0,0.5,104030
0.3,2.0,2900.0,3100.0,1001101,50,0,0,40,50,0,50,2963.8,-36.2,52.92,159.36,1.0,0.76,0.88,33990
0.3,2.0,2900.0,3100.0,1001110,49,0,0,30,48,50,0,3149.1,149.1,47.44,177.78,1.0,0.01,0.5,4274
0.3,2.0,2900.0,3100.0,1010011,34,0,46,0,0,50,50,3148.5,148.5,48.23,174.86,1.0,0.01,0.5,5887
0.3,2.0,2900.0,3100.0,1010110,45,0,30,0,50,50,0,3138.0,138.0,47.65,177.01,0.0,0.08,0.04,0
0.3,2.0,2900.0,3100.0,1011001,33,0,30,49,0,0,50,2858.5,-141.5,49.28,171.13,1.0,0.06,0.53,8236
0.3,2.0,2900.0,3100.0,1011010,43,0,30,32,0,50,0,3109.2,109.2,46.7,180.59,0.0,0.27,0.14,0
0.3,2.0,2900.0,3100.0,1011100,50,0,30,30,50,0,0,3010.0,10.0,50.6,166.69,0.0,0.93,0.47,0
0.3,2.0,2900.0,3100.0,1100011,39,50,0,0,0,50,50,3028.7,28.7,48.68,173.26,1.0,0.81,0.9,221713
0.3,2.0,2900.0,3100.0,1100101,50,50,0,0,50,0,50,2942.0,-58.0,54.7,154.19,0.0,0.61,0.31,0
0.3,2.0,2900.0,3100.0,1100110,30,49,0,0,50,50,0,2857.9,-142.1,51.48,163.83,1.0,0.05,0.53,3717
0.3,2.0,2900.0,3100.0,1101001,50,50,0,36,0,0,50,3051.4,51.4,50.67,166.45,1.0,0.66,0.83,188841
0.3,2.0,2900.0,3100.0,1101100,46,50,0,30,50,0,0,2856.5,-143.5,53.33,158.14,1.0,0.04,0.52,1658
0.3,2.0,2900.0,3100.0,1110001,47,50,30,0,0,0,50,2958.6,-41.4,51.02,165.29,0.0,0.72,0.36,0
0.3,2.0,2900.0,3100.0,1110010,32,44,30,0,0,50,0,2865.3,-134.7,46.18,182.64,1.0,0.1,0.55,106
0.3,2.0,2900.0,3100.0,1110100,41,50,30,0,50,0,0,2858.7,-141.3,53.9,156.48,0.0,0.06,0.03,0
0.3,2.0,2900.0,3100.0,1111000,39,50,30,30,0,0,0,2853.1,-146.9,46.93,179.73,1.0,0.02,0.51,437
0.3,2.0,3000.0,3200.0,0001111,0,0,0,50,39,50,50,2955.8,-144.2,50.02,168.61,1.0,0.04,0.52,26833
0.3,2.0,3000.0,3200.0,0011011,0,0,30,38,0,50,50,2997.5,-102.5,48.77,172.93,1.0,0.32,0.66,17354
0.3,2.0,3000.0,3200.0,0011110,0,0,50,39,50,50,0,2954.5,-145.5,45.96,183.49,1.0,0.03,0.52,258
0.3,2.0,3000.0,3200.0,0100111,0,50,0,0,50,50,50,2833.4,-266.6,52.8,159.73,0.0,0.0,0.0,0
0.3,2.0,3000.0,3200.0,0101011,0,50,0,35,0,50,50,3034.1,-65.9,50.83,165.91,1.0,0.56,0.78,143190
0.3,2.0,3000.0,3200.0,0101101,0,50,0,50,50,0,50,2888.4,-211.6,54.02,156.11,0.0,0.0,0.0,0
0.3,2.0,3000.0,3200.0,0101110,0,50,0,37,50,50,0,2952.7,-147.3,48.51,173.85,1.0,0.02,0.51,25013
0.3,2.0,3000.0,3200.0,0110011,0,50,36,0,0,50,50,2985.1,-114.9,48.49,173.93,1.0,0.23,0.62,75136
0.3,2.0,3000.0,3200.0,0110110,0,50,35,0,50,50,0,2967.1,-132.9,48.87,172.58,1.0,0.11,0.56,165
0.3,2.0,3000.0,3200.0,0111001,0,50,33,50,0,0,50,2957.0,-143.0,51.16,164.85,1.0,0.05,0.52,81293
0.3,2.0,3000.0,3200.0,0111010,0,49,30,31,0,50,0,2956.2,-143.8,46.15,182.77,1.0,0.04,0.52,735
0.3,2.0,3000.0,3200.0,0111100,0,50,48,43,50,0,0,2953.1,-146.9,48.64,173.4,0.0,0.02,0.01,0
0.3,2.0,3000.0,3200.0,1000111,47,0,0,0,50,50,50,3223.8,123.8,50.34,167.53,1.0,0.17,0.59,32229
0.3,2.0,3000.0,3200.0,1001011,43,0,0,41,0,50,50,3241.1,141.1,49.0,172.13,1.0,0.06,0.53,104030
0.3,2.0,3000.0,3200.0,1001101,50,0,0,40,50,0,50,2963.8,-136.2,52.92,159.36,1.0,0.09,0.55,33990
0.3,2.0,3000.0,3200.0,1001110,50,0,0,30,50,50,0,3215.1,115.1,47.62,177.12,1.0,0.23,0.62,4274
0.3,2.0,3000.0,3200.0,1010011,44,0,33,0,0,50,50,3246.4,146.4,48.4,174.24,1.0,0.02,0.51,5887
0.3,2.0,3000.0,3200.0,1010110,48,0,30,0,49,50,0,3240.1,140.1,47.83,176.31,0.0,0.07,0.03,0
0.3,2.0,3000.0,3200.0,1011001,36,0,30,50,0,0,50,2985.9,-114.1,49.07,171.87,1.0,0.24,0.62,8236
0.3,2.0,3000.0,3200.0,1011010,46,0,30,31,0,50,0,3243.5,143.5,46.75,180.42,0.0,0.04,0.02,0
0.3,2.0,3000.0,3200.0,1011100,50,0,30,30,50,0,0,3010.0,-90.0,50.6,166.69,0.0,0.4,0.2,0
0.3,2.0,3000.0,3200.0,1100011,39,50,0,0,0,50,50,3028.7,-71.3,48.68,173.26,1.0,0.52,0.76,221713
0.3,2.0,3000.0,3200.0,1100101,50,50,0,0,50,0,50,2942.0,-158.0,54.7,154.19,0.0,0.0,0.0,0
0.3,2.0,3000.0,3200.0,1100110,34,49,0,0,50,50,0,2950.6,-149.4,50.58,166.73,1.0,0.0,0.5,3717
0.3,2.0,3000.0,3200.0,1101001,50,50,0,36,0,0,50,3051.4,-48.6,50.67,166.45,1.0,0.68,0.84,188841
0.3,2.0,3000.0,3200.0,1101100,50,50,0,32,50,0,0,2960.1,-139.9,52.93,159.35,1.0,0.07,0.53,1658
0.3,2.0,3000.0,3200.0,1110001,47,50,30,0,0,0,50,2958.6,-141.4,51.02,165.29,0.0,0.06,0.03,0
0.3,2.0,3000.0,3200.0,1110010,39,43,30,0,0,50,0,2956.6,-143.4,46.09,182.99,1.0,0.04,0.52,106
0.3,2.0,3000.0,3200.0,1110100,45,50,30,0,50,0,0,2955.2,-144.8,53.6,157.35,0.0,0.03,0.02,0
0.3,2.0,3000.0,3200.0,1111000,50,30,36,50,0,0,0,3233.9,133.9,46.71,180.54,1.0,0.11,0.55,437
0.3,2.0,3100.0,3300.0,0001111,0,0,0,50,46,50,50,3050.6,-149.4,48.71,173.13,1.0,0.0,0.5,26833
0.3,2.0,3100.0,3300.0,0011011,0,0,30,47,0,50,50,3223.6,23.6,48.75,172.99,1.0,0.84,0.92,17354
0.3,2.0,3100.0,3300.0,0011110,0,0,50,50,50,50,0,3056.4,-143.6,45.79,184.17,1.0,0.04,0.52,258
0.3,2.0,3100.0,3300.0,0100111,0,50,0,0,50,50,50,2833.4,-366.6,52.8,159.73,0.0,0.0,0.0,0
0.3,2.0,3100.0,3300.0,0101011,0,50,0,36,0,50,50,3071.1,-128.9,50.8,166.03,1.0,0.14,0.57,143190
0.3,2.0,3100.0,3300.0,0101101,0,50,0,50,50,0,50,2888.4,-311.6,54.02,156.11,0.0,0.0,0.0,0
0.3,2.0,3100.0,3300.0,0101110,0,50,0,43,50,50,0,3054.7,-145.3,47.3,178.32,1.0,0.03,0.52,25013
0.3,2.0,3100.0,3300.0,0110011,0,50,38,0,0,50,50,3067.8,-132.2,48.42,174.16,1.0,0.12,0.56,75136
0.3,2.0,3100.0,3300.0,0110110,0,50,40,0,50,50,0,3063.7,-136.3,47.48,177.64,1.0,0.09,0.55,165
0.3,2.0,3100.0,3300.0,0111001,0,50,36,50,0,0,50,3053.6,-146.4,50.81,165.99,1.0,0.02,0.51,81293
0.3,2.0,3100.0,3300.0,0111010,0,50,30,39,0,50,0,3050.6,-149.4,45.94,183.57,1.0,0.0,0.5,735
0.3,2.0,3100.0,3300.0,0111100,0,50,50,49,50,0,0,3051.2,-148.8,46.94,179.68,0.0,0.01,0.0,0
0.3,2.0,3100.0,3300.0,1000111,47,0,0,0,50,50,50,3223.8,23.8,50.34,167.53,1.0,0.84,0.92,32229
0.3,2.0,3100.0,3300.0,1001011,44,0,0,42,0,50,50,3346.1,146.1,49.2,171.42,1.0,0.03,0.51,104030
0.3,2.0,3100.0,3300.0,1001101,49,0,0,44,50,0,50,3052.8,-147.2,52.75,159.89,1.0,0.02,0.51,33990
0.3,2.0,3100.0,3300.0,1001110,50,0,0,30,50,50,0,3215.1,15.1,47.62,177.12,1.0,0.9,0.95,4274
0.3,2.0,3100.0,3300.0,1010011,47,0,32,0,0,50,50,3348.1,148.1,48.86,172.61,1.0,0.01,0.51,5887
0.3,2.0,3100.0,3300.0,1010110,50,0,30,0,50,50,0,3340.4,140.4,48.06,175.48,0.0,0.06,0.03,0
0.3,2.0,3100.0,3300.0,1011001,44,0,30,50,0,0,50,3340.9,140.9,49.14,171.62,1.0,0.06,0.53,8236
0.3,2.0,3100.0,3300.0,1011010,48,0,30,30,0,50,0,3327.7,127.7,46.93,179.72,0.0,0.15,0.07,0
0.3,2.0,3100.0,3300.0,1011100,50,0,30,33,50,0,0,3050.3,-149.7,50.51,166.99,0.0,0.0,0.0,0
0.3,2.0,3100.0,3300.0,1100011,40,50,0,0,0,50,50,3076.4,-123.6,48.67,173.3,1.0,0.18,0.59,221713
0.3,2.0,3100.0,3300.0,1100101,50,50,0,0,50,0,50,2942.0,-258.0,54.7,154.19,0.0,0.0,0.0,0
0.3,2.0,3100.0,3300.0,1100110,37,50,0,0,50,50,0,3051.6,-148.4,49.93,168.9,1.0,0.01,0.51,3717
0.3,2.0,3100.0,3300.0,1101001,50,50,0,36,0,0,50,3051.4,-148.6,50.67,166.45,1.0,0.01,0.5,188841
0.3,2.0,3100.0,3300.0,1101100,50,50,0,38,50,0,0,3055.6,-144.4,51.69,163.17,1.0,0.04,0.52,1658
0.3,2.0,3100.0,3300.0,1110001,48,50,32,0,0,0,50,3058.5,-141.5,50.65,166.51,0.0,0.06,0.03,0
0.3,2.0,3100.0,3300.0,1110010,43,42,31,0,0,50,0,3055.2,-144.8,45.92,183.65,1.0,0.03,0.52,106
0.3,2.0,3100.0,3300.0,1110100,50,46,30,0,50,0,0,3055.3,-144.7,53.07,158.92,0.0,0.04,0.02,0
0.3,2.0,3100.0,3300.0,1111000,50,30,36,50,0,0,0,3233.9,33.9,46.71,180.54,1.0,0.77,0.89,437
0.3,2.0,3200.0,3400.0,0001111,0,0,0,50,50,50,50,3087.6,-212.4,48.44,174.12,1.0,0.0,0.5,26833
0.3,2.0,3200.0,3400.0,0011011,0,0,30,47,0,50,50,3223.6,-76.4,48.75,172.99,1.0,0.49,0.75,17354
0.3,2.0,3200.0,3400.0,0011110,0,0,50,50,50,50,0,3056.4,-243.6,45.79,184.17,1.0,0.0,0.5,258
0.3,2.0,3200.0,3400.0,0100111,0,50,0,0,50,50,50,2833.4,-466.6,52.8,159.73,0.0,0.0,0.0,0
0.3,2.0,3200.0,3400.0,0101011,0,50,0,39,0,50,50,3153.7,-146.3,50.59,166.72,1.0,0.02,0.51,143190
0.3,2.0,3200.0,3400.0,0101101,0,50,0,50,50,0,50,2888.4,-411.6,54.02,156.11,0.0,0.0,0.0,0
0.3,2.0,3200.0,3400.0,0101110,0,50,0,50,50,50,0,3151.1,-148.9,46.82,180.12,1.0,0.01,0.5,25013
0.3,2.0,3200.0,3400.0,0110011,0,50,41,0,0,50,50,3169.5,-130.5,48.09,175.37,1.0,0.13,0.57,75136
0.3,2.0,3200.0,3400.0,0110110,0,50,45,0,50,50,0,3151.7,-148.3,46.64,180.82,1.0,0.01,0.51,165
0.3,2.0,3200.0,3400.0,0111001,0,50,40,50,0,0,50,3153.4,-146.6,50.03,168.57,1.0,0.02,0.51,81293
0.3,2.0,3200.0,3400.0,0111010,0,50,30,49,0,50,0,3151.9,-148.1,45.78,184.23,1.0,0.01,0.51,735
0.3,2.0,3200.0,3400.0,0111100,0,50,50,50,50,0,0,3060.5,-239.5,46.85,180.02,0.0,0.0,0.0,0
0.3,2.0,3200.0,3400.0,1000111,47,0,0,0,50,50,50,3223.8,-76.2,50.34,167.53,1.0,0.49,0.75,32229
0.3,2.0,3200.0,3400.0,1001011,44,0,0,46,0,50,50,3444.5,144.5,49.6,170.05,1.0,0.04,0.52,104030
0.3,2.0,3200.0,3400.0,1001101,50,0,0,45,50,0,50,3180.6,-119.4,52.23,161.47,1.0,0.2,0.6,33990
0.3,2.0,3200.0,3400.0,1001110,50,0,0,30,50,50,0,3215.1,-84.9,47.62,177.12,1.0,0.43,0.72,4274
0.3,2.0,3200.0,3400.0,1010011,48,0,36,0,0,50,50,3449.7,149.7,49.16,171.57,1.0,0.0,0.5,5887
0.3,2.0,3200.0,3400.0,1010110,50,0,30,0,50,50,0,3340.4,40.4,48.06,175.48,0.0,0.73,0.37,0
0.3,2.0,3200.0,3400.0,1011001,49,0,49,31,0,0,50,3447.6,147.6,49.56,170.17,1.0,0.02,0.51,8236
0.3,2.0,3200.0,3400.0,1011010,50,0,30,30,0,50,0,3431.3,131.3,47.23,178.59,0.0,0.12,0.06,0
0.3,2.0,3200.0,3400.0,1011100,50,0,31,39,50,0,0,3152.1,-147.9,50.23,167.9,0.0,0.01,0.01,0
0.3,2.0,3200.0,3400.0,1100011,42,50,0,0,0,50,50,3158.7,-141.3,48.47,174.01,1.0,0.06,0.53,221713
0.3,2.0,3200.0,3400.0,1100101,50,50,0,0,50,0,50,2942.0,-358.0,54.7,154.19,0.0,0.0,0.0,0
0.3,2.0,3200.0,3400.0,1100110,50,31,0,0,50,50,0,3159.1,-140.9,48.89,172.49,1.0,0.06,0.53,3717
0.3,2.0,3200.0,3400.0,1101001,50,50,0,40,0,0,50,3160.2,-139.8,50.48,167.09,1.0,0.07,0.53,188841
0.3,2.0,3200.0,3400.0,1101100,50,50,0,43,50,0,0,3154.2,-145.8,50.6,166.69,1.0,0.03,0.51,1658
0.3,2.0,3200.0,3400.0,1110001,50,50,32,0,0,0,50,3154.3,-145.7,50.13,168.25,0.0,0.03,0.01,0
0.3,2.0,3200.0,3400.0,1110010,46,43,30,0,0,50,0,3156.0,-144.0,45.81,184.12,1.0,0.04,0.52,106
0.3,2.0,3200.0,3400.0,1110100,50,50,32,0,50,0,0,3155.3,-144.7,52.35,161.12,0.0,0.04,0.02,0
0.3,2.0,3200.0,3400.0,1111000,50,30,36,50,0,0,0,3233.9,-66.1,46.71,180.54,1.0,0.56,0.78,437
0.3,2.0,3300.0,3500.0,0001111,0,0,0,50,50,50,50,3087.6,-312.4,48.44,174.12,1.0,0.0,0.5,26833
0.3,2.0,3300.0,3500.0,0011011,0,0,30,49,0,50,50,3261.9,-138.1,48.75,173.02,1.0,0.08,0.54,17354
0.3,2.0,3300.0,3500.0,0011110,0,0,50,50,50,50,0,3056.4,-343.6,45.79,184.17,1.0,0.0,0.5,258
0.3,2.0,3300.0,3500.0,0100111,0,50,0,0,50,50,50,2833.4,-566.6,52.8,159.73,0.0,0.0,0.0,0
0.3,2.0,3300.0,3500.0,0101011,0,50,0,42,0,50,50,3252.5,-147.5,50.2,168.01,1.0,0.02,0.51,143190
0.3,2.0,3300.0,3500.0,0101101,0,50,0,50,50,0,50,2888.4,-511.6,54.02,156.11,0.0,0.0,0.0,0
0.3,2.0,3300.0,3500.0,0101110,0,50,0,50,50,50,0,3151.1,-248.9,46.82,180.12,1.0,0.0,0.5,25013
0.3,2.0,3300.0,3500.0,0110011,0,50,44,0,0,50,50,3293.6,-106.4,48.05,175.54,1.0,0.29,0.65,75136
0.3,2.0,3300.0,3500.0,0110110,0,50,50,0,50,50,0,3216.3,-183.7,46.12,182.88,1.0,0.0,0.5,165
0.3,2.0,3300.0,3500.0,0111001,0,50,45,50,0,0,50,3261.3,-138.7,49.1,171.76,1.0,0.08,0.54,81293
0.3,2.0,3300.0,3500.0,0111010,0,50,40,50,0,50,0,3253.5,-146.5,45.41,185.74,1.0,0.02,0.51,735
0.3,2.0,3300.0,3500.0,0111100,0,50,50,50,50,0,0,3060.5,-339.5,46.85,180.02,0.0,0.0,0.0,0
0.3,2.0,3300.0,3500.0,1000111,48,0,0,0,50,50,50,3294.2,-105.8,50.29,167.69,1.0,0.29,0.65,32229
0.3,2.0,3300.0,3500.0,1001011,45,0,0,48,0,50,50,3546.5,146.5,50.08,168.41,1.0,0.02,0.51,104030
0.3,2.0,3300.0,3500.0,1001101,50,0,0,47,50,0,50,3262.9,-137.1,51.68,163.19,1.0,0.09,0.54,33990
0.3,2.0,3300.0,3500.0,1001110,50,0,0,33,50,50,0,3259.3,-140.7,47.58,177.26,1.0,0.06,0.53,4274
0.3,2.0,3300.0,3500.0,1010011,50,0,36,0,0,50,50,3530.6,130.6,49.4,170.71,1.0,0.13,0.56,5887
0.3,2.0,3300.0,3500.0,1010110,50,0,30,0,50,50,0,3340.4,-59.6,48.06,175.48,0.0,0.6,0.3,0
0.3,2.0,3300.0,3500.0,1011001,50,0,49,34,0,0,50,3542.4,142.4,49.89,169.05,1.0,0.05,0.53,8236
0.3,2.0,3300.0,3500.0,1011010,50,0,30,35,0,50,0,3532.2,132.2,47.38,177.99,0.0,0.12,0.06,0
0.3,2.0,3300.0,3500.0,1011100,50,0,34,43,50,0,0,3253.8,-146.2,49.88,169.1,0.0,0.03,0.01,0
0.3,2.0,3300.0,3500.0,1100011,45,50,0,0,0,50,50,3275.5,-124.5,47.75,176.64,1.0,0.17,0.58,221713
0.3,2.0,3300.0,3500.0,1100101,50,50,0,0,50,0,50,2942.0,-458.0,54.7,154.19,0.0,0.0,0.0,0
0.3,2.0,3300.0,3500.0,1100110,50,40,0,0,50,50,0,3261.0,-139.0,48.41,174.2,1.0,0.07,0.54,3717
0.3,2.0,3300.0,3500.0,1101001,50,50,0,43,0,0,50,3269.5,-130.5,49.96,168.81,1.0,0.13,0.56,188841
0.3,2.0,3300.0,3500.0,1101100,50,50,0,48,50,0,0,3255.5,-144.5,49.68,169.77,1.0,0.04,0.52,1658
0.3,2.0,3300.0,3500.0,1110001,50,50,35,0,0,0,50,3254.6,-145.4,49.44,170.59,0.0,0.03,0.02,0
0.3,2.0,3300.0,3500.0,1110010,50,41,30,0,0,50,0,3262.8,-137.2,45.71,184.51,1.0,0.09,0.54,106
0.3,2.0,3300.0,3500.0,1110100,50,50,36,0,50,0,0,3258.2,-141.8,51.6,163.46,0.0,0.05,0.03,0
0.3,2.0,3300.0,3500.0,1111000,50,30,38,50,0,0,0,3262.8,-137.2,46.7,180.58,1.0,0.09,0.54,437
0.3,2.0,3400.0,3600.0,0001111,0,0,0,50,50,50,50,3087.6,-412.4,48.44,174.12,1.0,0.0,0.5,26833
0.3,2.0,3400.0,3600.0,0011011,0,0,35,50,0,50,50,3355.7,-144.3,48.55,173.7,1.0,0.04,0.52,17354
0.3,2.0,3400.0,3600.0,0011110,0,0,50,50,50,50,0,3056.4,-443.6,45.79,184.17,1.0,0.0,0.5,258
0.3,2.0,3400.0,3600.0,0100111,0,50,0,0,50,50,50,2833.4,-666.6,52.8,159.73,0.0,0.0,0.0,0
0.3,2.0,3400.0,3600.0,0101011,0,50,0,47,0,50,50,3360.3,-139.7,49.32,171.02,1.0,0.07,0.53,143190
0.3,2.0,3400.0,3600.0,0101101,0,50,0,50,50,0,50,2888.4,-611.6,54.02,156.11,0.0,0.0,0.0,0
0.3,2.0,3400.0,3600.0,0101110,0,50,0,50,50,50,0,3151.1,-348.9,46.82,180.12,1.0,0.0,0.5,25013
0.3,2.0,3400.0,3600.0,0110011,0,50,46,0,0,50,50,3354.0,-146.0,47.71,176.78,1.0,0.03,0.51,75136
0.3,2.0,3400.0,3600.0,0110110,0,50,50,0,50,50,0,3216.3,-283.7,46.12,182.88,1.0,0.0,0.5,165
0.3,2.0,3400.0,3600.0,0111001,0,50,50,50,0,0,50,3332.3,-167.7,48.44,174.12,1.0,0.0,0.5,81293
0.3,2.0,3400.0,3600.0,0111010,0,50,48,50,0,50,0,3355.8,-144.2,45.14,186.82,1.0,0.04,0.52,735
0.3,2.0,3400.0,3600.0,0111100,0,50,50,50,50,0,0,3060.5,-439.5,46.85,180.02,0.0,0.0,0.0,0
0.3,2.0,3400.0,3600.0,1000111,50,0,0,0,50,50,50,3368.1,-131.9,50.24,167.87,1.0,0.12,0.56,32229
0.3,2.0,3400.0,3600.0,1001011,49,0,0,41,0,50,50,3646.9,146.9,50.42,167.26,1.0,0.02,0.51,104030
0.3,2.0,3400.0,3600.0,1001101,50,0,0,50,50,0,50,3335.5,-164.5,51.05,165.19,1.0,0.0,0.5,33990
0.3,2.0,3400.0,3600.0,1001110,50,0,0,40,50,50,0,3365.5,-134.5,47.51,177.52,1.0,0.1,0.55,4274
0.3,2.0,3400.0,3600.0,1010011,50,0,36,0,0,50,50,3530.6,30.6,49.4,170.71,1.0,0.8,0.9,5887
0.3,2.0,3400.0,3600.0,1010110,50,0,31,0,50,50,0,3354.0,-146.0,48.04,175.56,0.0,0.03,0.01,0
0.3,2.0,3400.0,3600.0,1011001,50,0,30,50,0,0,50,3636.3,136.3,50.16,168.15,1.0,0.09,0.55,8236
0.3,2.0,3400.0,3600.0,1011010,50,0,30,41,0,50,0,3635.9,135.9,47.49,177.58,0.0,0.09,0.05,0
0.3,2.0,3400.0,3600.0,1011100,50,0,37,47,50,0,0,3354.4,-145.6,49.54,170.23,0.0,0.03,0.01,0
0.3,2.0,3400.0,3600.0,1100011,47,50,0,0,0,50,50,3350.4,-149.6,47.31,178.27,1.0,0.0,0.5,221713
0.3,2.0,3400.0,3600.0,1100101,50,50,0,0,50,0,50,2942.0,-558.0,54.7,154.19,0.0,0.0,0.0,0
0.3,2.0,3400.0,3600.0,1100110,50,47,0,0,50,50,0,3364.8,-135.2,48.17,175.09,1.0,0.1,0.55,3717
0.3,2.0,3400.0,3600.0,1101001,50,50,0,46,0,0,50,3360.0,-140.0,49.43,170.61,1.0,0.07,0.53,188841
0.3,2.0,3400.0,3600.0,1101100,50,50,0,50,50,0,0,3284.9,-215.1,49.37,170.84,1.0,0.0,0.5,1658
0.3,2.0,3400.0,3600.0,1110001,46,50,45,0,0,0,50,3352.6,-147.4,49.0,172.11,0.0,0.02,0.01,0
0.3,2.0,3400.0,3600.0,1110010,50,42,34,0,0,50,0,3352.5,-147.5,45.63,184.85,1.0,0.02,0.51,106
0.3,2.0,3400.0,3600.0,1110100,50,50,40,0,50,0,0,3357.4,-142.6,50.93,165.58,0.0,0.05,0.02,0
0.3,2.0,3400.0,3600.0,1111000,50,30,44,50,0,0,0,3350.0,-150.0,46.65,180.8,1.0,0.0,0.5,437
0.3,2.0,3500.0,3700.0,0001111,0,0,0,50,50,50,50,3087.6,-512.4,48.44,174.12,1.0,0.0,0.5,26833
0.3,2.0,3500.0,3700.0,0011011,0,0,49,50,0,50,50,3452.6,-147.4,48.28,174.67,1.0,0.02,0.51,17354
0.3,2.0,3500.0,3700.0,0011110,0,0,50,50,50,50,0,3056.4,-543.6,45.79,184.17,1.0,0.0,0.5,258
0.3,2.0,3500.0,3700.0,0100111,0,50,0,0,50,50,50,2833.4,-766.6,52.8,159.73,0.0,0.0,0.0,0
0.3,2.0,3500.0,3700.0,0101011,0,50,0,50,0,50,50,3401.1,-198.9,48.84,172.68,1.0,0.0,0.5,143190
0.3,2.0,3500.0,3700.0,0101101,0,50,0,50,50,0,50,2888.4,-711.6,54.02,156.11,0.0,0.0,0.0,0
0.3,2.0,3500.0,3700.0,0101110,0,50,0,50,50,50,0,3151.1,-448.9,46.82,180.12,1.0,0.0,0.5,25013
0.3,2.0,3500.0,3700.0,0110011,0,50,50,0,0,50,50,3418.5,-181.5,47.3,178.3,1.0,0.0,0.5,75136
0.3,2.0,3500.0,3700.0,0110110,0,50,50,0,50,50,0,3216.3,-383.7,46.12,182.88,1.0,0.0,0.5,165
0.3,2.0,3500.0,3700.0,0111001,0,50,50,50,0,0,50,3332.3,-267.7,48.44,174.12,1.0,0.0,0.5,81293
0.3,2.0,3500.0,3700.0,0111010,0,50,50,50,0,50,0,3385.7,-214.3,45.08,187.08,1.0,0.0,0.5,735
0.3,2.0,3500.0,3700.0,0111100,0,50,50,50,50,0,0,3060.5,-539.5,46.85,180.02,0.0,0.0,0.0,0
0.3,2.0,3500.0,3700.0,1000111,50,0,0,0,50,50,50,3368.1,-231.9,50.24,167.87,1.0,0.0,0.5,32229
0.3,2.0,3500.0,3700.0,1001011,50,0,0,43,0,50,50,3734.7,134.7,50.5,167.01,1.0,0.1,0.55,104030
0.3,2.0,3500.0,3700.0,1001101,50,0,0,50,50,0,50,3335.5,-264.5,51.05,165.19,1.0,0.0,0.5,33990
0.3,2.0,3500.0,3700.0,1001110,50,0,0,50,50,50,0,3503.9,-96.1,47.51,177.53,1.0,0.36,0.68,4274
0.3,2.0,3500.0,3700.0,1010011,50,0,36,0,0,50,50,3530.6,-69.4,49.4,170.71,1.0,0.54,0.77,5887
0.3,2.0,3500.0,3700.0,1010110,50,0,38,0,50,50,0,3452.7,-147.3,47.86,176.2,0.0,0.02,0.01,0
0.3,2.0,3500.0,3700.0,1011001,50,0,39,50,0,0,50,3748.4,148.4,50.37,167.43,1.0,0.01,0.51,8236
0.3,2.0,3500.0,3700.0,1011010,50,0,30,47,0,50,0,3742.4,142.4,47.55,177.38,0.0,0.05,0.03,0
0.3,2.0,3500.0,3700.0,1011100,50,0,41,50,50,0,0,3452.1,-147.9,49.24,171.27,0.0,0.01,0.01,0
0.3,2.0,3500.0,3700.0,1100011,50,50,0,0,0,50,50,3430.1,-169.9,47.02,179.38,1.0,0.0,0.5,221713
0.3,2.0,3500.0,3700.0,1100101,50,50,0,0,50,0,50,2942.0,-658.0,54.7,154.19,0.0,0.0,0.0,0
0.3,2.0,3500.0,3700.0,1100110,50,50,0,0,50,50,0,3416.2,-183.8,48.08,175.42,1.0,0.0,0.5,3717
0.3,2.0,3500.0,3700.0,1101001,50,50,0,50,0,0,50,3423.4,-176.6,48.97,172.24,1.0,0.0,0.5,188841
0.3,2.0,3500.0,3700.0,1101100,50,50,0,50,50,0,0,3284.9,-315.1,49.37,170.84,1.0,0.0,0.5,1658
0.3,2.0,3500.0,3700.0,1110001,49,50,46,0,0,0,50,3457.5,-142.5,48.53,173.8,0.0,0.05,0.03,0
0.3,2.0,3500.0,3700.0,1110010,50,47,34,0,0,50,0,3450.4,-149.6,45.54,185.22,1.0,0.0,0.5,106
0.3,2.0,3500.0,3700.0,1110100,50,50,45,0,50,0,0,3459.5,-140.5,50.14,168.22,0.0,0.06,0.03,0
0.3,2.0,3500.0,3700.0,1111000,50,32,50,50,0,0,0,3460.7,-139.3,46.52,181.31,1.0,0.07,0.54,437
0.3,2.0,3600.0,3800.0,0001111,0,0,0,50,50,50,50,3087.6,-612.4,48.44,174.12,1.0,0.0,0.5,26833
0.3,2.0,3600.0,3800.0,0011011,0,0,50,50,0,50,50,3462.5,-237.5,48.26,174.75,1.0,0.0,0.5,17354
0.3,2.0,3600.0,3800.0,0011110,0,0,50,50,50,50,0,3056.4,-643.6,45.79,184.17,1.0,0.0,0.5,258
0.3,2.0,3600.0,3800.0,0100111,0,50,0,0,50,50,50,2833.4,-866.6,52.8,159.73,0.0,0.0,0.0,0
0.3,2.0,3600.0,3800.0,0101011,0,50,0,50,0,50,50,3401.1,-298.9,48.84,172.68,1.0,0.0,0.5,143190
0.3,2.0,3600.0,3800.0,0101101,0,50,0,50,50,0,50,2888.4,-811.6,54.02,156.11,0.0,0.0,0.0,0
0.3,2.0,3600.0,3800.0,0101110,0,50,0,50,50,50,0,3151.1,-548.9,46.82,180.12,1.0,0.0,0.5,25013
0.3,2.0,3600.0,3800.0,0110011,0,50,50,0,0,50,50,3418.5,-281.5,47.3,178.3,1.0,0.0,0.5,75136
0.3,2.0,3600.0,3800.0,0110110,0,50,50,0,50,50,0,3216.3,-483.7,46.12,182.88,1.0,0.0,0.5,165
0.3,2.0,3600.0,3800.0,0111001,0,50,50,50,0,0,50,3332.3,-367.7,48.44,174.12,1.0,0.0,0.5,81293
0.3,2.0,3600.0,3800.0,0111010,0,50,50,50,0,50,0,3385.7,-314.3,45.08,187.08,1.0,0.0,0.5,735
0.3,2.0,3600.0,3800.0,0111100,0,50,50,50,50,0,0,3060.5,-639.5,46.85,180.02,0.0,0.0,0.0,0
0.3,2.0,3600.0,3800.0,1000111,50,0,0,0,50,50,50,3368.1,-331.9,50.24,167.87,1.0,0.0,0.5,32229
0.3,2.0,3600.0,3800.0,1001011,50,0,0,46,0,50,50,3786.5,86.5,50.52,166.95,1.0,0.42,0.71,104030
0.3,2.0,3600.0,3800.0,1001101,50,0,0,50,50,0,50,3335.5,-364.5,51.05,165.19,1.0,0.0,0.5,33990
0.3,2.0,3600.0,3800.0,1001110,50,0,0,50,50,50,0,3503.9,-196.1,47.51,177.53,1.0,0.0,0.5,4274
0.3,2.0,3600.0,3800.0,1010011,50,0,38,0,0,50,50,3556.4,-143.6,49.35,170.91,1.0,0.04,0.52,5887
0.3,2.0,3600.0,3800.0,1010110,50,0,45,0,50,50,0,3557.7,-142.3,47.71,176.76,0.0,0.05,0.03,0
0.3,2.0,3600.0,3800.0,1011001,50,0,46,50,0,0,50,3838.3,138.3,50.5,167.01,1.0,0.08,0.54,8236
0.3,2.0,3600.0,3800.0,1011010,50,0,30,50,0,50,0,3796.9,96.9,47.58,177.26,0.0,0.35,0.18,0
0.3,2.0,3600.0,3800.0,1011100,50,0,48,50,50,0,0,3550.8,-149.2,48.96,172.24,0.0,0.01,0.0,0
0.3,2.0,3600.0,3800.0,1100011,50,50,0,0,0,50,50,3430.1,-269.9,47.02,179.38,1.0,0.0,0.5,221713
0.3,2.0,3600.0,3800.0,1100101,50,50,0,0,50,0,50,2942.0,-758.0,54.7,154.19,0.0,0.0,0.0,0
0.3,2.0,3600.0,3800.0,1100110,50,50,0,0,50,50,0,3416.2,-283.8,48.08,175.42,1.0,0.0,0.5,3717
0.3,2.0,3600.0,3800.0,1101001,50,50,0,50,0,0,50,3423.4,-276.6,48.97,172.24,1.0,0.0,0.5,188841
0.3,2.0,3600.0,3800.0,1101100,50,50,0,50,50,0,0,3284.9,-415.1,49.37,170.84,1.0,0.0,0.5,1658
0.3,2.0,3600.0,3800.0,1110001,50,50,50,0,0,0,50,3553.2,-146.8,48.15,175.16,0.0,0.02,0.01,0
0.3,2.0,3600.0,3800.0,1110010,50,39,49,0,0,50,0,3557.0,-143.0,45.49,185.41,1.0,0.05,0.52,106
0.3,2.0,3600.0,3800.0,1110100,50,50,50,0,50,0,0,3542.5,-157.5,49.38,170.81,0.0,0.0,0.0,0
0.3,2.0,3600.0,3800.0,1111000,50,39,50,50,0,0,0,3559.3,-140.7,46.35,181.98,1.0,0.06,0.53,437
0.3,3.0,2100.0,2300.0,0000011,0,0,0,0,0,50,50,2020.1,-179.9,46.66,174.92,0.0,0.0,0.0,0
0.3,3.0,2100.0,2300.0,0000101,0,0,0,0,50,0,50,2027.7,-172.3,49.09,166.27,0.0,0.0,0.0,0
0.3,3.0,2100.0,2300.0,0000110,0,0,0,0,50,50,0,1822.6,-377.4,46.34,176.14,1.0,0.0,0.5,7381
0.3,3.0,2100.0,2300.0,0001001,0,0,0,50,0,0,50,1990.6,-209.4,49.44,165.06,0.0,0.0,0.0,0
0.3,3.0,2100.0,2300.0,0001010,0,0,0,47,0,50,0,2122.6,-77.4,48.07,169.78,1.0,0.48,0.74,183088
0.3,3.0,2100.0,2300.0,0001100,0,0,0,38,50,0,0,1877.3,-322.7,48.56,168.05,1.0,0.0,0.5,107
0.3,3.0,2100.0,2300.0,0010001,0,0,50,0,0,0,50,2154.4,-45.6,47.41,172.15,0.0,0.7,0.35,0
0.3,3.0,2100.0,2300.0,0010010,0,0,46,0,0,50,0,2089.0,-111.0,46.51,175.46,1.0,0.26,0.63,72227
0.3,3.0,2100.0,2300.0,0010100,0,0,50,0,50,0,0,2020.0,-180.0,48.62,167.87,0.0,0.0,0.0,0
0.3,3.0,2100.0,2300.0,0011000,0,0,49,49,0,0,0,2055.2,-144.8,47.56,171.6,1.0,0.03,0.52,98122
0.3,3.0,2100.0,2300.0,0100001,0,50,0,0,0,0,50,2140.4,-59.6,48.59,167.96,0.0,0.6,0.3,0
0.3,3.0,2100.0,2300.0,0100010,0,50,0,0,0,50,0,2096.5,-103.5,46.3,176.26,0.0,0.31,0.15,0
0.3,3.0,2100.0,2300.0,0100100,0,50,0,0,50,0,0,2196.7,-3.3,51.11,159.69,0.0,0.98,0.49,0
0.3,3.0,2100.0,2300.0,0101000,0,50,0,50,0,0,0,2122.9,-77.1,47.84,170.6,0.0,0.49,0.24,0
0.3,3.0,2100.0,2300.0,0110000,0,50,30,0,0,0,0,2078.7,-121.3,47.03,173.53,0.0,0.19,0.1,0
0.3,3.0,2100.0,2300.0,1000001,50,0,0,0,0,0,50,2067.5,-132.5,46.44,175.74,0.0,0.12,0.06,0
0.3,3.0,2100.0,2300.0,1000010,46,0,0,0,0,50,0,2063.9,-136.1,45.87,177.93,1.0,0.09,0.55,287155
0.3,3.0,2100.0,2300.0,1000100,50,0,0,0,50,0,0,2046.7,-153.3,47.77,170.86,0.0,0.0,0.0,0
0.3,3.0,2100.0,2300.0,1001000,48,0,0,47,0,0,0,2116.5,-83.5,48.42,168.54,1.0,0.44,0.72,177419
0.3,3.0,2100.0,2300.0,1010000,34,0,50,0,0,0,0,2122.8,-77.2,46.91,173.98,0.0,0.49,0.24,0
0.3,3.0,2100.0,2300.0,1100000,50,50,0,0,0,0,0,2140.2,-59.8,46.71,174.73,1.0,0.6,0.8,13
0.3,3.0,2200.0,2400.0,0000011,0,0,0,0,0,50,50,2020.1,-279.9,46.66,174.92,0.0,0.0,0.0,0
0.3,3.0,2200.0,2400.0,0000101,0,0,0,0,50,0,50,2027.7,-272.3,49.09,166.27,0.0,0.0,0.0,0
0.3,3.0,2200.0,2400.0,0000110,0,0,0,0,50,50,0,1822.6,-477.4,46.34,176.14,1.0,0.0,0.5,7381
0.3,3.0,2200.0,2400.0,0001001,0,0,0,50,0,0,50,1990.6,-309.4,49.44,165.06,0.0,0.0,0.0,0
0.3,3.0,2200.0,2400.0,0001010,0,0,0,48,0,50,0,2189.8,-110.2,47.75,170.91,1.0,0.27,0.63,183088
0.3,3.0,2200.0,2400.0,0001100,0,0,0,38,50,0,0,1877.3,-422.7,48.56,168.05,1.0,0.0,0.5,107
0.3,3.0,2200.0,2400.0,0010001,0,0,50,0,0,0,50,2154.4,-145.6,47.41,172.15,0.0,0.03,0.01,0
0.3,3.0,2200.0,2400.0,0010010,0,0,47,0,0,50,0,2175.7,-124.3,46.45,175.71,1.0,0.17,0.59,72227
0.3,3.0,2200.0,2400.0,0010100,0,0,50,0,50,0,0,2020.0,-280.0,48.62,167.87,0.0,0.0,0.0,0
0.3,3.0,2200.0,2400.0,0011000,0,0,50,50,0,0,0,2104.7,-195.3,47.35,172.37,1.0,0.0,0.5,98122
0.3,3.0,2200.0,2400.0,0100001,0,50,0,0,0,0,50,2140.4,-159.6,48.59,167.96,0.0,0.0,0.0,0
0.3,3.0,2200.0,2400.0,0100010,0,50,0,0,0,50,0,2096.5,-203.5,46.3,176.26,0.0,0.0,0.0,0
0.3,3.0,2200.0,2400.0,0100100,0,50,0,0,50,0,0,2196.7,-103.3,51.11,159.69,0.0,0.31,0.16,0
0.3,3.0,2200.0,2400.0,0101000,0,50,0,50,0,0,0,2122.9,-177.1,47.84,170.6,0.0,0.0,0.0,0
0.3,3.0,2200.0,2400.0,0110000,0,50,46,0,0,0,0,2151.1,-148.9,46.87,174.14,0.0,0.01,0.0,0
0.3,3.0,2200.0,2400.0,1000001,50,0,0,0,0,0,50,2067.5,-232.5,46.44,175.74,0.0,0.0,0.0,0
0.3,3.0,2200.0,2400.0,1000010,48,0,0,0,0,50,0,2186.8,-113.2,45.52,179.29,1.0,0.25,0.62,287155
0.3,3.0,2200.0,2400.0,1000100,50,0,0,0,50,0,0,2046.7,-253.3,47.77,170.86,0.0,0.0,0.0,0
0.3,3.0,2200.0,2400.0,1001000,48,0,0,48,0,0,0,2153.4,-146.6,48.35,168.8,1.0,0.02,0.51,177419
0.3,3.0,2200.0,2400.0,1010000,35,0,50,0,0,0,0,2165.9,-134.1,46.91,174.0,0.0,0.11,0.05,0
0.3,3.0,2200.0,2400.0,1100000,50,50,0,0,0,0,0,2140.2,-159.8,46.71,174.73,1.0,0.0,0.5,13
0.3,3.0,2300.0,2500.0,0000011,0,0,0,0,0,50,50,2020.1,-379.9,46.66,174.92,0.0,0.0,0.0,0
0.3,3.0,2300.0,2500.0,0000101,0,0,0,0,50,0,50,2027.7,-372.3,49.09,166.27,0.0,0.0,0.0,0
0.3,3.0,2300.0,2500.0,0000110,0,0,0,0,50,50,0,1822.6,-577.4,46.34,176.14,1.0,0.0,0.5,7381
0.3,3.0,2300.0,2500.0,0001001,0,0,0,50,0,0,50,1990.6,-409.4,49.44,165.06,0.0,0.0,0.0,0
0.3,3.0,2300.0,2500.0,0001010,0,0,0,50,0,50,0,2253.2,-146.8,47.35,172.35,1.0,0.02,0.51,183088
0.3,3.0,2300.0,2500.0,0001100,0,0,0,38,50,0,0,1877.3,-522.7,48.56,168.05,1.0,0.0,0.5,107
0.3,3.0,2300.0,2500.0,0010001,0,0,50,0,0,0,50,2154.4,-245.6,47.41,172.15,0.0,0.0,0.0,0
0.3,3.0,2300.0,2500.0,0010010,0,0,49,0,0,50,0,2275.0,-125.0,46.21,176.61,1.0,0.17,0.58,72227
0.3,3.0,2300.0,2500.0,0010100,0,0,50,0,50,0,0,2020.0,-380.0,48.62,167.87,0.0,0.0,0.0,0
0.3,3.0,2300.0,2500.0,0011000,0,0,50,50,0,0,0,2104.7,-295.3,47.35,172.37,1.0,0.0,0.5,98122
0.3,3.0,2300.0,2500.0,0100001,0,50,0,0,0,0,50,2140.4,-259.6,48.59,167.96,0.0,0.0,0.0,0
0.3,3.0,2300.0,2500.0,0100010,0,50,0,0,0,50,0,2096.5,-303.5,46.3,176.26,0.0,0.0,0.0,0
0.3,3.0,2300.0,2500.0,0100100,0,50,0,0,50,0,0,2196.7,-203.3,51.11,159.69,0.0,0.0,0.0,0
0.3,3.0,2300.0,2500.0,0101000,0,50,0,50,0,0,0,2122.9,-277.1,47.84,170.6,0.0,0.0,0.0,0
0.3,3.0,2300.0,2500.0,0110000,0,50,50,0,0,0,0,2168.3,-231.7,46.84,174.24,0.0,0.0,0.0,0
0.3,3.0,2300.0,2500.0,1000001,50,0,0,0,0,0,50,2067.5,-332.5,46.44,175.74,0.0,0.0,0.0,0
0.3,3.0,2300.0,2500.0,1000010,50,0,0,0,0,50,0,2267.8,-132.2,45.18,180.62,1.0,0.12,0.56,287155
0.3,3.0,2300.0,2500.0,1000100,50,0,0,0,50,0,0,2046.7,-353.3,47.77,170.86,0.0,0.0,0.0,0
0.3,3.0,2300.0,2500.0,1001000,50,0,0,49,0,0,0,2257.9,-142.1,47.96,170.17,1.0,0.05,0.53,177419
0.3,3.0,2300.0,2500.0,1010000,38,0,50,0,0,0,0,2270.9,-129.1,46.53,175.4,0.0,0.14,0.07,0
0.3,3.0,2300.0,2500.0,1100000,50,50,0,0,0,0,0,2140.2,-259.8,46.71,174.73,1.0,0.0,0.5,13
0.3,3.0,2400.0,2600.0,0000011,0,0,0,0,0,50,50,2020.1,-479.9,46.66,174.92,0.0,0.0,0.0,0
0.3,3.0,2400.0,2600.0,0000101,0,0,0,0,50,0,50,2027.7,-472.3,49.09,166.27,0.0,0.0,0.0,0
0.3,3.0,2400.0,2600.0,0000110,0,0,0,0,50,50,0,1822.6,-677.4,46.34,176.14,1.0,0.0,0.5,7381
0.3,3.0,2400.0,2600.0,0001001,0,0,0,50,0,0,50,1990.6,-509.4,49.44,165.06,0.0,0.0,0.0,0
0.3,3.0,2400.0,2600.0,0001010,0,0,0,50,0,50,0,2253.2,-246.8,47.35,172.35,1.0,0.0,0.5,183088
0.3,3.0,2400.0,2600.0,0001100,0,0,0,38,50,0,0,1877.3,-622.7,48.56,168.05,1.0,0.0,0.5,107
0.3,3.0,2400.0,2600.0,0010001,0,0,50,0,0,0,50,2154.4,-345.6,47.41,172.15,0.0,0.0,0.0,0
0.3,3.0,2400.0,2600.0,0010010,0,0,50,0,0,50,0,2296.8,-203.2,46.11,176.98,1.0,0.0,0.5,72227
0.3,3.0,2400.0,2600.0,0010100,0,0,50,0,50,0,0,2020.0,-480.0,48.62,167.87,0.0,0.0,0.0,0
0.3,3.0,2400.0,2600.0,0011000,0,0,50,50,0,0,0,2104.7,-395.3,47.35,172.37,1.0,0.0,0.5,98122
0.3,3.0,2400.0,2600.0,0100001,0,50,0,0,0,0,50,2140.4,-359.6,48.59,167.96,0.0,0.0,0.0,0
0.3,3.0,2400.0,2600.0,0100010,0,50,0,0,0,50,0,2096.5,-403.5,46.3,176.26,0.0,0.0,0.0,0
0.3,3.0,2400.0,2600.0,0100100,0,50,0,0,50,0,0,2196.7,-303.3,51.11,159.69,0.0,0.0,0.0,0
0.3,3.0,2400.0,2600.0,0101000,0,50,0,50,0,0,0,2122.9,-377.1,47.84,170.6,0.0,0.0,0.0,0
0.3,3.0,2400.0,2600.0,0110000,0,50,50,0,0,0,0,2168.3,-331.7,46.84,174.24,0.0,0.0,0.0,0
0.3,3.0,2400.0,2600.0,1000001,50,0,0,0,0,0,50,2067.5,-432.5,46.44,175.74,0.0,0.0,0.0,0
0.3,3.0,2400.0,2600.0,1000010,50,0,0,0,0,50,0,2267.8,-232.2,45.18,180.62,1.0,0.0,0.5,287155
0.3,3.0,2400.0,2600.0,1000100,50,0,0,0,50,0,0,2046.7,-453.3,47.77,170.86,0.0,0.0,0.0,0
0.3,3.0,2400.0,2600.0,1001000,50,0,0,50,0,0,0,2275.4,-224.6,47.91,170.35,1.0,0.0,0.5,177419
0.3,3.0,2400.0,2600.0,1010000,44,0,48,0,0,0,0,2350.4,-149.6,46.01,177.36,0.0,0.0,0.0,0
0.3,3.0,2400.0,2600.0,1100000,50,50,0,0,0,0,0,2140.2,-359.8,46.71,174.73,1.0,0.0,0.5,13
0.3,3.0,2500.0,2700.0,0000011,0,0,0,0,0,50,50,2020.1,-579.9,46.66,174.92,0.0,0.0,0.0,0
0.3,3.0,2500.0,2700.0,0000101,0,0,0,0,50,0,50,2027.7,-572.3,49.09,166.27,0.0,0.0,0.0,0
0.3,3.0,2500.0,2700.0,0000110,0,0,0,0,50,50,0,1822.6,-777.4,46.34,176.14,1.0,0.0,0.5,7381
0.3,3.0,2500.0,2700.0,0001001,0,0,0,50,0,0,50,1990.6,-609.4,49.44,165.06,0.0,0.0,0.0,0
0.3,3.0,2500.0,2700.0,0001010,0,0,0,50,0,50,0,2253.2,-346.8,47.35,172.35,1.0,0.0,0.5,183088
0.3,3.0,2500.0,2700.0,0001100,0,0,0,38,50,0,0,1877.3,-722.7,48.56,168.05,1.0,0.0,0.5,107
0.3,3.0,2500.0,2700.0,0010001,0,0,50,0,0,0,50,2154.4,-445.6,47.41,172.15,0.0,0.0,0.0,0
0.3,3.0,2500.0,2700.0,0010010,0,0,50,0,0,50,0,2296.8,-303.2,46.11,176.98,1.0,0.0,0.5,72227
0.3,3.0,2500.0,2700.0,0010100,0,0,50,0,50,0,0,2020.0,-580.0,48.62,167.87,0.0,0.0,0.0,0
0.3,3.0,2500.0,2700.0,0011000,0,0,50,50,0,0,0,2104.7,-495.3,47.35,172.37,1.0,0.0,0.5,98122
0.3,3.0,2500.0,2700.0,0100001,0,50,0,0,0,0,50,2140.4,-459.6,48.59,167.96,0.0,0.0,0.0,0
0.3,3.0,2500.0,2700.0,0100010,0,50,0,0,0,50,0,2096.5,-503.5,46.3,176.26,0.0,0.0,0.0,0
0.3,3.0,2500.0,2700.0,0100100,0,50,0,0,50,0,0,2196.7,-403.3,51.11,159.69,0.0,0.0,0.0,0
0.3,3.0,2500.0,2700.0,0101000,0,50,0,50,0,0,0,2122.9,-477.1,47.84,170.6,0.0,0.0,0.0,0
0.3,3.0,2500.0,2700.0,0110000,0,50,50,0,0,0,0,2168.3,-431.7,46.84,174.24,0.0,0.0,0.0,0
0.3,3.0,2500.0,2700.0,1000001,50,0,0,0,0,0,50,2067.5,-532.5,46.44,175.74,0.0,0.0,0.0,0
0.3,3.0,2500.0,2700.0,1000010,50,0,0,0,0,50,0,2267.8,-332.2,45.18,180.62,1.0,0.0,0.5,287155
0.3,3.0,2500.0,2700.0,1000100,50,0,0,0,50,0,0,2046.7,-553.3,47.77,170.86,0.0,0.0,0.0,0
0.3,3.0,2500.0,2700.0,1001000,50,0,0,50,0,0,0,2275.4,-324.6,47.91,170.35,1.0,0.0,0.5,177419
0.3,3.0,2500.0,2700.0,1010000,46,0,50,0,0,0,0,2458.8,-141.2,45.66,178.74,0.0,0.06,0.03,0
0.3,3.0,2500.0,2700.0,1100000,50,50,0,0,0,0,0,2140.2,-459.8,46.71,174.73,1.0,0.0,0.5,13
0.3,3.0,2600.0,2800.0,0000011,0,0,0,0,0,50,50,2020.1,-679.9,46.66,174.92,0.0,0.0,0.0,0
0.3,3.0,2600.0,2800.0,0000101,0,0,0,0,50,0,50,2027.7,-672.3,49.09,166.27,0.0,0.0,0.0,0
0.3,3.0,2600.0,2800.0,0000110,0,0,0,0,50,50,0,1822.6,-877.4,46.34,176.14,1.0,0.0,0.5,7381
0.3,3.0,2600.0,2800.0,0001001,0,0,0,50,0,0,50,1990.6,-709.4,49.44,165.06,0.0,0.0,0.0,0
0.3,3.0,2600.0,2800.0,0001010,0,0,0,50,0,50,0,2253.2,-446.8,47.35,172.35,1.0,0.0,0.5,183088
0.3,3.0,2600.0,2800.0,0001100,0,0,0,38,50,0,0,1877.3,-822.7,48.56,168.05,1.0,0.0,0.5,107
0.3,3.0,2600.0,2800.0,0010001,0,0,50,0,0,0,50,2154.4,-545.6,47.41,172.15,0.0,0.0,0.0,0
0.3,3.0,2600.0,2800.0,0010010,0,0,50,0,0,50,0,2296.8,-403.2,46.11,176.98,1.0,0.0,0.5,72227
0.3,3.0,2600.0,2800.0,0010100,0,0,50,0,50,0,0,2020.0,-680.0,48.62,167.87,0.0,0.0,0.0,0
0.3,3.0,2600.0,2800.0,0011000,0,0,50,50,0,0,0,2104.7,-595.3,47.35,172.37,1.0,0.0,0.5,98122
0.3,3.0,2600.0,2800.0,0100001,0,50,0,0,0,0,50,2140.4,-559.6,48.59,167.96,0.0,0.0,0.0,0
0.3,3.0,2600.0,2800.0,0100010,0,50,0,0,0,50,0,2096.5,-603.5,46.3,176.26,0.0,0.0,0.0,0
0.3,3.0,2600.0,2800.0,0100100,0,50,0,0,50,0,0,2196.7,-503.3,51.11,159.69,0.0,0.0,0.0,0
0.3,3.0,2600.0,2800.0,0101000,0,50,0,50,0,0,0,2122.9,-577.1,47.84,170.6,0.0,0.0,0.0,0
0.3,3.0,2600.0,2800.0,0110000,0,50,50,0,0,0,0,2168.3,-531.7,46.84,174.24,0.0,0.0,0.0,0
0.3,3.0,2600.0,2800.0,1000001,50,0,0,0,0,0,50,2067.5,-632.5,46.44,175.74,0.0,0.0,0.0,0
0.3,3.0,2600.0,2800.0,1000010,50,0,0,0,0,50,0,2267.8,-432.2,45.18,180.62,1.0,0.0,0.5,287155
0.3,3.0,2600.0,2800.0,1000100,50,0,0,0,50,0,0,2046.7,-653.3,47.77,170.86,0.0,0.0,0.0,0
0.3,3.0,2600.0,2800.0,1001000,50,0,0,50,0,0,0,2275.4,-424.6,47.91,170.35,1.0,0.0,0.5,177419
0.3,3.0,2600.0,2800.0,1010000,50,0,48,0,0,0,0,2554.8,-145.2,45.47,179.48,0.0,0.03,0.02,0
0.3,3.0,2600.0,2800.0,1100000,50,50,0,0,0,0,0,2140.2,-559.8,46.71,174.73,1.0,0.0,0.5,13
0.3,3.0,2700.0,2900.0,0000011,0,0,0,0,0,50,50,2020.1,-779.9,46.66,174.92,0.0,0.0,0.0,0
0.3,3.0,2700.0,2900.0,0000101,0,0,0,0,50,0,50,2027.7,-772.3,49.09,166.27,0.0,0.0,0.0,0
0.3,3.0,2700.0,2900.0,0000110,0,0,0,0,50,50,0,1822.6,-977.4,46.34,176.14,1.0,0.0,0.5,7381
0.3,3.0,2700.0,2900.0,0001001,0,0,0,50,0,0,50,1990.6,-809.4,49.44,165.06,0.0,0.0,0.0,0
0.3,3.0,2700.0,2900.0,0001010,0,0,0,50,0,50,0,2253.2,-546.8,47.35,172.35,1.0,0.0,0.5,183088
0.3,3.0,2700.0,2900.0,0001100,0,0,0,38,50,0,0,1877.3,-922.7,48.56,168.05,1.0,0.0,0.5,107
0.3,3.0,2700.0,2900.0,0010001,0,0,50,0,0,0,50,2154.4,-645.6,47.41,172.15,0.0,0.0,0.0,0
0.3,3.0,2700.0,2900.0,0010010,0,0,50,0,0,50,0,2296.8,-503.2,46.11,176.98,1.0,0.0,0.5,72227
0.3,3.0,2700.0,2900.0,0010100,0,0,50,0,50,0,0,2020.0,-780.0,48.62,167.87,0.0,0.0,0.0,0
0.3,3.0,2700.0,2900.0,0011000,0,0,50,50,0,0,0,2104.7,-695.3,47.35,172.37,1.0,0.0,0.5,98122
0.3,3.0,2700.0,2900.0,0100001,0,50,0,0,0,0,50,2140.4,-659.6,48.59,167.96,0.0,0.0,0.0,0
0.3,3.0,2700.0,2900.0,0100010,0,50,0,0,0,50,0,2096.5,-703.5,46.3,176.26,0.0,0.0,0.0,0
0.3,3.0,2700.0,2900.0,0100100,0,50,0,0,50,0,0,2196.7,-603.3,51.11,159.69,0.0,0.0,0.0,0
0.3,3.0,2700.0,2900.0,0101000,0,50,0,50,0,0,0,2122.9,-677.1,47.84,170.6,0.0,0.0,0.0,0
0.3,3.0,2700.0,2900.0,0110000,0,50,50,0,0,0,0,2168.3,-631.7,46.84,174.24,0.0,0.0,0.0,0
0.3,3.0,2700.0,2900.0,1000001,50,0,0,0,0,0,50,2067.5,-732.5,46.44,175.74,0.0,0.0,0.0,0
0.3,3.0,2700.0,2900.0,1000010,50,0,0,0,0,50,0,2267.8,-532.2,45.18,180.62,1.0,0.0,0.5,287155
0.3,3.0,2700.0,2900.0,1000100,50,0,0,0,50,0,0,2046.7,-753.3,47.77,170.86,0.0,0.0,0.0,0
0.3,3.0,2700.0,2900.0,1001000,50,0,0,50,0,0,0,2275.4,-524.6,47.91,170.35,1.0,0.0,0.5,177419
0.3,3.0,2700.0,2900.0,1010000,50,0,50,0,0,0,0,2592.4,-207.6,45.46,179.52,0.0,0.0,0.0,0
0.3,3.0,2700.0,2900.0,1100000,50,50,0,0,0,0,0,2140.2,-659.8,46.71,174.73,1.0,0.0,0.5,13
0.3,3.0,2800.0,3000.0,0000011,0,0,0,0,0,50,50,2020.1,-879.9,46.66,174.92,0.0,0.0,0.0,0
0.3,3.0,2800.0,3000.0,0000101,0,0,0,0,50,0,50,2027.7,-872.3,49.09,166.27,0.0,0.0,0.0,0
0.3,3.0,2800.0,3000.0,0000110,0,0,0,0,50,50,0,1822.6,-1077.4,46.34,176.14,1.0,0.0,0.5,7381
0.3,3.0,2800.0,3000.0,0001001,0,0,0,50,0,0,50,1990.6,-909.4,49.44,165.06,0.0,0.0,0.0,0
0.3,3.0,2800.0,3000.0,0001010,0,0,0,50,0,50,0,2253.2,-646.8,47.35,172.35,1.0,0.0,0.5,183088
0.3,3.0,2800.0,3000.0,0001100,0,0,0,38,50,0,0,1877.3,-1022.7,48.56,168.05,1.0,0.0,0.5,107
0.3,3.0,2800.0,3000.0,0010001,0,0,50,0,0,0,50,2154.4,-745.6,47.41,172.15,0.0,0.0,0.0,0
0.3,3.0,2800.0,3000.0,0010010,0,0,50,0,0,50,0,2296.8,-603.2,46.11,176.98,1.0,0.0,0.5,72227
0.3,3.0,2800.0,3000.0,0010100,0,0,50,0,50,0,0,2020.0,-880.0,48.62,167.87,0.0,0.0,0.0,0
0.3,3.0,2800.0,3000.0,0011000,0,0,50,50,0,0,0,2104.7,-795.3,47.35,172.37,1.0,0.0,0.5,98122
0.3,3.0,2800.0,3000.0,0100001,0,50,0,0,0,0,50,2140.4,-759.6,48.59,167.96,0.0,0.0,0.0,0
0.3,3.0,2800.0,3000.0,0100010,0,50,0,0,0,50,0,2096.5,-803.5,46.3,176.26,0.0,0.0,0.0,0
0.3,3.0,2800.0,3000.0,0100100,0,50,0,0,50,0,0,2196.7,-703.3,51.11,159.69,0.0,0.0,0.0,0
0.3,3.0,2800.0,3000.0,0101000,0,50,0,50,0,0,0,2122.9,-777.1,47.84,170.6,0.0,0.0,0.0,0
0.3,3.0,2800.0,3000.0,0110000,0,50,50,0,0,0,0,2168.3,-731.7,46.84,174.24,0.0,0.0,0.0,0
0.3,3.0,2800.0,3000.0,1000001,50,0,0,0,0,0,50,2067.5,-832.5,46.44,175.74,0.0,0.0,0.0,0
0.3,3.0,2800.0,3000.0,1000010,50,0,0,0,0,50,0,2267.8,-632.2,45.18,180.62,1.0,0.0,0.5,287155
0.3,3.0,2800.0,3000.0,1000100,50,0,0,0,50,0,0,2046.7,-853.3,47.77,170.86,0.0,0.0,0.0,0
0.3,3.0,2800.0,3000.0,1001000,50,0,0,50,0,0,0,2275.4,-624.6,47.91,170.35,1.0,0.0,0.5,177419
0.3,3.0,2800.0,3000.0,1010000,50,0,50,0,0,0,0,2592.4,-307.6,45.46,179.52,0.0,0.0,0.0,0
0.3,3.0,2800.0,3000.0,1100000,50,50,0,0,0,0,0,2140.2,-759.8,46.71,174.73,1.0,0.0,0.5,13
0.3,3.0,2900.0,3100.0,0000011,0,0,0,0,0,50,50,2020.1,-979.9,46.66,174.92,0.0,0.0,0.0,0
0.3,3.0,2900.0,3100.0,0000101,0,0,0,0,50,0,50,2027.7,-972.3,49.09,166.27,0.0,0.0,0.0,0
0.3,3.0,2900.0,3100.0,0000110,0,0,0,0,50,50,0,1822.6,-1177.4,46.34,176.14,1.0,0.0,0.5,7381
0.3,3.0,2900.0,3100.0,0001001,0,0,0,50,0,0,50,1990.6,-1009.4,49.44,165.06,0.0,0.0,0.0,0
0.3,3.0,2900.0,3100.0,0001010,0,0,0,50,0,50,0,2253.2,-746.8,47.35,172.35,1.0,0.0,0.5,183088
0.3,3.0,2900.0,3100.0,0001100,0,0,0,38,50,0,0,1877.3,-1122.7,48.56,168.05,1.0,0.0,0.5,107
0.3,3.0,2900.0,3100.0,0010001,0,0,50,0,0,0,50,2154.4,-845.6,47.41,172.15,0.0,0.0,0.0,0
0.3,3.0,2900.0,3100.0,0010010,0,0,50,0,0,50,0,2296.8,-703.2,46.11,176.98,1.0,0.0,0.5,72227
0.3,3.0,2900.0,3100.0,0010100,0,0,50,0,50,0,0,2020.0,-980.0,48.62,167.87,0.0,0.0,0.0,0
0.3,3.0,2900.0,3100.0,0011000,0,0,50,50,0,0,0,2104.7,-895.3,47.35,172.37,1.0,0.0,0.5,98122
0.3,3.0,2900.0,3100.0,0100001,0,50,0,0,0,0,50,2140.4,-859.6,48.59,167.96,0.0,0.0,0.0,0
0.3,3.0,2900.0,3100.0,0100010,0,50,0,0,0,50,0,2096.5,-903.5,46.3,176.26,0.0,0.0,0.0,0
0.3,3.0,2900.0,3100.0,0100100,0,50,0,0,50,0,0,2196.7,-803.3,51.11,159.69,0.0,0.0,0.0,0
0.3,3.0,2900.0,3100.0,0101000,0,50,0,50,0,0,0,2122.9,-877.1,47.84,170.6,0.0,0.0,0.0,0
0.3,3.0,2900.0,3100.0,0110000,0,50,50,0,0,0,0,2168.3,-831.7,46.84,174.24,0.0,0.0,0.0,0
0.3,3.0,2900.0,3100.0,1000001,50,0,0,0,0,0,50,2067.5,-932.5,46.44,175.74,0.0,0.0,0.0,0
0.3,3.0,2900.0,3100.0,1000010,50,0,0,0,0,50,0,2267.8,-732.2,45.18,180.62,1.0,0.0,0.5,287155
0.3,3.0,2900.0,3100.0,1000100,50,0,0,0,50,0,0,2046.7,-953.3,47.77,170.86,0.0,0.0,0.0,0
0.3,3.0,2900.0,3100.0,1001000,50,0,0,50,0,0,0,2275.4,-724.6,47.91,170.35,1.0,0.0,0.5,177419
0.3,3.0,2900.0,3100.0,1010000,50,0,50,0,0,0,0,2592.4,-407.6,45.46,179.52,0.0,0.0,0.0,0
0.3,3.0,2900.0,3100.0,1100000,50,50,0,0,0,0,0,2140.2,-859.8,46.71,174.73,1.0,0.0,0.5,13
0.3,3.0,3000.0,3200.0,0000011,0,0,0,0,0,50,50,2020.1,-1079.9,46.66,174.92,0.0,0.0,0.0,0
0.3,3.0,3000.0,3200.0,0000101,0,0,0,0,50,0,50,2027.7,-1072.3,49.09,166.27,0.0,0.0,0.0,0
0.3,3.0,3000.0,3200.0,0000110,0,0,0,0,50,50,0,1822.6,-1277.4,46.34,176.14,1.0,0.0,0.5,7381
0.3,3.0,3000.0,3200.0,0001001,0,0,0,50,0,0,50,1990.6,-1109.4,49.44,165.06,0.0,0.0,0.0,0
0.3,3.0,3000.0,3200.0,0001010,0,0,0,50,0,50,0,2253.2,-846.8,47.35,172.35,1.0,0.0,0.5,183088
0.3,3.0,3000.0,3200.0,0001100,0,0,0,38,50,0,0,1877.3,-1222.7,48.56,168.05,1.0,0.0,0.5,107
0.3,3.0,3000.0,3200.0,0010001,0,0,50,0,0,0,50,2154.4,-945.6,47.41,172.15,0.0,0.0,0.0,0
0.3,3.0,3000.0,3200.0,0010010,0,0,50,0,0,50,0,2296.8,-803.2,46.11,176.98,1.0,0.0,0.5,72227
0.3,3.0,3000.0,3200.0,0010100,0,0,50,0,50,0,0,2020.0,-1080.0,48.62,167.87,0.0,0.0,0.0,0
0.3,3.0,3000.0,3200.0,0011000,0,0,50,50,0,0,0,2104.7,-995.3,47.35,172.37,1.0,0.0,0.5,98122
0.3,3.0,3000.0,3200.0,0100001,0,50,0,0,0,0,50,2140.4,-959.6,48.59,167.96,0.0,0.0,0.0,0
0.3,3.0,3000.0,3200.0,0100010,0,50,0,0,0,50,0,2096.5,-1003.5,46.3,176.26,0.0,0.0,0.0,0
0.3,3.0,3000.0,3200.0,0100100,0,50,0,0,50,0,0,2196.7,-903.3,51.11,159.69,0.0,0.0,0.0,0
0.3,3.0,3000.0,3200.0,0101000,0,50,0,50,0,0,0,2122.9,-977.1,47.84,170.6,0.0,0.0,0.0,0
0.3,3.0,3000.0,3200.0,0110000,0,50,50,0,0,0,0,2168.3,-931.7,46.84,174.24,0.0,0.0,0.0,0
0.3,3.0,3000.0,3200.0,1000001,50,0,0,0,0,0,50,2067.5,-1032.5,46.44,175.74,0.0,0.0,0.0,0
0.3,3.0,3000.0,3200.0,1000010,50,0,0,0,0,50,0,2267.8,-832.2,45.18,180.62,1.0,0.0,0.5,287155
0.3,3.0,3000.0,3200.0,1000100,50,0,0,0,50,0,0,2046.7,-1053.3,47.77,170.86,0.0,0.0,0.0,0
0.3,3.0,3000.0,3200.0,1001000,50,0,0,50,0,0,0,2275.4,-824.6,47.91,170.35,1.0,0.0,0.5,177419
0.3,3.0,3000.0,3200.0,1010000,50,0,50,0,0,0,0,2592.4,-507.6,45.46,179.52,0.0,0.0,0.0,0
0.3,3.0,3000.0,3200.0,1100000,50,50,0,0,0,0,0,2140.2,-959.8,46.71,174.73,1.0,0.0,0.5,13
0.3,3.0,3100.0,3300.0,0000011,0,0,0,0,0,50,50,2020.1,-1179.9,46.66,174.92,0.0,0.0,0.0,0
0.3,3.0,3100.0,3300.0,0000101,0,0,0,0,50,0,50,2027.7,-1172.3,49.09,166.27,0.0,0.0,0.0,0
0.3,3.0,3100.0,3300.0,0000110,0,0,0,0,50,50,0,1822.6,-1377.4,46.34,176.14,1.0,0.0,0.5,7381
0.3,3.0,3100.0,3300.0,0001001,0,0,0,50,0,0,50,1990.6,-1209.4,49.44,165.06,0.0,0.0,0.0,0
0.3,3.0,3100.0,3300.0,0001010,0,0,0,50,0,50,0,2253.2,-946.8,47.35,172.35,1.0,0.0,0.5,183088
0.3,3.0,3100.0,3300.0,0001100,0,0,0,38,50,0,0,1877.3,-1322.7,48.56,168.05,1.0,0.0,0.5,107
0.3,3.0,3100.0,3300.0,0010001,0,0,50,0,0,0,50,2154.4,-1045.6,47.41,172.15,0.0,0.0,0.0,0
0.3,3.0,3100.0,3300.0,0010010,0,0,50,0,0,50,0,2296.8,-903.2,46.11,176.98,1.0,0.0,0.5,72227
0.3,3.0,3100.0,3300.0,0010100,0,0,50,0,50,0,0,2020.0,-1180.0,48.62,167.87,0.0,0.0,0.0,0
0.3,3.0,3100.0,3300.0,0011000,0,0,50,50,0,0,0,2104.7,-1095.3,47.35,172.37,1.0,0.0,0.5,98122
0.3,3.0,3100.0,3300.0,0100001,0,50,0,0,0,0,50,2140.4,-1059.6,48.59,167.96,0.0,0.0,0.0,0
0.3,3.0,3100.0,3300.0,0100010,0,50,0,0,0,50,0,2096.5,-1103.5,46.3,176.26,0.0,0.0,0.0,0
0.3,3.0,3100.0,3300.0,0100100,0,50,0,0,50,0,0,2196.7,-1003.3,51.11,159.69,0.0,0.0,0.0,0
0.3,3.0,3100.0,3300.0,0101000,0,50,0,50,0,0,0,2122.9,-1077.1,47.84,170.6,0.0,0.0,0.0,0
0.3,3.0,3100.0,3300.0,0110000,0,50,50,0,0,0,0,2168.3,-1031.7,46.84,174.24,0.0,0.0,0.0,0
0.3,3.0,3100.0,3300.0,1000001,50,0,0,0,0,0,50,2067.5,-1132.5,46.44,175.74,0.0,0.0,0.0,0
0.3,3.0,3100.0,3300.0,1000010,50,0,0,0,0,50,0,2267.8,-932.2,45.18,180.62,1.0,0.0,0.5,287155
0.3,3.0,3100.0,3300.0,1000100,50,0,0,0,50,0,0,2046.7,-1153.3,47.77,170.86,0.0,0.0,0.0,0
0.3,3.0,3100.0,3300.0,1001000,50,0,0,50,0,0,0,2275.4,-924.6,47.91,170.35,1.0,0.0,0.5,177419
0.3,3.0,3100.0,3300.0,1010000,50,0,50,0,0,0,0,2592.4,-607.6,45.46,179.52,0.0,0.0,0.0,0
0.3,3.0,3100.0,3300.0,1100000,50,50,0,0,0,0,0,2140.2,-1059.8,46.71,174.73,1.0,0.0,0.5,13
0.3,3.0,3200.0,3400.0,0000011,0,0,0,0,0,50,50,2020.1,-1279.9,46.66,174.92,0.0,0.0,0.0,0
0.3,3.0,3200.0,3400.0,0000101,0,0,0,0,50,0,50,2027.7,-1272.3,49.09,166.27,0.0,0.0,0.0,0
0.3,3.0,3200.0,3400.0,0000110,0,0,0,0,50,50,0,1822.6,-1477.4,46.34,176.14,1.0,0.0,0.5,7381
0.3,3.0,3200.0,3400.0,0001001,0,0,0,50,0,0,50,1990.6,-1309.4,49.44,165.06,0.0,0.0,0.0,0
0.3,3.0,3200.0,3400.0,0001010,0,0,0,50,0,50,0,2253.2,-1046.8,47.35,172.35,1.0,0.0,0.5,183088
0.3,3.0,3200.0,3400.0,0001100,0,0,0,38,50,0,0,1877.3,-1422.7,48.56,168.05,1.0,0.0,0.5,107
0.3,3.0,3200.0,3400.0,0010001,0,0,50,0,0,0,50,2154.4,-1145.6,47.41,172.15,0.0,0.0,0.0,0
0.3,3.0,3200.0,3400.0,0010010,0,0,50,0,0,50,0,2296.8,-1003.2,46.11,176.98,1.0,0.0,0.5,72227
0.3,3.0,3200.0,3400.0,0010100,0,0,50,0,50,0,0,2020.0,-1280.0,48.62,167.87,0.0,0.0,0.0,0
0.3,3.0,3200.0,3400.0,0011000,0,0,50,50,0,0,0,2104.7,-1195.3,47.35,172.37,1.0,0.0,0.5,98122
0.3,3.0,3200.0,3400.0,0100001,0,50,0,0,0,0,50,2140.4,-1159.6,48.59,167.96,0.0,0.0,0.0,0
0.3,3.0,3200.0,3400.0,0100010,0,50,0,0,0,50,0,2096.5,-1203.5,46.3,176.26,0.0,0.0,0.0,0
0.3,3.0,3200.0,3400.0,0100100,0,50,0,0,50,0,0,2196.7,-1103.3,51.11,159.69,0.0,0.0,0.0,0
0.3,3.0,3200.0,3400.0,0101000,0,50,0,50,0,0,0,2122.9,-1177.1,47.84,170.6,0.0,0.0,0.0,0
0.3,3.0,3200.0,3400.0,0110000,0,50,50,0,0,0,0,2168.3,-1131.7,46.84,174.24,0.0,0.0,0.0,0
0.3,3.0,3200.0,3400.0,1000001,50,0,0,0,0,0,50,2067.5,-1232.5,46.44,175.74,0.0,0.0,0.0,0
0.3,3.0,3200.0,3400.0,1000010,50,0,0,0,0,50,0,2267.8,-1032.2,45.18,180.62,1.0,0.0,0.5,287155
0.3,3.0,3200.0,3400.0,1000100,50,0,0,0,50,0,0,2046.7,-1253.3,47.77,170.86,0.0,0.0,0.0,0
0.3,3.0,3200.0,3400.0,1001000,50,0,0,50,0,0,0,2275.4,-1024.6,47.91,170.35,1.0,0.0,0.5,177419
0.3,3.0,3200.0,3400.0,1010000,50,0,50,0,0,0,0,2592.4,-707.6,45.46,179.52,0.0,0.0,0.0,0
0.3,3.0,3200.0,3400.0,1100000,50,50,0,0,0,0,0,2140.2,-1159.8,46.71,174.73,1.0,0.0,0.5,13
0.3,3.0,3300.0,3500.0,0000011,0,0,0,0,0,50,50,2020.1,-1379.9,46.66,174.92,0.0,0.0,0.0,0
0.3,3.0,3300.0,3500.0,0000101,0,0,0,0,50,0,50,2027.7,-1372.3,49.09,166.27,0.0,0.0,0.0,0
0.3,3.0,3300.0,3500.0,0000110,0,0,0,0,50,50,0,1822.6,-1577.4,46.34,176.14,1.0,0.0,0.5,7381
0.3,3.0,3300.0,3500.0,0001001,0,0,0,50,0,0,50,1990.6,-1409.4,49.44,165.06,0.0,0.0,0.0,0
0.3,3.0,3300.0,3500.0,0001010,0,0,0,50,0,50,0,2253.2,-1146.8,47.35,172.35,1.0,0.0,0.5,183088
0.3,3.0,3300.0,3500.0,0001100,0,0,0,38,50,0,0,1877.3,-1522.7,48.56,168.05,1.0,0.0,0.5,107
0.3,3.0,3300.0,3500.0,0010001,0,0,50,0,0,0,50,2154.4,-1245.6,47.41,172.15,0.0,0.0,0.0,0
0.3,3.0,3300.0,3500.0,0010010,0,0,50,0,0,50,0,2296.8,-1103.2,46.11,176.98,1.0,0.0,0.5,72227
0.3,3.0,3300.0,3500.0,0010100,0,0,50,0,50,0,0,2020.0,-1380.0,48.62,167.87,0.0,0.0,0.0,0
0.3,3.0,3300.0,3500.0,0011000,0,0,50,50,0,0,0,2104.7,-1295.3,47.35,172.37,1.0,0.0,0.5,98122
0.3,3.0,3300.0,3500.0,0100001,0,50,0,0,0,0,50,2140.4,-1259.6,48.59,167.96,0.0,0.0,0.0,0
0.3,3.0,3300.0,3500.0,0100010,0,50,0,0,0,50,0,2096.5,-1303.5,46.3,176.26,0.0,0.0,0.0,0
0.3,3.0,3300.0,3500.0,0100100,0,50,0,0,50,0,0,2196.7,-1203.3,51.11,159.69,0.0,0.0,0.0,0
0.3,3.0,3300.0,3500.0,0101000,0,50,0,50,0,0,0,2122.9,-1277.1,47.84,170.6,0.0,0.0,0.0,0
0.3,3.0,3300.0,3500.0,0110000,0,50,50,0,0,0,0,2168.3,-1231.7,46.84,174.24,0.0,0.0,0.0,0
0.3,3.0,3300.0,3500.0,1000001,50,0,0,0,0,0,50,2067.5,-1332.5,46.44,175.74,0.0,0.0,0.0,0
0.3,3.0,3300.0,3500.0,1000010,50,0,0,0,0,50,0,2267.8,-1132.2,45.18,180.62,1.0,0.0,0.5,287155
0.3,3.0,3300.0,3500.0,1000100,50,0,0,0,50,0,0,2046.7,-1353.3,47.77,170.86,0.0,0.0,0.0,0
0.3,3.0,3300.0,3500.0,1001000,50,0,0,50,0,0,0,2275.4,-1124.6,47.91,170.35,1.0,0.0,0.5,177419
0.3,3.0,3300.0,3500.0,1010000,50,0,50,0,0,0,0,2592.4,-807.6,45.46,179.52,0.0,0.0,0.0,0
0.3,3.0,3300.0,3500.0,1100000,50,50,0,0,0,0,0,2140.2,-1259.8,46.71,174.73,1.0,0.0,0.5,13
0.3,3.0,3400.0,3600.0,0000011,0,0,0,0,0,50,50,2020.1,-1479.9,46.66,174.92,0.0,0.0,0.0,0
0.3,3.0,3400.0,3600.0,0000101,0,0,0,0,50,0,50,2027.7,-1472.3,49.09,166.27,0.0,0.0,0.0,0
0.3,3.0,3400.0,3600.0,0000110,0,0,0,0,50,50,0,1822.6,-1677.4,46.34,176.14,1.0,0.0,0.5,7381
0.3,3.0,3400.0,3600.0,0001001,0,0,0,50,0,0,50,1990.6,-1509.4,49.44,165.06,0.0,0.0,0.0,0
0.3,3.0,3400.0,3600.0,0001010,0,0,0,50,0,50,0,2253.2,-1246.8,47.35,172.35,1.0,0.0,0.5,183088
0.3,3.0,3400.0,3600.0,0001100,0,0,0,38,50,0,0,1877.3,-1622.7,48.56,168.05,1.0,0.0,0.5,107
0.3,3.0,3400.0,3600.0,0010001,0,0,50,0,0,0,50,2154.4,-1345.6,47.41,172.15,0.0,0.0,0.0,0
0.3,3.0,3400.0,3600.0,0010010,0,0,50,0,0,50,0,2296.8,-1203.2,46.11,176.98,1.0,0.0,0.5,72227
0.3,3.0,3400.0,3600.0,0010100,0,0,50,0,50,0,0,2020.0,-1480.0,48.62,167.87,0.0,0.0,0.0,0
0.3,3.0,3400.0,3600.0,0011000,0,0,50,50,0,0,0,2104.7,-1395.3,47.35,172.37,1.0,0.0,0.5,98122
0.3,3.0,3400.0,3600.0,0100001,0,50,0,0,0,0,50,2140.4,-1359.6,48.59,167.96,0.0,0.0,0.0,0
0.3,3.0,3400.0,3600.0,0100010,0,50,0,0,0,50,0,2096.5,-1403.5,46.3,176.26,0.0,0.0,0.0,0
0.3,3.0,3400.0,3600.0,0100100,0,50,0,0,50,0,0,2196.7,-1303.3,51.11,159.69,0.0,0.0,0.0,0
0.3,3.0,3400.0,3600.0,0101000,0,50,0,50,0,0,0,2122.9,-1377.1,47.84,170.6,0.0,0.0,0.0,0
0.3,3.0,3400.0,3600.0,0110000,0,50,50,0,0,0,0,2168.3,-1331.7,46.84,174.24,0.0,0.0,0.0,0
0.3,3.0,3400.0,3600.0,1000001,50,0,0,0,0,0,50,2067.5,-1432.5,46.44,175.74,0.0,0.0,0.0,0
0.3,3.0,3400.0,3600.0,1000010,50,0,0,0,0,50,0,2267.8,-1232.2,45.18,180.62,1.0,0.0,0.5,287155
0.3,3.0,3400.0,3600.0,1000100,50,0,0,0,50,0,0,2046.7,-1453.3,47.77,170.86,0.0,0.0,0.0,0
0.3,3.0,3400.0,3600.0,1001000,50,0,0,50,0,0,0,2275.4,-1224.6,47.91,170.35,1.0,0.0,0.5,177419
0.3,3.0,3400.0,3600.0,1010000,50,0,50,0,0,0,0,2592.4,-907.6,45.46,179.52,0.0,0.0,0.0,0
0.3,3.0,3400.0,3600.0,1100000,50,50,0,0,0,0,0,2140.2,-1359.8,46.71,174.73,1.0,0.0,0.5,13
0.3,3.0,3500.0,3700.0,0000011,0,0,0,0,0,50,50,2020.1,-1579.9,46.66,174.92,0.0,0.0,0.0,0
0.3,3.0,3500.0,3700.0,0000101,0,0,0,0,50,0,50,2027.7,-1572.3,49.09,166.27,0.0,0.0,0.0,0
0.3,3.0,3500.0,3700.0,0000110,0,0,0,0,50,50,0,1822.6,-1777.4,46.34,176.14,1.0,0.0,0.5,7381
0.3,3.0,3500.0,3700.0,0001001,0,0,0,50,0,0,50,1990.6,-1609.4,49.44,165.06,0.0,0.0,0.0,0
0.3,3.0,3500.0,3700.0,0001010,0,0,0,50,0,50,0,2253.2,-1346.8,47.35,172.35,1.0,0.0,0.5,183088
0.3,3.0,3500.0,3700.0,0001100,0,0,0,38,50,0,0,1877.3,-1722.7,48.56,168.05,1.0,0.0,0.5,107
0.3,3.0,3500.0,3700.0,0010001,0,0,50,0,0,0,50,2154.4,-1445.6,47.41,172.15,0.0,0.0,0.0,0
0.3,3.0,3500.0,3700.0,0010010,0,0,50,0,0,50,0,2296.8,-1303.2,46.11,176.98,1.0,0.0,0.5,72227
0.3,3.0,3500.0,3700.0,0010100,0,0,50,0,50,0,0,2020.0,-1580.0,48.62,167.87,0.0,0.0,0.0,0
0.3,3.0,3500.0,3700.0,0011000,0,0,50,50,0,0,0,2104.7,-1495.3,47.35,172.37,1.0,0.0,0.5,98122
0.3,3.0,3500.0,3700.0,0100001,0,50,0,0,0,0,50,2140.4,-1459.6,48.59,167.96,0.0,0.0,0.0,0
0.3,3.0,3500.0,3700.0,0100010,0,50,0,0,0,50,0,2096.5,-1503.5,46.3,176.26,0.0,0.0,0.0,0
0.3,3.0,3500.0,3700.0,0100100,0,50,0,0,50,0,0,2196.7,-1403.3,51.11,159.69,0.0,0.0,0.0,0
0.3,3.0,3500.0,3700.0,0101000,0,50,0,50,0,0,0,2122.9,-1477.1,47.84,170.6,0.0,0.0,0.0,0
0.3,3.0,3500.0,3700.0,0110000,0,50,50,0,0,0,0,2168.3,-1431.7,46.84,174.24,0.0,0.0,0.0,0
0.3,3.0,3500.0,3700.0,1000001,50,0,0,0,0,0,50,2067.5,-1532.5,46.44,175.74,0.0,0.0,0.0,0
0.3,3.0,3500.0,3700.0,1000010,50,0,0,0,0,50,0,2267.8,-1332.2,45.18,180.62,1.0,0.0,0.5,287155
0.3,3.0,3500.0,3700.0,1000100,50,0,0,0,50,0,0,2046.7,-1553.3,47.77,170.86,0.0,0.0,0.0,0
0.3,3.0,3500.0,3700.0,1001000,50,0,0,50,0,0,0,2275.4,-1324.6,47.91,170.35,1.0,0.0,0.5,177419
0.3,3.0,3500.0,3700.0,1010000,50,0,50,0,0,0,0,2592.4,-1007.6,45.46,179.52,0.0,0.0,0.0,0
0.3,3.0,3500.0,3700.0,1100000,50,50,0,0,0,0,0,2140.2,-1459.8,46.71,174.73,1.0,0.0,0.5,13
0.3,3.0,3600.0,3800.0,0000011,0,0,0,0,0,50,50,2020.1,-1679.9,46.66,174.92,0.0,0.0,0.0,0
0.3,3.0,3600.0,3800.0,0000101,0,0,0,0,50,0,50,2027.7,-1672.3,49.09,166.27,0.0,0.0,0.0,0
0.3,3.0,3600.0,3800.0,0000110,0,0,0,0,50,50,0,1822.6,-1877.4,46.34,176.14,1.0,0.0,0.5,7381
0.3,3.0,3600.0,3800.0,0001001,0,0,0,50,0,0,50,1990.6,-1709.4,49.44,165.06,0.0,0.0,0.0,0
0.3,3.0,3600.0,3800.0,0001010,0,0,0,50,0,50,0,2253.2,-1446.8,47.35,172.35,1.0,0.0,0.5,183088
0.3,3.0,3600.0,3800.0,0001100,0,0,0,38,50,0,0,1877.3,-1822.7,48.56,168.05,1.0,0.0,0.5,107
0.3,3.0,3600.0,3800.0,0010001,0,0,50,0,0,0,50,2154.4,-1545.6,47.41,172.15,0.0,0.0,0.0,0
0.3,3.0,3600.0,3800.0,0010010,0,0,50,0,0,50,0,2296.8,-1403.2,46.11,176.98,1.0,0.0,0.5,72227
0.3,3.0,3600.0,3800.0,0010100,0,0,50,0,50,0,0,2020.0,-1680.0,48.62,167.87,0.0,0.0,0.0,0
0.3,3.0,3600.0,3800.0,0011000,0,0,50,50,0,0,0,2104.7,-1595.3,47.35,172.37,1.0,0.0,0.5,98122
0.3,3.0,3600.0,3800.0,0100001,0,50,0,0,0,0,50,2140.4,-1559.6,48.59,167.96,0.0,0.0,0.0,0
0.3,3.0,3600.0,3800.0,0100010,0,50,0,0,0,50,0,2096.5,-1603.5,46.3,176.26,0.0,0.0,0.0,0
0.3,3.0,3600.0,3800.0,0100100,0,50,0,0,50,0,0,2196.7,-1503.3,51.11,159.69,0.0,0.0,0.0,0
0.3,3.0,3600.0,3800.0,0101000,0,50,0,50,0,0,0,2122.9,-1577.1,47.84,170.6,0.0,0.0,0.0,0
0.3,3.0,3600.0,3800.0,0110000,0,50,50,0,0,0,0,2168.3,-1531.7,46.84,174.24,0.0,0.0,0.0,0
0.3,3.0,3600.0,3800.0,1000001,50,0,0,0,0,0,50,2067.5,-1632.5,46.44,175.74,0.0,0.0,0.0,0
0.3,3.0,3600.0,3800.0,1000010,50,0,0,0,0,50,0,2267.8,-1432.2,45.18,180.62,1.0,0.0,0.5,287155
0.3,3.0,3600.0,3800.0,1000100,50,0,0,0,50,0,0,2046.7,-1653.3,47.77,170.86,0.0,0.0,0.0,0
0.3,3.0,3600.0,3800.0,1001000,50,0,0,50,0,0,0,2275.4,-1424.6,47.91,170.35,1.0,0.0,0.5,177419
0.3,3.0,3600.0,3800.0,1010000,50,0,50,0,0,0,0,2592.4,-1107.6,45.46,179.52,0.0,0.0,0.0,0
0.3,3.0,3600.0,3800.0,1100000,50,50,0,0,0,0,0,2140.2,-1559.8,46.71,174.73,1.0,0.0,0.5,13
0.3,3.0,2100.0,2300.0,0000111,0,0,0,0,50,50,50,2245.0,45.0,47.43,172.07,0.0,0.7,0.35,0
0.3,3.0,2100.0,2300.0,0001011,0,0,0,40,0,50,50,2348.2,148.2,50.02,163.15,1.0,0.01,0.51,38890
0.3,3.0,2100.0,2300.0,0001101,0,0,0,50,50,0,50,2335.3,135.3,50.52,161.53,0.0,0.1,0.05,0
0.3,3.0,2100.0,2300.0,0001110,0,0,0,46,30,50,0,2092.3,-107.7,47.42,172.11,1.0,0.28,0.64,43074
0.3,3.0,2100.0,2300.0,0010011,0,0,40,0,0,50,50,2338.5,138.5,46.94,173.86,1.0,0.08,0.54,27394
0.3,3.0,2100.0,2300.0,0010110,0,0,33,0,50,50,0,2075.6,-124.4,46.54,175.37,1.0,0.17,0.59,752
0.3,3.0,2100.0,2300.0,0011001,0,0,40,50,0,0,50,2348.1,148.1,49.64,164.4,1.0,0.01,0.51,43600
0.3,3.0,2100.0,2300.0,0011010,0,0,30,30,0,50,0,2352.0,152.0,46.01,177.37,1.0,0.0,0.5,16794
0.3,3.0,2100.0,2300.0,0011100,0,0,48,31,50,0,0,2131.1,-68.9,49.2,165.9,1.0,0.54,0.77,20018
0.3,3.0,2100.0,2300.0,0100011,0,41,0,0,0,50,50,2335.9,135.9,46.58,175.19,0.0,0.09,0.05,0
0.3,3.0,2100.0,2300.0,0100101,0,43,0,0,50,0,50,2344.0,144.0,51.59,158.19,0.0,0.04,0.02,0
0.3,3.0,2100.0,2300.0,0100110,0,45,0,0,49,50,0,2348.2,148.2,49.64,164.43,0.0,0.01,0.01,0
0.3,3.0,2100.0,2300.0,0101001,0,47,0,31,0,0,50,2346.2,146.2,48.74,167.46,0.0,0.03,0.01,0
0.3,3.0,2100.0,2300.0,0101010,0,49,0,30,0,50,0,2331.5,131.5,46.67,174.86,1.0,0.12,0.56,70128
0.3,3.0,2100.0,2300.0,0101100,0,50,0,31,50,0,0,2349.3,149.3,51.58,158.24,0.0,0.0,0.0,0
0.3,3.0,2100.0,2300.0,0110001,0,45,30,0,0,0,50,2341.1,141.1,47.9,170.39,0.0,0.06,0.03,0
0.3,3.0,2100.0,2300.0,0110010,0,50,30,0,0,50,0,2321.4,121.4,44.95,181.56,1.0,0.19,0.6,82146
0.3,3.0,2100.0,2300.0,0110100,0,47,31,0,50,0,0,2344.3,144.3,51.18,159.45,0.0,0.04,0.02,0
0.3,3.0,2100.0,2300.0,0111000,0,50,30,46,0,0,0,2308.3,108.3,47.13,173.15,1.0,0.28,0.64,60629
0.3,3.0,2100.0,2300.0,1000011,42,0,0,0,0,50,50,2312.8,112.8,45.85,178.0,1.0,0.25,0.62,160983
0.3,3.0,2100.0,2300.0,1000101,40,0,0,0,50,0,50,2340.9,140.9,49.04,166.43,0.0,0.06,0.03,0
0.3,3.0,2100.0,2300.0,1000110,42,0,0,0,50,50,0,2211.4,11.4,45.38,179.86,1.0,0.92,0.96,51601
0.3,3.0,2100.0,2300.0,1001001,42,0,0,50,0,0,50,2338.4,138.4,48.72,167.52,1.0,0.08,0.54,42856
0.3,3.0,2100.0,2300.0,1001010,30,0,0,30,0,50,0,2253.5,53.5,46.15,176.85,1.0,0.64,0.82,55145
0.3,3.0,2100.0,2300.0,1001100,50,0,0,39,50,0,0,2269.7,69.7,49.65,164.36,1.0,0.54,0.77,42078
0.3,3.0,2100.0,2300.0,1010001,40,0,33,0,0,0,50,2349.9,149.9,48.21,169.28,0.0,0.0,0.0,0
0.3,3.0,2100.0,2300.0,1010010,30,0,30,0,0,50,0,2359.8,159.8,45.51,179.32,1.0,0.0,0.5,1849
0.3,3.0,2100.0,2300.0,1010100,42,0,35,0,50,0,0,2347.0,147.0,49.54,164.75,0.0,0.02,0.01,0
0.3,3.0,2100.0,2300.0,1011000,30,0,30,39,0,0,0,2055.0,-145.0,47.33,172.42,1.0,0.03,0.52,4513
0.3,3.0,2100.0,2300.0,1100001,30,50,0,0,0,0,50,2338.8,138.8,47.63,171.35,0.0,0.07,0.04,0
0.3,3.0,2100.0,2300.0,1100010,33,50,0,0,0,50,0,2335.4,135.4,44.8,182.18,1.0,0.1,0.55,267341
0.3,3.0,2100.0,2300.0,1100100,31,46,0,0,50,0,0,2347.8,147.8,51.26,159.22,0.0,0.01,0.01,0
0.3,3.0,2100.0,2300.0,1101000,48,50,0,30,0,0,0,2318.7,118.7,46.43,175.79,1.0,0.21,0.6,188512
0.3,3.0,2100.0,2300.0,1110000,40,50,30,0,0,0,0,2338.1,138.1,47.41,172.14,0.0,0.08,0.04,0
0.3,3.0,2200.0,2400.0,0000111,0,0,0,0,50,50,50,2245.0,-55.0,47.43,172.07,0.0,0.63,0.32,0
0.3,3.0,2200.0,2400.0,0001011,0,0,0,43,0,50,50,2430.0,130.0,50.47,161.72,1.0,0.13,0.57,38890
0.3,3.0,2200.0,2400.0,0001101,0,0,0,50,50,0,50,2335.3,35.3,50.52,161.53,0.0,0.76,0.38,0
0.3,3.0,2200.0,2400.0,0001110,0,0,0,47,30,50,0,2161.9,-138.1,47.16,173.04,1.0,0.08,0.54,43074
0.3,3.0,2200.0,2400.0,0010011,0,0,42,0,0,50,50,2407.0,107.0,47.32,172.46,1.0,0.29,0.64,27394
0.3,3.0,2200.0,2400.0,0010110,0,0,36,0,50,50,0,2183.6,-116.4,46.28,176.35,1.0,0.22,0.61,752
0.3,3.0,2200.0,2400.0,0011001,0,0,43,50,0,0,50,2434.0,134.0,50.22,162.52,1.0,0.11,0.55,43600
0.3,3.0,2200.0,2400.0,0011010,0,0,30,30,0,50,0,2352.0,52.0,46.01,177.37,1.0,0.65,0.83,16794
0.3,3.0,2200.0,2400.0,0011100,0,0,49,31,50,0,0,2157.8,-142.2,49.17,165.97,1.0,0.05,0.53,20018
0.3,3.0,2200.0,2400.0,0100011,0,48,0,0,0,50,50,2449.2,149.2,47.2,172.92,0.0,0.01,0.0,0
0.3,3.0,2200.0,2400.0,0100101,0,50,0,0,50,0,50,2411.6,111.6,52.09,156.69,0.0,0.26,0.13,0
0.3,3.0,2200.0,2400.0,0100110,0,50,0,0,50,50,0,2445.3,145.3,50.67,161.07,0.0,0.03,0.02,0
0.3,3.0,2200.0,2400.0,0101001,0,50,0,39,0,0,50,2448.0,148.0,49.37,165.32,0.0,0.01,0.01,0
0.3,3.0,2200.0,2400.0,0101010,0,50,0,31,0,50,0,2389.6,89.6,46.83,174.27,1.0,0.4,0.7,70128
0.3,3.0,2200.0,2400.0,0101100,0,50,0,44,50,0,0,2445.6,145.6,52.05,156.81,0.0,0.03,0.01,0
0.3,3.0,2200.0,2400.0,0110001,0,50,30,0,0,0,50,2393.0,93.0,48.21,169.28,0.0,0.38,0.19,0
0.3,3.0,2200.0,2400.0,0110010,0,50,30,0,0,50,0,2321.4,21.4,44.95,181.56,1.0,0.86,0.93,82146
0.3,3.0,2200.0,2400.0,0110100,0,50,43,0,50,0,0,2449.7,149.7,51.73,157.77,0.0,0.0,0.0,0
0.3,3.0,2200.0,2400.0,0111000,0,50,30,46,0,0,0,2308.3,8.3,47.13,173.15,1.0,0.94,0.97,60629
0.3,3.0,2200.0,2400.0,1000011,44,0,0,0,0,50,50,2446.1,146.1,47.27,172.67,1.0,0.03,0.51,160983
0.3,3.0,2200.0,2400.0,1000101,49,0,0,0,50,0,50,2440.7,140.7,49.55,164.72,0.0,0.06,0.03,0
0.3,3.0,2200.0,2400.0,1000110,42,0,0,0,50,50,0,2211.4,-88.6,45.38,179.86,1.0,0.41,0.7,51601
0.3,3.0,2200.0,2400.0,1001001,45,0,0,48,0,0,50,2448.3,148.3,50.02,163.17,1.0,0.01,0.51,42856
0.3,3.0,2200.0,2400.0,1001010,30,0,0,30,0,50,0,2253.5,-46.5,46.15,176.85,1.0,0.69,0.85,55145
0.3,3.0,2200.0,2400.0,1001100,50,0,0,39,50,0,0,2269.7,-30.3,49.65,164.36,1.0,0.8,0.9,42078
0.3,3.0,2200.0,2400.0,1010001,45,0,30,0,0,0,50,2433.7,133.7,48.78,167.31,0.0,0.11,0.05,0
0.3,3.0,2200.0,2400.0,1010010,30,0,30,0,0,50,0,2359.8,59.8,45.51,179.32,1.0,0.6,0.8,1849
0.3,3.0,2200.0,2400.0,1010100,47,0,32,0,50,0,0,2444.8,144.8,49.79,163.91,0.0,0.03,0.02,0
0.3,3.0,2200.0,2400.0,1011000,30,0,30,44,0,0,0,2153.9,-146.1,47.01,173.61,1.0,0.03,0.51,4513
0.3,3.0,2200.0,2400.0,1100001,44,50,0,0,0,0,50,2443.8,143.8,47.67,171.2,0.0,0.04,0.02,0
0.3,3.0,2200.0,2400.0,1100010,37,49,0,0,0,50,0,2431.9,131.9,44.92,181.7,1.0,0.12,0.56,267341
0.3,3.0,2200.0,2400.0,1100100,36,50,0,0,50,0,0,2448.5,148.5,51.9,157.27,0.0,0.01,0.01,0
0.3,3.0,2200.0,2400.0,1101000,50,50,0,32,0,0,0,2439.1,139.1,46.5,175.51,1.0,0.07,0.54,188512
0.3,3.0,2200.0,2400.0,1110000,41,50,30,0,0,0,0,2354.6,54.6,47.42,172.1,0.0,0.64,0.32,0
0.3,3.0,2300.0,2500.0,0000111,0,0,0,0,50,50,50,2245.0,-155.0,47.43,172.07,0.0,0.0,0.0,0
0.3,3.0,2300.0,2500.0,0001011,0,0,0,46,0,50,50,2537.9,137.9,50.95,160.2,1.0,0.08,0.54,38890
0.3,3.0,2300.0,2500.0,0001101,0,0,0,50,50,0,50,2335.3,-64.7,50.52,161.53,0.0,0.57,0.28,0
0.3,3.0,2300.0,2500.0,0001110,0,0,0,48,33,50,0,2250.4,-149.6,46.8,174.38,1.0,0.0,0.5,43074
0.3,3.0,2300.0,2500.0,0010011,0,0,44,0,0,50,50,2512.3,112.3,47.89,170.41,1.0,0.25,0.63,27394
0.3,3.0,2300.0,2500.0,0010110,0,0,38,0,50,50,0,2282.2,-117.8,45.93,177.69,1.0,0.21,0.61,752
0.3,3.0,2300.0,2500.0,0011001,0,0,45,50,0,0,50,2511.5,111.5,50.59,161.34,1.0,0.26,0.63,43600
0.3,3.0,2300.0,2500.0,0011010,0,0,30,30,0,50,0,2352.0,-48.0,46.01,177.37,1.0,0.68,0.84,16794
0.3,3.0,2300.0,2500.0,0011100,0,0,50,36,50,0,0,2263.2,-136.8,48.97,166.65,1.0,0.09,0.54,20018
0.3,3.0,2300.0,2500.0,0100011,0,50,0,0,0,50,50,2476.0,76.0,47.37,172.3,0.0,0.49,0.25,0
0.3,3.0,2300.0,2500.0,0100101,0,50,0,0,50,0,50,2411.6,11.6,52.09,156.69,0.0,0.92,0.46,0
0.3,3.0,2300.0,2500.0,0100110,0,50,0,0,50,50,0,2445.3,45.3,50.67,161.07,0.0,0.7,0.35,0
0.3,3.0,2300.0,2500.0,0101001,0,50,0,50,0,0,50,2529.5,129.5,49.79,163.93,0.0,0.14,0.07,0
0.3,3.0,2300.0,2500.0,0101010,0,47,0,39,0,50,0,2541.0,141.0,46.99,173.68,1.0,0.06,0.53,70128
0.3,3.0,2300.0,2500.0,0101100,0,50,0,49,50,0,0,2479.4,79.4,52.13,156.55,0.0,0.47,0.24,0
0.3,3.0,2300.0,2500.0,0110001,0,50,48,0,0,0,50,2546.0,146.0,48.32,168.9,0.0,0.03,0.01,0
0.3,3.0,2300.0,2500.0,0110010,0,50,36,0,0,50,0,2540.5,140.5,45.03,181.26,1.0,0.06,0.53,82146
0.3,3.0,2300.0,2500.0,0110100,0,50,50,0,50,0,0,2485.7,85.7,52.08,156.72,0.0,0.43,0.21,0
0.3,3.0,2300.0,2500.0,0111000,0,50,30,46,0,0,0,2308.3,-91.7,47.13,173.15,1.0,0.39,0.69,60629
0.3,3.0,2300.0,2500.0,1000011,45,0,0,0,0,50,50,2534.8,134.8,47.83,170.64,1.0,0.1,0.55,160983
0.3,3.0,2300.0,2500.0,1000101,50,0,0,0,50,0,50,2452.3,52.3,49.62,164.47,0.0,0.65,0.33,0
0.3,3.0,2300.0,2500.0,1000110,43,0,0,0,50,50,0,2288.6,-111.4,45.35,179.98,1.0,0.26,0.63,51601
0.3,3.0,2300.0,2500.0,1001001,46,0,0,48,0,0,50,2541.4,141.4,50.57,161.39,1.0,0.06,0.53,42856
0.3,3.0,2300.0,2500.0,1001010,30,0,0,30,0,50,0,2253.5,-146.5,46.15,176.85,1.0,0.02,0.51,55145
0.3,3.0,2300.0,2500.0,1001100,50,0,0,39,50,0,0,2269.7,-130.3,49.65,164.36,1.0,0.13,0.57,42078
0.3,3.0,2300.0,2500.0,1010001,42,0,37,0,0,0,50,2549.3,149.3,49.07,166.33,0.0,0.0,0.0,0
0.3,3.0,2300.0,2500.0,1010010,30,0,30,0,0,50,0,2359.8,-40.2,45.51,179.32,1.0,0.73,0.87,1849
0.3,3.0,2300.0,2500.0,1010100,50,0,31,0,50,0,0,2542.2,142.2,50.1,162.89,0.0,0.05,0.03,0
0.3,3.0,2300.0,2500.0,1011000,30,0,30,49,0,0,0,2267.1,-132.9,46.8,174.39,1.0,0.11,0.56,4513
0.3,3.0,2300.0,2500.0,1100001,50,50,0,0,0,0,50,2498.8,98.8,47.83,170.63,0.0,0.34,0.17,0
0.3,3.0,2300.0,2500.0,1100010,38,50,0,0,0,50,0,2543.2,143.2,45.3,180.15,1.0,0.05,0.52,267341
0.3,3.0,2300.0,2500.0,1100100,46,50,0,0,50,0,0,2546.2,146.2,52.66,154.99,0.0,0.03,0.01,0
0.3,3.0,2300.0,2500.0,1101000,49,50,0,37,0,0,0,2545.3,145.3,46.62,175.07,1.0,0.03,0.52,188512
0.3,3.0,2300.0,2500.0,1110000,41,50,30,0,0,0,0,2354.6,-45.4,47.42,172.1,0.0,0.7,0.35,0
0.3,3.0,2400.0,2600.0,0000111,0,0,0,0,50,50,50,2245.0,-255.0,47.43,172.07,0.0,0.0,0.0,0
0.3,3.0,2400.0,2600.0,0001011,0,0,0,46,0,50,50,2537.9,37.9,50.95,160.2,1.0,0.75,0.87,38890
0.3,3.0,2400.0,2600.0,0001101,0,0,0,50,50,0,50,2335.3,-164.7,50.52,161.53,0.0,0.0,0.0,0
0.3,3.0,2400.0,2600.0,0001110,0,0,0,44,50,50,0,2384.1,-115.9,46.54,175.38,1.0,0.23,0.61,43074
0.3,3.0,2400.0,2600.0,0010011,0,0,45,0,0,50,50,2605.0,105.0,48.24,169.18,1.0,0.3,0.65,27394
0.3,3.0,2400.0,2600.0,0010110,0,0,40,0,50,50,0,2369.1,-130.9,45.81,178.17,1.0,0.13,0.56,752
0.3,3.0,2400.0,2600.0,0011001,0,0,46,50,0,0,50,2552.5,52.5,50.61,161.26,1.0,0.65,0.83,43600
0.3,3.0,2400.0,2600.0,0011010,0,0,30,30,0,50,0,2352.0,-148.0,46.01,177.37,1.0,0.01,0.51,16794
0.3,3.0,2400.0,2600.0,0011100,0,0,47,43,50,0,0,2355.9,-144.1,48.68,167.65,1.0,0.04,0.52,20018
0.3,3.0,2400.0,2600.0,0100011,0,50,0,0,0,50,50,2476.0,-24.0,47.37,172.3,0.0,0.84,0.42,0
0.3,3.0,2400.0,2600.0,0100101,0,50,0,0,50,0,50,2411.6,-88.4,52.09,156.69,0.0,0.41,0.21,0
0.3,3.0,2400.0,2600.0,0100110,0,50,0,0,50,50,0,2445.3,-54.7,50.67,161.07,0.0,0.64,0.32,0
0.3,3.0,2400.0,2600.0,0101001,0,50,0,50,0,0,50,2529.5,29.5,49.79,163.93,0.0,0.8,0.4,0
0.3,3.0,2400.0,2600.0,0101010,0,50,0,37,0,50,0,2595.1,95.1,47.09,173.32,1.0,0.37,0.68,70128
0.3,3.0,2400.0,2600.0,0101100,0,50,0,49,50,0,0,2479.4,-20.6,52.13,156.55,0.0,0.86,0.43,0
0.3,3.0,2400.0,2600.0,0110001,0,50,50,0,0,0,50,2559.0,59.0,48.34,168.83,0.0,0.61,0.3,0
0.3,3.0,2400.0,2600.0,0110010,0,50,39,0,0,50,0,2647.4,147.4,45.16,180.74,1.0,0.02,0.51,82146
0.3,3.0,2400.0,2600.0,0110100,0,50,50,0,50,0,0,2485.7,-14.3,52.08,156.72,0.0,0.9,0.45,0
0.3,3.0,2400.0,2600.0,0111000,0,50,30,50,0,0,0,2350.5,-149.5,46.79,174.44,1.0,0.0,0.5,60629
0.3,3.0,2400.0,2600.0,1000011,46,0,0,0,0,50,50,2605.9,105.9,47.98,170.12,1.0,0.29,0.65,160983
0.3,3.0,2400.0,2600.0,1000101,50,0,0,0,50,0,50,2452.3,-47.7,49.62,164.47,0.0,0.68,0.34,0
0.3,3.0,2400.0,2600.0,1000110,44,0,0,0,50,50,0,2370.1,-129.9,45.25,180.37,1.0,0.13,0.57,51601
0.3,3.0,2400.0,2600.0,1001001,45,0,0,50,0,0,50,2553.0,53.0,50.64,161.17,1.0,0.65,0.82,42856
0.3,3.0,2400.0,2600.0,1001010,31,0,0,35,0,50,0,2352.4,-147.6,45.9,177.8,1.0,0.02,0.51,55145
0.3,3.0,2400.0,2600.0,1001100,50,0,0,41,50,0,0,2387.7,-112.3,49.52,164.81,1.0,0.25,0.63,42078
0.3,3.0,2400.0,2600.0,1010001,43,0,36,0,0,0,50,2553.7,53.7,49.07,166.33,0.0,0.64,0.32,0
0.3,3.0,2400.0,2600.0,1010010,30,0,30,0,0,50,0,2359.8,-140.2,45.51,179.32,1.0,0.07,0.53,1849
0.3,3.0,2400.0,2600.0,1010100,50,0,33,0,50,0,0,2596.2,96.2,50.21,162.53,0.0,0.36,0.18,0
0.3,3.0,2400.0,2600.0,1011000,34,0,30,46,0,0,0,2351.0,-149.0,46.56,175.29,1.0,0.01,0.5,4513
0.3,3.0,2400.0,2600.0,1100001,50,50,0,0,0,0,50,2498.8,-1.2,47.83,170.63,0.0,0.99,0.5,0
0.3,3.0,2400.0,2600.0,1100010,40,50,0,0,0,50,0,2608.8,108.8,45.52,179.28,1.0,0.27,0.64,267341
0.3,3.0,2400.0,2600.0,1100100,50,50,0,0,50,0,0,2593.1,93.1,52.89,154.31,0.0,0.38,0.19,0
0.3,3.0,2400.0,2600.0,1101000,50,50,0,38,0,0,0,2644.0,144.0,46.72,174.7,1.0,0.04,0.52,188512
0.3,3.0,2400.0,2600.0,1110000,41,50,30,0,0,0,0,2354.6,-145.4,47.42,172.1,0.0,0.03,0.02,0
0.3,3.0,2500.0,2700.0,0000111,0,0,0,0,50,50,50,2245.0,-355.0,47.43,172.07,0.0,0.0,0.0,0
0.3,3.0,2500.0,2700.0,0001011,0,0,0,46,0,50,50,2537.9,-62.1,50.95,160.2,1.0,0.59,0.79,38890
0.3,3.0,2500.0,2700.0,0001101,0,0,0,50,50,0,50,2335.3,-264.7,50.52,161.53,0.0,0.0,0.0,0
0.3,3.0,2500.0,2700.0,0001110,0,0,0,46,49,50,0,2466.9,-133.1,46.15,176.84,1.0,0.11,0.56,43074
0.3,3.0,2500.0,2700.0,0010011,0,0,46,0,0,50,50,2699.0,99.0,48.37,168.72,1.0,0.34,0.67,27394
0.3,3.0,2500.0,2700.0,0010110,0,0,43,0,50,50,0,2470.1,-129.9,45.62,178.9,1.0,0.13,0.57,752
0.3,3.0,2500.0,2700.0,0011001,0,0,46,50,0,0,50,2552.5,-47.5,50.61,161.26,1.0,0.68,0.84,43600
0.3,3.0,2500.0,2700.0,0011010,0,0,30,33,0,50,0,2460.8,-139.2,45.87,177.94,1.0,0.07,0.54,16794
0.3,3.0,2500.0,2700.0,0011100,0,0,46,47,50,0,0,2453.1,-146.9,47.71,171.06,1.0,0.02,0.51,20018
0.3,3.0,2500.0,2700.0,0100011,0,50,0,0,0,50,50,2476.0,-124.0,47.37,172.3,0.0,0.17,0.09,0
0.3,3.0,2500.0,2700.0,0100101,0,50,0,0,50,0,50,2411.6,-188.4,52.09,156.69,0.0,0.0,0.0,0
0.3,3.0,2500.0,2700.0,0100110,0,50,0,0,50,50,0,2445.3,-154.7,50.67,161.07,0.0,0.0,0.0,0
0.3,3.0,2500.0,2700.0,0101001,0,50,0,50,0,0,50,2529.5,-70.5,49.79,163.93,0.0,0.53,0.27,0
0.3,3.0,2500.0,2700.0,0101010,0,50,0,37,0,50,0,2595.1,-4.9,47.09,173.32,1.0,0.97,0.98,70128
0.3,3.0,2500.0,2700.0,0101100,0,50,0,49,50,0,0,2479.4,-120.6,52.13,156.55,0.0,0.2,0.1,0
0.3,3.0,2500.0,2700.0,0110001,0,50,50,0,0,0,50,2559.0,-41.0,48.34,168.83,0.0,0.73,0.36,0
0.3,3.0,2500.0,2700.0,0110010,0,50,40,0,0,50,0,2679.2,79.2,45.17,180.69,1.0,0.47,0.74,82146
0.3,3.0,2500.0,2700.0,0110100,0,50,50,0,50,0,0,2485.7,-114.3,52.08,156.72,0.0,0.24,0.12,0
0.3,3.0,2500.0,2700.0,0111000,0,50,37,50,0,0,0,2553.3,-46.7,46.46,175.67,1.0,0.69,0.84,60629
0.3,3.0,2500.0,2700.0,1000011,46,0,0,0,0,50,50,2605.9,5.9,47.98,170.12,1.0,0.96,0.98,160983
0.3,3.0,2500.0,2700.0,1000101,50,0,0,0,50,0,50,2452.3,-147.7,49.62,164.47,0.0,0.02,0.01,0
0.3,3.0,2500.0,2700.0,1000110,47,0,0,0,50,50,0,2682.3,82.3,45.23,180.44,1.0,0.45,0.73,51601
0.3,3.0,2500.0,2700.0,1001001,45,0,0,50,0,0,50,2553.0,-47.0,50.64,161.17,1.0,0.69,0.84,42856
0.3,3.0,2500.0,2700.0,1001010,37,0,0,35,0,50,0,2450.1,-149.9,45.52,179.31,1.0,0.0,0.5,55145
0.3,3.0,2500.0,2700.0,1001100,50,0,0,42,50,0,0,2450.4,-149.6,49.37,165.32,1.0,0.0,0.5,42078
0.3,3.0,2500.0,2700.0,1010001,43,0,36,0,0,0,50,2553.7,-46.3,49.07,166.33,0.0,0.69,0.35,0
0.3,3.0,2500.0,2700.0,1010010,30,0,36,0,0,50,0,2450.9,-149.1,45.13,180.85,1.0,0.01,0.5,1849
0.3,3.0,2500.0,2700.0,1010100,50,0,33,0,50,0,0,2596.2,-3.8,50.21,162.53,0.0,0.97,0.49,0
0.3,3.0,2500.0,2700.0,1011000,34,0,30,50,0,0,0,2450.3,-149.7,46.37,176.0,1.0,0.0,0.5,4513
0.3,3.0,2500.0,2700.0,1100001,50,50,0,0,0,0,50,2498.8,-101.2,47.83,170.63,0.0,0.33,0.16,0
0.3,3.0,2500.0,2700.0,1100010,43,50,0,0,0,50,0,2747.2,147.2,45.66,178.73,1.0,0.02,0.51,267341
0.3,3.0,2500.0,2700.0,1100100,50,50,0,0,50,0,0,2593.1,-6.9,52.89,154.31,0.0,0.95,0.48,0
0.3,3.0,2500.0,2700.0,1101000,50,50,0,38,0,0,0,2644.0,44.0,46.72,174.7,1.0,0.71,0.85,188512
0.3,3.0,2500.0,2700.0,1110000,45,50,30,0,0,0,0,2463.0,-137.0,47.14,173.12,0.0,0.09,0.04,0
0.3,3.0,2600.0,2800.0,0000111,0,0,0,0,50,50,50,2245.0,-455.0,47.43,172.07,0.0,0.0,0.0,0
0.3,3.0,2600.0,2800.0,0001011,0,0,0,47,0,50,50,2582.6,-117.4,50.9,160.33,1.0,0.22,0.61,38890
0.3,3.0,2600.0,2800.0,0001101,0,0,0,50,50,0,50,2335.3,-364.7,50.52,161.53,0.0,0.0,0.0,0
0.3,3.0,2600.0,2800.0,0001110,0,0,0,48,50,50,0,2555.4,-144.6,45.95,177.6,1.0,0.04,0.52,43074
0.3,3.0,2600.0,2800.0,0010011,0,0,46,0,0,50,50,2699.0,-1.0,48.37,168.72,1.0,0.99,1.0,27394
0.3,3.0,2600.0,2800.0,0010110,0,0,46,0,50,50,0,2558.8,-141.2,45.5,179.36,1.0,0.06,0.53,752
0.3,3.0,2600.0,2800.0,0011001,0,0,46,50,0,0,50,2552.5,-147.5,50.61,161.26,1.0,0.02,0.51,43600
0.3,3.0,2600.0,2800.0,0011010,0,0,30,36,0,50,0,2551.8,-148.2,45.73,178.47,1.0,0.01,0.51,16794
0.3,3.0,2600.0,2800.0,0011100,0,0,47,50,50,0,0,2555.5,-144.5,46.57,175.26,1.0,0.04,0.52,20018
0.3,3.0,2600.0,2800.0,0100011,0,50,0,0,0,50,50,2476.0,-224.0,47.37,172.3,0.0,0.0,0.0,0
0.3,3.0,2600.0,2800.0,0100101,0,50,0,0,50,0,50,2411.6,-288.4,52.09,156.69,0.0,0.0,0.0,0
0.3,3.0,2600.0,2800.0,0100110,0,50,0,0,50,50,0,2445.3,-254.7,50.67,161.07,0.0,0.0,0.0,0
0.3,3.0,2600.0,2800.0,0101001,0,50,0,50,0,0,50,2529.5,-170.5,49.79,163.93,0.0,0.0,0.0,0
0.3,3.0,2600.0,2800.0,0101010,0,50,0,37,0,50,0,2595.1,-104.9,47.09,173.32,1.0,0.3,0.65,70128
0.3,3.0,2600.0,2800.0,0101100,0,50,0,50,50,0,0,2486.6,-213.4,52.13,156.56,0.0,0.0,0.0,0
0.3,3.0,2600.0,2800.0,0110001,0,50,50,0,0,0,50,2559.0,-141.0,48.34,168.83,0.0,0.06,0.03,0
0.3,3.0,2600.0,2800.0,0110010,0,50,40,0,0,50,0,2679.2,-20.8,45.17,180.69,1.0,0.86,0.93,82146
0.3,3.0,2600.0,2800.0,0110100,0,50,50,0,50,0,0,2485.7,-214.3,52.08,156.72,0.0,0.0,0.0,0
0.3,3.0,2600.0,2800.0,0111000,0,50,37,50,0,0,0,2553.3,-146.7,46.46,175.67,1.0,0.02,0.51,60629
0.3,3.0,2600.0,2800.0,1000011,46,0,0,0,0,50,50,2605.9,-94.1,47.98,170.12,1.0,0.37,0.69,160983
0.3,3.0,2600.0,2800.0,1000101,50,0,0,0,50,0,50,2452.3,-247.7,49.62,164.47,0.0,0.0,0.0,0
0.3,3.0,2600.0,2800.0,1000110,49,0,0,0,50,50,0,2837.6,137.6,45.57,179.11,1.0,0.08,0.54,51601
0.3,3.0,2600.0,2800.0,1001001,45,0,0,50,0,0,50,2553.0,-147.0,50.64,161.17,1.0,0.02,0.51,42856
0.3,3.0,2600.0,2800.0,1001010,42,0,0,31,0,50,0,2554.6,-145.4,45.26,180.32,1.0,0.03,0.52,55145
0.3,3.0,2600.0,2800.0,1001100,50,0,0,44,50,0,0,2575.2,-124.8,48.8,167.25,1.0,0.17,0.58,42078
0.3,3.0,2600.0,2800.0,1010001,43,0,36,0,0,0,50,2553.7,-146.3,49.07,166.33,0.0,0.02,0.01,0
0.3,3.0,2600.0,2800.0,1010010,39,0,49,0,0,50,0,2843.2,143.2,44.76,182.32,1.0,0.05,0.52,1849
0.3,3.0,2600.0,2800.0,1010100,50,0,33,0,50,0,0,2596.2,-103.8,50.21,162.53,0.0,0.31,0.15,0
0.3,3.0,2600.0,2800.0,1011000,38,0,30,47,0,0,0,2555.1,-144.9,46.24,176.49,1.0,0.03,0.52,4513
0.3,3.0,2600.0,2800.0,1100001,50,50,0,0,0,0,50,2498.8,-201.2,47.83,170.63,0.0,0.0,0.0,0
0.3,3.0,2600.0,2800.0,1100010,45,50,0,0,0,50,0,2840.3,140.3,45.67,178.7,1.0,0.06,0.53,267341
0.3,3.0,2600.0,2800.0,1100100,50,50,0,0,50,0,0,2593.1,-106.9,52.89,154.31,0.0,0.29,0.14,0
0.3,3.0,2600.0,2800.0,1101000,50,50,0,38,0,0,0,2644.0,-56.0,46.72,174.7,1.0,0.63,0.81,188512
0.3,3.0,2600.0,2800.0,1110000,48,50,30,0,0,0,0,2560.0,-140.0,46.53,175.39,0.0,0.07,0.03,0
0.3,3.0,2700.0,2900.0,0000111,0,0,0,0,50,50,50,2245.0,-555.0,47.43,172.07,0.0,0.0,0.0,0
0.3,3.0,2700.0,2900.0,0001011,0,0,0,49,0,50,50,2683.5,-116.5,50.64,161.17,1.0,0.22,0.61,38890
0.3,3.0,2700.0,2900.0,0001101,0,0,0,50,50,0,50,2335.3,-464.7,50.52,161.53,0.0,0.0,0.0,0
0.3,3.0,2700.0,2900.0,0001110,0,0,0,50,50,50,0,2591.5,-208.5,45.83,178.1,1.0,0.0,0.5,43074
0.3,3.0,2700.0,2900.0,0010011,0,0,46,0,0,50,50,2699.0,-101.0,48.37,168.72,1.0,0.33,0.66,27394
0.3,3.0,2700.0,2900.0,0010110,0,0,50,0,50,50,0,2636.3,-163.7,45.36,179.94,1.0,0.0,0.5,752
0.3,3.0,2700.0,2900.0,0011001,0,0,50,49,0,0,50,2656.3,-143.7,49.89,163.6,1.0,0.04,0.52,43600
0.3,3.0,2700.0,2900.0,0011010,0,0,34,36,0,50,0,2650.6,-149.4,45.55,179.17,1.0,0.0,0.5,16794
0.3,3.0,2700.0,2900.0,0011100,0,0,50,50,50,0,0,2597.8,-202.2,46.29,176.31,1.0,0.0,0.5,20018
0.3,3.0,2700.0,2900.0,0100011,0,50,0,0,0,50,50,2476.0,-324.0,47.37,172.3,0.0,0.0,0.0,0
0.3,3.0,2700.0,2900.0,0100101,0,50,0,0,50,0,50,2411.6,-388.4,52.09,156.69,0.0,0.0,0.0,0
0.3,3.0,2700.0,2900.0,0100110,0,50,0,0,50,50,0,2445.3,-354.7,50.67,161.07,0.0,0.0,0.0,0
0.3,3.0,2700.0,2900.0,0101001,0,50,0,50,0,0,50,2529.5,-270.5,49.79,163.93,0.0,0.0,0.0,0
0.3,3.0,2700.0,2900.0,0101010,0,50,0,39,0,50,0,2669.3,-130.7,47.07,173.38,1.0,0.13,0.56,70128
0.3,3.0,2700.0,2900.0,0101100,0,50,0,50,50,0,0,2486.6,-313.4,52.13,156.56,0.0,0.0,0.0,0
0.3,3.0,2700.0,2900.0,0110001,0,50,50,0,0,0,50,2559.0,-241.0,48.34,168.83,0.0,0.0,0.0,0
0.3,3.0,2700.0,2900.0,0110010,0,50,40,0,0,50,0,2679.2,-120.8,45.17,180.69,1.0,0.19,0.6,82146
0.3,3.0,2700.0,2900.0,0110100,0,50,50,0,50,0,0,2485.7,-314.3,52.08,156.72,0.0,0.0,0.0,0
0.3,3.0,2700.0,2900.0,0111000,0,50,42,50,0,0,0,2666.5,-133.5,46.16,176.81,1.0,0.11,0.56,60629
0.3,3.0,2700.0,2900.0,1000011,47,0,0,0,0,50,50,2672.3,-127.7,47.75,170.93,1.0,0.15,0.57,160983
0.3,3.0,2700.0,2900.0,1000101,50,0,0,0,50,0,50,2452.3,-347.7,49.62,164.47,0.0,0.0,0.0,0
0.3,3.0,2700.0,2900.0,1000110,50,0,0,0,50,50,0,2882.7,82.7,45.72,178.49,1.0,0.45,0.72,51601
0.3,3.0,2700.0,2900.0,1001001,47,0,0,49,0,0,50,2686.6,-113.4,50.39,161.95,1.0,0.24,0.62,42856
0.3,3.0,2700.0,2900.0,1001010,49,0,0,30,0,50,0,2943.6,143.6,45.41,179.71,1.0,0.04,0.52,55145
0.3,3.0,2700.0,2900.0,1001100,50,0,0,46,50,0,0,2699.9,-100.1,48.3,168.99,1.0,0.33,0.67,42078
0.3,3.0,2700.0,2900.0,1010001,43,0,39,0,0,0,50,2651.4,-148.6,48.99,166.59,0.0,0.01,0.0,0
0.3,3.0,2700.0,2900.0,1010010,43,0,49,0,0,50,0,2945.0,145.0,45.08,181.03,1.0,0.03,0.52,1849
0.3,3.0,2700.0,2900.0,1010100,50,0,35,0,50,0,0,2654.3,-145.7,50.17,162.66,0.0,0.03,0.01,0
0.3,3.0,2700.0,2900.0,1011000,50,0,30,40,0,0,0,2942.9,142.9,46.2,176.65,1.0,0.05,0.52,4513
0.3,3.0,2700.0,2900.0,1100001,50,50,0,0,0,0,50,2498.8,-301.2,47.83,170.63,0.0,0.0,0.0,0
0.3,3.0,2700.0,2900.0,1100010,45,50,0,0,0,50,0,2840.3,40.3,45.67,178.7,1.0,0.73,0.87,267341
0.3,3.0,2700.0,2900.0,1100100,50,50,0,0,50,0,0,2593.1,-206.9,52.89,154.31,0.0,0.0,0.0,0
0.3,3.0,2700.0,2900.0,1101000,49,50,0,40,0,0,0,2653.8,-146.2,46.67,174.87,1.0,0.03,0.51,188512
0.3,3.0,2700.0,2900.0,1110000,42,50,44,0,0,0,0,2771.8,-28.2,46.29,176.3,0.0,0.81,0.41,0
0.3,3.0,2800.0,3000.0,0000111,0,0,0,0,50,50,50,2245.0,-655.0,47.43,172.07,0.0,0.0,0.0,0
0.3,3.0,2800.0,3000.0,0001011,0,0,0,50,0,50,50,2717.8,-182.2,50.5,161.61,1.0,0.0,0.5,38890
0.3,3.0,2800.0,3000.0,0001101,0,0,0,50,50,0,50,2335.3,-564.7,50.52,161.53,0.0,0.0,0.0,0
0.3,3.0,2800.0,3000.0,0001110,0,0,0,50,50,50,0,2591.5,-308.5,45.83,178.1,1.0,0.0,0.5,43074
0.3,3.0,2800.0,3000.0,0010011,0,0,47,0,0,50,50,2763.7,-136.3,48.31,168.94,1.0,0.09,0.55,27394
0.3,3.0,2800.0,3000.0,0010110,0,0,50,0,50,50,0,2636.3,-263.7,45.36,179.94,1.0,0.0,0.5,752
0.3,3.0,2800.0,3000.0,0011001,0,0,50,50,0,0,50,2677.1,-222.9,49.81,163.84,1.0,0.0,0.5,43600
0.3,3.0,2800.0,3000.0,0011010,0,0,50,50,0,50,0,2980.6,80.6,45.55,179.19,1.0,0.46,0.73,16794
0.3,3.0,2800.0,3000.0,0011100,0,0,50,50,50,0,0,2597.8,-302.2,46.29,176.31,1.0,0.0,0.5,20018
0.3,3.0,2800.0,3000.0,0100011,0,50,0,0,0,50,50,2476.0,-424.0,47.37,172.3,0.0,0.0,0.0,0
0.3,3.0,2800.0,3000.0,0100101,0,50,0,0,50,0,50,2411.6,-488.4,52.09,156.69,0.0,0.0,0.0,0
0.3,3.0,2800.0,3000.0,0100110,0,50,0,0,50,50,0,2445.3,-454.7,50.67,161.07,0.0,0.0,0.0,0
0.3,3.0,2800.0,3000.0,0101001,0,50,0,50,0,0,50,2529.5,-370.5,49.79,163.93,0.0,0.0,0.0,0
0.3,3.0,2800.0,3000.0,0101010,0,50,0,42,0,50,0,2777.8,-122.2,46.91,173.97,1.0,0.19,0.59,70128
0.3,3.0,2800.0,3000.0,0101100,0,50,0,50,50,0,0,2486.6,-413.4,52.13,156.56,0.0,0.0,0.0,0
0.3,3.0,2800.0,3000.0,0110001,0,50,50,0,0,0,50,2559.0,-341.0,48.34,168.83,0.0,0.0,0.0,0
0.3,3.0,2800.0,3000.0,0110010,0,50,42,0,0,50,0,2750.8,-149.2,45.11,180.9,1.0,0.01,0.5,82146
0.3,3.0,2800.0,3000.0,0110100,0,50,50,0,50,0,0,2485.7,-414.3,52.08,156.72,0.0,0.0,0.0,0
0.3,3.0,2800.0,3000.0,0111000,0,50,46,50,0,0,0,2754.1,-145.9,45.87,177.93,1.0,0.03,0.51,60629
0.3,3.0,2800.0,3000.0,1000011,50,0,0,0,0,50,50,2776.0,-124.0,47.69,171.12,1.0,0.17,0.59,160983
0.3,3.0,2800.0,3000.0,1000101,50,0,0,0,50,0,50,2452.3,-447.7,49.62,164.47,0.0,0.0,0.0,0
0.3,3.0,2800.0,3000.0,1000110,50,0,0,0,50,50,0,2882.7,-17.3,45.72,178.49,1.0,0.88,0.94,51601
0.3,3.0,2800.0,3000.0,1001001,48,0,0,50,0,0,50,2761.0,-139.0,49.95,163.41,1.0,0.07,0.54,42856
0.3,3.0,2800.0,3000.0,1001010,49,0,0,36,0,50,0,3048.7,148.7,45.99,177.45,1.0,0.01,0.5,55145
0.3,3.0,2800.0,3000.0,1001100,50,0,0,48,50,0,0,2771.4,-128.6,48.04,169.89,1.0,0.14,0.57,42078
0.3,3.0,2800.0,3000.0,1010001,36,0,50,0,0,0,50,2763.9,-136.1,48.37,168.72,0.0,0.09,0.05,0
0.3,3.0,2800.0,3000.0,1010010,50,0,39,0,0,50,0,3047.5,147.5,45.31,180.14,1.0,0.02,0.51,1849
0.3,3.0,2800.0,3000.0,1010100,50,0,39,0,50,0,0,2770.3,-129.7,49.91,163.51,0.0,0.14,0.07,0
0.3,3.0,2800.0,3000.0,1011000,49,0,30,47,0,0,0,3043.5,143.5,46.53,175.42,1.0,0.04,0.52,4513
0.3,3.0,2800.0,3000.0,1100001,50,50,0,0,0,0,50,2498.8,-401.2,47.83,170.63,0.0,0.0,0.0,0
0.3,3.0,2800.0,3000.0,1100010,45,50,0,0,0,50,0,2840.3,-59.7,45.67,178.7,1.0,0.6,0.8,267341
0.3,3.0,2800.0,3000.0,1100100,50,50,0,0,50,0,0,2593.1,-306.9,52.89,154.31,0.0,0.0,0.0,0
0.3,3.0,2800.0,3000.0,1101000,50,50,0,41,0,0,0,2773.0,-127.0,46.53,175.39,1.0,0.15,0.58,188512
0.3,3.0,2800.0,3000.0,1110000,42,50,44,0,0,0,0,2771.8,-128.2,46.29,176.3,0.0,0.15,0.07,0
0.3,3.0,2900.0,3100.0,0000111,0,0,0,0,50,50,50,2245.0,-755.0,47.43,172.07,0.0,0.0,0.0,0
0.3,3.0,2900.0,3100.0,0001011,0,0,0,50,0,50,50,2717.8,-282.2,50.5,161.61,1.0,0.0,0.5,38890
0.3,3.0,2900.0,3100.0,0001101,0,0,0,50,50,0,50,2335.3,-664.7,50.52,161.53,0.0,0.0,0.0,0
0.3,3.0,2900.0,3100.0,0001110,0,0,0,50,50,50,0,2591.5,-408.5,45.83,178.1,1.0,0.0,0.5,43074
0.3,3.0,2900.0,3100.0,0010011,0,0,50,0,0,50,50,2838.2,-161.8,48.14,169.55,1.0,0.0,0.5,27394
0.3,3.0,2900.0,3100.0,0010110,0,0,50,0,50,50,0,2636.3,-363.7,45.36,179.94,1.0,0.0,0.5,752
0.3,3.0,2900.0,3100.0,0011001,0,0,50,50,0,0,50,2677.1,-322.9,49.81,163.84,1.0,0.0,0.5,43600
0.3,3.0,2900.0,3100.0,0011010,0,0,50,50,0,50,0,2980.6,-19.4,45.55,179.19,1.0,0.87,0.94,16794
0.3,3.0,2900.0,3100.0,0011100,0,0,50,50,50,0,0,2597.8,-402.2,46.29,176.31,1.0,0.0,0.5,20018
0.3,3.0,2900.0,3100.0,0100011,0,50,0,0,0,50,50,2476.0,-524.0,47.37,172.3,0.0,0.0,0.0,0
0.3,3.0,2900.0,3100.0,0100101,0,50,0,0,50,0,50,2411.6,-588.4,52.09,156.69,0.0,0.0,0.0,0
0.3,3.0,2900.0,3100.0,0100110,0,50,0,0,50,50,0,2445.3,-554.7,50.67,161.07,0.0,0.0,0.0,0
0.3,3.0,2900.0,3100.0,0101001,0,50,0,50,0,0,50,2529.5,-470.5,49.79,163.93,0.0,0.0,0.0,0
0.3,3.0,2900.0,3100.0,0101010,0,50,0,46,0,50,0,2851.2,-148.8,46.61,175.09,1.0,0.01,0.5,70128
0.3,3.0,2900.0,3100.0,0101100,0,50,0,50,50,0,0,2486.6,-513.4,52.13,156.56,0.0,0.0,0.0,0
0.3,3.0,2900.0,3100.0,0110001,0,50,50,0,0,0,50,2559.0,-441.0,48.34,168.83,0.0,0.0,0.0,0
0.3,3.0,2900.0,3100.0,0110010,0,50,47,0,0,50,0,2862.1,-137.9,44.96,181.53,1.0,0.08,0.54,82146
0.3,3.0,2900.0,3100.0,0110100,0,50,50,0,50,0,0,2485.7,-514.3,52.08,156.72,0.0,0.0,0.0,0
0.3,3.0,2900.0,3100.0,0111000,0,50,50,50,0,0,0,2809.1,-190.9,45.72,178.51,1.0,0.0,0.5,60629
0.3,3.0,2900.0,3100.0,1000011,50,0,0,0,0,50,50,2776.0,-224.0,47.69,171.12,1.0,0.0,0.5,160983
0.3,3.0,2900.0,3100.0,1000101,50,0,0,0,50,0,50,2452.3,-547.7,49.62,164.47,0.0,0.0,0.0,0
0.3,3.0,2900.0,3100.0,1000110,50,0,0,0,50,50,0,2882.7,-117.3,45.72,178.49,1.0,0.22,0.61,51601
0.3,3.0,2900.0,3100.0,1001001,50,0,0,50,0,0,50,2813.1,-186.9,49.6,164.53,1.0,0.0,0.5,42856
0.3,3.0,2900.0,3100.0,1001010,50,0,0,39,0,50,0,3143.7,143.7,46.49,175.56,1.0,0.04,0.52,55145
0.3,3.0,2900.0,3100.0,1001100,50,0,0,50,50,0,0,2820.1,-179.9,47.88,170.44,1.0,0.0,0.5,42078
0.3,3.0,2900.0,3100.0,1010001,50,0,50,0,0,0,50,3124.6,124.6,48.07,169.77,0.0,0.17,0.08,0
0.3,3.0,2900.0,3100.0,1010010,49,0,48,0,0,50,0,3144.4,144.4,45.4,179.77,1.0,0.04,0.52,1849
0.3,3.0,2900.0,3100.0,1010100,50,0,43,0,50,0,0,2869.1,-130.9,49.16,166.02,0.0,0.13,0.06,0
0.3,3.0,2900.0,3100.0,1011000,50,0,31,50,0,0,0,3139.2,139.2,47.09,173.31,1.0,0.07,0.54,4513
0.3,3.0,2900.0,3100.0,1100001,50,50,0,0,0,0,50,2498.8,-501.2,47.83,170.63,0.0,0.0,0.0,0
0.3,3.0,2900.0,3100.0,1100010,46,50,0,0,0,50,0,2875.5,-124.5,45.66,178.75,1.0,0.17,0.59,267341
0.3,3.0,2900.0,3100.0,1100100,50,50,0,0,50,0,0,2593.1,-406.9,52.89,154.31,0.0,0.0,0.0,0
0.3,3.0,2900.0,3100.0,1101000,49,50,0,45,0,0,0,2851.0,-149.0,46.36,176.04,1.0,0.01,0.5,188512
0.3,3.0,2900.0,3100.0,1110000,43,50,47,0,0,0,0,2851.4,-148.6,46.18,176.74,0.0,0.01,0.0,0
0.3,3.0,3000.0,3200.0,0000111,0,0,0,0,50,50,50,2245.0,-855.0,47.43,172.07,0.0,0.0,0.0,0
0.3,3.0,3000.0,3200.0,0001011,0,0,0,50,0,50,50,2717.8,-382.2,50.5,161.61,1.0,0.0,0.5,38890
0.3,3.0,3000.0,3200.0,0001101,0,0,0,50,50,0,50,2335.3,-764.7,50.52,161.53,0.0,0.0,0.0,0
0.3,3.0,3000.0,3200.0,0001110,0,0,0,50,50,50,0,2591.5,-508.5,45.83,178.1,1.0,0.0,0.5,43074
0.3,3.0,3000.0,3200.0,0010011,0,0,50,0,0,50,50,2838.2,-261.8,48.14,169.55,1.0,0.0,0.5,27394
0.3,3.0,3000.0,3200.0,0010110,0,0,50,0,50,50,0,2636.3,-463.7,45.36,179.94,1.0,0.0,0.5,752
0.3,3.0,3000.0,3200.0,0011001,0,0,50,50,0,0,50,2677.1,-422.9,49.81,163.84,1.0,0.0,0.5,43600
0.3,3.0,3000.0,3200.0,0011010,0,0,50,50,0,50,0,2980.6,-119.4,45.55,179.19,1.0,0.2,0.6,16794
0.3,3.0,3000.0,3200.0,0011100,0,0,50,50,50,0,0,2597.8,-502.2,46.29,176.31,1.0,0.0,0.5,20018
0.3,3.0,3000.0,3200.0,0100011,0,50,0,0,0,50,50,2476.0,-624.0,47.37,172.3,0.0,0.0,0.0,0
0.3,3.0,3000.0,3200.0,0100101,0,50,0,0,50,0,50,2411.6,-688.4,52.09,156.69,0.0,0.0,0.0,0
0.3,3.0,3000.0,3200.0,0100110,0,50,0,0,50,50,0,2445.3,-654.7,50.67,161.07,0.0,0.0,0.0,0
0.3,3.0,3000.0,3200.0,0101001,0,50,0,50,0,0,50,2529.5,-570.5,49.79,163.93,0.0,0.0,0.0,0
0.3,3.0,3000.0,3200.0,0101010,0,50,0,50,0,50,0,2889.8,-210.2,46.37,175.99,1.0,0.0,0.5,70128
0.3,3.0,3000.0,3200.0,0101100,0,50,0,50,50,0,0,2486.6,-613.4,52.13,156.56,0.0,0.0,0.0,0
0.3,3.0,3000.0,3200.0,0110001,0,50,50,0,0,0,50,2559.0,-541.0,48.34,168.83,0.0,0.0,0.0,0
0.3,3.0,3000.0,3200.0,0110010,0,50,50,0,0,50,0,2898.4,-201.6,44.91,181.73,1.0,0.0,0.5,82146
0.3,3.0,3000.0,3200.0,0110100,0,50,50,0,50,0,0,2485.7,-614.3,52.08,156.72,0.0,0.0,0.0,0
0.3,3.0,3000.0,3200.0,0111000,0,50,50,50,0,0,0,2809.1,-290.9,45.72,178.51,1.0,0.0,0.5,60629
0.3,3.0,3000.0,3200.0,1000011,50,0,0,0,0,50,50,2776.0,-324.0,47.69,171.12,1.0,0.0,0.5,160983
0.3,3.0,3000.0,3200.0,1000101,50,0,0,0,50,0,50,2452.3,-647.7,49.62,164.47,0.0,0.0,0.0,0
0.3,3.0,3000.0,3200.0,1000110,50,0,0,0,50,50,0,2882.7,-217.3,45.72,178.49,1.0,0.0,0.5,51601
0.3,3.0,3000.0,3200.0,1001001,50,0,0,50,0,0,50,2813.1,-286.9,49.6,164.53,1.0,0.0,0.5,42856
0.3,3.0,3000.0,3200.0,1001010,50,0,0,45,0,50,0,3249.3,149.3,46.98,173.71,1.0,0.0,0.5,55145
0.3,3.0,3000.0,3200.0,1001100,50,0,0,50,50,0,0,2820.1,-279.9,47.88,170.44,1.0,0.0,0.5,42078
0.3,3.0,3000.0,3200.0,1010001,50,0,50,0,0,0,50,3124.6,24.6,48.07,169.77,0.0,0.84,0.42,0
0.3,3.0,3000.0,3200.0,1010010,50,0,50,0,0,50,0,3223.1,123.1,45.46,179.51,1.0,0.18,0.59,1849
0.3,3.0,3000.0,3200.0,1010100,50,0,49,0,50,0,0,2960.0,-140.0,48.51,168.24,0.0,0.07,0.03,0
0.3,3.0,3000.0,3200.0,1011000,50,0,42,50,0,0,0,3247.1,147.1,47.19,172.96,1.0,0.02,0.51,4513
0.3,3.0,3000.0,3200.0,1100001,50,50,0,0,0,0,50,2498.8,-601.2,47.83,170.63,0.0,0.0,0.0,0
0.3,3.0,3000.0,3200.0,1100010,49,50,0,0,0,50,0,2967.3,-132.7,45.59,179.01,1.0,0.12,0.56,267341
0.3,3.0,3000.0,3200.0,1100100,50,50,0,0,50,0,0,2593.1,-506.9,52.89,154.31,0.0,0.0,0.0,0
0.3,3.0,3000.0,3200.0,1101000,50,50,0,50,0,0,0,2960.6,-139.4,46.1,177.03,1.0,0.07,0.54,188512
0.3,3.0,3000.0,3200.0,1110000,47,50,48,0,0,0,0,2955.4,-144.6,45.68,178.67,0.0,0.04,0.02,0
0.3,3.0,3100.0,3300.0,0000111,0,0,0,0,50,50,50,2245.0,-955.0,47.43,172.07,0.0,0.0,0.0,0
0.3,3.0,3100.0,3300.0,0001011,0,0,0,50,0,50,50,2717.8,-482.2,50.5,161.61,1.0,0.0,0.5,38890
0.3,3.0,3100.0,3300.0,0001101,0,0,0,50,50,0,50,2335.3,-864.7,50.52,161.53,0.0,0.0,0.0,0
0.3,3.0,3100.0,3300.0,0001110,0,0,0,50,50,50,0,2591.5,-608.5,45.83,178.1,1.0,0.0,0.5,43074
0.3,3.0,3100.0,3300.0,0010011,0,0,50,0,0,50,50,2838.2,-361.8,48.14,169.55,1.0,0.0,0.5,27394
0.3,3.0,3100.0,3300.0,0010110,0,0,50,0,50,50,0,2636.3,-563.7,45.36,179.94,1.0,0.0,0.5,752
0.3,3.0,3100.0,3300.0,0011001,0,0,50,50,0,0,50,2677.1,-522.9,49.81,163.84,1.0,0.0,0.5,43600
0.3,3.0,3100.0,3300.0,0011010,0,0,50,50,0,50,0,2980.6,-219.4,45.55,179.19,1.0,0.0,0.5,16794
0.3,3.0,3100.0,3300.0,0011100,0,0,50,50,50,0,0,2597.8,-602.2,46.29,176.31,1.0,0.0,0.5,20018
0.3,3.0,3100.0,3300.0,0100011,0,50,0,0,0,50,50,2476.0,-724.0,47.37,172.3,0.0,0.0,0.0,0
0.3,3.0,3100.0,3300.0,0100101,0,50,0,0,50,0,50,2411.6,-788.4,52.09,156.69,0.0,0.0,0.0,0
0.3,3.0,3100.0,3300.0,0100110,0,50,0,0,50,50,0,2445.3,-754.7,50.67,161.07,0.0,0.0,0.0,0
0.3,3.0,3100.0,3300.0,0101001,0,50,0,50,0,0,50,2529.5,-670.5,49.79,163.93,0.0,0.0,0.0,0
0.3,3.0,3100.0,3300.0,0101010,0,50,0,50,0,50,0,2889.8,-310.2,46.37,175.99,1.0,0.0,0.5,70128
0.3,3.0,3100.0,3300.0,0101100,0,50,0,50,50,0,0,2486.6,-713.4,52.13,156.56,0.0,0.0,0.0,0
0.3,3.0,3100.0,3300.0,0110001,0,50,50,0,0,0,50,2559.0,-641.0,48.34,168.83,0.0,0.0,0.0,0
0.3,3.0,3100.0,3300.0,0110010,0,50,50,0,0,50,0,2898.4,-301.6,44.91,181.73,1.0,0.0,0.5,82146
0.3,3.0,3100.0,3300.0,0110100,0,50,50,0,50,0,0,2485.7,-714.3,52.08,156.72,0.0,0.0,0.0,0
0.3,3.0,3100.0,3300.0,0111000,0,50,50,50,0,0,0,2809.1,-390.9,45.72,178.51,1.0,0.0,0.5,60629
0.3,3.0,3100.0,3300.0,1000011,50,0,0,0,0,50,50,2776.0,-424.0,47.69,171.12,1.0,0.0,0.5,160983
0.3,3.0,3100.0,3300.0,1000101,50,0,0,0,50,0,50,2452.3,-747.7,49.62,164.47,0.0,0.0,0.0,0
0.3,3.0,3100.0,3300.0,1000110,50,0,0,0,50,50,0,2882.7,-317.3,45.72,178.49,1.0,0.0,0.5,51601
0.3,3.0,3100.0,3300.0,1001001,50,0,0,50,0,0,50,2813.1,-386.9,49.6,164.53,1.0,0.0,0.5,42856
0.3,3.0,3100.0,3300.0,1001010,50,0,0,50,0,50,0,3333.6,133.6,47.19,172.96,1.0,0.11,0.55,55145
0.3,3.0,3100.0,3300.0,1001100,50,0,0,50,50,0,0,2820.1,-379.9,47.88,170.44,1.0,0.0,0.5,42078
0.3,3.0,3100.0,3300.0,1010001,50,0,50,0,0,0,50,3124.6,-75.4,48.07,169.77,0.0,0.5,0.25,0
0.3,3.0,3100.0,3300.0,1010010,50,0,50,0,0,50,0,3223.1,23.1,45.46,179.51,1.0,0.85,0.92,1849
0.3,3.0,3100.0,3300.0,1010100,50,0,50,0,50,0,0,2973.8,-226.2,48.48,168.33,0.0,0.0,0.0,0
0.3,3.0,3100.0,3300.0,1011000,50,0,49,50,0,0,0,3329.2,129.2,47.27,172.66,1.0,0.14,0.57,4513
0.3,3.0,3100.0,3300.0,1100001,50,50,0,0,0,0,50,2498.8,-701.2,47.83,170.63,0.0,0.0,0.0,0
0.3,3.0,3100.0,3300.0,1100010,50,50,0,0,0,50,0,2996.4,-203.6,45.53,179.25,1.0,0.0,0.5,267341
0.3,3.0,3100.0,3300.0,1100100,50,50,0,0,50,0,0,2593.1,-606.9,52.89,154.31,0.0,0.0,0.0,0
0.3,3.0,3100.0,3300.0,1101000,50,50,0,50,0,0,0,2960.6,-239.4,46.1,177.03,1.0,0.0,0.5,188512
0.3,3.0,3100.0,3300.0,1110000,50,50,50,0,0,0,0,3055.2,-144.8,45.49,179.41,0.0,0.03,0.02,0
0.3,3.0,3200.0,3400.0,0000111,0,0,0,0,50,50,50,2245.0,-1055.0,47.43,172.07,0.0,0.0,0.0,0
0.3,3.0,3200.0,3400.0,0001011,0,0,0,50,0,50,50,2717.8,-582.2,50.5,161.61,1.0,0.0,0.5,38890
0.3,3.0,3200.0,3400.0,0001101,0,0,0,50,50,0,50,2335.3,-964.7,50.52,161.53,0.0,0.0,0.0,0
0.3,3.0,3200.0,3400.0,0001110,0,0,0,50,50,50,0,2591.5,-708.5,45.83,178.1,1.0,0.0,0.5,43074
0.3,3.0,3200.0,3400.0,0010011,0,0,50,0,0,50,50,2838.2,-461.8,48.14,169.55,1.0,0.0,0.5,27394
0.3,3.0,3200.0,3400.0,0010110,0,0,50,0,50,50,0,2636.3,-663.7,45.36,179.94,1.0,0.0,0.5,752
0.3,3.0,3200.0,3400.0,0011001,0,0,50,50,0,0,50,2677.1,-622.9,49.81,163.84,1.0,0.0,0.5,43600
0.3,3.0,3200.0,3400.0,0011010,0,0,50,50,0,50,0,2980.6,-319.4,45.55,179.19,1.0,0.0,0.5,16794
0.3,3.0,3200.0,3400.0,0011100,0,0,50,50,50,0,0,2597.8,-702.2,46.29,176.31,1.0,0.0,0.5,20018
0.3,3.0,3200.0,3400.0,0100011,0,50,0,0,0,50,50,2476.0,-824.0,47.37,172.3,0.0,0.0,0.0,0
0.3,3.0,3200.0,3400.0,0100101,0,50,0,0,50,0,50,2411.6,-888.4,52.09,156.69,0.0,0.0,0.0,0
0.3,3.0,3200.0,3400.0,0100110,0,50,0,0,50,50,0,2445.3,-854.7,50.67,161.07,0.0,0.0,0.0,0
0.3,3.0,3200.0,3400.0,0101001,0,50,0,50,0,0,50,2529.5,-770.5,49.79,163.93,0.0,0.0,0.0,0
0.3,3.0,3200.0,3400.0,0101010,0,50,0,50,0,50,0,2889.8,-410.2,46.37,175.99,1.0,0.0,0.5,70128
0.3,3.0,3200.0,3400.0,0101100,0,50,0,50,50,0,0,2486.6,-813.4,52.13,156.56,0.0,0.0,0.0,0
0.3,3.0,3200.0,3400.0,0110001,0,50,50,0,0,0,50,2559.0,-741.0,48.34,168.83,0.0,0.0,0.0,0
0.3,3.0,3200.0,3400.0,0110010,0,50,50,0,0,50,0,2898.4,-401.6,44.91,181.73,1.0,0.0,0.5,82146
0.3,3.0,3200.0,3400.0,0110100,0,50,50,0,50,0,0,2485.7,-814.3,52.08,156.72,0.0,0.0,0.0,0
0.3,3.0,3200.0,3400.0,0111000,0,50,50,50,0,0,0,2809.1,-490.9,45.72,178.51,1.0,0.0,0.5,60629
0.3,3.0,3200.0,3400.0,1000011,50,0,0,0,0,50,50,2776.0,-524.0,47.69,171.12,1.0,0.0,0.5,160983
0.3,3.0,3200.0,3400.0,1000101,50,0,0,0,50,0,50,2452.3,-847.7,49.62,164.47,0.0,0.0,0.0,0
0.3,3.0,3200.0,3400.0,1000110,50,0,0,0,50,50,0,2882.7,-417.3,45.72,178.49,1.0,0.0,0.5,51601
0.3,3.0,3200.0,3400.0,1001001,50,0,0,50,0,0,50,2813.1,-486.9,49.6,164.53,1.0,0.0,0.5,42856
0.3,3.0,3200.0,3400.0,1001010,50,0,0,50,0,50,0,3333.6,33.6,47.19,172.96,1.0,0.78,0.89,55145
0.3,3.0,3200.0,3400.0,1001100,50,0,0,50,50,0,0,2820.1,-479.9,47.88,170.44,1.0,0.0,0.5,42078
0.3,3.0,3200.0,3400.0,1010001,50,0,50,0,0,0,50,3124.6,-175.4,48.07,169.77,0.0,0.0,0.0,0
0.3,3.0,3200.0,3400.0,1010010,50,0,50,0,0,50,0,3223.1,-76.9,45.46,179.51,1.0,0.49,0.74,1849
0.3,3.0,3200.0,3400.0,1010100,50,0,50,0,50,0,0,2973.8,-326.2,48.48,168.33,0.0,0.0,0.0,0
0.3,3.0,3200.0,3400.0,1011000,50,0,49,50,0,0,0,3329.2,29.2,47.27,172.66,1.0,0.81,0.9,4513
0.3,3.0,3200.0,3400.0,1100001,50,50,0,0,0,0,50,2498.8,-801.2,47.83,170.63,0.0,0.0,0.0,0
0.3,3.0,3200.0,3400.0,1100010,50,50,0,0,0,50,0,2996.4,-303.6,45.53,179.25,1.0,0.0,0.5,267341
0.3,3.0,3200.0,3400.0,1100100,50,50,0,0,50,0,0,2593.1,-706.9,52.89,154.31,0.0,0.0,0.0,0
0.3,3.0,3200.0,3400.0,1101000,50,50,0,50,0,0,0,2960.6,-339.4,46.1,177.03,1.0,0.0,0.5,188512
0.3,3.0,3200.0,3400.0,1110000,50,50,50,0,0,0,0,3055.2,-244.8,45.49,179.41,0.0,0.0,0.0,0
0.3,3.0,3300.0,3500.0,0000111,0,0,0,0,50,50,50,2245.0,-1155.0,47.43,172.07,0.0,0.0,0.0,0
0.3,3.0,3300.0,3500.0,0001011,0,0,0,50,0,50,50,2717.8,-682.2,50.5,161.61,1.0,0.0,0.5,38890
0.3,3.0,3300.0,3500.0,0001101,0,0,0,50,50,0,50,2335.3,-1064.7,50.52,161.53,0.0,0.0,0.0,0
0.3,3.0,3300.0,3500.0,0001110,0,0,0,50,50,50,0,2591.5,-808.5,45.83,178.1,1.0,0.0,0.5,43074
0.3,3.0,3300.0,3500.0,0010011,0,0,50,0,0,50,50,2838.2,-561.8,48.14,169.55,1.0,0.0,0.5,27394
0.3,3.0,3300.0,3500.0,0010110,0,0,50,0,50,50,0,2636.3,-763.7,45.36,179.94,1.0,0.0,0.5,752
0.3,3.0,3300.0,3500.0,0011001,0,0,50,50,0,0,50,2677.1,-722.9,49.81,163.84,1.0,0.0,0.5,43600
0.3,3.0,3300.0,3500.0,0011010,0,0,50,50,0,50,0,2980.6,-419.4,45.55,179.19,1.0,0.0,0.5,16794
0.3,3.0,3300.0,3500.0,0011100,0,0,50,50,50,0,0,2597.8,-802.2,46.29,176.31,1.0,0.0,0.5,20018
0.3,3.0,3300.0,3500.0,0100011,0,50,0,0,0,50,50,2476.0,-924.0,47.37,172.3,0.0,0.0,0.0,0
0.3,3.0,3300.0,3500.0,0100101,0,50,0,0,50,0,50,2411.6,-988.4,52.09,156.69,0.0,0.0,0.0,0
0.3,3.0,3300.0,3500.0,0100110,0,50,0,0,50,50,0,2445.3,-954.7,50.67,161.07,0.0,0.0,0.0,0
0.3,3.0,3300.0,3500.0,0101001,0,50,0,50,0,0,50,2529.5,-870.5,49.79,163.93,0.0,0.0,0.0,0
0.3,3.0,3300.0,3500.0,0101010,0,50,0,50,0,50,0,2889.8,-510.2,46.37,175.99,1.0,0.0,0.5,70128
0.3,3.0,3300.0,3500.0,0101100,0,50,0,50,50,0,0,2486.6,-913.4,52.13,156.56,0.0,0.0,0.0,0
0.3,3.0,3300.0,3500.0,0110001,0,50,50,0,0,0,50,2559.0,-841.0,48.34,168.83,0.0,0.0,0.0,0
0.3,3.0,3300.0,3500.0,0110010,0,50,50,0,0,50,0,2898.4,-501.6,44.91,181.73,1.0,0.0,0.5,82146
0.3,3.0,3300.0,3500.0,0110100,0,50,50,0,50,0,0,2485.7,-914.3,52.08,156.72,0.0,0.0,0.0,0
0.3,3.0,3300.0,3500.0,0111000,0,50,50,50,0,0,0,2809.1,-590.9,45.72,178.51,1.0,0.0,0.5,60629
0.3,3.0,3300.0,3500.0,1000011,50,0,0,0,0,50,50,2776.0,-624.0,47.69,171.12,1.0,0.0,0.5,160983
0.3,3.0,3300.0,3500.0,1000101,50,0,0,0,50,0,50,2452.3,-947.7,49.62,164.47,0.0,0.0,0.0,0
0.3,3.0,3300.0,3500.0,1000110,50,0,0,0,50,50,0,2882.7,-517.3,45.72,178.49,1.0,0.0,0.5,51601
0.3,3.0,3300.0,3500.0,1001001,50,0,0,50,0,0,50,2813.1,-586.9,49.6,164.53,1.0,0.0,0.5,42856
0.3,3.0,3300.0,3500.0,1001010,50,0,0,50,0,50,0,3333.6,-66.4,47.19,172.96,1.0,0.56,0.78,55145
0.3,3.0,3300.0,3500.0,1001100,50,0,0,50,50,0,0,2820.1,-579.9,47.88,170.44,1.0,0.0,0.5,42078
0.3,3.0,3300.0,3500.0,1010001,50,0,50,0,0,0,50,3124.6,-275.4,48.07,169.77,0.0,0.0,0.0,0
0.3,3.0,3300.0,3500.0,1010010,50,0,50,0,0,50,0,3223.1,-176.9,45.46,179.51,1.0,0.0,0.5,1849
0.3,3.0,3300.0,3500.0,1010100,50,0,50,0,50,0,0,2973.8,-426.2,48.48,168.33,0.0,0.0,0.0,0
0.3,3.0,3300.0,3500.0,1011000,50,0,49,50,0,0,0,3329.2,-70.8,47.27,172.66,1.0,0.53,0.76,4513
0.3,3.0,3300.0,3500.0,1100001,50,50,0,0,0,0,50,2498.8,-901.2,47.83,170.63,0.0,0.0,0.0,0
0.3,3.0,3300.0,3500.0,1100010,50,50,0,0,0,50,0,2996.4,-403.6,45.53,179.25,1.0,0.0,0.5,267341
0.3,3.0,3300.0,3500.0,1100100,50,50,0,0,50,0,0,2593.1,-806.9,52.89,154.31,0.0,0.0,0.0,0
0.3,3.0,3300.0,3500.0,1101000,50,50,0,50,0,0,0,2960.6,-439.4,46.1,177.03,1.0,0.0,0.5,188512
0.3,3.0,3300.0,3500.0,1110000,50,50,50,0,0,0,0,3055.2,-344.8,45.49,179.41,0.0,0.0,0.0,0
0.3,3.0,3400.0,3600.0,0000111,0,0,0,0,50,50,50,2245.0,-1255.0,47.43,172.07,0.0,0.0,0.0,0
0.3,3.0,3400.0,3600.0,0001011,0,0,0,50,0,50,50,2717.8,-782.2,50.5,161.61,1.0,0.0,0.5,38890
0.3,3.0,3400.0,3600.0,0001101,0,0,0,50,50,0,50,2335.3,-1164.7,50.52,161.53,0.0,0.0,0.0,0
0.3,3.0,3400.0,3600.0,0001110,0,0,0,50,50,50,0,2591.5,-908.5,45.83,178.1,1.0,0.0,0.5,43074
0.3,3.0,3400.0,3600.0,0010011,0,0,50,0,0,50,50,2838.2,-661.8,48.14,169.55,1.0,0.0,0.5,27394
0.3,3.0,3400.0,3600.0,0010110,0,0,50,0,50,50,0,2636.3,-863.7,45.36,179.94,1.0,0.0,0.5,752
0.3,3.0,3400.0,3600.0,0011001,0,0,50,50,0,0,50,2677.1,-822.9,49.81,163.84,1.0,0.0,0.5,43600
0.3,3.0,3400.0,3600.0,0011010,0,0,50,50,0,50,0,2980.6,-519.4,45.55,179.19,1.0,0.0,0.5,16794
0.3,3.0,3400.0,3600.0,0011100,0,0,50,50,50,0,0,2597.8,-902.2,46.29,176.31,1.0,0.0,0.5,20018
0.3,3.0,3400.0,3600.0,0100011,0,50,0,0,0,50,50,2476.0,-1024.0,47.37,172.3,0.0,0.0,0.0,0
0.3,3.0,3400.0,3600.0,0100101,0,50,0,0,50,0,50,2411.6,-1088.4,52.09,156.69,0.0,0.0,0.0,0
0.3,3.0,3400.0,3600.0,0100110,0,50,0,0,50,50,0,2445.3,-1054.7,50.67,161.07,0.0,0.0,0.0,0
0.3,3.0,3400.0,3600.0,0101001,0,50,0,50,0,0,50,2529.5,-970.5,49.79,163.93,0.0,0.0,0.0,0
0.3,3.0,3400.0,3600.0,0101010,0,50,0,50,0,50,0,2889.8,-610.2,46.37,175.99,1.0,0.0,0.5,70128
0.3,3.0,3400.0,3600.0,0101100,0,50,0,50,50,0,0,2486.6,-1013.4,52.13,156.56,0.0,0.0,0.0,0
0.3,3.0,3400.0,3600.0,0110001,0,50,50,0,0,0,50,2559.0,-941.0,48.34,168.83,0.0,0.0,0.0,0
0.3,3.0,3400.0,3600.0,0110010,0,50,50,0,0,50,0,2898.4,-601.6,44.91,181.73,1.0,0.0,0.5,82146
0.3,3.0,3400.0,3600.0,0110100,0,50,50,0,50,0,0,2485.7,-1014.3,52.08,156.72,0.0,0.0,0.0,0
0.3,3.0,3400.0,3600.0,0111000,0,50,50,50,0,0,0,2809.1,-690.9,45.72,178.51,1.0,0.0,0.5,60629
0.3,3.0,3400.0,3600.0,1000011,50,0,0,0,0,50,50,2776.0,-724.0,47.69,171.12,1.0,0.0,0.5,160983
0.3,3.0,3400.0,3600.0,1000101,50,0,0,0,50,0,50,2452.3,-1047.7,49.62,164.47,0.0,0.0,0.0,0
0.3,3.0,3400.0,3600.0,1000110,50,0,0,0,50,50,0,2882.7,-617.3,45.72,178.49,1.0,0.0,0.5,51601
0.3,3.0,3400.0,3600.0,1001001,50,0,0,50,0,0,50,2813.1,-686.9,49.6,164.53,1.0,0.0,0.5,42856
0.3,3.0,3400.0,3600.0,1001010,50,0,0,50,0,50,0,3333.6,-166.4,47.19,172.96,1.0,0.0,0.5,55145
0.3,3.0,3400.0,3600.0,1001100,50,0,0,50,50,0,0,2820.1,-679.9,47.88,170.44,1.0,0.0,0.5,42078
0.3,3.0,3400.0,3600.0,1010001,50,0,50,0,0,0,50,3124.6,-375.4,48.07,169.77,0.0,0.0,0.0,0
0.3,3.0,3400.0,3600.0,1010010,50,0,50,0,0,50,0,3223.1,-276.9,45.46,179.51,1.0,0.0,0.5,1849
0.3,3.0,3400.0,3600.0,1010100,50,0,50,0,50,0,0,2973.8,-526.2,48.48,168.33,0.0,0.0,0.0,0
0.3,3.0,3400.0,3600.0,1011000,50,0,50,50,0,0,0,3341.7,-158.3,47.26,172.69,1.0,0.0,0.5,4513
0.3,3.0,3400.0,3600.0,1100001,50,50,0,0,0,0,50,2498.8,-1001.2,47.83,170.63,0.0,0.0,0.0,0
0.3,3.0,3400.0,3600.0,1100010,50,50,0,0,0,50,0,2996.4,-503.6,45.53,179.25,1.0,0.0,0.5,267341
0.3,3.0,3400.0,3600.0,1100100,50,50,0,0,50,0,0,2593.1,-906.9,52.89,154.31,0.0,0.0,0.0,0
0.3,3.0,3400.0,3600.0,1101000,50,50,0,50,0,0,0,2960.6,-539.4,46.1,177.03,1.0,0.0,0.5,188512
0.3,3.0,3400.0,3600.0,1110000,50,50,50,0,0,0,0,3055.2,-444.8,45.49,179.41,0.0,0.0,0.0,0
0.3,3.0,3500.0,3700.0,0000111,0,0,0,0,50,50,50,2245.0,-1355.0,47.43,172.07,0.0,0.0,0.0,0
0.3,3.0,3500.0,3700.0,0001011,0,0,0,50,0,50,50,2717.8,-882.2,50.5,161.61,1.0,0.0,0.5,38890
0.3,3.0,3500.0,3700.0,0001101,0,0,0,50,50,0,50,2335.3,-1264.7,50.52,161.53,0.0,0.0,0.0,0
0.3,3.0,3500.0,3700.0,0001110,0,0,0,50,50,50,0,2591.5,-1008.5,45.83,178.1,1.0,0.0,0.5,43074
0.3,3.0,3500.0,3700.0,0010011,0,0,50,0,0,50,50,2838.2,-761.8,48.14,169.55,1.0,0.0,0.5,27394
0.3,3.0,3500.0,3700.0,0010110,0,0,50,0,50,50,0,2636.3,-963.7,45.36,179.94,1.0,0.0,0.5,752
0.3,3.0,3500.0,3700.0,0011001,0,0,50,50,0,0,50,2677.1,-922.9,49.81,163.84,1.0,0.0,0.5,43600
0.3,3.0,3500.0,3700.0,0011010,0,0,50,50,0,50,0,2980.6,-619.4,45.55,179.19,1.0,0.0,0.5,16794
0.3,3.0,3500.0,3700.0,0011100,0,0,50,50,50,0,0,2597.8,-1002.2,46.29,176.31,1.0,0.0,0.5,20018
0.3,3.0,3500.0,3700.0,0100011,0,50,0,0,0,50,50,2476.0,-1124.0,47.37,172.3,0.0,0.0,0.0,0
0.3,3.0,3500.0,3700.0,0100101,0,50,0,0,50,0,50,2411.6,-1188.4,52.09,156.69,0.0,0.0,0.0,0
0.3,3.0,3500.0,3700.0,0100110,0,50,0,0,50,50,0,2445.3,-1154.7,50.67,161.07,0.0,0.0,0.0,0
0.3,3.0,3500.0,3700.0,0101001,0,50,0,50,0,0,50,2529.5,-1070.5,49.79,163.93,0.0,0.0,0.0,0
0.3,3.0,3500.0,3700.0,0101010,0,50,0,50,0,50,0,2889.8,-710.2,46.37,175.99,1.0,0.0,0.5,70128
0.3,3.0,3500.0,3700.0,0101100,0,50,0,50,50,0,0,2486.6,-1113.4,52.13,156.56,0.0,0.0,0.0,0
0.3,3.0,3500.0,3700.0,0110001,0,50,50,0,0,0,50,2559.0,-1041.0,48.34,168.83,0.0,0.0,0.0,0
0.3,3.0,3500.0,3700.0,0110010,0,50,50,0,0,50,0,2898.4,-701.6,44.91,181.73,1.0,0.0,0.5,82146
0.3,3.0,3500.0,3700.0,0110100,0,50,50,0,50,0,0,2485.7,-1114.3,52.08,156.72,0.0,0.0,0.0,0
0.3,3.0,3500.0,3700.0,0111000,0,50,50,50,0,0,0,2809.1,-790.9,45.72,178.51,1.0,0.0,0.5,60629
0.3,3.0,3500.0,3700.0,1000011,50,0,0,0,0,50,50,2776.0,-824.0,47.69,171.12,1.0,0.0,0.5,160983
0.3,3.0,3500.0,3700.0,1000101,50,0,0,0,50,0,50,2452.3,-1147.7,49.62,164.47,0.0,0.0,0.0,0
0.3,3.0,3500.0,3700.0,1000110,50,0,0,0,50,50,0,2882.7,-717.3,45.72,178.49,1.0,0.0,0.5,51601
0.3,3.0,3500.0,3700.0,1001001,50,0,0,50,0,0,50,2813.1,-786.9,49.6,164.53,1.0,0.0,0.5,42856
0.3,3.0,3500.0,3700.0,1001010,50,0,0,50,0,50,0,3333.6,-266.4,47.19,172.96,1.0,0.0,0.5,55145
0.3,3.0,3500.0,3700.0,1001100,50,0,0,50,50,0,0,2820.1,-779.9,47.88,170.44,1.0,0.0,0.5,42078
0.3,3.0,3500.0,3700.0,1010001,50,0,50,0,0,0,50,3124.6,-475.4,48.07,169.77,0.0,0.0,0.0,0
0.3,3.0,3500.0,3700.0,1010010,50,0,50,0,0,50,0,3223.1,-376.9,45.46,179.51,1.0,0.0,0.5,1849
0.3,3.0,3500.0,3700.0,1010100,50,0,50,0,50,0,0,2973.8,-626.2,48.48,168.33,0.0,0.0,0.0,0
0.3,3.0,3500.0,3700.0,1011000,50,0,50,50,0,0,0,3341.7,-258.3,47.26,172.69,1.0,0.0,0.5,4513
0.3,3.0,3500.0,3700.0,1100001,50,50,0,0,0,0,50,2498.8,-1101.2,47.83,170.63,0.0,0.0,0.0,0
0.3,3.0,3500.0,3700.0,1100010,50,50,0,0,0,50,0,2996.4,-603.6,45.53,179.25,1.0,0.0,0.5,267341
0.3,3.0,3500.0,3700.0,1100100,50,50,0,0,50,0,0,2593.1,-1006.9,52.89,154.31,0.0,0.0,0.0,0
0.3,3.0,3500.0,3700.0,1101000,50,50,0,50,0,0,0,2960.6,-639.4,46.1,177.03,1.0,0.0,0.5,188512
0.3,3.0,3500.0,3700.0,1110000,50,50,50,0,0,0,0,3055.2,-544.8,45.49,179.41,0.0,0.0,0.0,0
0.3,3.0,3600.0,3800.0,0000111,0,0,0,0,50,50,50,2245.0,-1455.0,47.43,172.07,0.0,0.0,0.0,0
0.3,3.0,3600.0,3800.0,0001011,0,0,0,50,0,50,50,2717.8,-982.2,50.5,161.61,1.0,0.0,0.5,38890
0.3,3.0,3600.0,3800.0,0001101,0,0,0,50,50,0,50,2335.3,-1364.7,50.52,161.53,0.0,0.0,0.0,0
0.3,3.0,3600.0,3800.0,0001110,0,0,0,50,50,50,0,2591.5,-1108.5,45.83,178.1,1.0,0.0,0.5,43074
0.3,3.0,3600.0,3800.0,0010011,0,0,50,0,0,50,50,2838.2,-861.8,48.14,169.55,1.0,0.0,0.5,27394
0.3,3.0,3600.0,3800.0,0010110,0,0,50,0,50,50,0,2636.3,-1063.7,45.36,179.94,1.0,0.0,0.5,752
0.3,3.0,3600.0,3800.0,0011001,0,0,50,50,0,0,50,2677.1,-1022.9,49.81,163.84,1.0,0.0,0.5,43600
0.3,3.0,3600.0,3800.0,0011010,0,0,50,50,0,50,0,2980.6,-719.4,45.55,179.19,1.0,0.0,0.5,16794
0.3,3.0,3600.0,3800.0,0011100,0,0,50,50,50,0,0,2597.8,-1102.2,46.29,176.31,1.0,0.0,0.5,20018
0.3,3.0,3600.0,3800.0,0100011,0,50,0,0,0,50,50,2476.0,-1224.0,47.37,172.3,0.0,0.0,0.0,0
0.3,3.0,3600.0,3800.0,0100101,0,50,0,0,50,0,50,2411.6,-1288.4,52.09,156.69,0.0,0.0,0.0,0
0.3,3.0,3600.0,3800.0,0100110,0,50,0,0,50,50,0,2445.3,-1254.7,50.67,161.07,0.0,0.0,0.0,0
0.3,3.0,3600.0,3800.0,0101001,0,50,0,50,0,0,50,2529.5,-1170.5,49.79,163.93,0.0,0.0,0.0,0
0.3,3.0,3600.0,3800.0,0101010,0,50,0,50,0,50,0,2889.8,-810.2,46.37,175.99,1.0,0.0,0.5,70128
0.3,3.0,3600.0,3800.0,0101100,0,50,0,50,50,0,0,2486.6,-1213.4,52.13,156.56,0.0,0.0,0.0,0
0.3,3.0,3600.0,3800.0,0110001,0,50,50,0,0,0,50,2559.0,-1141.0,48.34,168.83,0.0,0.0,0.0,0
0.3,3.0,3600.0,3800.0,0110010,0,50,50,0,0,50,0,2898.4,-801.6,44.91,181.73,1.0,0.0,0.5,82146
0.3,3.0,3600.0,3800.0,0110100,0,50,50,0,50,0,0,2485.7,-1214.3,52.08,156.72,0.0,0.0,0.0,0
0.3,3.0,3600.0,3800.0,0111000,0,50,50,50,0,0,0,2809.1,-890.9,45.72,178.51,1.0,0.0,0.5,60629
0.3,3.0,3600.0,3800.0,1000011,50,0,0,0,0,50,50,2776.0,-924.0,47.69,171.12,1.0,0.0,0.5,160983
0.3,3.0,3600.0,3800.0,1000101,50,0,0,0,50,0,50,2452.3,-1247.7,49.62,164.47,0.0,0.0,0.0,0
0.3,3.0,3600.0,3800.0,1000110,50,0,0,0,50,50,0,2882.7,-817.3,45.72,178.49,1.0,0.0,0.5,51601
0.3,3.0,3600.0,3800.0,1001001,50,0,0,50,0,0,50,2813.1,-886.9,49.6,164.53,1.0,0.0,0.5,42856
0.3,3.0,3600.0,3800.0,1001010,50,0,0,50,0,50,0,3333.6,-366.4,47.19,172.96,1.0,0.0,0.5,55145
0.3,3.0,3600.0,3800.0,1001100,50,0,0,50,50,0,0,2820.1,-879.9,47.88,170.44,1.0,0.0,0.5,42078
0.3,3.0,3600.0,3800.0,1010001,50,0,50,0,0,0,50,3124.6,-575.4,48.07,169.77,0.0,0.0,0.0,0
0.3,3.0,3600.0,3800.0,1010010,50,0,50,0,0,50,0,3223.1,-476.9,45.46,179.51,1.0,0.0,0.5,1849
0.3,3.0,3600.0,3800.0,1010100,50,0,50,0,50,0,0,2973.8,-726.2,48.48,168.33,0.0,0.0,0.0,0
0.3,3.0,3600.0,3800.0,1011000,50,0,50,50,0,0,0,3341.7,-358.3,47.26,172.69,1.0,0.0,0.5,4513
0.3,3.0,3600.0,3800.0,1100001,50,50,0,0,0,0,50,2498.8,-1201.2,47.83,170.63,0.0,0.0,0.0,0
0.3,3.0,3600.0,3800.0,1100010,50,50,0,0,0,50,0,2996.4,-703.6,45.53,179.25,1.0,0.0,0.5,267341
0.3,3.0,3600.0,3800.0,1100100,50,50,0,0,50,0,0,2593.1,-1106.9,52.89,154.31,0.0,0.0,0.0,0
0.3,3.0,3600.0,3800.0,1101000,50,50,0,50,0,0,0,2960.6,-739.4,46.1,177.03,1.0,0.0,0.5,188512
0.3,3.0,3600.0,3800.0,1110000,50,50,50,0,0,0,0,3055.2,-644.8,45.49,179.41,0.0,0.0,0.0,0
0.3,3.0,2500.0,2700.0,0001111,0,0,0,47,30,50,50,2692.3,92.3,49.26,165.68,1.0,0.38,0.69,26833
0.3,3.0,2500.0,2700.0,0011011,0,0,30,30,0,50,50,2858.5,258.5,48.16,169.45,1.0,0.0,0.5,17354
0.3,3.0,2500.0,2700.0,0011110,0,0,30,30,30,50,0,2515.1,-84.9,45.45,179.55,1.0,0.43,0.72,258
0.3,3.0,2500.0,2700.0,0100111,0,46,0,0,49,50,50,2748.5,148.5,51.02,159.97,0.0,0.01,0.0,0
0.3,3.0,2500.0,2700.0,0101011,0,48,0,30,0,50,50,2747.2,147.2,48.34,168.83,1.0,0.02,0.51,143190
0.3,3.0,2500.0,2700.0,0101101,0,50,0,37,50,0,50,2743.2,143.2,53.11,153.68,0.0,0.05,0.02,0
0.3,3.0,2500.0,2700.0,0101110,0,41,0,30,50,50,0,2688.2,88.2,49.56,164.66,1.0,0.41,0.71,25013
0.3,3.0,2500.0,2700.0,0110011,0,47,30,0,0,50,50,2707.4,107.4,46.04,177.28,1.0,0.28,0.64,75136
0.3,3.0,2500.0,2700.0,0110110,0,38,30,0,50,50,0,2714.9,114.9,48.87,167.01,1.0,0.23,0.62,165
0.3,3.0,2500.0,2700.0,0111001,0,50,30,42,0,0,50,2738.8,138.8,49.02,166.49,1.0,0.07,0.54,81293
0.3,3.0,2500.0,2700.0,0111010,0,39,31,30,0,50,0,2745.4,145.4,44.82,182.11,1.0,0.03,0.52,735
0.3,3.0,2500.0,2700.0,0111100,0,50,32,30,50,0,0,2608.1,8.1,52.43,155.66,0.0,0.95,0.47,0
0.3,3.0,2500.0,2700.0,1000111,41,0,0,0,49,50,50,2747.8,147.8,46.67,174.87,1.0,0.01,0.51,32229
0.3,3.0,2500.0,2700.0,1001011,30,0,0,30,0,50,50,2763.8,163.8,48.92,166.84,1.0,0.0,0.5,104030
0.3,3.0,2500.0,2700.0,1001101,50,0,0,35,50,0,50,2745.6,145.6,51.62,158.1,1.0,0.03,0.51,33990
0.3,3.0,2500.0,2700.0,1001110,30,0,0,30,38,50,0,2465.0,-135.0,45.31,180.12,1.0,0.1,0.55,4274
0.3,3.0,2500.0,2700.0,1010011,30,0,30,0,0,50,50,2896.6,296.6,47.93,170.28,1.0,0.0,0.5,5887
0.3,3.0,2500.0,2700.0,1010110,30,0,31,0,48,50,0,2748.3,148.3,45.28,180.23,0.0,0.01,0.01,0
0.3,3.0,2500.0,2700.0,1011001,30,0,30,34,0,0,50,2561.3,-38.7,49.8,163.88,1.0,0.74,0.87,8236
0.3,3.0,2500.0,2700.0,1011010,30,0,30,30,0,50,0,2770.2,170.2,44.83,182.03,0.0,0.0,0.0,0
0.3,3.0,2500.0,2700.0,1011100,32,0,30,30,50,0,0,2458.0,-142.0,48.76,167.37,0.0,0.05,0.03,0
0.3,3.0,2500.0,2700.0,1100011,32,50,0,0,0,50,50,2734.2,134.2,46.06,177.2,1.0,0.11,0.55,221713
0.3,3.0,2500.0,2700.0,1100101,34,50,0,0,50,0,50,2747.2,147.2,53.1,153.69,0.0,0.02,0.01,0
0.3,3.0,2500.0,2700.0,1100110,30,39,0,0,50,50,0,2736.6,136.6,49.85,163.72,1.0,0.09,0.54,3717
0.3,3.0,2500.0,2700.0,1101001,30,50,0,49,0,0,50,2736.1,136.1,48.4,168.63,1.0,0.09,0.55,188841
0.3,3.0,2500.0,2700.0,1101100,38,50,0,30,50,0,0,2732.1,132.1,52.71,154.85,1.0,0.12,0.56,1658
0.3,3.0,2500.0,2700.0,1110001,33,50,33,0,0,0,50,2748.7,148.7,48.65,167.75,0.0,0.01,0.0,0
0.3,3.0,2500.0,2700.0,1110010,31,39,30,0,0,50,0,2743.3,143.3,44.64,182.82,1.0,0.04,0.52,106
0.3,3.0,2500.0,2700.0,1110100,34,50,30,0,50,0,0,2740.1,140.1,53.15,153.56,0.0,0.07,0.03,0
0.3,3.0,2500.0,2700.0,1111000,30,50,30,30,0,0,0,2733.0,133.0,46.39,175.93,1.0,0.11,0.56,437
0.3,3.0,2600.0,2800.0,0001111,0,0,0,47,30,50,50,2692.3,-7.7,49.26,165.68,1.0,0.95,0.97,26833
0.3,3.0,2600.0,2800.0,0011011,0,0,30,30,0,50,50,2858.5,158.5,48.16,169.45,1.0,0.0,0.5,17354
0.3,3.0,2600.0,2800.0,0011110,0,0,43,30,50,50,0,2845.1,145.1,45.39,179.8,1.0,0.03,0.52,258
0.3,3.0,2600.0,2800.0,0100111,0,50,0,0,50,50,50,2820.7,120.7,51.88,157.3,0.0,0.2,0.1,0
0.3,3.0,2600.0,2800.0,0101011,0,50,0,30,0,50,50,2838.0,138.0,48.68,167.66,1.0,0.08,0.54,143190
0.3,3.0,2600.0,2800.0,0101101,0,50,0,46,50,0,50,2845.2,145.2,53.43,152.75,0.0,0.03,0.02,0
0.3,3.0,2600.0,2800.0,0101110,0,41,0,30,50,50,0,2688.2,-11.8,49.56,164.66,1.0,0.92,0.96,25013
0.3,3.0,2600.0,2800.0,0110011,0,50,30,0,0,50,50,2840.2,140.2,46.73,174.66,1.0,0.07,0.53,75136
0.3,3.0,2600.0,2800.0,0110110,0,38,30,0,50,50,0,2714.9,14.9,48.87,167.01,1.0,0.9,0.95,165
0.3,3.0,2600.0,2800.0,0111001,0,50,30,48,0,0,50,2828.1,128.1,49.24,165.75,1.0,0.15,0.57,81293
0.3,3.0,2600.0,2800.0,0111010,0,43,30,30,0,50,0,2848.0,148.0,45.23,180.45,1.0,0.01,0.51,735
0.3,3.0,2600.0,2800.0,0111100,0,50,32,30,50,0,0,2608.1,-91.9,52.43,155.66,0.0,0.39,0.19,0
0.3,3.0,2600.0,2800.0,1000111,41,0,0,0,50,50,50,2785.2,85.2,46.81,174.36,1.0,0.43,0.72,32229
0.3,3.0,2600.0,2800.0,1001011,30,0,0,30,0,50,50,2763.8,63.8,48.92,166.84,1.0,0.57,0.79,104030
0.3,3.0,2600.0,2800.0,1001101,50,0,0,37,50,0,50,2817.6,117.6,51.8,157.56,1.0,0.22,0.61,33990
0.3,3.0,2600.0,2800.0,1001110,30,0,0,30,44,50,0,2562.4,-137.6,45.26,180.31,1.0,0.08,0.54,4274
0.3,3.0,2600.0,2800.0,1010011,30,0,30,0,0,50,50,2896.6,196.6,47.93,170.28,1.0,0.0,0.5,5887
0.3,3.0,2600.0,2800.0,1010110,34,0,30,0,50,50,0,2842.9,142.9,45.84,178.06,0.0,0.05,0.02,0
0.3,3.0,2600.0,2800.0,1011001,30,0,30,34,0,0,50,2561.3,-138.7,49.8,163.88,1.0,0.08,0.54,8236
0.3,3.0,2600.0,2800.0,1011010,31,0,36,30,0,50,0,2849.0,149.0,45.08,181.04,0.0,0.01,0.0,0
0.3,3.0,2600.0,2800.0,1011100,35,0,30,30,50,0,0,2580.6,-119.4,47.99,170.07,0.0,0.2,0.1,0
0.3,3.0,2600.0,2800.0,1100011,33,50,0,0,0,50,50,2772.2,72.2,46.09,177.06,1.0,0.52,0.76,221713
0.3,3.0,2600.0,2800.0,1100101,43,50,0,0,50,0,50,2844.9,144.9,53.79,151.72,0.0,0.03,0.02,0
0.3,3.0,2600.0,2800.0,1100110,30,42,0,0,50,50,0,2793.4,93.4,49.88,163.62,1.0,0.38,0.69,3717
0.3,3.0,2600.0,2800.0,1101001,30,50,0,50,0,0,50,2750.4,50.4,48.42,168.55,1.0,0.66,0.83,188841
0.3,3.0,2600.0,2800.0,1101100,40,50,0,30,50,0,0,2772.2,72.2,52.76,154.69,1.0,0.52,0.76,1658
0.3,3.0,2600.0,2800.0,1110001,40,50,32,0,0,0,50,2847.1,147.1,49.17,165.97,0.0,0.02,0.01,0
0.3,3.0,2600.0,2800.0,1110010,31,42,30,0,0,50,0,2842.8,142.8,44.98,181.43,1.0,0.05,0.52,106
0.3,3.0,2600.0,2800.0,1110100,38,50,30,0,50,0,0,2827.5,127.5,53.21,153.37,0.0,0.15,0.08,0
0.3,3.0,2600.0,2800.0,1111000,31,50,30,30,0,0,0,2763.6,63.6,46.4,175.91,1.0,0.58,0.79,437
0.3,3.0,2700.0,2900.0,0001111,0,0,0,47,30,50,50,2692.3,-107.7,49.26,165.68,1.0,0.28,0.64,26833
0.3,3.0,2700.0,2900.0,0011011,0,0,30,32,0,50,50,2934.7,134.7,48.17,169.44,1.0,0.1,0.55,17354
0.3,3.0,2700.0,2900.0,0011110,0,0,49,30,50,50,0,2908.3,108.3,45.46,179.52,1.0,0.28,0.64,258
0.3,3.0,2700.0,2900.0,0100111,0,50,0,0,50,50,50,2820.7,20.7,51.88,157.3,0.0,0.86,0.43,0
0.3,3.0,2700.0,2900.0,0101011,0,50,0,33,0,50,50,2949.1,149.1,48.73,167.49,1.0,0.01,0.5,143190
0.3,3.0,2700.0,2900.0,0101101,0,50,0,50,50,0,50,2887.6,87.6,53.45,152.7,0.0,0.42,0.21,0
0.3,3.0,2700.0,2900.0,0101110,0,41,0,30,50,50,0,2688.2,-111.8,49.56,164.66,1.0,0.25,0.63,25013
0.3,3.0,2700.0,2900.0,0110011,0,50,31,0,0,50,50,2869.3,69.3,46.73,174.66,1.0,0.54,0.77,75136
0.3,3.0,2700.0,2900.0,0110110,0,38,30,0,50,50,0,2714.9,-85.1,48.87,167.01,1.0,0.43,0.72,165
0.3,3.0,2700.0,2900.0,0111001,0,50,30,50,0,0,50,2879.4,79.4,49.32,165.47,1.0,0.47,0.74,81293
0.3,3.0,2700.0,2900.0,0111010,0,47,30,30,0,50,0,2934.5,134.5,45.35,179.95,1.0,0.1,0.55,735
0.3,3.0,2700.0,2900.0,0111100,0,50,30,36,50,0,0,2650.6,-149.4,52.26,156.17,0.0,0.0,0.0,0
0.3,3.0,2700.0,2900.0,1000111,43,0,0,0,50,50,50,2933.9,133.9,47.08,173.37,1.0,0.11,0.55,32229
0.3,3.0,2700.0,2900.0,1001011,30,0,0,30,0,50,50,2763.8,-36.2,48.92,166.84,1.0,0.76,0.88,104030
0.3,3.0,2700.0,2900.0,1001101,50,0,0,38,50,0,50,2859.9,59.9,51.81,157.53,1.0,0.6,0.8,33990
0.3,3.0,2700.0,2900.0,1001110,42,0,0,30,50,50,0,2944.1,144.1,45.55,179.18,1.0,0.04,0.52,4274
0.3,3.0,2700.0,2900.0,1010011,30,0,30,0,0,50,50,2896.6,96.6,47.93,170.28,1.0,0.36,0.68,5887
0.3,3.0,2700.0,2900.0,1010110,38,0,30,0,50,50,0,2938.6,138.6,46.09,177.09,0.0,0.08,0.04,0
0.3,3.0,2700.0,2900.0,1011001,30,0,30,39,0,0,50,2659.7,-140.3,49.69,164.24,1.0,0.06,0.53,8236
0.3,3.0,2700.0,2900.0,1011010,31,0,45,30,0,50,0,2948.9,148.9,45.51,179.33,0.0,0.01,0.0,0
0.3,3.0,2700.0,2900.0,1011100,47,0,30,30,50,0,0,2936.5,136.5,48.51,168.24,0.0,0.09,0.05,0
0.3,3.0,2700.0,2900.0,1100011,33,50,0,0,0,50,50,2772.2,-27.8,46.09,177.06,1.0,0.81,0.91,221713
0.3,3.0,2700.0,2900.0,1100101,50,50,0,0,50,0,50,2940.2,140.2,54.19,150.61,0.0,0.07,0.03,0
0.3,3.0,2700.0,2900.0,1100110,30,42,0,0,50,50,0,2793.4,-6.6,49.88,163.62,1.0,0.96,0.98,3717
0.3,3.0,2700.0,2900.0,1101001,50,50,0,30,0,0,50,2873.5,73.5,48.52,168.21,1.0,0.51,0.75,188841
0.3,3.0,2700.0,2900.0,1101100,40,50,0,30,50,0,0,2772.2,-27.8,52.76,154.69,1.0,0.81,0.91,1658
0.3,3.0,2700.0,2900.0,1110001,45,50,30,0,0,0,50,2928.8,128.8,49.6,164.54,0.0,0.14,0.07,0
0.3,3.0,2700.0,2900.0,1110010,30,47,30,0,0,50,0,2938.9,138.9,45.27,180.27,1.0,0.07,0.54,106
0.3,3.0,2700.0,2900.0,1110100,38,50,30,0,50,0,0,2827.5,27.5,53.21,153.37,0.0,0.82,0.41,0
0.3,3.0,2700.0,2900.0,1111000,31,50,30,30,0,0,0,2763.6,-36.4,46.4,175.91,1.0,0.76,0.88,437
0.3,3.0,2800.0,3000.0,0001111,0,0,0,49,30,50,50,2793.1,-106.9,49.1,166.2,1.0,0.29,0.64,26833
0.3,3.0,2800.0,3000.0,0011011,0,0,30,35,0,50,50,3032.3,132.3,48.21,169.27,1.0,0.12,0.56,17354
0.3,3.0,2800.0,3000.0,0011110,0,0,49,30,50,50,0,2908.3,8.3,45.46,179.52,1.0,0.94,0.97,258
0.3,3.0,2800.0,3000.0,0100111,0,50,0,0,50,50,50,2820.7,-79.3,51.88,157.3,0.0,0.47,0.24,0
0.3,3.0,2800.0,3000.0,0101011,0,50,0,35,0,50,50,3044.1,144.1,48.77,167.36,1.0,0.04,0.52,143190
0.3,3.0,2800.0,3000.0,0101101,0,50,0,50,50,0,50,2887.6,-12.4,53.45,152.7,0.0,0.92,0.46,0
0.3,3.0,2800.0,3000.0,0101110,0,44,0,30,49,50,0,2751.2,-148.8,49.49,164.89,1.0,0.01,0.5,25013
0.3,3.0,2800.0,3000.0,0110011,0,50,31,0,0,50,50,2869.3,-30.7,46.73,174.66,1.0,0.8,0.9,75136
0.3,3.0,2800.0,3000.0,0110110,0,40,30,0,50,50,0,2756.3,-143.7,48.82,167.18,1.0,0.04,0.52,165
0.3,3.0,2800.0,3000.0,0111001,0,50,30,50,0,0,50,2879.4,-20.6,49.32,165.47,1.0,0.86,0.93,81293
0.3,3.0,2800.0,3000.0,0111010,0,49,30,30,0,50,0,2981.6,81.6,45.36,179.91,1.0,0.46,0.73,735
0.3,3.0,2800.0,3000.0,0111100,0,50,30,44,50,0,0,2758.3,-141.7,51.37,158.89,0.0,0.06,0.03,0
0.3,3.0,2800.0,3000.0,1000111,45,0,0,0,49,50,50,3037.9,137.9,47.23,172.79,1.0,0.08,0.54,32229
0.3,3.0,2800.0,3000.0,1001011,30,0,0,30,0,50,50,2763.8,-136.2,48.92,166.84,1.0,0.09,0.55,104030
0.3,3.0,2800.0,3000.0,1001101,50,0,0,38,50,0,50,2859.9,-40.1,51.81,157.53,1.0,0.73,0.87,33990
0.3,3.0,2800.0,3000.0,1001110,45,0,0,30,50,50,0,3045.4,145.4,46.03,177.3,1.0,0.03,0.52,4274
0.3,3.0,2800.0,3000.0,1010011,30,0,30,0,0,50,50,2896.6,-3.4,47.93,170.28,1.0,0.98,0.99,5887
0.3,3.0,2800.0,3000.0,1010110,41,0,30,0,50,50,0,3038.6,138.6,46.38,175.96,0.0,0.08,0.04,0
0.3,3.0,2800.0,3000.0,1011001,30,0,30,44,0,0,50,2761.0,-139.0,49.41,165.18,1.0,0.07,0.54,8236
0.3,3.0,2800.0,3000.0,1011010,38,0,39,30,0,50,0,3048.7,148.7,45.79,178.22,0.0,0.01,0.0,0
0.3,3.0,2800.0,3000.0,1011100,49,0,30,30,50,0,0,3011.6,111.6,48.85,167.07,0.0,0.26,0.13,0
0.3,3.0,2800.0,3000.0,1100011,33,50,0,0,0,50,50,2772.2,-127.8,46.09,177.06,1.0,0.15,0.57,221713
0.3,3.0,2800.0,3000.0,1100101,50,50,0,0,50,0,50,2940.2,40.2,54.19,150.61,0.0,0.73,0.37,0
0.3,3.0,2800.0,3000.0,1100110,30,42,0,0,50,50,0,2793.4,-106.6,49.88,163.62,1.0,0.29,0.64,3717
0.3,3.0,2800.0,3000.0,1101001,50,50,0,30,0,0,50,2873.5,-26.5,48.52,168.21,1.0,0.82,0.91,188841
0.3,3.0,2800.0,3000.0,1101100,40,50,0,30,50,0,0,2772.2,-127.8,52.76,154.69,1.0,0.15,0.57,1658
0.3,3.0,2800.0,3000.0,1110001,47,50,30,0,0,0,50,2998.3,98.3,49.68,164.28,0.0,0.34,0.17,0
0.3,3.0,2800.0,3000.0,1110010,30,48,30,0,0,50,0,2959.3,59.3,45.28,180.26,1.0,0.6,0.8,106
0.3,3.0,2800.0,3000.0,1110100,38,50,30,0,50,0,0,2827.5,-72.5,53.21,153.37,0.0,0.52,0.26,0
0.3,3.0,2800.0,3000.0,1111000,31,50,30,30,0,0,0,2763.6,-136.4,46.4,175.91,1.0,0.09,0.55,437
0.3,3.0,2900.0,3100.0,0001111,0,0,0,50,33,50,50,2856.3,-143.7,48.41,168.61,1.0,0.04,0.52,26833
0.3,3.0,2900.0,3100.0,0011011,0,0,30,38,0,50,50,3116.7,116.7,48.24,169.18,1.0,0.22,0.61,17354
0.3,3.0,2900.0,3100.0,0011110,0,0,49,30,50,50,0,2908.3,-91.7,45.46,179.52,1.0,0.39,0.69,258
0.3,3.0,2900.0,3100.0,0100111,0,50,0,0,50,50,50,2820.7,-179.3,51.88,157.3,0.0,0.0,0.0,0
0.3,3.0,2900.0,3100.0,0101011,0,50,0,35,0,50,50,3044.1,44.1,48.77,167.36,1.0,0.71,0.85,143190
0.3,3.0,2900.0,3100.0,0101101,0,50,0,50,50,0,50,2887.6,-112.4,53.45,152.7,0.0,0.25,0.13,0
0.3,3.0,2900.0,3100.0,0101110,0,49,0,30,50,50,0,2863.0,-137.0,49.16,166.03,1.0,0.09,0.54,25013
0.3,3.0,2900.0,3100.0,0110011,0,50,31,0,0,50,50,2869.3,-130.7,46.73,174.66,1.0,0.13,0.56,75136
0.3,3.0,2900.0,3100.0,0110110,0,46,30,0,50,50,0,2853.9,-146.1,48.72,167.52,1.0,0.03,0.51,165
0.3,3.0,2900.0,3100.0,0111001,0,50,30,50,0,0,50,2879.4,-120.6,49.32,165.47,1.0,0.2,0.6,81293
0.3,3.0,2900.0,3100.0,0111010,0,49,30,30,0,50,0,2981.6,-18.4,45.36,179.91,1.0,0.88,0.94,735
0.3,3.0,2900.0,3100.0,0111100,0,50,47,32,50,0,0,2852.5,-147.5,50.15,162.75,0.0,0.02,0.01,0
0.3,3.0,2900.0,3100.0,1000111,46,0,0,0,50,50,50,3142.4,142.4,47.74,170.96,1.0,0.05,0.53,32229
0.3,3.0,2900.0,3100.0,1001011,30,0,0,36,0,50,50,2857.0,-143.0,48.6,167.93,1.0,0.05,0.52,104030
0.3,3.0,2900.0,3100.0,1001101,50,0,0,38,50,0,50,2859.9,-140.1,51.81,157.53,1.0,0.07,0.53,33990
0.3,3.0,2900.0,3100.0,1001110,47,0,0,31,50,50,0,3142.2,142.2,46.34,176.13,1.0,0.05,0.53,4274
0.3,3.0,2900.0,3100.0,1010011,30,0,30,0,0,50,50,2896.6,-103.4,47.93,170.28,1.0,0.31,0.66,5887
0.3,3.0,2900.0,3100.0,1010110,44,0,30,0,50,50,0,3141.1,141.1,46.5,175.53,0.0,0.06,0.03,0
0.3,3.0,2900.0,3100.0,1011001,30,0,30,50,0,0,50,2859.7,-140.3,49.03,166.45,1.0,0.06,0.53,8236
0.3,3.0,2900.0,3100.0,1011010,43,0,30,30,0,50,0,3145.2,145.2,45.92,177.74,0.0,0.03,0.02,0
0.3,3.0,2900.0,3100.0,1011100,50,0,30,30,50,0,0,3052.9,52.9,48.97,166.68,0.0,0.65,0.32,0
0.3,3.0,2900.0,3100.0,1100011,35,50,0,0,0,50,50,2860.6,-139.4,45.92,177.74,1.0,0.07,0.54,221713
0.3,3.0,2900.0,3100.0,1100101,50,50,0,0,50,0,50,2940.2,-59.8,54.19,150.61,0.0,0.6,0.3,0
0.3,3.0,2900.0,3100.0,1100110,30,46,0,0,50,50,0,2861.2,-138.8,49.82,163.8,1.0,0.07,0.54,3717
0.3,3.0,2900.0,3100.0,1101001,50,50,0,30,0,0,50,2873.5,-126.5,48.52,168.21,1.0,0.16,0.58,188841
0.3,3.0,2900.0,3100.0,1101100,44,50,0,30,50,0,0,2854.5,-145.5,52.6,155.15,1.0,0.03,0.51,1658
0.3,3.0,2900.0,3100.0,1110001,47,50,30,0,0,0,50,2998.3,-1.7,49.68,164.28,0.0,0.99,0.49,0
0.3,3.0,2900.0,3100.0,1110010,30,48,30,0,0,50,0,2959.3,-40.7,45.28,180.26,1.0,0.73,0.86,106
0.3,3.0,2900.0,3100.0,1110100,40,50,30,0,50,0,0,2861.5,-138.5,53.06,153.8,0.0,0.08,0.04,0
0.3,3.0,2900.0,3100.0,1111000,36,50,30,30,0,0,0,2851.4,-148.6,46.36,176.03,1.0,0.01,0.5,437
0.3,3.0,3000.0,3200.0,0001111,0,0,0,49,42,50,50,2951.2,-148.8,47.36,172.31,1.0,0.01,0.5,26833
0.3,3.0,3000.0,3200.0,0011011,0,0,30,38,0,50,50,3116.7,16.7,48.24,169.18,1.0,0.89,0.94,17354
0.3,3.0,3000.0,3200.0,0011110,0,0,50,35,50,50,0,2956.2,-143.8,45.39,179.82,1.0,0.04,0.52,258
0.3,3.0,3000.0,3200.0,0100111,0,50,0,0,50,50,50,2820.7,-279.3,51.88,157.3,0.0,0.0,0.0,0
0.3,3.0,3000.0,3200.0,0101011,0,50,0,35,0,50,50,3044.1,-55.9,48.77,167.36,1.0,0.63,0.81,143190
0.3,3.0,3000.0,3200.0,0101101,0,50,0,50,50,0,50,2887.6,-212.4,53.45,152.7,0.0,0.0,0.0,0
0.3,3.0,3000.0,3200.0,0101110,0,50,0,34,50,50,0,2965.3,-134.7,47.32,172.49,1.0,0.1,0.55,25013
0.3,3.0,3000.0,3200.0,0110011,0,50,34,0,0,50,50,2975.8,-124.2,46.53,175.41,1.0,0.17,0.59,75136
0.3,3.0,3000.0,3200.0,0110110,0,49,32,0,50,50,0,2951.8,-148.2,47.87,170.49,1.0,0.01,0.51,165
0.3,3.0,3000.0,3200.0,0111001,0,50,33,50,0,0,50,2981.8,-118.2,49.06,166.36,1.0,0.21,0.61,81293
0.3,3.0,3000.0,3200.0,0111010,0,49,30,30,0,50,0,2981.6,-118.4,45.36,179.91,1.0,0.21,0.61,735
0.3,3.0,3000.0,3200.0,0111100,0,50,49,37,50,0,0,2950.9,-149.1,47.9,170.37,0.0,0.01,0.0,0
0.3,3.0,3000.0,3200.0,1000111,47,0,0,0,50,50,50,3211.8,111.8,47.94,170.23,1.0,0.25,0.63,32229
0.3,3.0,3000.0,3200.0,1001011,36,0,0,35,0,50,50,2954.7,-145.3,48.31,168.93,1.0,0.03,0.52,104030
0.3,3.0,3000.0,3200.0,1001101,50,0,0,40,50,0,50,2963.6,-136.4,51.67,157.96,1.0,0.09,0.55,33990
0.3,3.0,3000.0,3200.0,1001110,50,0,0,30,48,50,0,3241.1,141.1,46.53,175.4,1.0,0.06,0.53,4274
0.3,3.0,3000.0,3200.0,1010011,36,0,45,0,0,50,50,3247.4,147.4,47.91,170.37,1.0,0.02,0.51,5887
0.3,3.0,3000.0,3200.0,1010110,47,0,30,0,49,50,0,3236.5,136.5,46.57,175.24,0.0,0.09,0.04,0
0.3,3.0,3000.0,3200.0,1011001,33,0,30,50,0,0,50,2960.1,-139.9,48.82,167.17,1.0,0.07,0.53,8236
0.3,3.0,3000.0,3200.0,1011010,45,0,30,30,0,50,0,3246.7,146.7,46.03,177.31,0.0,0.02,0.01,0
0.3,3.0,3000.0,3200.0,1011100,50,0,30,30,50,0,0,3052.9,-47.1,48.97,166.68,0.0,0.69,0.34,0
0.3,3.0,3000.0,3200.0,1100011,40,50,0,0,0,50,50,3089.3,-10.7,45.79,178.23,1.0,0.93,0.96,221713
0.3,3.0,3000.0,3200.0,1100101,50,50,0,0,50,0,50,2940.2,-159.8,54.19,150.61,0.0,0.0,0.0,0
0.3,3.0,3000.0,3200.0,1100110,31,50,0,0,50,50,0,2965.9,-134.1,49.32,165.47,1.0,0.11,0.55,3717
0.3,3.0,3000.0,3200.0,1101001,50,50,0,33,0,0,50,2959.4,-140.6,48.38,168.68,1.0,0.06,0.53,188841
0.3,3.0,3000.0,3200.0,1101100,50,47,0,30,50,0,0,2953.7,-146.3,52.07,156.74,1.0,0.02,0.51,1658
0.3,3.0,3000.0,3200.0,1110001,47,50,30,0,0,0,50,2998.3,-101.7,49.68,164.28,0.0,0.32,0.16,0
0.3,3.0,3000.0,3200.0,1110010,30,48,30,0,0,50,0,2959.3,-140.7,45.28,180.26,1.0,0.06,0.53,106
0.3,3.0,3000.0,3200.0,1110100,46,44,30,0,50,0,0,2955.8,-144.2,52.7,154.85,0.0,0.04,0.02,0
0.3,3.0,3000.0,3200.0,1111000,42,50,30,30,0,0,0,2951.3,-148.7,46.22,176.58,1.0,0.01,0.5,437
0.3,3.0,3100.0,3300.0,0001111,0,0,0,49,50,50,50,3054.9,-145.1,46.67,174.87,1.0,0.03,0.52,26833
0.3,3.0,3100.0,3300.0,0011011,0,0,30,38,0,50,50,3116.7,-83.3,48.24,169.18,1.0,0.44,0.72,17354
0.3,3.0,3100.0,3300.0,0011110,0,0,50,46,50,50,0,3057.2,-142.8,45.2,180.54,1.0,0.05,0.52,258
0.3,3.0,3100.0,3300.0,0100111,0,50,0,0,50,50,50,2820.7,-379.3,51.88,157.3,0.0,0.0,0.0,0
0.3,3.0,3100.0,3300.0,0101011,0,50,0,36,0,50,50,3093.3,-106.7,48.68,167.64,1.0,0.29,0.64,143190
0.3,3.0,3100.0,3300.0,0101101,0,50,0,50,50,0,50,2887.6,-312.4,53.45,152.7,0.0,0.0,0.0,0
0.3,3.0,3100.0,3300.0,0101110,0,50,0,40,50,50,0,3062.4,-137.6,46.59,175.18,1.0,0.08,0.54,25013
0.3,3.0,3100.0,3300.0,0110011,0,50,36,0,0,50,50,3058.7,-141.3,46.45,175.72,1.0,0.06,0.53,75136
0.3,3.0,3100.0,3300.0,0110110,0,50,36,0,50,50,0,3052.9,-147.1,46.8,174.4,1.0,0.02,0.51,165
0.3,3.0,3100.0,3300.0,0111001,0,50,35,50,0,0,50,3065.3,-134.7,48.68,167.65,1.0,0.1,0.55,81293
0.3,3.0,3100.0,3300.0,0111010,0,50,30,35,0,50,0,3051.5,-148.5,45.24,180.39,1.0,0.01,0.5,735
0.3,3.0,3100.0,3300.0,0111100,0,50,50,44,50,0,0,3051.4,-148.6,46.35,176.08,0.0,0.01,0.0,0
0.3,3.0,3100.0,3300.0,1000111,49,0,0,0,50,50,50,3334.4,134.4,48.07,169.8,1.0,0.1,0.55,32229
0.3,3.0,3100.0,3300.0,1001011,46,0,0,31,0,50,50,3336.3,136.3,48.17,169.44,1.0,0.09,0.55,104030
0.3,3.0,3100.0,3300.0,1001101,50,0,0,42,50,0,50,3066.2,-133.8,51.43,158.68,1.0,0.11,0.55,33990
0.3,3.0,3100.0,3300.0,1001110,50,0,0,33,50,50,0,3306.2,106.2,46.63,175.04,1.0,0.29,0.65,4274
0.3,3.0,3100.0,3300.0,1010011,46,0,30,0,0,50,50,3344.8,144.8,48.11,169.65,1.0,0.03,0.52,5887
0.3,3.0,3100.0,3300.0,1010110,49,0,30,0,50,50,0,3334.0,134.0,46.79,174.42,0.0,0.11,0.05,0
0.3,3.0,3100.0,3300.0,1011001,42,0,30,50,0,0,50,3347.5,147.5,48.83,167.14,1.0,0.02,0.51,8236
0.3,3.0,3100.0,3300.0,1011010,47,0,30,30,0,50,0,3340.1,140.1,46.11,177.01,0.0,0.07,0.03,0
0.3,3.0,3100.0,3300.0,1011100,50,0,30,30,50,0,0,3052.9,-147.1,48.97,166.68,0.0,0.02,0.01,0
0.3,3.0,3100.0,3300.0,1100011,40,50,0,0,0,50,50,3089.3,-110.7,45.79,178.23,1.0,0.26,0.63,221713
0.3,3.0,3100.0,3300.0,1100101,50,50,0,0,50,0,50,2940.2,-259.8,54.19,150.61,0.0,0.0,0.0,0
0.3,3.0,3100.0,3300.0,1100110,35,50,0,0,50,50,0,3062.3,-137.7,48.04,169.88,1.0,0.08,0.54,3717
0.3,3.0,3100.0,3300.0,1101001,50,50,0,36,0,0,50,3054.7,-145.3,48.02,169.97,1.0,0.03,0.52,188841
0.3,3.0,3100.0,3300.0,1101100,50,50,0,33,50,0,0,3052.8,-147.2,51.21,159.37,1.0,0.02,0.51,1658
0.3,3.0,3100.0,3300.0,1110001,46,50,33,0,0,0,50,3055.9,-144.1,49.47,164.99,0.0,0.04,0.02,0
0.3,3.0,3100.0,3300.0,1110010,38,46,31,0,0,50,0,3053.3,-146.7,45.17,180.7,1.0,0.02,0.51,106
0.3,3.0,3100.0,3300.0,1110100,47,49,30,0,50,0,0,3054.4,-145.6,52.07,156.74,0.0,0.03,0.01,0
0.3,3.0,3100.0,3300.0,1111000,50,30,39,50,0,0,0,3346.9,146.9,45.96,177.59,1.0,0.02,0.51,437
0.3,3.0,3200.0,3400.0,0001111,0,0,0,50,50,50,50,3067.1,-232.9,46.52,175.45,1.0,0.0,0.5,26833
0.3,3.0,3200.0,3400.0,0011011,0,0,30,40,0,50,50,3165.3,-134.7,48.23,169.2,1.0,0.1,0.55,17354
0.3,3.0,3200.0,3400.0,0011110,0,0,50,50,50,50,0,3097.6,-202.4,45.14,180.8,1.0,0.0,0.5,258
0.3,3.0,3200.0,3400.0,0100111,0,50,0,0,50,50,50,2820.7,-479.3,51.88,157.3,0.0,0.0,0.0,0
0.3,3.0,3200.0,3400.0,0101011,0,50,0,38,0,50,50,3161.4,-138.6,48.48,168.35,1.0,0.08,0.54,143190
0.3,3.0,3200.0,3400.0,0101101,0,50,0,50,50,0,50,2887.6,-412.4,53.45,152.7,0.0,0.0,0.0,0
0.3,3.0,3200.0,3400.0,0101110,0,50,0,46,50,50,0,3150.5,-149.5,46.22,176.56,1.0,0.0,0.5,25013
0.3,3.0,3200.0,3400.0,0110011,0,50,41,0,0,50,50,3223.2,-76.8,46.22,176.58,1.0,0.49,0.74,75136
0.3,3.0,3200.0,3400.0,0110110,0,50,42,0,50,50,0,3155.8,-144.2,45.86,177.97,1.0,0.04,0.52,165
0.3,3.0,3200.0,3400.0,0111001,0,50,39,50,0,0,50,3170.0,-130.0,48.14,169.54,1.0,0.13,0.57,81293
0.3,3.0,3200.0,3400.0,0111010,0,47,30,50,0,50,0,3157.3,-142.7,45.11,180.92,1.0,0.05,0.52,735
0.3,3.0,3200.0,3400.0,0111100,0,50,50,50,50,0,0,3112.9,-187.1,46.02,177.34,0.0,0.0,0.0,0
0.3,3.0,3200.0,3400.0,1000111,50,0,0,0,50,50,50,3372.3,72.3,48.17,169.43,1.0,0.52,0.76,32229
0.3,3.0,3200.0,3400.0,1001011,47,0,0,32,0,50,50,3435.6,135.6,48.38,168.71,1.0,0.1,0.55,104030
0.3,3.0,3200.0,3400.0,1001101,50,0,0,44,50,0,50,3173.7,-126.3,51.0,160.04,1.0,0.16,0.58,33990
0.3,3.0,3200.0,3400.0,1001110,50,0,0,33,50,50,0,3306.2,6.2,46.63,175.04,1.0,0.96,0.98,4274
0.3,3.0,3200.0,3400.0,1010011,48,0,30,0,0,50,50,3434.1,134.1,48.28,169.05,1.0,0.11,0.55,5887
0.3,3.0,3200.0,3400.0,1010110,50,0,30,0,50,50,0,3375.7,75.7,46.88,174.09,0.0,0.5,0.25,0
0.3,3.0,3200.0,3400.0,1011001,44,0,30,50,0,0,50,3441.2,141.2,49.05,166.37,1.0,0.06,0.53,8236
0.3,3.0,3200.0,3400.0,1011010,49,0,30,30,0,50,0,3440.9,140.9,46.23,176.52,0.0,0.06,0.03,0
0.3,3.0,3200.0,3400.0,1011100,50,0,34,33,50,0,0,3155.7,-144.3,48.69,167.6,0.0,0.04,0.02,0
0.3,3.0,3200.0,3400.0,1100011,43,50,0,0,0,50,50,3191.9,-108.1,45.75,178.39,1.0,0.28,0.64,221713
0.3,3.0,3200.0,3400.0,1100101,50,50,0,0,50,0,50,2940.2,-359.8,54.19,150.61,0.0,0.0,0.0,0
0.3,3.0,3200.0,3400.0,1100110,39,50,0,0,50,50,0,3154.8,-145.2,46.99,173.68,1.0,0.03,0.52,3717
0.3,3.0,3200.0,3400.0,1101001,50,50,0,39,0,0,50,3182.3,-117.7,47.5,171.81,1.0,0.22,0.61,188841
0.3,3.0,3200.0,3400.0,1101100,50,50,0,39,50,0,0,3156.0,-144.0,49.86,163.67,1.0,0.04,0.52,1658
0.3,3.0,3200.0,3400.0,1110001,48,50,33,0,0,0,50,3151.2,-148.8,48.94,166.78,0.0,0.01,0.0,0
0.3,3.0,3200.0,3400.0,1110010,40,33,50,0,0,50,0,3162.0,-138.0,45.1,180.96,1.0,0.08,0.54,106
0.3,3.0,3200.0,3400.0,1110100,50,48,30,0,50,0,0,3159.6,-140.4,51.66,157.97,0.0,0.06,0.03,0
0.3,3.0,3200.0,3400.0,1111000,50,30,40,50,0,0,0,3361.9,61.9,45.96,177.59,1.0,0.59,0.79,437
0.3,3.0,3300.0,3500.0,0001111,0,0,0,50,50,50,50,3067.1,-332.9,46.52,175.45,1.0,0.0,0.5,26833
0.3,3.0,3300.0,3500.0,0011011,0,0,49,30,0,50,50,3262.8,-137.2,48.21,169.3,1.0,0.09,0.54,17354
0.3,3.0,3300.0,3500.0,0011110,0,0,50,50,50,50,0,3097.6,-302.4,45.14,180.8,1.0,0.0,0.5,258
0.3,3.0,3300.0,3500.0,0100111,0,50,0,0,50,50,50,2820.7,-579.3,51.88,157.3,0.0,0.0,0.0,0
0.3,3.0,3300.0,3500.0,0101011,0,50,0,41,0,50,50,3257.0,-143.0,47.87,170.47,1.0,0.05,0.52,143190
0.3,3.0,3300.0,3500.0,0101101,0,50,0,50,50,0,50,2887.6,-512.4,53.45,152.7,0.0,0.0,0.0,0
0.3,3.0,3300.0,3500.0,0101110,0,50,0,50,50,50,0,3194.6,-205.4,46.07,177.16,1.0,0.0,0.5,25013
0.3,3.0,3300.0,3500.0,0110011,0,50,42,0,0,50,50,3258.0,-142.0,46.19,176.68,1.0,0.05,0.53,75136
0.3,3.0,3300.0,3500.0,0110110,0,50,50,0,50,50,0,3257.6,-142.4,45.29,180.2,1.0,0.05,0.53,165
0.3,3.0,3300.0,3500.0,0111001,0,50,43,50,0,0,50,3265.2,-134.8,47.58,171.53,1.0,0.1,0.55,81293
0.3,3.0,3300.0,3500.0,0111010,0,50,34,50,0,50,0,3252.3,-147.7,44.89,181.81,1.0,0.02,0.51,735
0.3,3.0,3300.0,3500.0,0111100,0,50,50,50,50,0,0,3112.9,-287.1,46.02,177.34,0.0,0.0,0.0,0
0.3,3.0,3300.0,3500.0,1000111,50,0,0,0,50,50,50,3372.3,-27.7,48.17,169.43,1.0,0.82,0.91,32229
0.3,3.0,3300.0,3500.0,1001011,49,0,0,32,0,50,50,3542.3,142.3,48.92,166.82,1.0,0.05,0.53,104030
0.3,3.0,3300.0,3500.0,1001101,50,0,0,46,50,0,50,3273.6,-126.4,50.55,161.44,1.0,0.16,0.58,33990
0.3,3.0,3300.0,3500.0,1001110,50,0,0,33,50,50,0,3306.2,-93.8,46.63,175.04,1.0,0.37,0.69,4274
0.3,3.0,3300.0,3500.0,1010011,50,0,30,0,0,50,50,3528.1,128.1,48.38,168.7,1.0,0.15,0.57,5887
0.3,3.0,3300.0,3500.0,1010110,50,0,30,0,50,50,0,3375.7,-24.3,46.88,174.09,0.0,0.84,0.42,0
0.3,3.0,3300.0,3500.0,1011001,50,0,48,30,0,0,50,3542.5,142.5,49.58,164.6,1.0,0.05,0.52,8236
0.3,3.0,3300.0,3500.0,1011010,50,0,30,32,0,50,0,3534.7,134.7,46.45,175.71,0.0,0.1,0.05,0
0.3,3.0,3300.0,3500.0,1011100,50,0,34,39,50,0,0,3255.9,-144.1,48.59,167.96,0.0,0.04,0.02,0
0.3,3.0,3300.0,3500.0,1100011,45,50,0,0,0,50,50,3281.3,-118.7,45.67,178.7,1.0,0.21,0.6,221713
0.3,3.0,3300.0,3500.0,1100101,50,50,0,0,50,0,50,2940.2,-459.8,54.19,150.61,0.0,0.0,0.0,0
0.3,3.0,3300.0,3500.0,1100110,50,36,0,0,50,50,0,3255.6,-144.4,46.89,174.05,1.0,0.04,0.52,3717
0.3,3.0,3300.0,3500.0,1101001,50,50,0,41,0,0,50,3259.4,-140.6,47.41,172.16,1.0,0.06,0.53,188841
0.3,3.0,3300.0,3500.0,1101100,50,50,0,44,50,0,0,3253.0,-147.0,48.37,168.72,1.0,0.02,0.51,1658
0.3,3.0,3300.0,3500.0,1110001,43,50,42,0,0,0,50,3255.2,-144.8,48.49,168.31,0.0,0.03,0.02,0
0.3,3.0,3300.0,3500.0,1110010,43,34,49,0,0,50,0,3252.7,-147.3,45.0,181.38,1.0,0.02,0.51,106
0.3,3.0,3300.0,3500.0,1110100,50,49,33,0,50,0,0,3251.6,-148.4,51.13,159.61,0.0,0.01,0.01,0
0.3,3.0,3300.0,3500.0,1111000,50,30,40,50,0,0,0,3361.9,-38.1,45.96,177.59,1.0,0.75,0.87,437
0.3,3.0,3400.0,3600.0,0001111,0,0,0,50,50,50,50,3067.1,-432.9,46.52,175.45,1.0,0.0,0.5,26833
0.3,3.0,3400.0,3600.0,0011011,0,0,50,35,0,50,50,3354.2,-145.8,48.05,169.87,1.0,0.03,0.51,17354
0.3,3.0,3400.0,3600.0,0011110,0,0,50,50,50,50,0,3097.6,-402.4,45.14,180.8,1.0,0.0,0.5,258
0.3,3.0,3400.0,3600.0,0100111,0,50,0,0,50,50,50,2820.7,-679.3,51.88,157.3,0.0,0.0,0.0,0
0.3,3.0,3400.0,3600.0,0101011,0,50,0,47,0,50,50,3359.1,-140.9,47.03,173.52,1.0,0.06,0.53,143190
0.3,3.0,3400.0,3600.0,0101101,0,50,0,50,50,0,50,2887.6,-612.4,53.45,152.7,0.0,0.0,0.0,0
0.3,3.0,3400.0,3600.0,0101110,0,50,0,50,50,50,0,3194.6,-305.4,46.07,177.16,1.0,0.0,0.5,25013
0.3,3.0,3400.0,3600.0,0110011,0,50,45,0,0,50,50,3354.1,-145.9,45.98,177.49,1.0,0.03,0.51,75136
0.3,3.0,3400.0,3600.0,0110110,0,50,50,0,50,50,0,3257.6,-242.4,45.29,180.2,1.0,0.0,0.5,165
0.3,3.0,3400.0,3600.0,0111001,0,50,50,49,0,0,50,3353.1,-146.9,46.64,174.98,1.0,0.02,0.51,81293
0.3,3.0,3400.0,3600.0,0111010,0,46,49,50,0,50,0,3350.9,-149.1,44.56,183.13,1.0,0.01,0.5,735
0.3,3.0,3400.0,3600.0,0111100,0,50,50,50,50,0,0,3112.9,-387.1,46.02,177.34,0.0,0.0,0.0,0
0.3,3.0,3400.0,3600.0,1000111,50,0,0,0,50,50,50,3372.3,-127.7,48.17,169.43,1.0,0.15,0.57,32229
0.3,3.0,3400.0,3600.0,1001011,50,0,0,35,0,50,50,3634.8,134.8,49.29,165.59,1.0,0.1,0.55,104030
0.3,3.0,3400.0,3600.0,1001101,50,0,0,49,50,0,50,3357.1,-142.9,50.22,162.53,1.0,0.05,0.52,33990
0.3,3.0,3400.0,3600.0,1001110,50,0,0,37,50,50,0,3364.1,-135.9,46.61,175.09,1.0,0.09,0.55,4274
0.3,3.0,3400.0,3600.0,1010011,50,0,30,0,0,50,50,3528.1,28.1,48.38,168.7,1.0,0.81,0.91,5887
0.3,3.0,3400.0,3600.0,1010110,50,0,30,0,50,50,0,3375.7,-124.3,46.88,174.09,0.0,0.17,0.09,0
0.3,3.0,3400.0,3600.0,1011001,50,0,45,37,0,0,50,3644.9,144.9,49.86,163.69,1.0,0.03,0.52,8236
0.3,3.0,3400.0,3600.0,1011010,50,0,30,38,0,50,0,3643.2,143.2,46.63,175.04,0.0,0.05,0.02,0
0.3,3.0,3400.0,3600.0,1011100,50,0,32,47,50,0,0,3351.2,-148.8,48.45,168.43,0.0,0.01,0.0,0
0.3,3.0,3400.0,3600.0,1100011,48,50,0,0,0,50,50,3359.3,-140.7,45.64,178.83,1.0,0.06,0.53,221713
0.3,3.0,3400.0,3600.0,1100101,50,50,0,0,50,0,50,2940.2,-559.8,54.19,150.61,0.0,0.0,0.0,0
0.3,3.0,3400.0,3600.0,1100110,50,44,0,0,50,50,0,3366.2,-133.8,46.79,174.42,1.0,0.11,0.55,3717
0.3,3.0,3400.0,3600.0,1101001,49,50,0,46,0,0,50,3351.9,-148.1,46.96,173.79,1.0,0.01,0.51,188841
0.3,3.0,3400.0,3600.0,1101100,50,50,0,50,50,0,0,3349.7,-150.3,47.74,170.97,1.0,0.0,0.5,1658
0.3,3.0,3400.0,3600.0,1110001,43,50,46,0,0,0,50,3351.3,-148.7,48.24,169.19,0.0,0.01,0.0,0
0.3,3.0,3400.0,3600.0,1110010,50,35,39,0,0,50,0,3354.3,-145.7,44.93,181.63,1.0,0.03,0.51,106
0.3,3.0,3400.0,3600.0,1110100,50,50,37,0,50,0,0,3361.0,-139.0,50.3,162.26,0.0,0.07,0.04,0
0.3,3.0,3400.0,3600.0,1111000,50,30,40,50,0,0,0,3361.9,-138.1,45.96,177.59,1.0,0.08,0.54,437
0.3,3.0,3500.0,3700.0,0001111,0,0,0,50,50,50,50,3067.1,-532.9,46.52,175.45,1.0,0.0,0.5,26833
0.3,3.0,3500.0,3700.0,0011011,0,0,48,45,0,50,50,3450.3,-149.7,47.8,170.75,1.0,0.0,0.5,17354
0.3,3.0,3500.0,3700.0,0011110,0,0,50,50,50,50,0,3097.6,-502.4,45.14,180.8,1.0,0.0,0.5,258
0.3,3.0,3500.0,3700.0,0100111,0,50,0,0,50,50,50,2820.7,-779.3,51.88,157.3,0.0,0.0,0.0,0
0.3,3.0,3500.0,3700.0,0101011,0,50,0,50,0,50,50,3390.3,-209.7,46.71,174.73,1.0,0.0,0.5,143190
0.3,3.0,3500.0,3700.0,0101101,0,50,0,50,50,0,50,2887.6,-712.4,53.45,152.7,0.0,0.0,0.0,0
0.3,3.0,3500.0,3700.0,0101110,0,50,0,50,50,50,0,3194.6,-405.4,46.07,177.16,1.0,0.0,0.5,25013
0.3,3.0,3500.0,3700.0,0110011,0,50,50,0,0,50,50,3423.2,-176.8,45.85,177.99,1.0,0.0,0.5,75136
0.3,3.0,3500.0,3700.0,0110110,0,50,50,0,50,50,0,3257.6,-342.4,45.29,180.2,1.0,0.0,0.5,165
0.3,3.0,3500.0,3700.0,0111001,0,50,50,50,0,0,50,3362.3,-237.7,46.6,175.12,1.0,0.0,0.5,81293
0.3,3.0,3500.0,3700.0,0111010,0,50,50,50,0,50,0,3443.0,-157.0,44.38,183.88,1.0,0.0,0.5,735
0.3,3.0,3500.0,3700.0,0111100,0,50,50,50,50,0,0,3112.9,-487.1,46.02,177.34,0.0,0.0,0.0,0
0.3,3.0,3500.0,3700.0,1000111,50,0,0,0,50,50,50,3372.3,-227.7,48.17,169.43,1.0,0.0,0.5,32229
0.3,3.0,3500.0,3700.0,1001011,50,0,0,41,0,50,50,3736.3,136.3,49.58,164.6,1.0,0.09,0.55,104030
0.3,3.0,3500.0,3700.0,1001101,50,0,0,50,50,0,50,3381.0,-219.0,50.11,162.86,1.0,0.0,0.5,33990
0.3,3.0,3500.0,3700.0,1001110,50,0,0,50,50,50,0,3545.3,-54.7,46.58,175.21,1.0,0.64,0.82,4274
0.3,3.0,3500.0,3700.0,1010011,50,0,30,0,0,50,50,3528.1,-71.9,48.38,168.7,1.0,0.52,0.76,5887
0.3,3.0,3500.0,3700.0,1010110,50,0,36,0,50,50,0,3463.5,-136.5,46.82,174.32,0.0,0.09,0.05,0
0.3,3.0,3500.0,3700.0,1011001,50,0,33,50,0,0,50,3746.2,146.2,50.19,162.62,1.0,0.03,0.51,8236
0.3,3.0,3500.0,3700.0,1011010,50,0,30,44,0,50,0,3744.1,144.1,46.74,174.62,0.0,0.04,0.02,0
0.3,3.0,3500.0,3700.0,1011100,50,0,37,50,50,0,0,3461.0,-139.0,48.27,169.09,0.0,0.07,0.04,0
0.3,3.0,3500.0,3700.0,1100011,50,50,0,0,0,50,50,3393.0,-207.0,45.58,179.08,1.0,0.0,0.5,221713
0.3,3.0,3500.0,3700.0,1100101,50,50,0,0,50,0,50,2940.2,-659.8,54.19,150.61,0.0,0.0,0.0,0
0.3,3.0,3500.0,3700.0,1100110,50,49,0,0,50,50,0,3451.1,-148.9,46.71,174.71,1.0,0.01,0.5,3717
0.3,3.0,3500.0,3700.0,1101001,50,50,0,50,0,0,50,3432.1,-167.9,46.86,174.16,1.0,0.0,0.5,188841
0.3,3.0,3500.0,3700.0,1101100,50,50,0,50,50,0,0,3349.7,-250.3,47.74,170.97,1.0,0.0,0.5,1658
0.3,3.0,3500.0,3700.0,1110001,46,50,48,0,0,0,50,3452.8,-147.2,47.51,171.79,0.0,0.02,0.01,0
0.3,3.0,3500.0,3700.0,1110010,50,31,48,0,0,50,0,3450.4,-149.6,44.87,181.88,1.0,0.0,0.5,106
0.3,3.0,3500.0,3700.0,1110100,50,49,42,0,50,0,0,3450.7,-149.3,49.2,165.87,0.0,0.0,0.0,0
0.3,3.0,3500.0,3700.0,1111000,50,30,46,50,0,0,0,3451.5,-148.5,45.92,177.74,1.0,0.01,0.5,437
0.3,3.0,3600.0,3800.0,0001111,0,0,0,50,50,50,50,3067.1,-632.9,46.52,175.45,1.0,0.0,0.5,26833
0.3,3.0,3600.0,3800.0,0011011,0,0,50,50,0,50,50,3544.6,-155.4,47.67,171.21,1.0,0.0,0.5,17354
0.3,3.0,3600.0,3800.0,0011110,0,0,50,50,50,50,0,3097.6,-602.4,45.14,180.8,1.0,0.0,0.5,258
0.3,3.0,3600.0,3800.0,0100111,0,50,0,0,50,50,50,2820.7,-879.3,51.88,157.3,0.0,0.0,0.0,0
0.3,3.0,3600.0,3800.0,0101011,0,50,0,50,0,50,50,3390.3,-309.7,46.71,174.73,1.0,0.0,0.5,143190
0.3,3.0,3600.0,3800.0,0101101,0,50,0,50,50,0,50,2887.6,-812.4,53.45,152.7,0.0,0.0,0.0,0
0.3,3.0,3600.0,3800.0,0101110,0,50,0,50,50,50,0,3194.6,-505.4,46.07,177.16,1.0,0.0,0.5,25013
0.3,3.0,3600.0,3800.0,0110011,0,50,50,0,0,50,50,3423.2,-276.8,45.85,177.99,1.0,0.0,0.5,75136
0.3,3.0,3600.0,3800.0,0110110,0,50,50,0,50,50,0,3257.6,-442.4,45.29,180.2,1.0,0.0,0.5,165
0.3,3.0,3600.0,3800.0,0111001,0,50,50,50,0,0,50,3362.3,-337.7,46.6,175.12,1.0,0.0,0.5,81293
0.3,3.0,3600.0,3800.0,0111010,0,50,50,50,0,50,0,3443.0,-257.0,44.38,183.88,1.0,0.0,0.5,735
0.3,3.0,3600.0,3800.0,0111100,0,50,50,50,50,0,0,3112.9,-587.1,46.02,177.34,0.0,0.0,0.0,0
0.3,3.0,3600.0,3800.0,1000111,50,0,0,0,50,50,50,3372.3,-327.7,48.17,169.43,1.0,0.0,0.5,32229
0.3,3.0,3600.0,3800.0,1001011,50,0,0,46,0,50,50,3823.3,123.3,49.64,164.4,1.0,0.18,0.59,104030
0.3,3.0,3600.0,3800.0,1001101,50,0,0,50,50,0,50,3381.0,-319.0,50.11,162.86,1.0,0.0,0.5,33990
0.3,3.0,3600.0,3800.0,1001110,50,0,0,50,50,50,0,3545.3,-154.7,46.58,175.21,1.0,0.0,0.5,4274
0.3,3.0,3600.0,3800.0,1010011,50,0,33,0,0,50,50,3560.8,-139.2,48.33,168.88,1.0,0.07,0.54,5887
0.3,3.0,3600.0,3800.0,1010110,50,0,42,0,50,50,0,3558.1,-141.9,46.79,174.42,0.0,0.05,0.03,0
0.3,3.0,3600.0,3800.0,1011001,50,0,39,50,0,0,50,3817.9,117.9,50.28,162.31,1.0,0.21,0.61,8236
0.3,3.0,3600.0,3800.0,1011010,50,0,30,49,0,50,0,3832.0,132.0,46.79,174.43,0.0,0.12,0.06,0
0.3,3.0,3600.0,3800.0,1011100,50,0,44,50,50,0,0,3554.5,-145.5,48.14,169.54,0.0,0.03,0.02,0
0.3,3.0,3600.0,3800.0,1100011,50,50,0,0,0,50,50,3393.0,-307.0,45.58,179.08,1.0,0.0,0.5,221713
0.3,3.0,3600.0,3800.0,1100101,50,50,0,0,50,0,50,2940.2,-759.8,54.19,150.61,0.0,0.0,0.0,0
0.3,3.0,3600.0,3800.0,1100110,50,50,0,0,50,50,0,3468.6,-231.4,46.7,174.78,1.0,0.0,0.5,3717
0.3,3.0,3600.0,3800.0,1101001,50,50,0,50,0,0,50,3432.1,-267.9,46.86,174.16,1.0,0.0,0.5,188841
0.3,3.0,3600.0,3800.0,1101100,50,50,0,50,50,0,0,3349.7,-350.3,47.74,170.97,1.0,0.0,0.5,1658
0.3,3.0,3600.0,3800.0,1110001,50,50,50,0,0,0,50,3539.7,-160.3,47.14,173.13,0.0,0.0,0.0,0
0.3,3.0,3600.0,3800.0,1110010,50,35,50,0,0,50,0,3556.9,-143.1,44.79,182.21,1.0,0.05,0.52,106
0.3,3.0,3600.0,3800.0,1110100,50,50,47,0,50,0,0,3556.0,-144.0,48.2,169.33,0.0,0.04,0.02,0
0.3,3.0,3600.0,3800.0,1111000,50,34,50,50,0,0,0,3553.2,-146.8,45.79,178.25,1.0,0.02,0.51,437
0.33,2.0,2100.0,2300.0,0000011,0,0,0,0,0,50,50,2171.3,-28.7,49.88,185.79,0.0,0.81,0.4,0
0.33,2.0,2100.0,2300.0,0000101,0,0,0,0,50,0,50,2178.1,-21.9,53.1,174.53,0.0,0.85,0.43,0
0.33,2.0,2100.0,2300.0,0000110,0,0,0,0,50,50,0,2114.4,-85.6,50.75,182.62,1.0,0.43,0.71,7381
0.33,2.0,2100.0,2300.0,0001001,0,0,0,50,0,0,50,2085.2,-114.8,52.34,177.05,0.0,0.23,0.12,0
0.33,2.0,2100.0,2300.0,0001010,0,0,0,48,0,50,0,2057.1,-142.9,50.83,182.31,1.0,0.05,0.52,183088
0.33,2.0,2100.0,2300.0,0001100,0,0,0,50,50,0,0,2117.4,-82.6,52.44,176.72,1.0,0.45,0.72,107
0.33,2.0,2100.0,2300.0,0010001,0,0,50,0,0,0,50,2288.4,88.4,50.82,182.36,0.0,0.41,0.21,0
0.33,2.0,2100.0,2300.0,0010010,0,0,47,0,0,50,0,2067.1,-132.9,48.84,189.75,1.0,0.11,0.56,72227
0.33,2.0,2100.0,2300.0,0010100,0,0,50,0,50,0,0,2248.6,48.6,52.17,177.66,0.0,0.68,0.34,0
0.33,2.0,2100.0,2300.0,0011000,0,0,50,49,0,0,0,2057.4,-142.6,50.67,182.91,1.0,0.05,0.52,98122
0.33,2.0,2100.0,2300.0,0100001,0,50,0,0,0,0,50,2245.5,45.5,52.05,178.05,0.0,0.7,0.35,0
0.33,2.0,2100.0,2300.0,0100010,0,50,0,0,0,50,0,2245.3,45.3,50.26,184.39,0.0,0.7,0.35,0
0.33,2.0,2100.0,2300.0,0100100,0,50,0,0,50,0,0,2349.6,149.6,54.51,170.02,0.0,0.0,0.0,0
0.33,2.0,2100.0,2300.0,0101000,0,50,0,50,0,0,0,2276.7,76.7,51.7,179.26,0.0,0.49,0.24,0
0.33,2.0,2100.0,2300.0,0110000,0,50,50,0,0,0,0,2301.5,101.5,50.93,181.96,0.0,0.32,0.16,0
0.33,2.0,2100.0,2300.0,1000001,50,0,0,0,0,0,50,2158.3,-41.7,50.33,184.15,0.0,0.72,0.36,0
0.33,2.0,2100.0,2300.0,1000010,49,0,0,0,0,50,0,2083.4,-116.6,48.29,191.91,1.0,0.22,0.61,287155
0.33,2.0,2100.0,2300.0,1000100,50,0,0,0,50,0,0,2263.3,63.3,52.47,176.63,0.0,0.58,0.29,0
0.33,2.0,2100.0,2300.0,1001000,50,0,0,48,0,0,0,2061.7,-138.3,50.3,184.23,1.0,0.08,0.54,177419
0.33,2.0,2100.0,2300.0,1010000,50,0,34,0,0,0,0,2192.9,-7.1,49.73,186.35,0.0,0.95,0.48,0
0.33,2.0,2100.0,2300.0,1100000,50,50,0,0,0,0,0,2294.2,94.2,50.68,182.85,1.0,0.37,0.69,13
0.33,2.0,2200.0,2400.0,0000011,0,0,0,0,0,50,50,2171.3,-128.7,49.88,185.79,0.0,0.14,0.07,0
0.33,2.0,2200.0,2400.0,0000101,0,0,0,0,50,0,50,2178.1,-121.9,53.1,174.53,0.0,0.19,0.09,0
0.33,2.0,2200.0,2400.0,0000110,0,0,0,0,50,50,0,2114.4,-185.6,50.75,182.62,1.0,0.0,0.5,7381
0.33,2.0,2200.0,2400.0,0001001,0,0,0,50,0,0,50,2085.2,-214.8,52.34,177.05,0.0,0.0,0.0,0
0.33,2.0,2200.0,2400.0,0001010,0,0,0,50,0,50,0,2144.2,-155.8,50.57,183.28,1.0,0.0,0.5,183088
0.33,2.0,2200.0,2400.0,0001100,0,0,0,50,50,0,0,2117.4,-182.6,52.44,176.72,1.0,0.0,0.5,107
0.33,2.0,2200.0,2400.0,0010001,0,0,50,0,0,0,50,2288.4,-11.6,50.82,182.36,0.0,0.92,0.46,0
0.33,2.0,2200.0,2400.0,0010010,0,0,49,0,0,50,0,2154.0,-146.0,48.57,190.79,1.0,0.03,0.51,72227
0.33,2.0,2200.0,2400.0,0010100,0,0,50,0,50,0,0,2248.6,-51.4,52.17,177.66,0.0,0.66,0.33,0
0.33,2.0,2200.0,2400.0,0011000,0,0,50,50,0,0,0,2079.5,-220.5,50.63,183.06,1.0,0.0,0.5,98122
0.33,2.0,2200.0,2400.0,0100001,0,50,0,0,0,0,50,2245.5,-54.5,52.05,178.05,0.0,0.64,0.32,0
0.33,2.0,2200.0,2400.0,0100010,0,50,0,0,0,50,0,2245.3,-54.7,50.26,184.39,0.0,0.64,0.32,0
0.33,2.0,2200.0,2400.0,0100100,0,50,0,0,50,0,0,2349.6,49.6,54.51,170.02,0.0,0.67,0.33,0
0.33,2.0,2200.0,2400.0,0101000,0,50,0,50,0,0,0,2276.7,-23.3,51.7,179.26,0.0,0.84,0.42,0
0.33,2.0,2200.0,2400.0,0110000,0,50,50,0,0,0,0,2301.5,1.5,50.93,181.96,0.0,0.99,0.49,0
0.33,2.0,2200.0,2400.0,1000001,50,0,0,0,0,0,50,2158.3,-141.7,50.33,184.15,0.0,0.06,0.03,0
0.33,2.0,2200.0,2400.0,1000010,50,0,0,0,0,50,0,2130.1,-169.9,48.03,192.94,1.0,0.0,0.5,287155
0.33,2.0,2200.0,2400.0,1000100,50,0,0,0,50,0,0,2263.3,-36.7,52.47,176.63,0.0,0.76,0.38,0
0.33,2.0,2200.0,2400.0,1001000,50,0,0,50,0,0,0,2155.7,-144.3,50.18,184.68,1.0,0.04,0.52,177419
0.33,2.0,2200.0,2400.0,1010000,50,0,34,0,0,0,0,2192.9,-107.1,49.73,186.35,0.0,0.29,0.14,0
0.33,2.0,2200.0,2400.0,1100000,50,50,0,0,0,0,0,2294.2,-5.8,50.68,182.85,1.0,0.96,0.98,13
0.33,2.0,2300.0,2500.0,0000011,0,0,0,0,0,50,50,2171.3,-228.7,49.88,185.79,0.0,0.0,0.0,0
0.33,2.0,2300.0,2500.0,0000101,0,0,0,0,50,0,50,2178.1,-221.9,53.1,174.53,0.0,0.0,0.0,0
0.33,2.0,2300.0,2500.0,0000110,0,0,0,0,50,50,0,2114.4,-285.6,50.75,182.62,1.0,0.0,0.5,7381
0.33,2.0,2300.0,2500.0,0001001,0,0,0,50,0,0,50,2085.2,-314.8,52.34,177.05,0.0,0.0,0.0,0
0.33,2.0,2300.0,2500.0,0001010,0,0,0,50,0,50,0,2144.2,-255.8,50.57,183.28,1.0,0.0,0.5,183088
0.33,2.0,2300.0,2500.0,0001100,0,0,0,50,50,0,0,2117.4,-282.6,52.44,176.72,1.0,0.0,0.5,107
0.33,2.0,2300.0,2500.0,0010001,0,0,50,0,0,0,50,2288.4,-111.6,50.82,182.36,0.0,0.26,0.13,0
0.33,2.0,2300.0,2500.0,0010010,0,0,50,0,0,50,0,2208.5,-191.5,48.3,191.9,1.0,0.0,0.5,72227
0.33,2.0,2300.0,2500.0,0010100,0,0,50,0,50,0,0,2248.6,-151.4,52.17,177.66,0.0,0.0,0.0,0
0.33,2.0,2300.0,2500.0,0011000,0,0,50,50,0,0,0,2079.5,-320.5,50.63,183.06,1.0,0.0,0.5,98122
0.33,2.0,2300.0,2500.0,0100001,0,50,0,0,0,0,50,2245.5,-154.5,52.05,178.05,0.0,0.0,0.0,0
0.33,2.0,2300.0,2500.0,0100010,0,50,0,0,0,50,0,2245.3,-154.7,50.26,184.39,0.0,0.0,0.0,0
0.33,2.0,2300.0,2500.0,0100100,0,50,0,0,50,0,0,2349.6,-50.4,54.51,170.02,0.0,0.66,0.33,0
0.33,2.0,2300.0,2500.0,0101000,0,50,0,50,0,0,0,2276.7,-123.3,51.7,179.26,0.0,0.18,0.09,0
0.33,2.0,2300.0,2500.0,0110000,0,50,50,0,0,0,0,2301.5,-98.5,50.93,181.96,0.0,0.34,0.17,0
0.33,2.0,2300.0,2500.0,1000001,50,0,0,0,0,0,50,2158.3,-241.7,50.33,184.15,0.0,0.0,0.0,0
0.33,2.0,2300.0,2500.0,1000010,50,0,0,0,0,50,0,2130.1,-269.9,48.03,192.94,1.0,0.0,0.5,287155
0.33,2.0,2300.0,2500.0,1000100,50,0,0,0,50,0,0,2263.3,-136.7,52.47,176.63,0.0,0.09,0.04,0
0.33,2.0,2300.0,2500.0,1001000,50,0,0,50,0,0,0,2155.7,-244.3,50.18,184.68,1.0,0.0,0.5,177419
0.33,2.0,2300.0,2500.0,1010000,49,0,39,0,0,0,0,2257.6,-142.4,49.43,187.49,0.0,0.05,0.03,0
0.33,2.0,2300.0,2500.0,1100000,50,50,0,0,0,0,0,2294.2,-105.8,50.68,182.85,1.0,0.29,0.65,13
0.33,2.0,2400.0,2600.0,0000011,0,0,0,0,0,50,50,2171.3,-328.7,49.88,185.79,0.0,0.0,0.0,0
0.33,2.0,2400.0,2600.0,0000101,0,0,0,0,50,0,50,2178.1,-321.9,53.1,174.53,0.0,0.0,0.0,0
0.33,2.0,2400.0,2600.0,0000110,0,0,0,0,50,50,0,2114.4,-385.6,50.75,182.62,1.0,0.0,0.5,7381
0.33,2.0,2400.0,2600.0,0001001,0,0,0,50,0,0,50,2085.2,-414.8,52.34,177.05,0.0,0.0,0.0,0
0.33,2.0,2400.0,2600.0,0001010,0,0,0,50,0,50,0,2144.2,-355.8,50.57,183.28,1.0,0.0,0.5,183088
0.33,2.0,2400.0,2600.0,0001100,0,0,0,50,50,0,0,2117.4,-382.6,52.44,176.72,1.0,0.0,0.5,107
0.33,2.0,2400.0,2600.0,0010001,0,0,50,0,0,0,50,2288.4,-211.6,50.82,182.36,0.0,0.0,0.0,0
0.33,2.0,2400.0,2600.0,0010010,0,0,50,0,0,50,0,2208.5,-291.5,48.3,191.9,1.0,0.0,0.5,72227
0.33,2.0,2400.0,2600.0,0010100,0,0,50,0,50,0,0,2248.6,-251.4,52.17,177.66,0.0,0.0,0.0,0
0.33,2.0,2400.0,2600.0,0011000,0,0,50,50,0,0,0,2079.5,-420.5,50.63,183.06,1.0,0.0,0.5,98122
0.33,2.0,2400.0,2600.0,0100001,0,50,0,0,0,0,50,2245.5,-254.5,52.05,178.05,0.0,0.0,0.0,0
0.33,2.0,2400.0,2600.0,0100010,0,50,0,0,0,50,0,2245.3,-254.7,50.26,184.39,0.0,0.0,0.0,0
0.33,2.0,2400.0,2600.0,0100100,0,50,0,0,50,0,0,2349.6,-150.4,54.51,170.02,0.0,0.0,0.0,0
0.33,2.0,2400.0,2600.0,0101000,0,50,0,50,0,0,0,2276.7,-223.3,51.7,179.26,0.0,0.0,0.0,0
0.33,2.0,2400.0,2600.0,0110000,0,50,50,0,0,0,0,2301.5,-198.5,50.93,181.96,0.0,0.0,0.0,0
0.33,2.0,2400.0,2600.0,1000001,50,0,0,0,0,0,50,2158.3,-341.7,50.33,184.15,0.0,0.0,0.0,0
0.33,2.0,2400.0,2600.0,1000010,50,0,0,0,0,50,0,2130.1,-369.9,48.03,192.94,1.0,0.0,0.5,287155
0.33,2.0,2400.0,2600.0,1000100,50,0,0,0,50,0,0,2263.3,-236.7,52.47,176.63,0.0,0.0,0.0,0
0.33,2.0,2400.0,2600.0,1001000,50,0,0,50,0,0,0,2155.7,-344.3,50.18,184.68,1.0,0.0,0.5,177419
0.33,2.0,2400.0,2600.0,1010000,50,0,42,0,0,0,0,2354.6,-145.4,48.56,190.83,0.0,0.03,0.02,0
0.33,2.0,2400.0,2600.0,1100000,50,50,0,0,0,0,0,2294.2,-205.8,50.68,182.85,1.0,0.0,0.5,13
0.33,2.0,2500.0,2700.0,0000011,0,0,0,0,0,50,50,2171.3,-428.7,49.88,185.79,0.0,0.0,0.0,0
0.33,2.0,2500.0,2700.0,0000101,0,0,0,0,50,0,50,2178.1,-421.9,53.1,174.53,0.0,0.0,0.0,0
0.33,2.0,2500.0,2700.0,0000110,0,0,0,0,50,50,0,2114.4,-485.6,50.75,182.62,1.0,0.0,0.5,7381
0.33,2.0,2500.0,2700.0,0001001,0,0,0,50,0,0,50,2085.2,-514.8,52.34,177.05,0.0,0.0,0.0,0
0.33,2.0,2500.0,2700.0,0001010,0,0,0,50,0,50,0,2144.2,-455.8,50.57,183.28,1.0,0.0,0.5,183088
0.33,2.0,2500.0,2700.0,0001100,0,0,0,50,50,0,0,2117.4,-482.6,52.44,176.72,1.0,0.0,0.5,107
0.33,2.0,2500.0,2700.0,0010001,0,0,50,0,0,0,50,2288.4,-311.6,50.82,182.36,0.0,0.0,0.0,0
0.33,2.0,2500.0,2700.0,0010010,0,0,50,0,0,50,0,2208.5,-391.5,48.3,191.9,1.0,0.0,0.5,72227
0.33,2.0,2500.0,2700.0,0010100,0,0,50,0,50,0,0,2248.6,-351.4,52.17,177.66,0.0,0.0,0.0,0
0.33,2.0,2500.0,2700.0,0011000,0,0,50,50,0,0,0,2079.5,-520.5,50.63,183.06,1.0,0.0,0.5,98122
0.33,2.0,2500.0,2700.0,0100001,0,50,0,0,0,0,50,2245.5,-354.5,52.05,178.05,0.0,0.0,0.0,0
0.33,2.0,2500.0,2700.0,0100010,0,50,0,0,0,50,0,2245.3,-354.7,50.26,184.39,0.0,0.0,0.0,0
0.33,2.0,2500.0,2700.0,0100100,0,50,0,0,50,0,0,2349.6,-250.4,54.51,170.02,0.0,0.0,0.0,0
0.33,2.0,2500.0,2700.0,0101000,0,50,0,50,0,0,0,2276.7,-323.3,51.7,179.26,0.0,0.0,0.0,0
0.33,2.0,2500.0,2700.0,0110000,0,50,50,0,0,0,0,2301.5,-298.5,50.93,181.96,0.0,0.0,0.0,0
0.33,2.0,2500.0,2700.0,1000001,50,0,0,0,0,0,50,2158.3,-441.7,50.33,184.15,0.0,0.0,0.0,0
0.33,2.0,2500.0,2700.0,1000010,50,0,0,0,0,50,0,2130.1,-469.9,48.03,192.94,1.0,0.0,0.5,287155
0.33,2.0,2500.0,2700.0,1000100,50,0,0,0,50,0,0,2263.3,-336.7,52.47,176.63,0.0,0.0,0.0,0
0.33,2.0,2500.0,2700.0,1001000,50,0,0,50,0,0,0,2155.7,-444.3,50.18,184.68,1.0,0.0,0.5,177419
0.33,2.0,2500.0,2700.0,1010000,50,0,50,0,0,0,0,2536.5,-63.5,48.04,192.9,0.0,0.58,0.29,0
0.33,2.0,2500.0,2700.0,1100000,50,50,0,0,0,0,0,2294.2,-305.8,50.68,182.85,1.0,0.0,0.5,13
0.33,2.0,2600.0,2800.0,0000011,0,0,0,0,0,50,50,2171.3,-528.7,49.88,185.79,0.0,0.0,0.0,0
0.33,2.0,2600.0,2800.0,0000101,0,0,0,0,50,0,50,2178.1,-521.9,53.1,174.53,0.0,0.0,0.0,0
0.33,2.0,2600.0,2800.0,0000110,0,0,0,0,50,50,0,2114.4,-585.6,50.75,182.62,1.0,0.0,0.5,7381
0.33,2.0,2600.0,2800.0,0001001,0,0,0,50,0,0,50,2085.2,-614.8,52.34,177.05,0.0,0.0,0.0,0
0.33,2.0,2600.0,2800.0,0001010,0,0,0,50,0,50,0,2144.2,-555.8,50.57,183.28,1.0,0.0,0.5,183088
0.33,2.0,2600.0,2800.0,0001100,0,0,0,50,50,0,0,2117.4,-582.6,52.44,176.72,1.0,0.0,0.5,107
0.33,2.0,2600.0,2800.0,0010001,0,0,50,0,0,0,50,2288.4,-411.6,50.82,182.36,0.0,0.0,0.0,0
0.33,2.0,2600.0,2800.0,0010010,0,0,50,0,0,50,0,2208.5,-491.5,48.3,191.9,1.0,0.0,0.5,72227
0.33,2.0,2600.0,2800.0,0010100,0,0,50,0,50,0,0,2248.6,-451.4,52.17,177.66,0.0,0.0,0.0,0
0.33,2.0,2600.0,2800.0,0011000,0,0,50,50,0,0,0,2079.5,-620.5,50.63,183.06,1.0,0.0,0.5,98122
0.33,2.0,2600.0,2800.0,0100001,0,50,0,0,0,0,50,2245.5,-454.5,52.05,178.05,0.0,0.0,0.0,0
0.33,2.0,2600.0,2800.0,0100010,0,50,0,0,0,50,0,2245.3,-454.7,50.26,184.39,0.0,0.0,0.0,0
0.33,2.0,2600.0,2800.0,0100100,0,50,0,0,50,0,0,2349.6,-350.4,54.51,170.02,0.0,0.0,0.0,0
0.33,2.0,2600.0,2800.0,0101000,0,50,0,50,0,0,0,2276.7,-423.3,51.7,179.26,0.0,0.0,0.0,0
0.33,2.0,2600.0,2800.0,0110000,0,50,50,0,0,0,0,2301.5,-398.5,50.93,181.96,0.0,0.0,0.0,0
0.33,2.0,2600.0,2800.0,1000001,50,0,0,0,0,0,50,2158.3,-541.7,50.33,184.15,0.0,0.0,0.0,0
0.33,2.0,2600.0,2800.0,1000010,50,0,0,0,0,50,0,2130.1,-569.9,48.03,192.94,1.0,0.0,0.5,287155
0.33,2.0,2600.0,2800.0,1000100,50,0,0,0,50,0,0,2263.3,-436.7,52.47,176.63,0.0,0.0,0.0,0
0.33,2.0,2600.0,2800.0,1001000,50,0,0,50,0,0,0,2155.7,-544.3,50.18,184.68,1.0,0.0,0.5,177419
0.33,2.0,2600.0,2800.0,1010000,50,0,50,0,0,0,0,2536.5,-163.5,48.04,192.9,0.0,0.0,0.0,0
0.33,2.0,2600.0,2800.0,1100000,50,50,0,0,0,0,0,2294.2,-405.8,50.68,182.85,1.0,0.0,0.5,13
0.33,2.0,2700.0,2900.0,0000011,0,0,0,0,0,50,50,2171.3,-628.7,49.88,185.79,0.0,0.0,0.0,0
0.33,2.0,2700.0,2900.0,0000101,0,0,0,0,50,0,50,2178.1,-621.9,53.1,174.53,0.0,0.0,0.0,0
0.33,2.0,2700.0,2900.0,0000110,0,0,0,0,50,50,0,2114.4,-685.6,50.75,182.62,1.0,0.0,0.5,7381
0.33,2.0,2700.0,2900.0,0001001,0,0,0,50,0,0,50,2085.2,-714.8,52.34,177.05,0.0,0.0,0.0,0
0.33,2.0,2700.0,2900.0,0001010,0,0,0,50,0,50,0,2144.2,-655.8,50.57,183.28,1.0,0.0,0.5,183088
0.33,2.0,2700.0,2900.0,0001100,0,0,0,50,50,0,0,2117.4,-682.6,52.44,176.72,1.0,0.0,0.5,107
0.33,2.0,2700.0,2900.0,0010001,0,0,50,0,0,0,50,2288.4,-511.6,50.82,182.36,0.0,0.0,0.0,0
0.33,2.0,2700.0,2900.0,0010010,0,0,50,0,0,50,0,2208.5,-591.5,48.3,191.9,1.0,0.0,0.5,72227
0.33,2.0,2700.0,2900.0,0010100,0,0,50,0,50,0,0,2248.6,-551.4,52.17,177.66,0.0,0.0,0.0,0
0.33,2.0,2700.0,2900.0,0011000,0,0,50,50,0,0,0,2079.5,-720.5,50.63,183.06,1.0,0.0,0.5,98122
0.33,2.0,2700.0,2900.0,0100001,0,50,0,0,0,0,50,2245.5,-554.5,52.05,178.05,0.0,0.0,0.0,0
0.33,2.0,2700.0,2900.0,0100010,0,50,0,0,0,50,0,2245.3,-554.7,50.26,184.39,0.0,0.0,0.0,0
0.33,2.0,2700.0,2900.0,0100100,0,50,0,0,50,0,0,2349.6,-450.4,54.51,170.02,0.0,0.0,0.0,0
0.33,2.0,2700.0,2900.0,0101000,0,50,0,50,0,0,0,2276.7,-523.3,51.7,179.26,0.0,0.0,0.0,0
0.33,2.0,2700.0,2900.0,0110000,0,50,50,0,0,0,0,2301.5,-498.5,50.93,181.96,0.0,0.0,0.0,0
0.33,2.0,2700.0,2900.0,1000001,50,0,0,0,0,0,50,2158.3,-641.7,50.33,184.15,0.0,0.0,0.0,0
0.33,2.0,2700.0,2900.0,1000010,50,0,0,0,0,50,0,2130.1,-669.9,48.03,192.94,1.0,0.0,0.5,287155
0.33,2.0,2700.0,2900.0,1000100,50,0,0,0,50,0,0,2263.3,-536.7,52.47,176.63,0.0,0.0,0.0,0
0.33,2.0,2700.0,2900.0,1001000,50,0,0,50,0,0,0,2155.7,-644.3,50.18,184.68,1.0,0.0,0.5,177419
0.33,2.0,2700.0,2900.0,1010000,50,0,50,0,0,0,0,2536.5,-263.5,48.04,192.9,0.0,0.0,0.0,0
0.33,2.0,2700.0,2900.0,1100000,50,50,0,0,0,0,0,2294.2,-505.8,50.68,182.85,1.0,0.0,0.5,13
0.33,2.0,2800.0,3000.0,0000011,0,0,0,0,0,50,50,2171.3,-728.7,49.88,185.79,0.0,0.0,0.0,0
0.33,2.0,2800.0,3000.0,0000101,0,0,0,0,50,0,50,2178.1,-721.9,53.1,174.53,0.0,0.0,0.0,0
0.33,2.0,2800.0,3000.0,0000110,0,0,0,0,50,50,0,2114.4,-785.6,50.75,182.62,1.0,0.0,0.5,7381
0.33,2.0,2800.0,3000.0,0001001,0,0,0,50,0,0,50,2085.2,-814.8,52.34,177.05,0.0,0.0,0.0,0
0.33,2.0,2800.0,3000.0,0001010,0,0,0,50,0,50,0,2144.2,-755.8,50.57,183.28,1.0,0.0,0.5,183088
0.33,2.0,2800.0,3000.0,0001100,0,0,0,50,50,0,0,2117.4,-782.6,52.44,176.72,1.0,0.0,0.5,107
0.33,2.0,2800.0,3000.0,0010001,0,0,50,0,0,0,50,2288.4,-611.6,50.82,182.36,0.0,0.0,0.0,0
0.33,2.0,2800.0,3000.0,0010010,0,0,50,0,0,50,0,2208.5,-691.5,48.3,191.9,1.0,0.0,0.5,72227
0.33,2.0,2800.0,3000.0,0010100,0,0,50,0,50,0,0,2248.6,-651.4,52.17,177.66,0.0,0.0,0.0,0
0.33,2.0,2800.0,3000.0,0011000,0,0,50,50,0,0,0,2079.5,-820.5,50.63,183.06,1.0,0.0,0.5,98122
0.33,2.0,2800.0,3000.0,0100001,0,50,0,0,0,0,50,2245.5,-654.5,52.05,178.05,0.0,0.0,0.0,0
0.33,2.0,2800.0,3000.0,0100010,0,50,0,0,0,50,0,2245.3,-654.7,50.26,184.39,0.0,0.0,0.0,0
0.33,2.0,2800.0,3000.0,0100100,0,50,0,0,50,0,0,2349.6,-550.4,54.51,170.02,0.0,0.0,0.0,0
0.33,2.0,2800.0,3000.0,0101000,0,50,0,50,0,0,0,2276.7,-623.3,51.7,179.26,0.0,0.0,0.0,0
0.33,2.0,2800.0,3000.0,0110000,0,50,50,0,0,0,0,2301.5,-598.5,50.93,181.96,0.0,0.0,0.0,0
0.33,2.0,2800.0,3000.0,1000001,50,0,0,0,0,0,50,2158.3,-741.7,50.33,184.15,0.0,0.0,0.0,0
0.33,2.0,2800.0,3000.0,1000010,50,0,0,0,0,50,0,2130.1,-769.9,48.03,192.94,1.0,0.0,0.5,287155
0.33,2.0,2800.0,3000.0,1000100,50,0,0,0,50,0,0,2263.3,-636.7,52.47,176.63,0.0,0.0,0.0,0
0.33,2.0,2800.0,3000.0,1001000,50,0,0,50,0,0,0,2155.7,-744.3,50.18,184.68,1.0,0.0,0.5,177419
0.33,2.0,2800.0,3000.0,1010000,50,0,50,0,0,0,0,2536.5,-363.5,48.04,192.9,0.0,0.0,0.0,0
0.33,2.0,2800.0,3000.0,1100000,50,50,0,0,0,0,0,2294.2,-605.8,50.68,182.85,1.0,0.0,0.5,13
0.33,2.0,2900.0,3100.0,0000011,0,0,0,0,0,50,50,2171.3,-828.7,49.88,185.79,0.0,0.0,0.0,0
0.33,2.0,2900.0,3100.0,0000101,0,0,0,0,50,0,50,2178.1,-821.9,53.1,174.53,0.0,0.0,0.0,0
0.33,2.0,2900.0,3100.0,0000110,0,0,0,0,50,50,0,2114.4,-885.6,50.75,182.62,1.0,0.0,0.5,7381
0.33,2.0,2900.0,3100.0,0001001,0,0,0,50,0,0,50,2085.2,-914.8,52.34,177.05,0.0,0.0,0.0,0
0.33,2.0,2900.0,3100.0,0001010,0,0,0,50,0,50,0,2144.2,-855.8,50.57,183.28,1.0,0.0,0.5,183088
0.33,2.0,2900.0,3100.0,0001100,0,0,0,50,50,0,0,2117.4,-882.6,52.44,176.72,1.0,0.0,0.5,107
0.33,2.0,2900.0,3100.0,0010001,0,0,50,0,0,0,50,2288.4,-711.6,50.82,182.36,0.0,0.0,0.0,0
0.33,2.0,2900.0,3100.0,0010010,0,0,50,0,0,50,0,2208.5,-791.5,48.3,191.9,1.0,0.0,0.5,72227
0.33,2.0,2900.0,3100.0,0010100,0,0,50,0,50,0,0,2248.6,-751.4,52.17,177.66,0.0,0.0,0.0,0
0.33,2.0,2900.0,3100.0,0011000,0,0,50,50,0,0,0,2079.5,-920.5,50.63,183.06,1.0,0.0,0.5,98122
0.33,2.0,2900.0,3100.0,0100001,0,50,0,0,0,0,50,2245.5,-754.5,52.05,178.05,0.0,0.0,0.0,0
0.33,2.0,2900.0,3100.0,0100010,0,50,0,0,0,50,0,2245.3,-754.7,50.26,184.39,0.0,0.0,0.0,0
0.33,2.0,2900.0,3100.0,0100100,0,50,0,0,50,0,0,2349.6,-650.4,54.51,170.02,0.0,0.0,0.0,0
0.33,2.0,2900.0,3100.0,0101000,0,50,0,50,0,0,0,2276.7,-723.3,51.7,179.26,0.0,0.0,0.0,0
0.33,2.0,2900.0,3100.0,0110000,0,50,50,0,0,0,0,2301.5,-698.5,50.93,181.96,0.0,0.0,0.0,0
0.33,2.0,2900.0,3100.0,1000001,50,0,0,0,0,0,50,2158.3,-841.7,50.33,184.15,0.0,0.0,0.0,0
0.33,2.0,2900.0,3100.0,1000010,50,0,0,0,0,50,0,2130.1,-869.9,48.03,192.94,1.0,0.0,0.5,287155
0.33,2.0,2900.0,3100.0,1000100,50,0,0,0,50,0,0,2263.3,-736.7,52.47,176.63,0.0,0.0,0.0,0
0.33,2.0,2900.0,3100.0,1001000,50,0,0,50,0,0,0,2155.7,-844.3,50.18,184.68,1.0,0.0,0.5,177419
0.33,2.0,2900.0,3100.0,1010000,50,0,50,0,0,0,0,2536.5,-463.5,48.04,192.9,0.0,0.0,0.0,0
0.33,2.0,2900.0,3100.0,1100000,50,50,0,0,0,0,0,2294.2,-705.8,50.68,182.85,1.0,0.0,0.5,13
0.33,2.0,3000.0,3200.0,0000011,0,0,0,0,0,50,50,2171.3,-928.7,49.88,185.79,0.0,0.0,0.0,0
0.33,2.0,3000.0,3200.0,0000101,0,0,0,0,50,0,50,2178.1,-921.9,53.1,174.53,0.0,0.0,0.0,0
0.33,2.0,3000.0,3200.0,0000110,0,0,0,0,50,50,0,2114.4,-985.6,50.75,182.62,1.0,0.0,0.5,7381
0.33,2.0,3000.0,3200.0,0001001,0,0,0,50,0,0,50,2085.2,-1014.8,52.34,177.05,0.0,0.0,0.0,0
0.33,2.0,3000.0,3200.0,0001010,0,0,0,50,0,50,0,2144.2,-955.8,50.57,183.28,1.0,0.0,0.5,183088
0.33,2.0,3000.0,3200.0,0001100,0,0,0,50,50,0,0,2117.4,-982.6,52.44,176.72,1.0,0.0,0.5,107
0.33,2.0,3000.0,3200.0,0010001,0,0,50,0,0,0,50,2288.4,-811.6,50.82,182.36,0.0,0.0,0.0,0
0.33,2.0,3000.0,3200.0,0010010,0,0,50,0,0,50,0,2208.5,-891.5,48.3,191.9,1.0,0.0,0.5,72227
0.33,2.0,3000.0,3200.0,0010100,0,0,50,0,50,0,0,2248.6,-851.4,52.17,177.66,0.0,0.0,0.0,0
0.33,2.0,3000.0,3200.0,0011000,0,0,50,50,0,0,0,2079.5,-1020.5,50.63,183.06,1.0,0.0,0.5,98122
0.33,2.0,3000.0,3200.0,0100001,0,50,0,0,0,0,50,2245.5,-854.5,52.05,178.05,0.0,0.0,0.0,0
0.33,2.0,3000.0,3200.0,0100010,0,50,0,0,0,50,0,2245.3,-854.7,50.26,184.39,0.0,0.0,0.0,0
0.33,2.0,3000.0,3200.0,0100100,0,50,0,0,50,0,0,2349.6,-750.4,54.51,170.02,0.0,0.0,0.0,0
0.33,2.0,3000.0,3200.0,0101000,0,50,0,50,0,0,0,2276.7,-823.3,51.7,179.26,0.0,0.0,0.0,0
0.33,2.0,3000.0,3200.0,0110000,0,50,50,0,0,0,0,2301.5,-798.5,50.93,181.96,0.0,0.0,0.0,0
0.33,2.0,3000.0,3200.0,1000001,50,0,0,0,0,0,50,2158.3,-941.7,50.33,184.15,0.0,0.0,0.0,0
0.33,2.0,3000.0,3200.0,1000010,50,0,0,0,0,50,0,2130.1,-969.9,48.03,192.94,1.0,0.0,0.5,287155
0.33,2.0,3000.0,3200.0,1000100,50,0,0,0,50,0,0,2263.3,-836.7,52.47,176.63,0.0,0.0,0.0,0
0.33,2.0,3000.0,3200.0,1001000,50,0,0,50,0,0,0,2155.7,-944.3,50.18,184.68,1.0,0.0,0.5,177419
0.33,2.0,3000.0,3200.0,1010000,50,0,50,0,0,0,0,2536.5,-563.5,48.04,192.9,0.0,0.0,0.0,0
0.33,2.0,3000.0,3200.0,1100000,50,50,0,0,0,0,0,2294.2,-805.8,50.68,182.85,1.0,0.0,0.5,13
0.33,2.0,3100.0,3300.0,0000011,0,0,0,0,0,50,50,2171.3,-1028.7,49.88,185.79,0.0,0.0,0.0,0
0.33,2.0,3100.0,3300.0,0000101,0,0,0,0,50,0,50,2178.1,-1021.9,53.1,174.53,0.0,0.0,0.0,0
0.33,2.0,3100.0,3300.0,0000110,0,0,0,0,50,50,0,2114.4,-1085.6,50.75,182.62,1.0,0.0,0.5,7381
0.33,2.0,3100.0,3300.0,0001001,0,0,0,50,0,0,50,2085.2,-1114.8,52.34,177.05,0.0,0.0,0.0,0
0.33,2.0,3100.0,3300.0,0001010,0,0,0,50,0,50,0,2144.2,-1055.8,50.57,183.28,1.0,0.0,0.5,183088
0.33,2.0,3100.0,3300.0,0001100,0,0,0,50,50,0,0,2117.4,-1082.6,52.44,176.72,1.0,0.0,0.5,107
0.33,2.0,3100.0,3300.0,0010001,0,0,50,0,0,0,50,2288.4,-911.6,50.82,182.36,0.0,0.0,0.0,0
0.33,2.0,3100.0,3300.0,0010010,0,0,50,0,0,50,0,2208.5,-991.5,48.3,191.9,1.0,0.0,0.5,72227
0.33,2.0,3100.0,3300.0,0010100,0,0,50,0,50,0,0,2248.6,-951.4,52.17,177.66,0.0,0.0,0.0,0
0.33,2.0,3100.0,3300.0,0011000,0,0,50,50,0,0,0,2079.5,-1120.5,50.63,183.06,1.0,0.0,0.5,98122
0.33,2.0,3100.0,3300.0,0100001,0,50,0,0,0,0,50,2245.5,-954.5,52.05,178.05,0.0,0.0,0.0,0
0.33,2.0,3100.0,3300.0,0100010,0,50,0,0,0,50,0,2245.3,-954.7,50.26,184.39,0.0,0.0,0.0,0
0.33,2.0,3100.0,3300.0,0100100,0,50,0,0,50,0,0,2349.6,-850.4,54.51,170.02,0.0,0.0,0.0,0
0.33,2.0,3100.0,3300.0,0101000,0,50,0,50,0,0,0,2276.7,-923.3,51.7,179.26,0.0,0.0,0.0,0
0.33,2.0,3100.0,3300.0,0110000,0,50,50,0,0,0,0,2301.5,-898.5,50.93,181.96,0.0,0.0,0.0,0
0.33,2.0,3100.0,3300.0,1000001,50,0,0,0,0,0,50,2158.3,-1041.7,50.33,184.15,0.0,0.0,0.0,0
0.33,2.0,3100.0,3300.0,1000010,50,0,0,0,0,50,0,2130.1,-1069.9,48.03,192.94,1.0,0.0,0.5,287155
0.33,2.0,3100.0,3300.0,1000100,50,0,0,0,50,0,0,2263.3,-936.7,52.47,176.63,0.0,0.0,0.0,0
0.33,2.0,3100.0,3300.0,1001000,50,0,0,50,0,0,0,2155.7,-1044.3,50.18,184.68,1.0,0.0,0.5,177419
0.33,2.0,3100.0,3300.0,1010000,50,0,50,0,0,0,0,2536.5,-663.5,48.04,192.9,0.0,0.0,0.0,0
0.33,2.0,3100.0,3300.0,1100000,50,50,0,0,0,0,0,2294.2,-905.8,50.68,182.85,1.0,0.0,0.5,13
0.33,2.0,3200.0,3400.0,0000011,0,0,0,0,0,50,50,2171.3,-1128.7,49.88,185.79,0.0,0.0,0.0,0
0.33,2.0,3200.0,3400.0,0000101,0,0,0,0,50,0,50,2178.1,-1121.9,53.1,174.53,0.0,0.0,0.0,0
0.33,2.0,3200.0,3400.0,0000110,0,0,0,0,50,50,0,2114.4,-1185.6,50.75,182.62,1.0,0.0,0.5,7381
0.33,2.0,3200.0,3400.0,0001001,0,0,0,50,0,0,50,2085.2,-1214.8,52.34,177.05,0.0,0.0,0.0,0
0.33,2.0,3200.0,3400.0,0001010,0,0,0,50,0,50,0,2144.2,-1155.8,50.57,183.28,1.0,0.0,0.5,183088
0.33,2.0,3200.0,3400.0,0001100,0,0,0,50,50,0,0,2117.4,-1182.6,52.44,176.72,1.0,0.0,0.5,107
0.33,2.0,3200.0,3400.0,0010001,0,0,50,0,0,0,50,2288.4,-1011.6,50.82,182.36,0.0,0.0,0.0,0
0.33,2.0,3200.0,3400.0,0010010,0,0,50,0,0,50,0,2208.5,-1091.5,48.3,191.9,1.0,0.0,0.5,72227
0.33,2.0,3200.0,3400.0,0010100,0,0,50,0,50,0,0,2248.6,-1051.4,52.17,177.66,0.0,0.0,0.0,0
0.33,2.0,3200.0,3400.0,0011000,0,0,50,50,0,0,0,2079.5,-1220.5,50.63,183.06,1.0,0.0,0.5,98122
0.33,2.0,3200.0,3400.0,0100001,0,50,0,0,0,0,50,2245.5,-1054.5,52.05,178.05,0.0,0.0,0.0,0
0.33,2.0,3200.0,3400.0,0100010,0,50,0,0,0,50,0,2245.3,-1054.7,50.26,184.39,0.0,0.0,0.0,0
0.33,2.0,3200.0,3400.0,0100100,0,50,0,0,50,0,0,2349.6,-950.4,54.51,170.02,0.0,0.0,0.0,0
0.33,2.0,3200.0,3400.0,0101000,0,50,0,50,0,0,0,2276.7,-1023.3,51.7,179.26,0.0,0.0,0.0,0
0.33,2.0,3200.0,3400.0,0110000,0,50,50,0,0,0,0,2301.5,-998.5,50.93,181.96,0.0,0.0,0.0,0
0.33,2.0,3200.0,3400.0,1000001,50,0,0,0,0,0,50,2158.3,-1141.7,50.33,184.15,0.0,0.0,0.0,0
0.33,2.0,3200.0,3400.0,1000010,50,0,0,0,0,50,0,2130.1,-1169.9,48.03,192.94,1.0,0.0,0.5,287155
0.33,2.0,3200.0,3400.0,1000100,50,0,0,0,50,0,0,2263.3,-1036.7,52.47,176.63,0.0,0.0,0.0,0
0.33,2.0,3200.0,3400.0,1001000,50,0,0,50,0,0,0,2155.7,-1144.3,50.18,184.68,1.0,0.0,0.5,177419
0.33,2.0,3200.0,3400.0,1010000,50,0,50,0,0,0,0,2536.5,-763.5,48.04,192.9,0.0,0.0,0.0,0
0.33,2.0,3200.0,3400.0,1100000,50,50,0,0,0,0,0,2294.2,-1005.8,50.68,182.85,1.0,0.0,0.5,13
0.33,2.0,3300.0,3500.0,0000011,0,0,0,0,0,50,50,2171.3,-1228.7,49.88,185.79,0.0,0.0,0.0,0
0.33,2.0,3300.0,3500.0,0000101,0,0,0,0,50,0,50,2178.1,-1221.9,53.1,174.53,0.0,0.0,0.0,0
0.33,2.0,3300.0,3500.0,0000110,0,0,0,0,50,50,0,2114.4,-1285.6,50.75,182.62,1.0,0.0,0.5,7381
0.33,2.0,3300.0,3500.0,0001001,0,0,0,50,0,0,50,2085.2,-1314.8,52.34,177.05,0.0,0.0,0.0,0
0.33,2.0,3300.0,3500.0,0001010,0,0,0,50,0,50,0,2144.2,-1255.8,50.57,183.28,1.0,0.0,0.5,183088
0.33,2.0,3300.0,3500.0,0001100,0,0,0,50,50,0,0,2117.4,-1282.6,52.44,176.72,1.0,0.0,0.5,107
0.33,2.0,3300.0,3500.0,0010001,0,0,50,0,0,0,50,2288.4,-1111.6,50.82,182.36,0.0,0.0,0.0,0
0.33,2.0,3300.0,3500.0,0010010,0,0,50,0,0,50,0,2208.5,-1191.5,48.3,191.9,1.0,0.0,0.5,72227
0.33,2.0,3300.0,3500.0,0010100,0,0,50,0,50,0,0,2248.6,-1151.4,52.17,177.66,0.0,0.0,0.0,0
0.33,2.0,3300.0,3500.0,0011000,0,0,50,50,0,0,0,2079.5,-1320.5,50.63,183.06,1.0,0.0,0.5,98122
0.33,2.0,3300.0,3500.0,0100001,0,50,0,0,0,0,50,2245.5,-1154.5,52.05,178.05,0.0,0.0,0.0,0
0.33,2.0,3300.0,3500.0,0100010,0,50,0,0,0,50,0,2245.3,-1154.7,50.26,184.39,0.0,0.0,0.0,0
0.33,2.0,3300.0,3500.0,0100100,0,50,0,0,50,0,0,2349.6,-1050.4,54.51,170.02,0.0,0.0,0.0,0
0.33,2.0,3300.0,3500.0,0101000,0,50,0,50,0,0,0,2276.7,-1123.3,51.7,179.26,0.0,0.0,0.0,0
0.33,2.0,3300.0,3500.0,0110000,0,50,50,0,0,0,0,2301.5,-1098.5,50.93,181.96,0.0,0.0,0.0,0
0.33,2.0,3300.0,3500.0,1000001,50,0,0,0,0,0,50,2158.3,-1241.7,50.33,184.15,0.0,0.0,0.0,0
0.33,2.0,3300.0,3500.0,1000010,50,0,0,0,0,50,0,2130.1,-1269.9,48.03,192.94,1.0,0.0,0.5,287155
0.33,2.0,3300.0,3500.0,1000100,50,0,0,0,50,0,0,2263.3,-1136.7,52.47,176.63,0.0,0.0,0.0,0
0.33,2.0,3300.0,3500.0,1001000,50,0,0,50,0,0,0,2155.7,-1244.3,50.18,184.68,1.0,0.0,0.5,177419
0.33,2.0,3300.0,3500.0,1010000,50,0,50,0,0,0,0,2536.5,-863.5,48.04,192.9,0.0,0.0,0.0,0
0.33,2.0,3300.0,3500.0,1100000,50,50,0,0,0,0,0,2294.2,-1105.8,50.68,182.85,1.0,0.0,0.5,13
0.33,2.0,3400.0,3600.0,0000011,0,0,0,0,0,50,50,2171.3,-1328.7,49.88,185.79,0.0,0.0,0.0,0
0.33,2.0,3400.0,3600.0,0000101,0,0,0,0,50,0,50,2178.1,-1321.9,53.1,174.53,0.0,0.0,0.0,0
0.33,2.0,3400.0,3600.0,0000110,0,0,0,0,50,50,0,2114.4,-1385.6,50.75,182.62,1.0,0.0,0.5,7381
0.33,2.0,3400.0,3600.0,0001001,0,0,0,50,0,0,50,2085.2,-1414.8,52.34,177.05,0.0,0.0,0.0,0
0.33,2.0,3400.0,3600.0,0001010,0,0,0,50,0,50,0,2144.2,-1355.8,50.57,183.28,1.0,0.0,0.5,183088
0.33,2.0,3400.0,3600.0,0001100,0,0,0,50,50,0,0,2117.4,-1382.6,52.44,176.72,1.0,0.0,0.5,107
0.33,2.0,3400.0,3600.0,0010001,0,0,50,0,0,0,50,2288.4,-1211.6,50.82,182.36,0.0,0.0,0.0,0
0.33,2.0,3400.0,3600.0,0010010,0,0,50,0,0,50,0,2208.5,-1291.5,48.3,191.9,1.0,0.0,0.5,72227
0.33,2.0,3400.0,3600.0,0010100,0,0,50,0,50,0,0,2248.6,-1251.4,52.17,177.66,0.0,0.0,0.0,0
0.33,2.0,3400.0,3600.0,0011000,0,0,50,50,0,0,0,2079.5,-1420.5,50.63,183.06,1.0,0.0,0.5,98122
0.33,2.0,3400.0,3600.0,0100001,0,50,0,0,0,0,50,2245.5,-1254.5,52.05,178.05,0.0,0.0,0.0,0
0.33,2.0,3400.0,3600.0,0100010,0,50,0,0,0,50,0,2245.3,-1254.7,50.26,184.39,0.0,0.0,0.0,0
0.33,2.0,3400.0,3600.0,0100100,0,50,0,0,50,0,0,2349.6,-1150.4,54.51,170.02,0.0,0.0,0.0,0
0.33,2.0,3400.0,3600.0,0101000,0,50,0,50,0,0,0,2276.7,-1223.3,51.7,179.26,0.0,0.0,0.0,0
0.33,2.0,3400.0,3600.0,0110000,0,50,50,0,0,0,0,2301.5,-1198.5,50.93,181.96,0.0,0.0,0.0,0
0.33,2.0,3400.0,3600.0,1000001,50,0,0,0,0,0,50,2158.3,-1341.7,50.33,184.15,0.0,0.0,0.0,0
0.33,2.0,3400.0,3600.0,1000010,50,0,0,0,0,50,0,2130.1,-1369.9,48.03,192.94,1.0,0.0,0.5,287155
0.33,2.0,3400.0,3600.0,1000100,50,0,0,0,50,0,0,2263.3,-1236.7,52.47,176.63,0.0,0.0,0.0,0
0.33,2.0,3400.0,3600.0,1001000,50,0,0,50,0,0,0,2155.7,-1344.3,50.18,184.68,1.0,0.0,0.5,177419
0.33,2.0,3400.0,3600.0,1010000,50,0,50,0,0,0,0,2536.5,-963.5,48.04,192.9,0.0,0.0,0.0,0
0.33,2.0,3400.0,3600.0,1100000,50,50,0,0,0,0,0,2294.2,-1205.8,50.68,182.85,1.0,0.0,0.5,13
0.33,2.0,3500.0,3700.0,0000011,0,0,0,0,0,50,50,2171.3,-1428.7,49.88,185.79,0.0,0.0,0.0,0
0.33,2.0,3500.0,3700.0,0000101,0,0,0,0,50,0,50,2178.1,-1421.9,53.1,174.53,0.0,0.0,0.0,0
0.33,2.0,3500.0,3700.0,0000110,0,0,0,0,50,50,0,2114.4,-1485.6,50.75,182.62,1.0,0.0,0.5,7381
0.33,2.0,3500.0,3700.0,0001001,0,0,0,50,0,0,50,2085.2,-1514.8,52.34,177.05,0.0,0.0,0.0,0
0.33,2.0,3500.0,3700.0,0001010,0,0,0,50,0,50,0,2144.2,-1455.8,50.57,183.28,1.0,0.0,0.5,183088
0.33,2.0,3500.0,3700.0,0001100,0,0,0,50,50,0,0,2117.4,-1482.6,52.44,176.72,1.0,0.0,0.5,107
0.33,2.0,3500.0,3700.0,0010001,0,0,50,0,0,0,50,2288.4,-1311.6,50.82,182.36,0.0,0.0,0.0,0
0.33,2.0,3500.0,3700.0,0010010,0,0,50,0,0,50,0,2208.5,-1391.5,48.3,191.9,1.0,0.0,0.5,72227
0.33,2.0,3500.0,3700.0,0010100,0,0,50,0,50,0,0,2248.6,-1351.4,52.17,177.66,0.0,0.0,0.0,0
0.33,2.0,3500.0,3700.0,0011000,0,0,50,50,0,0,0,2079.5,-1520.5,50.63,183.06,1.0,0.0,0.5,98122
0.33,2.0,3500.0,3700.0,0100001,0,50,0,0,0,0,50,2245.5,-1354.5,52.05,178.05,0.0,0.0,0.0,0
0.33,2.0,3500.0,3700.0,0100010,0,50,0,0,0,50,0,2245.3,-1354.7,50.26,184.39,0.0,0.0,0.0,0
0.33,2.0,3500.0,3700.0,0100100,0,50,0,0,50,0,0,2349.6,-1250.4,54.51,170.02,0.0,0.0,0.0,0
0.33,2.0,3500.0,3700.0,0101000,0,50,0,50,0,0,0,2276.7,-1323.3,51.7,179.26,0.0,0.0,0.0,0
0.33,2.0,3500.0,3700.0,0110000,0,50,50,0,0,0,0,2301.5,-1298.5,50.93,181.96,0.0,0.0,0.0,0
0.33,2.0,3500.0,3700.0,1000001,50,0,0,0,0,0,50,2158.3,-1441.7,50.33,184.15,0.0,0.0,0.0,0
0.33,2.0,3500.0,3700.0,1000010,50,0,0,0,0,50,0,2130.1,-1469.9,48.03,192.94,1.0,0.0,0.5,287155
0.33,2.0,3500.0,3700.0,1000100,50,0,0,0,50,0,0,2263.3,-1336.7,52.47,176.63,0.0,0.0,0.0,0
0.33,2.0,3500.0,3700.0,1001000,50,0,0,50,0,0,0,2155.7,-1444.3,50.18,184.68,1.0,0.0,0.5,177419
0.33,2.0,3500.0,3700.0,1010000,50,0,50,0,0,0,0,2536.5,-1063.5,48.04,192.9,0.0,0.0,0.0,0
0.33,2.0,3500.0,3700.0,1100000,50,50,0,0,0,0,0,2294.2,-1305.8,50.68,182.85,1.0,0.0,0.5,13
0.33,2.0,3600.0,3800.0,0000011,0,0,0,0,0,50,50,2171.3,-1528.7,49.88,185.79,0.0,0.0,0.0,0
0.33,2.0,3600.0,3800.0,0000101,0,0,0,0,50,0,50,2178.1,-1521.9,53.1,174.53,0.0,0.0,0.0,0
0.33,2.0,3600.0,3800.0,0000110,0,0,0,0,50,50,0,2114.4,-1585.6,50.75,182.62,1.0,0.0,0.5,7381
0.33,2.0,3600.0,3800.0,0001001,0,0,0,50,0,0,50,2085.2,-1614.8,52.34,177.05,0.0,0.0,0.0,0
0.33,2.0,3600.0,3800.0,0001010,0,0,0,50,0,50,0,2144.2,-1555.8,50.57,183.28,1.0,0.0,0.5,183088
0.33,2.0,3600.0,3800.0,0001100,0,0,0,50,50,0,0,2117.4,-1582.6,52.44,176.72,1.0,0.0,0.5,107
0.33,2.0,3600.0,3800.0,0010001,0,0,50,0,0,0,50,2288.4,-1411.6,50.82,182.36,0.0,0.0,0.0,0
0.33,2.0,3600.0,3800.0,0010010,0,0,50,0,0,50,0,2208.5,-1491.5,48.3,191.9,1.0,0.0,0.5,72227
0.33,2.0,3600.0,3800.0,0010100,0,0,50,0,50,0,0,2248.6,-1451.4,52.17,177.66,0.0,0.0,0.0,0
0.33,2.0,3600.0,3800.0,0011000,0,0,50,50,0,0,0,2079.5,-1620.5,50.63,183.06,1.0,0.0,0.5,98122
0.33,2.0,3600.0,3800.0,0100001,0,50,0,0,0,0,50,2245.5,-1454.5,52.05,178.05,0.0,0.0,0.0,0
0.33,2.0,3600.0,3800.0,0100010,0,50,0,0,0,50,0,2245.3,-1454.7,50.26,184.39,0.0,0.0,0.0,0
0.33,2.0,3600.0,3800.0,0100100,0,50,0,0,50,0,0,2349.6,-1350.4,54.51,170.02,0.0,0.0,0.0,0
0.33,2.0,3600.0,3800.0,0101000,0,50,0,50,0,0,0,2276.7,-1423.3,51.7,179.26,0.0,0.0,0.0,0
0.33,2.0,3600.0,3800.0,0110000,0,50,50,0,0,0,0,2301.5,-1398.5,50.93,181.96,0.0,0.0,0.0,0
0.33,2.0,3600.0,3800.0,1000001,50,0,0,0,0,0,50,2158.3,-1541.7,50.33,184.15,0.0,0.0,0.0,0
0.33,2.0,3600.0,3800.0,1000010,50,0,0,0,0,50,0,2130.1,-1569.9,48.03,192.94,1.0,0.0,0.5,287155
0.33,2.0,3600.0,3800.0,1000100,50,0,0,0,50,0,0,2263.3,-1436.7,52.47,176.63,0.0,0.0,0.0,0
0.33,2.0,3600.0,3800.0,1001000,50,0,0,50,0,0,0,2155.7,-1544.3,50.18,184.68,1.0,0.0,0.5,177419
0.33,2.0,3600.0,3800.0,1010000,50,0,50,0,0,0,0,2536.5,-1163.5,48.04,192.9,0.0,0.0,0.0,0
0.33,2.0,3600.0,3800.0,1100000,50,50,0,0,0,0,0,2294.2,-1405.8,50.68,182.85,1.0,0.0,0.5,13
0.33,2.0,2100.0,2300.0,0000111,0,0,0,0,36,50,50,2349.0,149.0,50.87,182.2,0.0,0.01,0.0,0
0.33,2.0,2100.0,2300.0,0001011,0,0,0,32,0,50,50,2346.6,146.6,51.55,179.77,1.0,0.02,0.51,38890
0.33,2.0,2100.0,2300.0,0001101,0,0,0,30,44,0,50,2345.9,145.9,53.33,173.78,0.0,0.03,0.01,0
0.33,2.0,2100.0,2300.0,0001110,0,0,0,41,50,50,0,2305.3,105.3,51.75,179.07,1.0,0.3,0.65,43074
0.33,2.0,2100.0,2300.0,0010011,0,0,30,0,0,50,50,2338.9,138.9,50.01,185.31,1.0,0.07,0.54,27394
0.33,2.0,2100.0,2300.0,0010110,0,0,38,0,50,50,0,2348.3,148.3,51.2,181.0,1.0,0.01,0.51,752
0.33,2.0,2100.0,2300.0,0011001,0,0,32,50,0,0,50,2323.7,123.7,52.31,177.15,1.0,0.18,0.59,43600
0.33,2.0,2100.0,2300.0,0011010,0,0,30,30,0,50,0,2289.2,89.2,48.67,190.41,1.0,0.41,0.7,16794
0.33,2.0,2100.0,2300.0,0011100,0,0,30,46,50,0,0,2292.4,92.4,52.59,176.24,1.0,0.38,0.69,20018
0.33,2.0,2100.0,2300.0,0100011,0,31,0,0,0,50,50,2346.6,146.6,50.02,185.27,0.0,0.02,0.01,0
0.33,2.0,2100.0,2300.0,0100101,0,30,0,0,48,0,50,2347.2,147.2,54.09,171.33,0.0,0.02,0.01,0
0.33,2.0,2100.0,2300.0,0100110,0,30,0,0,48,50,0,2342.8,142.8,52.26,177.32,0.0,0.05,0.02,0
0.33,2.0,2100.0,2300.0,0101001,0,30,0,48,0,0,50,2346.6,146.6,52.37,176.97,0.0,0.02,0.01,0
0.33,2.0,2100.0,2300.0,0101010,0,42,0,39,0,50,0,2342.8,142.8,51.13,181.26,1.0,0.05,0.52,70128
0.33,2.0,2100.0,2300.0,0101100,0,35,0,30,50,0,0,2349.5,149.5,53.99,171.65,0.0,0.0,0.0,0
0.33,2.0,2100.0,2300.0,0110001,0,36,30,0,0,0,50,2345.4,145.4,51.25,180.83,0.0,0.03,0.02,0
0.33,2.0,2100.0,2300.0,0110010,0,47,33,0,0,50,0,2346.4,146.4,50.3,184.26,1.0,0.02,0.51,82146
0.33,2.0,2100.0,2300.0,0110100,0,30,31,0,50,0,0,2348.8,148.8,53.57,173.02,0.0,0.01,0.0,0
0.33,2.0,2100.0,2300.0,0111000,0,50,30,31,0,0,0,2349.6,149.6,51.44,180.17,1.0,0.0,0.5,60629
0.33,2.0,2100.0,2300.0,1000011,30,0,0,0,0,50,50,2287.4,87.4,49.69,186.5,1.0,0.42,0.71,160983
0.33,2.0,2100.0,2300.0,1000101,30,0,0,0,42,0,50,2349.9,149.9,52.56,176.33,0.0,0.0,0.0,0
0.33,2.0,2100.0,2300.0,1000110,39,0,0,0,50,50,0,2343.9,143.9,51.45,180.13,1.0,0.04,0.52,51601
0.33,2.0,2100.0,2300.0,1001001,30,0,0,50,0,0,50,2240.5,40.5,51.93,178.47,1.0,0.73,0.86,42856
0.33,2.0,2100.0,2300.0,1001010,30,0,0,30,0,50,0,2231.7,31.7,49.5,187.24,1.0,0.79,0.89,55145
0.33,2.0,2100.0,2300.0,1001100,47,0,0,30,50,0,0,2347.7,147.7,52.81,175.48,1.0,0.02,0.51,42078
0.33,2.0,2100.0,2300.0,1010001,30,0,32,0,0,0,50,2348.9,148.9,50.71,182.77,0.0,0.01,0.0,0
0.33,2.0,2100.0,2300.0,1010010,30,0,30,0,0,50,0,2316.3,116.3,47.23,196.21,1.0,0.22,0.61,1849
0.33,2.0,2100.0,2300.0,1010100,34,0,31,0,50,0,0,2349.4,149.4,52.67,175.95,0.0,0.0,0.0,0
0.33,2.0,2100.0,2300.0,1011000,30,0,30,39,0,0,0,2056.9,-143.1,50.47,183.63,1.0,0.05,0.52,4513
0.33,2.0,2100.0,2300.0,1100001,30,41,0,0,0,0,50,2345.4,145.4,51.02,181.64,0.0,0.03,0.02,0
0.33,2.0,2100.0,2300.0,1100010,30,49,0,0,0,50,0,2346.1,146.1,50.24,184.46,1.0,0.03,0.51,267341
0.33,2.0,2100.0,2300.0,1100100,30,30,0,0,49,0,0,2347.3,147.3,53.57,173.02,0.0,0.02,0.01,0
0.33,2.0,2100.0,2300.0,1101000,30,50,0,43,0,0,0,2341.9,141.9,51.27,180.77,1.0,0.05,0.53,188512
0.33,2.0,2100.0,2300.0,1110000,30,48,30,0,0,0,0,2349.3,149.3,50.94,181.93,0.0,0.0,0.0,0
0.33,2.0,2200.0,2400.0,0000111,0,0,0,0,48,50,50,2449.5,149.5,51.72,179.19,0.0,0.0,0.0,0
0.33,2.0,2200.0,2400.0,0001011,0,0,0,44,0,50,50,2441.9,141.9,51.96,178.37,1.0,0.05,0.53,38890
0.33,2.0,2200.0,2400.0,0001101,0,0,0,38,50,0,50,2444.4,144.4,53.85,172.1,0.0,0.04,0.02,0
0.33,2.0,2200.0,2400.0,0001110,0,0,0,41,50,50,0,2305.3,5.3,51.75,179.07,1.0,0.96,0.98,43074
0.33,2.0,2200.0,2400.0,0010011,0,0,30,0,0,50,50,2338.9,38.9,50.01,185.31,1.0,0.74,0.87,27394
0.33,2.0,2200.0,2400.0,0010110,0,0,43,0,50,50,0,2437.3,137.3,51.35,180.48,1.0,0.08,0.54,752
0.33,2.0,2200.0,2400.0,0011001,0,0,32,50,0,0,50,2323.7,23.7,52.31,177.15,1.0,0.84,0.92,43600
0.33,2.0,2200.0,2400.0,0011010,0,0,30,30,0,50,0,2289.2,-10.8,48.67,190.41,1.0,0.93,0.96,16794
0.33,2.0,2200.0,2400.0,0011100,0,0,30,46,50,0,0,2292.4,-7.6,52.59,176.24,1.0,0.95,0.97,20018
0.33,2.0,2200.0,2400.0,0100011,0,40,0,0,0,50,50,2448.6,148.6,50.61,183.1,0.0,0.01,0.0,0
0.33,2.0,2200.0,2400.0,0100101,0,40,0,0,50,0,50,2446.7,146.7,54.76,169.24,0.0,0.02,0.01,0
0.33,2.0,2200.0,2400.0,0100110,0,43,0,0,50,50,0,2449.7,149.7,53.41,173.52,0.0,0.0,0.0,0
0.33,2.0,2200.0,2400.0,0101001,0,36,0,50,0,0,50,2443.1,143.1,52.63,176.08,0.0,0.05,0.02,0
0.33,2.0,2200.0,2400.0,0101010,0,50,0,30,0,50,0,2441.2,141.2,51.28,180.74,1.0,0.06,0.53,70128
0.33,2.0,2200.0,2400.0,0101100,0,47,0,30,50,0,0,2447.5,147.5,54.42,170.31,0.0,0.02,0.01,0
0.33,2.0,2200.0,2400.0,0110001,0,46,31,0,0,0,50,2448.9,148.9,51.79,178.94,0.0,0.01,0.0,0
0.33,2.0,2200.0,2400.0,0110010,0,50,36,0,0,50,0,2438.0,138.0,50.67,182.89,1.0,0.08,0.54,82146
0.33,2.0,2200.0,2400.0,0110100,0,49,30,0,50,0,0,2447.5,147.5,54.62,169.67,0.0,0.02,0.01,0
0.33,2.0,2200.0,2400.0,0111000,0,50,30,39,0,0,0,2391.0,91.0,51.59,179.65,1.0,0.39,0.7,60629
0.33,2.0,2200.0,2400.0,1000011,30,0,0,0,0,50,50,2287.4,-12.6,49.69,186.5,1.0,0.92,0.96,160983
0.33,2.0,2200.0,2400.0,1000101,34,0,0,0,50,0,50,2447.9,147.9,53.39,173.59,0.0,0.01,0.01,0
0.33,2.0,2200.0,2400.0,1000110,43,0,0,0,50,50,0,2434.7,134.7,51.91,178.55,1.0,0.1,0.55,51601
0.33,2.0,2200.0,2400.0,1001001,30,0,0,50,0,0,50,2240.5,-59.5,51.93,178.47,1.0,0.6,0.8,42856
0.33,2.0,2200.0,2400.0,1001010,30,0,0,30,0,50,0,2231.7,-68.3,49.5,187.24,1.0,0.54,0.77,55145
0.33,2.0,2200.0,2400.0,1001100,49,0,0,30,50,0,0,2369.4,69.4,52.82,175.45,1.0,0.54,0.77,42078
0.33,2.0,2200.0,2400.0,1010001,31,0,40,0,0,0,50,2441.1,141.1,50.82,182.37,0.0,0.06,0.03,0
0.33,2.0,2200.0,2400.0,1010010,30,0,30,0,0,50,0,2316.3,16.3,47.23,196.21,1.0,0.89,0.95,1849
0.33,2.0,2200.0,2400.0,1010100,42,0,30,0,50,0,0,2422.8,122.8,52.91,175.16,0.0,0.18,0.09,0
0.33,2.0,2200.0,2400.0,1011000,31,0,30,45,0,0,0,2150.9,-149.1,49.98,185.43,1.0,0.01,0.5,4513
0.33,2.0,2200.0,2400.0,1100001,31,50,0,0,0,0,50,2446.0,146.0,51.58,179.67,0.0,0.03,0.01,0
0.33,2.0,2200.0,2400.0,1100010,41,49,0,0,0,50,0,2447.6,147.6,50.6,183.17,1.0,0.02,0.51,267341
0.33,2.0,2200.0,2400.0,1100100,30,42,0,0,50,0,0,2448.4,148.4,54.26,170.8,0.0,0.01,0.01,0
0.33,2.0,2200.0,2400.0,1101000,30,50,0,43,0,0,0,2341.9,41.9,51.27,180.77,1.0,0.72,0.86,188512
0.33,2.0,2200.0,2400.0,1110000,41,50,30,0,0,0,0,2446.9,146.9,51.47,180.06,0.0,0.02,0.01,0
0.33,2.0,2300.0,2500.0,0000111,0,0,0,0,50,50,50,2465.1,65.1,51.86,178.69,0.0,0.57,0.28,0
0.33,2.0,2300.0,2500.0,0001011,0,0,0,44,0,50,50,2441.9,41.9,51.96,178.37,1.0,0.72,0.86,38890
0.33,2.0,2300.0,2500.0,0001101,0,0,0,50,50,0,50,2507.6,107.6,53.97,171.71,0.0,0.28,0.14,0
0.33,2.0,2300.0,2500.0,0001110,0,0,0,41,50,50,0,2305.3,-94.7,51.75,179.07,1.0,0.37,0.68,43074
0.33,2.0,2300.0,2500.0,0010011,0,0,30,0,0,50,50,2338.9,-61.1,50.01,185.31,1.0,0.59,0.8,27394
0.33,2.0,2300.0,2500.0,0010110,0,0,46,0,50,50,0,2487.5,87.5,51.41,180.26,1.0,0.42,0.71,752
0.33,2.0,2300.0,2500.0,0011001,0,0,32,50,0,0,50,2323.7,-76.3,52.31,177.15,1.0,0.49,0.75,43600
0.33,2.0,2300.0,2500.0,0011010,0,0,30,30,0,50,0,2289.2,-110.8,48.67,190.41,1.0,0.26,0.63,16794
0.33,2.0,2300.0,2500.0,0011100,0,0,30,46,50,0,0,2292.4,-107.6,52.59,176.24,1.0,0.28,0.64,20018
0.33,2.0,2300.0,2500.0,0100011,0,48,0,0,0,50,50,2548.6,148.6,51.24,180.88,0.0,0.01,0.0,0
0.33,2.0,2300.0,2500.0,0100101,0,50,0,0,50,0,50,2527.2,127.2,55.36,167.4,0.0,0.15,0.08,0
0.33,2.0,2300.0,2500.0,0100110,0,50,0,0,50,50,0,2504.2,104.2,53.88,172.02,0.0,0.31,0.15,0
0.33,2.0,2300.0,2500.0,0101001,0,50,0,39,0,0,50,2549.9,149.9,52.98,174.93,0.0,0.0,0.0,0
0.33,2.0,2300.0,2500.0,0101010,0,50,0,32,0,50,0,2465.4,65.4,51.3,180.66,1.0,0.56,0.78,70128
0.33,2.0,2300.0,2500.0,0101100,0,50,0,30,50,0,0,2466.8,66.8,54.53,169.95,0.0,0.55,0.28,0
0.33,2.0,2300.0,2500.0,0110001,0,50,37,0,0,0,50,2543.8,143.8,52.15,177.73,0.0,0.04,0.02,0
0.33,2.0,2300.0,2500.0,0110010,0,50,38,0,0,50,0,2470.8,70.8,50.73,182.69,1.0,0.53,0.76,82146
0.33,2.0,2300.0,2500.0,0110100,0,50,43,0,50,0,0,2490.9,90.9,54.69,169.45,0.0,0.39,0.2,0
0.33,2.0,2300.0,2500.0,0111000,0,50,30,39,0,0,0,2391.0,-9.0,51.59,179.65,1.0,0.94,0.97,60629
0.33,2.0,2300.0,2500.0,1000011,30,0,0,0,0,50,50,2287.4,-112.6,49.69,186.5,1.0,0.25,0.62,160983
0.33,2.0,2300.0,2500.0,1000101,45,0,0,0,50,0,50,2542.8,142.8,53.71,172.55,0.0,0.05,0.02,0
0.33,2.0,2300.0,2500.0,1000110,46,0,0,0,50,50,0,2538.8,138.8,52.35,177.03,1.0,0.07,0.54,51601
0.33,2.0,2300.0,2500.0,1001001,32,0,0,50,0,0,50,2251.6,-148.4,51.91,178.55,1.0,0.01,0.51,42856
0.33,2.0,2300.0,2500.0,1001010,30,0,0,31,0,50,0,2252.2,-147.8,49.38,187.7,1.0,0.01,0.51,55145
0.33,2.0,2300.0,2500.0,1001100,49,0,0,30,50,0,0,2369.4,-30.6,52.82,175.45,1.0,0.8,0.9,42078
0.33,2.0,2300.0,2500.0,1010001,31,0,40,0,0,0,50,2441.1,41.1,50.82,182.37,0.0,0.73,0.36,0
0.33,2.0,2300.0,2500.0,1010010,30,0,30,0,0,50,0,2316.3,-83.7,47.23,196.21,1.0,0.44,0.72,1849
0.33,2.0,2300.0,2500.0,1010100,50,0,30,0,50,0,0,2547.9,147.9,53.21,174.17,0.0,0.01,0.01,0
0.33,2.0,2300.0,2500.0,1011000,31,0,30,50,0,0,0,2250.3,-149.7,49.56,186.99,1.0,0.0,0.5,4513
0.33,2.0,2300.0,2500.0,1100001,43,50,0,0,0,0,50,2549.4,149.4,51.71,179.24,0.0,0.0,0.0,0
0.33,2.0,2300.0,2500.0,1100010,42,50,0,0,0,50,0,2486.8,86.8,50.71,182.77,1.0,0.42,0.71,267341
0.33,2.0,2300.0,2500.0,1100100,43,50,0,0,50,0,0,2547.8,147.8,54.71,169.39,0.0,0.01,0.01,0
0.33,2.0,2300.0,2500.0,1101000,30,50,0,43,0,0,0,2341.9,-58.1,51.27,180.77,1.0,0.61,0.81,188512
0.33,2.0,2300.0,2500.0,1110000,49,50,30,0,0,0,0,2537.8,137.8,51.51,179.92,0.0,0.08,0.04,0
0.33,2.0,2400.0,2600.0,0000111,0,0,0,0,50,50,50,2465.1,-34.9,51.86,178.69,0.0,0.77,0.38,0
0.33,2.0,2400.0,2600.0,0001011,0,0,0,44,0,50,50,2441.9,-58.1,51.96,178.37,1.0,0.61,0.81,38890
0.33,2.0,2400.0,2600.0,0001101,0,0,0,50,50,0,50,2507.6,7.6,53.97,171.71,0.0,0.95,0.47,0
0.33,2.0,2400.0,2600.0,0001110,0,0,0,44,50,50,0,2362.5,-137.5,51.59,179.65,1.0,0.08,0.54,43074
0.33,2.0,2400.0,2600.0,0010011,0,0,32,0,0,50,50,2352.2,-147.8,49.99,185.38,1.0,0.01,0.51,27394
0.33,2.0,2400.0,2600.0,0010110,0,0,46,0,50,50,0,2487.5,-12.5,51.41,180.26,1.0,0.92,0.96,752
0.33,2.0,2400.0,2600.0,0011001,0,0,37,50,0,0,50,2356.3,-143.7,52.29,177.25,1.0,0.04,0.52,43600
0.33,2.0,2400.0,2600.0,0011010,0,0,30,34,0,50,0,2369.4,-130.6,48.51,191.05,1.0,0.13,0.56,16794
0.33,2.0,2400.0,2600.0,0011100,0,0,40,39,50,0,0,2350.2,-149.8,52.46,176.68,1.0,0.0,0.5,20018
0.33,2.0,2400.0,2600.0,0100011,0,50,0,0,0,50,50,2578.3,78.3,51.4,180.32,0.0,0.48,0.24,0
0.33,2.0,2400.0,2600.0,0100101,0,50,0,0,50,0,50,2527.2,27.2,55.36,167.4,0.0,0.82,0.41,0
0.33,2.0,2400.0,2600.0,0100110,0,50,0,0,50,50,0,2504.2,4.2,53.88,172.02,0.0,0.97,0.49,0
0.33,2.0,2400.0,2600.0,0101001,0,50,0,49,0,0,50,2627.1,127.1,53.25,174.03,0.0,0.15,0.08,0
0.33,2.0,2400.0,2600.0,0101010,0,50,0,32,0,50,0,2465.4,-34.6,51.3,180.66,1.0,0.77,0.88,70128
0.33,2.0,2400.0,2600.0,0101100,0,50,0,30,50,0,0,2466.8,-33.2,54.53,169.95,0.0,0.78,0.39,0
0.33,2.0,2400.0,2600.0,0110001,0,50,50,0,0,0,50,2644.1,144.1,52.33,177.1,0.0,0.04,0.02,0
0.33,2.0,2400.0,2600.0,0110010,0,50,38,0,0,50,0,2470.8,-29.2,50.73,182.69,1.0,0.81,0.9,82146
0.33,2.0,2400.0,2600.0,0110100,0,50,43,0,50,0,0,2490.9,-9.1,54.69,169.45,0.0,0.94,0.47,0
0.33,2.0,2400.0,2600.0,0111000,0,50,30,39,0,0,0,2391.0,-109.0,51.59,179.65,1.0,0.27,0.64,60629
0.33,2.0,2400.0,2600.0,1000011,47,0,0,0,0,50,50,2413.7,-86.3,49.38,187.68,1.0,0.42,0.71,160983
0.33,2.0,2400.0,2600.0,1000101,50,0,0,0,50,0,50,2598.7,98.7,53.89,171.97,0.0,0.34,0.17,0
0.33,2.0,2400.0,2600.0,1000110,47,0,0,0,50,50,0,2591.3,91.3,52.42,176.81,1.0,0.39,0.7,51601
0.33,2.0,2400.0,2600.0,1001001,45,0,0,48,0,0,50,2351.2,-148.8,51.79,178.96,1.0,0.01,0.5,42856
0.33,2.0,2400.0,2600.0,1001010,34,0,0,32,0,50,0,2354.0,-146.0,48.91,189.5,1.0,0.03,0.51,55145
0.33,2.0,2400.0,2600.0,1001100,49,0,0,30,50,0,0,2369.4,-130.6,52.82,175.45,1.0,0.13,0.56,42078
0.33,2.0,2400.0,2600.0,1010001,31,0,40,0,0,0,50,2441.1,-58.9,50.82,182.37,0.0,0.61,0.3,0
0.33,2.0,2400.0,2600.0,1010010,45,0,32,0,0,50,0,2648.6,148.6,47.12,196.67,1.0,0.01,0.5,1849
0.33,2.0,2400.0,2600.0,1010100,50,0,35,0,50,0,0,2612.6,112.6,53.26,174.01,0.0,0.25,0.12,0
0.33,2.0,2400.0,2600.0,1011000,35,0,30,49,0,0,0,2357.5,-142.5,49.11,188.72,1.0,0.05,0.53,4513
0.33,2.0,2400.0,2600.0,1100001,50,50,0,0,0,0,50,2618.8,118.8,51.84,178.76,0.0,0.21,0.1,0
0.33,2.0,2400.0,2600.0,1100010,42,50,0,0,0,50,0,2486.8,-13.2,50.71,182.77,1.0,0.91,0.96,267341
0.33,2.0,2400.0,2600.0,1100100,50,50,0,0,50,0,0,2582.3,82.3,54.85,168.98,0.0,0.45,0.23,0
0.33,2.0,2400.0,2600.0,1101000,30,50,0,46,0,0,0,2355.0,-145.0,51.25,180.83,1.0,0.03,0.52,188512
0.33,2.0,2400.0,2600.0,1110000,50,50,30,0,0,0,0,2557.4,57.4,51.53,179.87,0.0,0.62,0.31,0
0.33,2.0,2500.0,2700.0,0000111,0,0,0,0,50,50,50,2465.1,-134.9,51.86,178.69,0.0,0.1,0.05,0
0.33,2.0,2500.0,2700.0,0001011,0,0,0,45,0,50,50,2458.3,-141.7,51.95,178.38,1.0,0.06,0.53,38890
0.33,2.0,2500.0,2700.0,0001101,0,0,0,50,50,0,50,2507.6,-92.4,53.97,171.71,0.0,0.38,0.19,0
0.33,2.0,2500.0,2700.0,0001110,0,0,0,48,50,50,0,2457.3,-142.7,51.23,180.91,1.0,0.05,0.52,43074
0.33,2.0,2500.0,2700.0,0010011,0,0,43,0,0,50,50,2462.7,-137.3,49.7,186.49,1.0,0.08,0.54,27394
0.33,2.0,2500.0,2700.0,0010110,0,0,46,0,50,50,0,2487.5,-112.5,51.41,180.26,1.0,0.25,0.62,752
0.33,2.0,2500.0,2700.0,0011001,0,0,47,50,0,0,50,2454.9,-145.1,51.89,178.6,1.0,0.03,0.52,43600
0.33,2.0,2500.0,2700.0,0011010,0,0,30,38,0,50,0,2459.2,-140.8,48.44,191.31,1.0,0.06,0.53,16794
0.33,2.0,2500.0,2700.0,0011100,0,0,42,50,50,0,0,2460.0,-140.0,52.1,177.88,1.0,0.07,0.53,20018
0.33,2.0,2500.0,2700.0,0100011,0,50,0,0,0,50,50,2578.3,-21.7,51.4,180.32,0.0,0.86,0.43,0
0.33,2.0,2500.0,2700.0,0100101,0,50,0,0,50,0,50,2527.2,-72.8,55.36,167.4,0.0,0.51,0.26,0
0.33,2.0,2500.0,2700.0,0100110,0,50,0,0,50,50,0,2504.2,-95.8,53.88,172.02,0.0,0.36,0.18,0
0.33,2.0,2500.0,2700.0,0101001,0,50,0,49,0,0,50,2627.1,27.1,53.25,174.03,0.0,0.82,0.41,0
0.33,2.0,2500.0,2700.0,0101010,0,50,0,32,0,50,0,2465.4,-134.6,51.3,180.66,1.0,0.1,0.55,70128
0.33,2.0,2500.0,2700.0,0101100,0,50,0,30,50,0,0,2466.8,-133.2,54.53,169.95,0.0,0.11,0.06,0
0.33,2.0,2500.0,2700.0,0110001,0,50,50,0,0,0,50,2644.1,44.1,52.33,177.1,0.0,0.71,0.35,0
0.33,2.0,2500.0,2700.0,0110010,0,50,38,0,0,50,0,2470.8,-129.2,50.73,182.69,1.0,0.14,0.57,82146
0.33,2.0,2500.0,2700.0,0110100,0,50,43,0,50,0,0,2490.9,-109.1,54.69,169.45,0.0,0.27,0.14,0
0.33,2.0,2500.0,2700.0,0111000,0,50,31,50,0,0,0,2457.1,-142.9,51.47,180.06,1.0,0.05,0.52,60629
0.33,2.0,2500.0,2700.0,1000011,48,0,0,0,0,50,50,2463.3,-136.7,49.36,187.75,1.0,0.09,0.54,160983
0.33,2.0,2500.0,2700.0,1000101,50,0,0,0,50,0,50,2598.7,-1.3,53.89,171.97,0.0,0.99,0.5,0
0.33,2.0,2500.0,2700.0,1000110,48,0,0,0,50,50,0,2657.0,57.0,52.44,176.72,1.0,0.62,0.81,51601
0.33,2.0,2500.0,2700.0,1001001,49,0,0,48,0,0,50,2453.6,-146.4,51.68,179.33,1.0,0.02,0.51,42856
0.33,2.0,2500.0,2700.0,1001010,40,0,0,30,0,50,0,2453.5,-146.5,48.76,190.06,1.0,0.02,0.51,55145
0.33,2.0,2500.0,2700.0,1001100,50,0,0,44,50,0,0,2523.7,-76.3,52.62,176.11,1.0,0.49,0.75,42078
0.33,2.0,2500.0,2700.0,1010001,30,0,42,0,0,0,50,2453.3,-146.7,50.81,182.39,0.0,0.02,0.01,0
0.33,2.0,2500.0,2700.0,1010010,48,0,32,0,0,50,0,2742.5,142.5,47.74,194.11,1.0,0.05,0.53,1849
0.33,2.0,2500.0,2700.0,1010100,50,0,35,0,50,0,0,2612.6,12.6,53.26,174.01,0.0,0.92,0.46,0
0.33,2.0,2500.0,2700.0,1011000,50,0,32,39,0,0,0,2748.4,148.4,49.05,188.95,1.0,0.01,0.51,4513
0.33,2.0,2500.0,2700.0,1100001,50,50,0,0,0,0,50,2618.8,18.8,51.84,178.76,0.0,0.87,0.44,0
0.33,2.0,2500.0,2700.0,1100010,42,50,0,0,0,50,0,2486.8,-113.2,50.71,182.77,1.0,0.25,0.62,267341
0.33,2.0,2500.0,2700.0,1100100,50,50,0,0,50,0,0,2582.3,-17.7,54.85,168.98,0.0,0.88,0.44,0
0.33,2.0,2500.0,2700.0,1101000,37,50,0,50,0,0,0,2456.3,-143.7,51.18,181.07,1.0,0.04,0.52,188512
0.33,2.0,2500.0,2700.0,1110000,50,50,30,0,0,0,0,2557.4,-42.6,51.53,179.87,0.0,0.72,0.36,0
0.33,2.0,2600.0,2800.0,0000111,0,0,0,0,50,50,50,2465.1,-234.9,51.86,178.69,0.0,0.0,0.0,0
0.33,2.0,2600.0,2800.0,0001011,0,0,0,50,0,50,50,2563.7,-136.3,51.62,179.52,1.0,0.09,0.55,38890
0.33,2.0,2600.0,2800.0,0001101,0,0,0,50,50,0,50,2507.6,-192.4,53.97,171.71,0.0,0.0,0.0,0
0.33,2.0,2600.0,2800.0,0001110,0,0,0,50,50,50,0,2519.7,-180.3,51.03,181.63,1.0,0.0,0.5,43074
0.33,2.0,2600.0,2800.0,0010011,0,0,48,0,0,50,50,2572.3,-127.7,49.48,187.28,1.0,0.15,0.57,27394
0.33,2.0,2600.0,2800.0,0010110,0,0,49,0,50,50,0,2566.4,-133.6,51.28,180.72,1.0,0.11,0.55,752
0.33,2.0,2600.0,2800.0,0011001,0,0,50,50,0,0,50,2504.1,-195.9,51.63,179.5,1.0,0.0,0.5,43600
0.33,2.0,2600.0,2800.0,0011010,0,0,30,43,0,50,0,2565.1,-134.9,48.34,191.71,1.0,0.1,0.55,16794
0.33,2.0,2600.0,2800.0,0011100,0,0,50,50,50,0,0,2545.8,-154.2,51.54,179.83,1.0,0.0,0.5,20018
0.33,2.0,2600.0,2800.0,0100011,0,50,0,0,0,50,50,2578.3,-121.7,51.4,180.32,0.0,0.19,0.09,0
0.33,2.0,2600.0,2800.0,0100101,0,50,0,0,50,0,50,2527.2,-172.8,55.36,167.4,0.0,0.0,0.0,0
0.33,2.0,2600.0,2800.0,0100110,0,50,0,0,50,50,0,2504.2,-195.8,53.88,172.02,0.0,0.0,0.0,0
0.33,2.0,2600.0,2800.0,0101001,0,50,0,49,0,0,50,2627.1,-72.9,53.25,174.03,0.0,0.51,0.26,0
0.33,2.0,2600.0,2800.0,0101010,0,50,0,38,0,50,0,2552.3,-147.7,51.23,180.9,1.0,0.02,0.51,70128
0.33,2.0,2600.0,2800.0,0101100,0,50,0,50,50,0,0,2529.2,-170.8,54.38,170.43,0.0,0.0,0.0,0
0.33,2.0,2600.0,2800.0,0110001,0,50,50,0,0,0,50,2644.1,-55.9,52.33,177.1,0.0,0.63,0.31,0
0.33,2.0,2600.0,2800.0,0110010,0,50,43,0,0,50,0,2567.3,-132.7,50.36,184.03,1.0,0.12,0.56,82146
0.33,2.0,2600.0,2800.0,0110100,0,50,50,0,50,0,0,2511.3,-188.7,54.6,169.73,0.0,0.0,0.0,0
0.33,2.0,2600.0,2800.0,0111000,0,50,41,50,0,0,0,2551.6,-148.4,51.17,181.13,1.0,0.01,0.51,60629
0.33,2.0,2600.0,2800.0,1000011,50,0,0,0,0,50,50,2580.2,-119.8,49.06,188.92,1.0,0.2,0.6,160983
0.33,2.0,2600.0,2800.0,1000101,50,0,0,0,50,0,50,2598.7,-101.3,53.89,171.97,0.0,0.32,0.16,0
0.33,2.0,2600.0,2800.0,1000110,48,0,0,0,50,50,0,2657.0,-43.0,52.44,176.72,1.0,0.71,0.86,51601
0.33,2.0,2600.0,2800.0,1001001,50,0,0,49,0,0,50,2563.0,-137.0,51.5,179.96,1.0,0.09,0.54,42856
0.33,2.0,2600.0,2800.0,1001010,50,0,0,34,0,50,0,2842.3,142.3,48.83,189.79,1.0,0.05,0.53,55145
0.33,2.0,2600.0,2800.0,1001100,50,0,0,46,50,0,0,2580.0,-120.0,52.58,176.26,1.0,0.2,0.6,42078
0.33,2.0,2600.0,2800.0,1010001,48,0,32,0,0,0,50,2551.4,-148.6,50.78,182.52,0.0,0.01,0.0,0
0.33,2.0,2600.0,2800.0,1010010,50,0,35,0,0,50,0,2841.5,141.5,48.21,192.22,1.0,0.06,0.53,1849
0.33,2.0,2600.0,2800.0,1010100,50,0,35,0,50,0,0,2612.6,-87.4,53.26,174.01,0.0,0.42,0.21,0
0.33,2.0,2600.0,2800.0,1011000,50,0,37,44,0,0,0,2848.4,148.4,49.44,187.45,1.0,0.01,0.51,4513
0.33,2.0,2600.0,2800.0,1100001,50,50,0,0,0,0,50,2618.8,-81.2,51.84,178.76,0.0,0.46,0.23,0
0.33,2.0,2600.0,2800.0,1100010,45,50,0,0,0,50,0,2582.1,-117.9,50.04,185.2,1.0,0.21,0.61,267341
0.33,2.0,2600.0,2800.0,1100100,50,50,0,0,50,0,0,2582.3,-117.7,54.85,168.98,0.0,0.22,0.11,0
0.33,2.0,2600.0,2800.0,1101000,42,50,0,50,0,0,0,2551.7,-148.3,51.08,181.44,1.0,0.01,0.51,188512
0.33,2.0,2600.0,2800.0,1110000,50,50,30,0,0,0,0,2557.4,-142.6,51.53,179.87,0.0,0.05,0.02,0
0.33,2.0,2700.0,2900.0,0000111,0,0,0,0,50,50,50,2465.1,-334.9,51.86,178.69,0.0,0.0,0.0,0
0.33,2.0,2700.0,2900.0,0001011,0,0,0,50,0,50,50,2563.7,-236.3,51.62,179.52,1.0,0.0,0.5,38890
0.33,2.0,2700.0,2900.0,0001101,0,0,0,50,50,0,50,2507.6,-292.4,53.97,171.71,0.0,0.0,0.0,0
0.33,2.0,2700.0,2900.0,0001110,0,0,0,50,50,50,0,2519.7,-280.3,51.03,181.63,1.0,0.0,0.5,43074
0.33,2.0,2700.0,2900.0,0010011,0,0,50,0,0,50,50,2651.3,-148.7,49.43,187.51,1.0,0.01,0.5,27394
0.33,2.0,2700.0,2900.0,0010110,0,0,50,0,50,50,0,2593.0,-207.0,51.2,181.02,1.0,0.0,0.5,752
0.33,2.0,2700.0,2900.0,0011001,0,0,50,50,0,0,50,2504.1,-295.9,51.63,179.5,1.0,0.0,0.5,43600
0.33,2.0,2700.0,2900.0,0011010,0,0,30,49,0,50,0,2651.9,-148.1,48.22,192.21,1.0,0.01,0.51,16794
0.33,2.0,2700.0,2900.0,0011100,0,0,50,50,50,0,0,2545.8,-254.2,51.54,179.83,1.0,0.0,0.5,20018
0.33,2.0,2700.0,2900.0,0100011,0,50,0,0,0,50,50,2578.3,-221.7,51.4,180.32,0.0,0.0,0.0,0
0.33,2.0,2700.0,2900.0,0100101,0,50,0,0,50,0,50,2527.2,-272.8,55.36,167.4,0.0,0.0,0.0,0
0.33,2.0,2700.0,2900.0,0100110,0,50,0,0,50,50,0,2504.2,-295.8,53.88,172.02,0.0,0.0,0.0,0
0.33,2.0,2700.0,2900.0,0101001,0,50,0,50,0,0,50,2634.1,-165.9,53.25,174.04,0.0,0.0,0.0,0
0.33,2.0,2700.0,2900.0,0101010,0,50,0,45,0,50,0,2664.1,-135.9,50.75,182.61,1.0,0.09,0.55,70128
0.33,2.0,2700.0,2900.0,0101100,0,50,0,50,50,0,0,2529.2,-270.8,54.38,170.43,0.0,0.0,0.0,0
0.33,2.0,2700.0,2900.0,0110001,0,50,50,0,0,0,50,2644.1,-155.9,52.33,177.1,0.0,0.0,0.0,0
0.33,2.0,2700.0,2900.0,0110010,0,50,47,0,0,50,0,2658.3,-141.7,48.82,189.82,1.0,0.06,0.53,82146
0.33,2.0,2700.0,2900.0,0110100,0,50,50,0,50,0,0,2511.3,-288.7,54.6,169.73,0.0,0.0,0.0,0
0.33,2.0,2700.0,2900.0,0111000,0,50,50,50,0,0,0,2632.6,-167.4,49.79,186.15,1.0,0.0,0.5,60629
0.33,2.0,2700.0,2900.0,1000011,50,0,0,0,0,50,50,2580.2,-219.8,49.06,188.92,1.0,0.0,0.5,160983
0.33,2.0,2700.0,2900.0,1000101,50,0,0,0,50,0,50,2598.7,-201.3,53.89,171.97,0.0,0.0,0.0,0
0.33,2.0,2700.0,2900.0,1000110,48,0,0,0,50,50,0,2657.0,-143.0,52.44,176.72,1.0,0.05,0.52,51601
0.33,2.0,2700.0,2900.0,1001001,50,0,0,50,0,0,50,2599.2,-200.8,51.41,180.28,1.0,0.0,0.5,42856
0.33,2.0,2700.0,2900.0,1001010,50,0,0,39,0,50,0,2932.9,132.9,49.12,188.67,1.0,0.11,0.56,55145
0.33,2.0,2700.0,2900.0,1001100,50,0,0,49,50,0,0,2660.8,-139.2,52.38,176.92,1.0,0.07,0.54,42078
0.33,2.0,2700.0,2900.0,1010001,36,0,50,0,0,0,50,2658.9,-141.1,50.35,184.08,0.0,0.06,0.03,0
0.33,2.0,2700.0,2900.0,1010010,50,0,43,0,0,50,0,2938.5,138.5,48.44,191.34,1.0,0.08,0.54,1849
0.33,2.0,2700.0,2900.0,1010100,50,0,37,0,50,0,0,2654.8,-145.2,53.24,174.06,0.0,0.03,0.02,0
0.33,2.0,2700.0,2900.0,1011000,50,0,41,49,0,0,0,2949.4,149.4,49.73,186.37,1.0,0.0,0.5,4513
0.33,2.0,2700.0,2900.0,1100001,50,50,0,0,0,0,50,2618.8,-181.2,51.84,178.76,0.0,0.0,0.0,0
0.33,2.0,2700.0,2900.0,1100010,48,49,0,0,0,50,0,2652.5,-147.5,48.94,189.38,1.0,0.02,0.51,267341
0.33,2.0,2700.0,2900.0,1100100,50,50,0,0,50,0,0,2582.3,-217.7,54.85,168.98,0.0,0.0,0.0,0
0.33,2.0,2700.0,2900.0,1101000,49,50,0,47,0,0,0,2650.3,-149.7,50.82,182.35,1.0,0.0,0.5,188512
0.33,2.0,2700.0,2900.0,1110000,50,50,35,0,0,0,0,2650.5,-149.5,51.36,180.45,0.0,0.0,0.0,0
0.33,2.0,2800.0,3000.0,0000111,0,0,0,0,50,50,50,2465.1,-434.9,51.86,178.69,0.0,0.0,0.0,0
0.33,2.0,2800.0,3000.0,0001011,0,0,0,50,0,50,50,2563.7,-336.3,51.62,179.52,1.0,0.0,0.5,38890
0.33,2.0,2800.0,3000.0,0001101,0,0,0,50,50,0,50,2507.6,-392.4,53.97,171.71,0.0,0.0,0.0,0
0.33,2.0,2800.0,3000.0,0001110,0,0,0,50,50,50,0,2519.7,-380.3,51.03,181.63,1.0,0.0,0.5,43074
0.33,2.0,2800.0,3000.0,0010011,0,0,50,0,0,50,50,2651.3,-248.7,49.43,187.51,1.0,0.0,0.5,27394
0.33,2.0,2800.0,3000.0,0010110,0,0,50,0,50,50,0,2593.0,-307.0,51.2,181.02,1.0,0.0,0.5,752
0.33,2.0,2800.0,3000.0,0011001,0,0,50,50,0,0,50,2504.1,-395.9,51.63,179.5,1.0,0.0,0.5,43600
0.33,2.0,2800.0,3000.0,0011010,0,0,49,50,0,50,0,2786.6,-113.4,47.82,193.81,1.0,0.24,0.62,16794
0.33,2.0,2800.0,3000.0,0011100,0,0,50,50,50,0,0,2545.8,-354.2,51.54,179.83,1.0,0.0,0.5,20018
0.33,2.0,2800.0,3000.0,0100011,0,50,0,0,0,50,50,2578.3,-321.7,51.4,180.32,0.0,0.0,0.0,0
0.33,2.0,2800.0,3000.0,0100101,0,50,0,0,50,0,50,2527.2,-372.8,55.36,167.4,0.0,0.0,0.0,0
0.33,2.0,2800.0,3000.0,0100110,0,50,0,0,50,50,0,2504.2,-395.8,53.88,172.02,0.0,0.0,0.0,0
0.33,2.0,2800.0,3000.0,0101001,0,50,0,50,0,0,50,2634.1,-265.9,53.25,174.04,0.0,0.0,0.0,0
0.33,2.0,2800.0,3000.0,0101010,0,50,0,50,0,50,0,2735.7,-164.3,49.73,186.37,1.0,0.0,0.5,70128
0.33,2.0,2800.0,3000.0,0101100,0,50,0,50,50,0,0,2529.2,-370.8,54.38,170.43,0.0,0.0,0.0,0
0.33,2.0,2800.0,3000.0,0110001,0,50,50,0,0,0,50,2644.1,-255.9,52.33,177.1,0.0,0.0,0.0,0
0.33,2.0,2800.0,3000.0,0110010,0,50,50,0,0,50,0,2743.7,-156.3,47.99,193.12,1.0,0.0,0.5,82146
0.33,2.0,2800.0,3000.0,0110100,0,50,50,0,50,0,0,2511.3,-388.7,54.6,169.73,0.0,0.0,0.0,0
0.33,2.0,2800.0,3000.0,0111000,0,50,50,50,0,0,0,2632.6,-267.4,49.79,186.15,1.0,0.0,0.5,60629
0.33,2.0,2800.0,3000.0,1000011,50,0,0,0,0,50,50,2580.2,-319.8,49.06,188.92,1.0,0.0,0.5,160983
0.33,2.0,2800.0,3000.0,1000101,50,0,0,0,50,0,50,2598.7,-301.3,53.89,171.97,0.0,0.0,0.0,0
0.33,2.0,2800.0,3000.0,1000110,50,0,0,0,50,50,0,2768.5,-131.5,52.36,177.02,1.0,0.12,0.56,51601
0.33,2.0,2800.0,3000.0,1001001,50,0,0,50,0,0,50,2599.2,-300.8,51.41,180.28,1.0,0.0,0.5,42856
0.33,2.0,2800.0,3000.0,1001010,50,0,0,45,0,50,0,3034.5,134.5,49.32,187.89,1.0,0.1,0.55,55145
0.33,2.0,2800.0,3000.0,1001100,50,0,0,50,50,0,0,2687.5,-212.5,52.31,177.18,1.0,0.0,0.5,42078
0.33,2.0,2800.0,3000.0,1010001,44,0,46,0,0,0,50,2750.3,-149.7,49.85,185.93,0.0,0.0,0.0,0
0.33,2.0,2800.0,3000.0,1010010,50,0,50,0,0,50,0,3042.4,142.4,48.58,190.78,1.0,0.05,0.53,1849
0.33,2.0,2800.0,3000.0,1010100,50,0,41,0,50,0,0,2751.8,-148.2,53.07,174.64,0.0,0.01,0.01,0
0.33,2.0,2800.0,3000.0,1011000,50,0,47,50,0,0,0,3037.3,137.3,49.84,185.96,1.0,0.08,0.54,4513
0.33,2.0,2800.0,3000.0,1100001,50,50,0,0,0,0,50,2618.8,-281.2,51.84,178.76,0.0,0.0,0.0,0
0.33,2.0,2800.0,3000.0,1100010,50,50,0,0,0,50,0,2755.1,-144.9,48.31,191.85,1.0,0.03,0.52,267341
0.33,2.0,2800.0,3000.0,1100100,50,50,0,0,50,0,0,2582.3,-317.7,54.85,168.98,0.0,0.0,0.0,0
0.33,2.0,2800.0,3000.0,1101000,50,50,0,50,0,0,0,2742.2,-157.8,50.23,184.49,1.0,0.0,0.5,188512
0.33,2.0,2800.0,3000.0,1110000,50,50,40,0,0,0,0,2753.1,-146.9,50.61,183.12,0.0,0.02,0.01,0
0.33,2.0,2900.0,3100.0,0000111,0,0,0,0,50,50,50,2465.1,-534.9,51.86,178.69,0.0,0.0,0.0,0
0.33,2.0,2900.0,3100.0,0001011,0,0,0,50,0,50,50,2563.7,-436.3,51.62,179.52,1.0,0.0,0.5,38890
0.33,2.0,2900.0,3100.0,0001101,0,0,0,50,50,0,50,2507.6,-492.4,53.97,171.71,0.0,0.0,0.0,0
0.33,2.0,2900.0,3100.0,0001110,0,0,0,50,50,50,0,2519.7,-480.3,51.03,181.63,1.0,0.0,0.5,43074
0.33,2.0,2900.0,3100.0,0010011,0,0,50,0,0,50,50,2651.3,-348.7,49.43,187.51,1.0,0.0,0.5,27394
0.33,2.0,2900.0,3100.0,0010110,0,0,50,0,50,50,0,2593.0,-407.0,51.2,181.02,1.0,0.0,0.5,752
0.33,2.0,2900.0,3100.0,0011001,0,0,50,50,0,0,50,2504.1,-495.9,51.63,179.5,1.0,0.0,0.5,43600
0.33,2.0,2900.0,3100.0,0011010,0,0,50,50,0,50,0,2797.0,-203.0,47.82,193.82,1.0,0.0,0.5,16794
0.33,2.0,2900.0,3100.0,0011100,0,0,50,50,50,0,0,2545.8,-454.2,51.54,179.83,1.0,0.0,0.5,20018
0.33,2.0,2900.0,3100.0,0100011,0,50,0,0,0,50,50,2578.3,-421.7,51.4,180.32,0.0,0.0,0.0,0
0.33,2.0,2900.0,3100.0,0100101,0,50,0,0,50,0,50,2527.2,-472.8,55.36,167.4,0.0,0.0,0.0,0
0.33,2.0,2900.0,3100.0,0100110,0,50,0,0,50,50,0,2504.2,-495.8,53.88,172.02,0.0,0.0,0.0,0
0.33,2.0,2900.0,3100.0,0101001,0,50,0,50,0,0,50,2634.1,-365.9,53.25,174.04,0.0,0.0,0.0,0
0.33,2.0,2900.0,3100.0,0101010,0,50,0,50,0,50,0,2735.7,-264.3,49.73,186.37,1.0,0.0,0.5,70128
0.33,2.0,2900.0,3100.0,0101100,0,50,0,50,50,0,0,2529.2,-470.8,54.38,170.43,0.0,0.0,0.0,0
0.33,2.0,2900.0,3100.0,0110001,0,50,50,0,0,0,50,2644.1,-355.9,52.33,177.1,0.0,0.0,0.0,0
0.33,2.0,2900.0,3100.0,0110010,0,50,50,0,0,50,0,2743.7,-256.3,47.99,193.12,1.0,0.0,0.5,82146
0.33,2.0,2900.0,3100.0,0110100,0,50,50,0,50,0,0,2511.3,-488.7,54.6,169.73,0.0,0.0,0.0,0
0.33,2.0,2900.0,3100.0,0111000,0,50,50,50,0,0,0,2632.6,-367.4,49.79,186.15,1.0,0.0,0.5,60629
0.33,2.0,2900.0,3100.0,1000011,50,0,0,0,0,50,50,2580.2,-419.8,49.06,188.92,1.0,0.0,0.5,160983
0.33,2.0,2900.0,3100.0,1000101,50,0,0,0,50,0,50,2598.7,-401.3,53.89,171.97,0.0,0.0,0.0,0
0.33,2.0,2900.0,3100.0,1000110,50,0,0,0,50,50,0,2768.5,-231.5,52.36,177.02,1.0,0.0,0.5,51601
0.33,2.0,2900.0,3100.0,1001001,50,0,0,50,0,0,50,2599.2,-400.8,51.41,180.28,1.0,0.0,0.5,42856
0.33,2.0,2900.0,3100.0,1001010,50,0,0,50,0,50,0,3118.3,118.3,49.54,187.07,1.0,0.21,0.61,55145
0.33,2.0,2900.0,3100.0,1001100,50,0,0,50,50,0,0,2687.5,-312.5,52.31,177.18,1.0,0.0,0.5,42078
0.33,2.0,2900.0,3100.0,1010001,50,0,44,0,0,0,50,2855.8,-144.2,48.95,189.33,0.0,0.04,0.02,0
0.33,2.0,2900.0,3100.0,1010010,50,0,50,0,0,50,0,3042.4,42.4,48.58,190.78,1.0,0.72,0.86,1849
0.33,2.0,2900.0,3100.0,1010100,50,0,47,0,50,0,0,2853.0,-147.0,52.06,178.01,0.0,0.02,0.01,0
0.33,2.0,2900.0,3100.0,1011000,50,0,50,50,0,0,0,3078.5,78.5,49.88,185.81,1.0,0.48,0.74,4513
0.33,2.0,2900.0,3100.0,1100001,50,50,0,0,0,0,50,2618.8,-381.2,51.84,178.76,0.0,0.0,0.0,0
0.33,2.0,2900.0,3100.0,1100010,50,50,0,0,0,50,0,2755.1,-244.9,48.31,191.85,1.0,0.0,0.5,267341
0.33,2.0,2900.0,3100.0,1100100,50,50,0,0,50,0,0,2582.3,-417.7,54.85,168.98,0.0,0.0,0.0,0
0.33,2.0,2900.0,3100.0,1101000,50,50,0,50,0,0,0,2742.2,-257.8,50.23,184.49,1.0,0.0,0.5,188512
0.33,2.0,2900.0,3100.0,1110000,50,50,47,0,0,0,0,2852.0,-148.0,49.22,188.3,0.0,0.01,0.01,0
0.33,2.0,3000.0,3200.0,0000111,0,0,0,0,50,50,50,2465.1,-634.9,51.86,178.69,0.0,0.0,0.0,0
0.33,2.0,3000.0,3200.0,0001011,0,0,0,50,0,50,50,2563.7,-536.3,51.62,179.52,1.0,0.0,0.5,38890
0.33,2.0,3000.0,3200.0,0001101,0,0,0,50,50,0,50,2507.6,-592.4,53.97,171.71,0.0,0.0,0.0,0
0.33,2.0,3000.0,3200.0,0001110,0,0,0,50,50,50,0,2519.7,-580.3,51.03,181.63,1.0,0.0,0.5,43074
0.33,2.0,3000.0,3200.0,0010011,0,0,50,0,0,50,50,2651.3,-448.7,49.43,187.51,1.0,0.0,0.5,27394
0.33,2.0,3000.0,3200.0,0010110,0,0,50,0,50,50,0,2593.0,-507.0,51.2,181.02,1.0,0.0,0.5,752
0.33,2.0,3000.0,3200.0,0011001,0,0,50,50,0,0,50,2504.1,-595.9,51.63,179.5,1.0,0.0,0.5,43600
0.33,2.0,3000.0,3200.0,0011010,0,0,50,50,0,50,0,2797.0,-303.0,47.82,193.82,1.0,0.0,0.5,16794
0.33,2.0,3000.0,3200.0,0011100,0,0,50,50,50,0,0,2545.8,-554.2,51.54,179.83,1.0,0.0,0.5,20018
0.33,2.0,3000.0,3200.0,0100011,0,50,0,0,0,50,50,2578.3,-521.7,51.4,180.32,0.0,0.0,0.0,0
0.33,2.0,3000.0,3200.0,0100101,0,50,0,0,50,0,50,2527.2,-572.8,55.36,167.4,0.0,0.0,0.0,0
0.33,2.0,3000.0,3200.0,0100110,0,50,0,0,50,50,0,2504.2,-595.8,53.88,172.02,0.0,0.0,0.0,0
0.33,2.0,3000.0,3200.0,0101001,0,50,0,50,0,0,50,2634.1,-465.9,53.25,174.04,0.0,0.0,0.0,0
0.33,2.0,3000.0,3200.0,0101010,0,50,0,50,0,50,0,2735.7,-364.3,49.73,186.37,1.0,0.0,0.5,70128
0.33,2.0,3000.0,3200.0,0101100,0,50,0,50,50,0,0,2529.2,-570.8,54.38,170.43,0.0,0.0,0.0,0
0.33,2.0,3000.0,3200.0,0110001,0,50,50,0,0,0,50,2644.1,-455.9,52.33,177.1,0.0,0.0,0.0,0
0.33,2.0,3000.0,3200.0,0110010,0,50,50,0,0,50,0,2743.7,-356.3,47.99,193.12,1.0,0.0,0.5,82146
0.33,2.0,3000.0,3200.0,0110100,0,50,50,0,50,0,0,2511.3,-588.7,54.6,169.73,0.0,0.0,0.0,0
0.33,2.0,3000.0,3200.0,0111000,0,50,50,50,0,0,0,2632.6,-467.4,49.79,186.15,1.0,0.0,0.5,60629
0.33,2.0,3000.0,3200.0,1000011,50,0,0,0,0,50,50,2580.2,-519.8,49.06,188.92,1.0,0.0,0.5,160983
0.33,2.0,3000.0,3200.0,1000101,50,0,0,0,50,0,50,2598.7,-501.3,53.89,171.97,0.0,0.0,0.0,0
0.33,2.0,3000.0,3200.0,1000110,50,0,0,0,50,50,0,2768.5,-331.5,52.36,177.02,1.0,0.0,0.5,51601
0.33,2.0,3000.0,3200.0,1001001,50,0,0,50,0,0,50,2599.2,-500.8,51.41,180.28,1.0,0.0,0.5,42856
0.33,2.0,3000.0,3200.0,1001010,50,0,0,50,0,50,0,3118.3,18.3,49.54,187.07,1.0,0.88,0.94,55145
0.33,2.0,3000.0,3200.0,1001100,50,0,0,50,50,0,0,2687.5,-412.5,52.31,177.18,1.0,0.0,0.5,42078
0.33,2.0,3000.0,3200.0,1010001,50,0,50,0,0,0,50,3001.8,-98.2,48.88,189.61,0.0,0.35,0.17,0
0.33,2.0,3000.0,3200.0,1010010,50,0,50,0,0,50,0,3042.4,-57.6,48.58,190.78,1.0,0.62,0.81,1849
0.33,2.0,3000.0,3200.0,1010100,50,0,50,0,50,0,0,2902.8,-197.2,51.67,179.38,0.0,0.0,0.0,0
0.33,2.0,3000.0,3200.0,1011000,50,0,50,50,0,0,0,3078.5,-21.5,49.88,185.81,1.0,0.86,0.93,4513
0.33,2.0,3000.0,3200.0,1100001,50,50,0,0,0,0,50,2618.8,-481.2,51.84,178.76,0.0,0.0,0.0,0
0.33,2.0,3000.0,3200.0,1100010,50,50,0,0,0,50,0,2755.1,-344.9,48.31,191.85,1.0,0.0,0.5,267341
0.33,2.0,3000.0,3200.0,1100100,50,50,0,0,50,0,0,2582.3,-517.7,54.85,168.98,0.0,0.0,0.0,0
0.33,2.0,3000.0,3200.0,1101000,50,50,0,50,0,0,0,2742.2,-357.8,50.23,184.49,1.0,0.0,0.5,188512
0.33,2.0,3000.0,3200.0,1110000,50,50,50,0,0,0,0,2901.3,-198.7,48.85,189.71,0.0,0.0,0.0,0
0.33,2.0,3100.0,3300.0,0000111,0,0,0,0,50,50,50,2465.1,-734.9,51.86,178.69,0.0,0.0,0.0,0
0.33,2.0,3100.0,3300.0,0001011,0,0,0,50,0,50,50,2563.7,-636.3,51.62,179.52,1.0,0.0,0.5,38890
0.33,2.0,3100.0,3300.0,0001101,0,0,0,50,50,0,50,2507.6,-692.4,53.97,171.71,0.0,0.0,0.0,0
0.33,2.0,3100.0,3300.0,0001110,0,0,0,50,50,50,0,2519.7,-680.3,51.03,181.63,1.0,0.0,0.5,43074
0.33,2.0,3100.0,3300.0,0010011,0,0,50,0,0,50,50,2651.3,-548.7,49.43,187.51,1.0,0.0,0.5,27394
0.33,2.0,3100.0,3300.0,0010110,0,0,50,0,50,50,0,2593.0,-607.0,51.2,181.02,1.0,0.0,0.5,752
0.33,2.0,3100.0,3300.0,0011001,0,0,50,50,0,0,50,2504.1,-695.9,51.63,179.5,1.0,0.0,0.5,43600
0.33,2.0,3100.0,3300.0,0011010,0,0,50,50,0,50,0,2797.0,-403.0,47.82,193.82,1.0,0.0,0.5,16794
0.33,2.0,3100.0,3300.0,0011100,0,0,50,50,50,0,0,2545.8,-654.2,51.54,179.83,1.0,0.0,0.5,20018
0.33,2.0,3100.0,3300.0,0100011,0,50,0,0,0,50,50,2578.3,-621.7,51.4,180.32,0.0,0.0,0.0,0
0.33,2.0,3100.0,3300.0,0100101,0,50,0,0,50,0,50,2527.2,-672.8,55.36,167.4,0.0,0.0,0.0,0
0.33,2.0,3100.0,3300.0,0100110,0,50,0,0,50,50,0,2504.2,-695.8,53.88,172.02,0.0,0.0,0.0,0
0.33,2.0,3100.0,3300.0,0101001,0,50,0,50,0,0,50,2634.1,-565.9,53.25,174.04,0.0,0.0,0.0,0
0.33,2.0,3100.0,3300.0,0101010,0,50,0,50,0,50,0,2735.7,-464.3,49.73,186.37,1.0,0.0,0.5,70128
0.33,2.0,3100.0,3300.0,0101100,0,50,0,50,50,0,0,2529.2,-670.8,54.38,170.43,0.0,0.0,0.0,0
0.33,2.0,3100.0,3300.0,0110001,0,50,50,0,0,0,50,2644.1,-555.9,52.33,177.1,0.0,0.0,0.0,0
0.33,2.0,3100.0,3300.0,0110010,0,50,50,0,0,50,0,2743.7,-456.3,47.99,193.12,1.0,0.0,0.5,82146
0.33,2.0,3100.0,3300.0,0110100,0,50,50,0,50,0,0,2511.3,-688.7,54.6,169.73,0.0,0.0,0.0,0
0.33,2.0,3100.0,3300.0,0111000,0,50,50,50,0,0,0,2632.6,-567.4,49.79,186.15,1.0,0.0,0.5,60629
0.33,2.0,3100.0,3300.0,1000011,50,0,0,0,0,50,50,2580.2,-619.8,49.06,188.92,1.0,0.0,0.5,160983
0.33,2.0,3100.0,3300.0,1000101,50,0,0,0,50,0,50,2598.7,-601.3,53.89,171.97,0.0,0.0,0.0,0
0.33,2.0,3100.0,3300.0,1000110,50,0,0,0,50,50,0,2768.5,-431.5,52.36,177.02,1.0,0.0,0.5,51601
0.33,2.0,3100.0,3300.0,1001001,50,0,0,50,0,0,50,2599.2,-600.8,51.41,180.28,1.0,0.0,0.5,42856
0.33,2.0,3100.0,3300.0,1001010,50,0,0,50,0,50,0,3118.3,-81.7,49.54,187.07,1.0,0.46,0.73,55145
0.33,2.0,3100.0,3300.0,1001100,50,0,0,50,50,0,0,2687.5,-512.5,52.31,177.18,1.0,0.0,0.5,42078
0.33,2.0,3100.0,3300.0,1010001,50,0,50,0,0,0,50,3001.8,-198.2,48.88,189.61,0.0,0.0,0.0,0
0.33,2.0,3100.0,3300.0,1010010,50,0,50,0,0,50,0,3042.4,-157.6,48.58,190.78,1.0,0.0,0.5,1849
0.33,2.0,3100.0,3300.0,1010100,50,0,50,0,50,0,0,2902.8,-297.2,51.67,179.38,0.0,0.0,0.0,0
0.33,2.0,3100.0,3300.0,1011000,50,0,50,50,0,0,0,3078.5,-121.5,49.88,185.81,1.0,0.19,0.59,4513
0.33,2.0,3100.0,3300.0,1100001,50,50,0,0,0,0,50,2618.8,-581.2,51.84,178.76,0.0,0.0,0.0,0
0.33,2.0,3100.0,3300.0,1100010,50,50,0,0,0,50,0,2755.1,-444.9,48.31,191.85,1.0,0.0,0.5,267341
0.33,2.0,3100.0,3300.0,1100100,50,50,0,0,50,0,0,2582.3,-617.7,54.85,168.98,0.0,0.0,0.0,0
0.33,2.0,3100.0,3300.0,1101000,50,50,0,50,0,0,0,2742.2,-457.8,50.23,184.49,1.0,0.0,0.5,188512
0.33,2.0,3100.0,3300.0,1110000,50,50,50,0,0,0,0,2901.3,-298.7,48.85,189.71,0.0,0.0,0.0,0
0.33,2.0,3200.0,3400.0,0000111,0,0,0,0,50,50,50,2465.1,-834.9,51.86,178.69,0.0,0.0,0.0,0
0.33,2.0,3200.0,3400.0,0001011,0,0,0,50,0,50,50,2563.7,-736.3,51.62,179.52,1.0,0.0,0.5,38890
0.33,2.0,3200.0,3400.0,0001101,0,0,0,50,50,0,50,2507.6,-792.4,53.97,171.71,0.0,0.0,0.0,0
0.33,2.0,3200.0,3400.0,0001110,0,0,0,50,50,50,0,2519.7,-780.3,51.03,181.63,1.0,0.0,0.5,43074
0.33,2.0,3200.0,3400.0,0010011,0,0,50,0,0,50,50,2651.3,-648.7,49.43,187.51,1.0,0.0,0.5,27394
0.33,2.0,3200.0,3400.0,0010110,0,0,50,0,50,50,0,2593.0,-707.0,51.2,181.02,1.0,0.0,0.5,752
0.33,2.0,3200.0,3400.0,0011001,0,0,50,50,0,0,50,2504.1,-795.9,51.63,179.5,1.0,0.0,0.5,43600
0.33,2.0,3200.0,3400.0,0011010,0,0,50,50,0,50,0,2797.0,-503.0,47.82,193.82,1.0,0.0,0.5,16794
0.33,2.0,3200.0,3400.0,0011100,0,0,50,50,50,0,0,2545.8,-754.2,51.54,179.83,1.0,0.0,0.5,20018
0.33,2.0,3200.0,3400.0,0100011,0,50,0,0,0,50,50,2578.3,-721.7,51.4,180.32,0.0,0.0,0.0,0
0.33,2.0,3200.0,3400.0,0100101,0,50,0,0,50,0,50,2527.2,-772.8,55.36,167.4,0.0,0.0,0.0,0
0.33,2.0,3200.0,3400.0,0100110,0,50,0,0,50,50,0,2504.2,-795.8,53.88,172.02,0.0,0.0,0.0,0
0.33,2.0,3200.0,3400.0,0101001,0,50,0,50,0,0,50,2634.1,-665.9,53.25,174.04,0.0,0.0,0.0,0
0.33,2.0,3200.0,3400.0,0101010,0,50,0,50,0,50,0,2735.7,-564.3,49.73,186.37,1.0,0.0,0.5,70128
0.33,2.0,3200.0,3400.0,0101100,0,50,0,50,50,0,0,2529.2,-770.8,54.38,170.43,0.0,0.0,0.0,0
0.33,2.0,3200.0,3400.0,0110001,0,50,50,0,0,0,50,2644.1,-655.9,52.33,177.1,0.0,0.0,0.0,0
0.33,2.0,3200.0,3400.0,0110010,0,50,50,0,0,50,0,2743.7,-556.3,47.99,193.12,1.0,0.0,0.5,82146
0.33,2.0,3200.0,3400.0,0110100,0,50,50,0,50,0,0,2511.3,-788.7,54.6,169.73,0.0,0.0,0.0,0
0.33,2.0,3200.0,3400.0,0111000,0,50,50,50,0,0,0,2632.6,-667.4,49.79,186.15,1.0,0.0,0.5,60629
0.33,2.0,3200.0,3400.0,1000011,50,0,0,0,0,50,50,2580.2,-719.8,49.06,188.92,1.0,0.0,0.5,160983
0.33,2.0,3200.0,3400.0,1000101,50,0,0,0,50,0,50,2598.7,-701.3,53.89,171.97,0.0,0.0,0.0,0
0.33,2.0,3200.0,3400.0,1000110,50,0,0,0,50,50,0,2768.5,-531.5,52.36,177.02,1.0,0.0,0.5,51601
0.33,2.0,3200.0,3400.0,1001001,50,0,0,50,0,0,50,2599.2,-700.8,51.41,180.28,1.0,0.0,0.5,42856
0.33,2.0,3200.0,3400.0,1001010,50,0,0,50,0,50,0,3118.3,-181.7,49.54,187.07,1.0,0.0,0.5,55145
0.33,2.0,3200.0,3400.0,1001100,50,0,0,50,50,0,0,2687.5,-612.5,52.31,177.18,1.0,0.0,0.5,42078
0.33,2.0,3200.0,3400.0,1010001,50,0,50,0,0,0,50,3001.8,-298.2,48.88,189.61,0.0,0.0,0.0,0
0.33,2.0,3200.0,3400.0,1010010,50,0,50,0,0,50,0,3042.4,-257.6,48.58,190.78,1.0,0.0,0.5,1849
0.33,2.0,3200.0,3400.0,1010100,50,0,50,0,50,0,0,2902.8,-397.2,51.67,179.38,0.0,0.0,0.0,0
0.33,2.0,3200.0,3400.0,1011000,50,0,50,50,0,0,0,3078.5,-221.5,49.88,185.81,1.0,0.0,0.5,4513
0.33,2.0,3200.0,3400.0,1100001,50,50,0,0,0,0,50,2618.8,-681.2,51.84,178.76,0.0,0.0,0.0,0
0.33,2.0,3200.0,3400.0,1100010,50,50,0,0,0,50,0,2755.1,-544.9,48.31,191.85,1.0,0.0,0.5,267341
0.33,2.0,3200.0,3400.0,1100100,50,50,0,0,50,0,0,2582.3,-717.7,54.85,168.98,0.0,0.0,0.0,0
0.33,2.0,3200.0,3400.0,1101000,50,50,0,50,0,0,0,2742.2,-557.8,50.23,184.49,1.0,0.0,0.5,188512
0.33,2.0,3200.0,3400.0,1110000,50,50,50,0,0,0,0,2901.3,-398.7,48.85,189.71,0.0,0.0,0.0,0
0.33,2.0,3300.0,3500.0,0000111,0,0,0,0,50,50,50,2465.1,-934.9,51.86,178.69,0.0,0.0,0.0,0
0.33,2.0,3300.0,3500.0,0001011,0,0,0,50,0,50,50,2563.7,-836.3,51.62,179.52,1.0,0.0,0.5,38890
0.33,2.0,3300.0,3500.0,0001101,0,0,0,50,50,0,50,2507.6,-892.4,53.97,171.71,0.0,0.0,0.0,0
0.33,2.0,3300.0,3500.0,0001110,0,0,0,50,50,50,0,2519.7,-880.3,51.03,181.63,1.0,0.0,0.5,43074
0.33,2.0,3300.0,3500.0,0010011,0,0,50,0,0,50,50,2651.3,-748.7,49.43,187.51,1.0,0.0,0.5,27394
0.33,2.0,3300.0,3500.0,0010110,0,0,50,0,50,50,0,2593.0,-807.0,51.2,181.02,1.0,0.0,0.5,752
0.33,2.0,3300.0,3500.0,0011001,0,0,50,50,0,0,50,2504.1,-895.9,51.63,179.5,1.0,0.0,0.5,43600
0.33,2.0,3300.0,3500.0,0011010,0,0,50,50,0,50,0,2797.0,-603.0,47.82,193.82,1.0,0.0,0.5,16794
0.33,2.0,3300.0,3500.0,0011100,0,0,50,50,50,0,0,2545.8,-854.2,51.54,179.83,1.0,0.0,0.5,20018
0.33,2.0,3300.0,3500.0,0100011,0,50,0,0,0,50,50,2578.3,-821.7,51.4,180.32,0.0,0.0,0.0,0
0.33,2.0,3300.0,3500.0,0100101,0,50,0,0,50,0,50,2527.2,-872.8,55.36,167.4,0.0,0.0,0.0,0
0.33,2.0,3300.0,3500.0,0100110,0,50,0,0,50,50,0,2504.2,-895.8,53.88,172.02,0.0,0.0,0.0,0
0.33,2.0,3300.0,3500.0,0101001,0,50,0,50,0,0,50,2634.1,-765.9,53.25,174.04,0.0,0.0,0.0,0
0.33,2.0,3300.0,3500.0,0101010,0,50,0,50,0,50,0,2735.7,-664.3,49.73,186.37,1.0,0.0,0.5,70128
0.33,2.0,3300.0,3500.0,0101100,0,50,0,50,50,0,0,2529.2,-870.8,54.38,170.43,0.0,0.0,0.0,0
0.33,2.0,3300.0,3500.0,0110001,0,50,50,0,0,0,50,2644.1,-755.9,52.33,177.1,0.0,0.0,0.0,0
0.33,2.0,3300.0,3500.0,0110010,0,50,50,0,0,50,0,2743.7,-656.3,47.99,193.12,1.0,0.0,0.5,82146
0.33,2.0,3300.0,3500.0,0110100,0,50,50,0,50,0,0,2511.3,-888.7,54.6,169.73,0.0,0.0,0.0,0
0.33,2.0,3300.0,3500.0,0111000,0,50,50,50,0,0,0,2632.6,-767.4,49.79,186.15,1.0,0.0,0.5,60629
0.33,2.0,3300.0,3500.0,1000011,50,0,0,0,0,50,50,2580.2,-819.8,49.06,188.92,1.0,0.0,0.5,160983
0.33,2.0,3300.0,3500.0,1000101,50,0,0,0,50,0,50,2598.7,-801.3,53.89,171.97,0.0,0.0,0.0,0
0.33,2.0,3300.0,3500.0,1000110,50,0,0,0,50,50,0,2768.5,-631.5,52.36,177.02,1.0,0.0,0.5,51601
0.33,2.0,3300.0,3500.0,1001001,50,0,0,50,0,0,50,2599.2,-800.8,51.41,180.28,1.0,0.0,0.5,42856
0.33,2.0,3300.0,3500.0,1001010,50,0,0,50,0,50,0,3118.3,-281.7,49.54,187.07,1.0,0.0,0.5,55145
0.33,2.0,3300.0,3500.0,1001100,50,0,0,50,50,0,0,2687.5,-712.5,52.31,177.18,1.0,0.0,0.5,42078
0.33,2.0,3300.0,3500.0,1010001,50,0,50,0,0,0,50,3001.8,-398.2,48.88,189.61,0.0,0.0,0.0,0
0.33,2.0,3300.0,3500.0,1010010,50,0,50,0,0,50,0,3042.4,-357.6,48.58,190.78,1.0,0.0,0.5,1849
0.33,2.0,3300.0,3500.0,1010100,50,0,50,0,50,0,0,2902.8,-497.2,51.67,179.38,0.0,0.0,0.0,0
0.33,2.0,3300.0,3500.0,1011000,50,0,50,50,0,0,0,3078.5,-321.5,49.88,185.81,1.0,0.0,0.5,4513
0.33,2.0,3300.0,3500.0,1100001,50,50,0,0,0,0,50,2618.8,-781.2,51.84,178.76,0.0,0.0,0.0,0
0.33,2.0,3300.0,3500.0,1100010,50,50,0,0,0,50,0,2755.1,-644.9,48.31,191.85,1.0,0.0,0.5,267341
0.33,2.0,3300.0,3500.0,1100100,50,50,0,0,50,0,0,2582.3,-817.7,54.85,168.98,0.0,0.0,0.0,0
0.33,2.0,3300.0,3500.0,1101000,50,50,0,50,0,0,0,2742.2,-657.8,50.23,184.49,1.0,0.0,0.5,188512
0.33,2.0,3300.0,3500.0,1110000,50,50,50,0,0,0,0,2901.3,-498.7,48.85,189.71,0.0,0.0,0.0,0
0.33,2.0,3400.0,3600.0,0000111,0,0,0,0,50,50,50,2465.1,-1034.9,51.86,178.69,0.0,0.0,0.0,0
0.33,2.0,3400.0,3600.0,0001011,0,0,0,50,0,50,50,2563.7,-936.3,51.62,179.52,1.0,0.0,0.5,38890
0.33,2.0,3400.0,3600.0,0001101,0,0,0,50,50,0,50,2507.6,-992.4,53.97,171.71,0.0,0.0,0.0,0
0.33,2.0,3400.0,3600.0,0001110,0,0,0,50,50,50,0,2519.7,-980.3,51.03,181.63,1.0,0.0,0.5,43074
0.33,2.0,3400.0,3600.0,0010011,0,0,50,0,0,50,50,2651.3,-848.7,49.43,187.51,1.0,0.0,0.5,27394
0.33,2.0,3400.0,3600.0,0010110,0,0,50,0,50,50,0,2593.0,-907.0,51.2,181.02,1.0,0.0,0.5,752
0.33,2.0,3400.0,3600.0,0011001,0,0,50,50,0,0,50,2504.1,-995.9,51.63,179.5,1.0,0.0,0.5,43600
0.33,2.0,3400.0,3600.0,0011010,0,0,50,50,0,50,0,2797.0,-703.0,47.82,193.82,1.0,0.0,0.5,16794
0.33,2.0,3400.0,3600.0,0011100,0,0,50,50,50,0,0,2545.8,-954.2,51.54,179.83,1.0,0.0,0.5,20018
0.33,2.0,3400.0,3600.0,0100011,0,50,0,0,0,50,50,2578.3,-921.7,51.4,180.32,0.0,0.0,0.0,0
0.33,2.0,3400.0,3600.0,0100101,0,50,0,0,50,0,50,2527.2,-972.8,55.36,167.4,0.0,0.0,0.0,0
0.33,2.0,3400.0,3600.0,0100110,0,50,0,0,50,50,0,2504.2,-995.8,53.88,172.02,0.0,0.0,0.0,0
0.33,2.0,3400.0,3600.0,0101001,0,50,0,50,0,0,50,2634.1,-865.9,53.25,174.04,0.0,0.0,0.0,0
0.33,2.0,3400.0,3600.0,0101010,0,50,0,50,0,50,0,2735.7,-764.3,49.73,186.37,1.0,0.0,0.5,70128
0.33,2.0,3400.0,3600.0,0101100,0,50,0,50,50,0,0,2529.2,-970.8,54.38,170.43,0.0,0.0,0.0,0
0.33,2.0,3400.0,3600.0,0110001,0,50,50,0,0,0,50,2644.1,-855.9,52.33,177.1,0.0,0.0,0.0,0
0.33,2.0,3400.0,3600.0,0110010,0,50,50,0,0,50,0,2743.7,-756.3,47.99,193.12,1.0,0.0,0.5,82146
0.33,2.0,3400.0,3600.0,0110100,0,50,50,0,50,0,0,2511.3,-988.7,54.6,169.73,0.0,0.0,0.0,0
0.33,2.0,3400.0,3600.0,0111000,0,50,50,50,0,0,0,2632.6,-867.4,49.79,186.15,1.0,0.0,0.5,60629
0.33,2.0,3400.0,3600.0,1000011,50,0,0,0,0,50,50,2580.2,-919.8,49.06,188.92,1.0,0.0,0.5,160983
0.33,2.0,3400.0,3600.0,1000101,50,0,0,0,50,0,50,2598.7,-901.3,53.89,171.97,0.0,0.0,0.0,0
0.33,2.0,3400.0,3600.0,1000110,50,0,0,0,50,50,0,2768.5,-731.5,52.36,177.02,1.0,0.0,0.5,51601
0.33,2.0,3400.0,3600.0,1001001,50,0,0,50,0,0,50,2599.2,-900.8,51.41,180.28,1.0,0.0,0.5,42856
0.33,2.0,3400.0,3600.0,1001010,50,0,0,50,0,50,0,3118.3,-381.7,49.54,187.07,1.0,0.0,0.5,55145
0.33,2.0,3400.0,3600.0,1001100,50,0,0,50,50,0,0,2687.5,-812.5,52.31,177.18,1.0,0.0,0.5,42078
0.33,2.0,3400.0,3600.0,1010001,50,0,50,0,0,0,50,3001.8,-498.2,48.88,189.61,0.0,0.0,0.0,0
0.33,2.0,3400.0,3600.0,1010010,50,0,50,0,0,50,0,3042.4,-457.6,48.58,190.78,1.0,0.0,0.5,1849
0.33,2.0,3400.0,3600.0,1010100,50,0,50,0,50,0,0,2902.8,-597.2,51.67,179.38,0.0,0.0,0.0,0
0.33,2.0,3400.0,3600.0,1011000,50,0,50,50,0,0,0,3078.5,-421.5,49.88,185.81,1.0,0.0,0.5,4513
0.33,2.0,3400.0,3600.0,1100001,50,50,0,0,0,0,50,2618.8,-881.2,51.84,178.76,0.0,0.0,0.0,0
0.33,2.0,3400.0,3600.0,1100010,50,50,0,0,0,50,0,2755.1,-744.9,48.31,191.85,1.0,0.0,0.5,267341
0.33,2.0,3400.0,3600.0,1100100,50,50,0,0,50,0,0,2582.3,-917.7,54.85,168.98,0.0,0.0,0.0,0
0.33,2.0,3400.0,3600.0,1101000,50,50,0,50,0,0,0,2742.2,-757.8,50.23,184.49,1.0,0.0,0.5,188512
0.33,2.0,3400.0,3600.0,1110000,50,50,50,0,0,0,0,2901.3,-598.7,48.85,189.71,0.0,0.0,0.0,0
0.33,2.0,3500.0,3700.0,0000111,0,0,0,0,50,50,50,2465.1,-1134.9,51.86,178.69,0.0,0.0,0.0,0
0.33,2.0,3500.0,3700.0,0001011,0,0,0,50,0,50,50,2563.7,-1036.3,51.62,179.52,1.0,0.0,0.5,38890
0.33,2.0,3500.0,3700.0,0001101,0,0,0,50,50,0,50,2507.6,-1092.4,53.97,171.71,0.0,0.0,0.0,0
0.33,2.0,3500.0,3700.0,0001110,0,0,0,50,50,50,0,2519.7,-1080.3,51.03,181.63,1.0,0.0,0.5,43074
0.33,2.0,3500.0,3700.0,0010011,0,0,50,0,0,50,50,2651.3,-948.7,49.43,187.51,1.0,0.0,0.5,27394
0.33,2.0,3500.0,3700.0,0010110,0,0,50,0,50,50,0,2593.0,-1007.0,51.2,181.02,1.0,0.0,0.5,752
0.33,2.0,3500.0,3700.0,0011001,0,0,50,50,0,0,50,2504.1,-1095.9,51.63,179.5,1.0,0.0,0.5,43600
0.33,2.0,3500.0,3700.0,0011010,0,0,50,50,0,50,0,2797.0,-803.0,47.82,193.82,1.0,0.0,0.5,16794
0.33,2.0,3500.0,3700.0,0011100,0,0,50,50,50,0,0,2545.8,-1054.2,51.54,179.83,1.0,0.0,0.5,20018
0.33,2.0,3500.0,3700.0,0100011,0,50,0,0,0,50,50,2578.3,-1021.7,51.4,180.32,0.0,0.0,0.0,0
0.33,2.0,3500.0,3700.0,0100101,0,50,0,0,50,0,50,2527.2,-1072.8,55.36,167.4,0.0,0.0,0.0,0
0.33,2.0,3500.0,3700.0,0100110,0,50,0,0,50,50,0,2504.2,-1095.8,53.88,172.02,0.0,0.0,0.0,0
0.33,2.0,3500.0,3700.0,0101001,0,50,0,50,0,0,50,2634.1,-965.9,53.25,174.04,0.0,0.0,0.0,0
0.33,2.0,3500.0,3700.0,0101010,0,50,0,50,0,50,0,2735.7,-864.3,49.73,186.37,1.0,0.0,0.5,70128
0.33,2.0,3500.0,3700.0,0101100,0,50,0,50,50,0,0,2529.2,-1070.8,54.38,170.43,0.0,0.0,0.0,0
0.33,2.0,3500.0,3700.0,0110001,0,50,50,0,0,0,50,2644.1,-955.9,52.33,177.1,0.0,0.0,0.0,0
0.33,2.0,3500.0,3700.0,0110010,0,50,50,0,0,50,0,2743.7,-856.3,47.99,193.12,1.0,0.0,0.5,82146
0.33,2.0,3500.0,3700.0,0110100,0,50,50,0,50,0,0,2511.3,-1088.7,54.6,169.73,0.0,0.0,0.0,0
0.33,2.0,3500.0,3700.0,0111000,0,50,50,50,0,0,0,2632.6,-967.4,49.79,186.15,1.0,0.0,0.5,60629
0.33,2.0,3500.0,3700.0,1000011,50,0,0,0,0,50,50,2580.2,-1019.8,49.06,188.92,1.0,0.0,0.5,160983
0.33,2.0,3500.0,3700.0,1000101,50,0,0,0,50,0,50,2598.7,-1001.3,53.89,171.97,0.0,0.0,0.0,0
0.33,2.0,3500.0,3700.0,1000110,50,0,0,0,50,50,0,2768.5,-831.5,52.36,177.02,1.0,0.0,0.5,51601
0.33,2.0,3500.0,3700.0,1001001,50,0,0,50,0,0,50,2599.2,-1000.8,51.41,180.28,1.0,0.0,0.5,42856
0.33,2.0,3500.0,3700.0,1001010,50,0,0,50,0,50,0,3118.3,-481.7,49.54,187.07,1.0,0.0,0.5,55145
0.33,2.0,3500.0,3700.0,1001100,50,0,0,50,50,0,0,2687.5,-912.5,52.31,177.18,1.0,0.0,0.5,42078
0.33,2.0,3500.0,3700.0,1010001,50,0,50,0,0,0,50,3001.8,-598.2,48.88,189.61,0.0,0.0,0.0,0
0.33,2.0,3500.0,3700.0,1010010,50,0,50,0,0,50,0,3042.4,-557.6,48.58,190.78,1.0,0.0,0.5,1849
0.33,2.0,3500.0,3700.0,1010100,50,0,50,0,50,0,0,2902.8,-697.2,51.67,179.38,0.0,0.0,0.0,0
0.33,2.0,3500.0,3700.0,1011000,50,0,50,50,0,0,0,3078.5,-521.5,49.88,185.81,1.0,0.0,0.5,4513
0.33,2.0,3500.0,3700.0,1100001,50,50,0,0,0,0,50,2618.8,-981.2,51.84,178.76,0.0,0.0,0.0,0
0.33,2.0,3500.0,3700.0,1100010,50,50,0,0,0,50,0,2755.1,-844.9,48.31,191.85,1.0,0.0,0.5,267341
0.33,2.0,3500.0,3700.0,1100100,50,50,0,0,50,0,0,2582.3,-1017.7,54.85,168.98,0.0,0.0,0.0,0
0.33,2.0,3500.0,3700.0,1101000,50,50,0,50,0,0,0,2742.2,-857.8,50.23,184.49,1.0,0.0,0.5,188512
0.33,2.0,3500.0,3700.0,1110000,50,50,50,0,0,0,0,2901.3,-698.7,48.85,189.71,0.0,0.0,0.0,0
0.33,2.0,3600.0,3800.0,0000111,0,0,0,0,50,50,50,2465.1,-1234.9,51.86,178.69,0.0,0.0,0.0,0
0.33,2.0,3600.0,3800.0,0001011,0,0,0,50,0,50,50,2563.7,-1136.3,51.62,179.52,1.0,0.0,0.5,38890
0.33,2.0,3600.0,3800.0,0001101,0,0,0,50,50,0,50,2507.6,-1192.4,53.97,171.71,0.0,0.0,0.0,0
0.33,2.0,3600.0,3800.0,0001110,0,0,0,50,50,50,0,2519.7,-1180.3,51.03,181.63,1.0,0.0,0.5,43074
0.33,2.0,3600.0,3800.0,0010011,0,0,50,0,0,50,50,2651.3,-1048.7,49.43,187.51,1.0,0.0,0.5,27394
0.33,2.0,3600.0,3800.0,0010110,0,0,50,0,50,50,0,2593.0,-1107.0,51.2,181.02,1.0,0.0,0.5,752
0.33,2.0,3600.0,3800.0,0011001,0,0,50,50,0,0,50,2504.1,-1195.9,51.63,179.5,1.0,0.0,0.5,43600
0.33,2.0,3600.0,3800.0,0011010,0,0,50,50,0,50,0,2797.0,-903.0,47.82,193.82,1.0,0.0,0.5,16794
0.33,2.0,3600.0,3800.0,0011100,0,0,50,50,50,0,0,2545.8,-1154.2,51.54,179.83,1.0,0.0,0.5,20018
0.33,2.0,3600.0,3800.0,0100011,0,50,0,0,0,50,50,2578.3,-1121.7,51.4,180.32,0.0,0.0,0.0,0
0.33,2.0,3600.0,3800.0,0100101,0,50,0,0,50,0,50,2527.2,-1172.8,55.36,167.4,0.0,0.0,0.0,0
0.33,2.0,3600.0,3800.0,0100110,0,50,0,0,50,50,0,2504.2,-1195.8,53.88,172.02,0.0,0.0,0.0,0
0.33,2.0,3600.0,3800.0,0101001,0,50,0,50,0,0,50,2634.1,-1065.9,53.25,174.04,0.0,0.0,0.0,0
0.33,2.0,3600.0,3800.0,0101010,0,50,0,50,0,50,0,2735.7,-964.3,49.73,186.37,1.0,0.0,0.5,70128
0.33,2.0,3600.0,3800.0,0101100,0,50,0,50,50,0,0,2529.2,-1170.8,54.38,170.43,0.0,0.0,0.0,0
0.33,2.0,3600.0,3800.0,0110001,0,50,50,0,0,0,50,2644.1,-1055.9,52.33,177.1,0.0,0.0,0.0,0
0.33,2.0,3600.0,3800.0,0110010,0,50,50,0,0,50,0,2743.7,-956.3,47.99,193.12,1.0,0.0,0.5,82146
0.33,2.0,3600.0,3800.0,0110100,0,50,50,0,50,0,0,2511.3,-1188.7,54.6,169.73,0.0,0.0,0.0,0
0.33,2.0,3600.0,3800.0,0111000,0,50,50,50,0,0,0,2632.6,-1067.4,49.79,186.15,1.0,0.0,0.5,60629
0.33,2.0,3600.0,3800.0,1000011,50,0,0,0,0,50,50,2580.2,-1119.8,49.06,188.92,1.0,0.0,0.5,160983
0.33,2.0,3600.0,3800.0,1000101,50,0,0,0,50,0,50,2598.7,-1101.3,53.89,171.97,0.0,0.0,0.0,0
0.33,2.0,3600.0,3800.0,1000110,50,0,0,0,50,50,0,2768.5,-931.5,52.36,177.02,1.0,0.0,0.5,51601
0.33,2.0,3600.0,3800.0,1001001,50,0,0,50,0,0,50,2599.2,-1100.8,51.41,180.28,1.0,0.0,0.5,42856
0.33,2.0,3600.0,3800.0,1001010,50,0,0,50,0,50,0,3118.3,-581.7,49.54,187.07,1.0,0.0,0.5,55145
0.33,2.0,3600.0,3800.0,1001100,50,0,0,50,50,0,0,2687.5,-1012.5,52.31,177.18,1.0,0.0,0.5,42078
0.33,2.0,3600.0,3800.0,1010001,50,0,50,0,0,0,50,3001.8,-698.2,48.88,189.61,0.0,0.0,0.0,0
0.33,2.0,3600.0,3800.0,1010010,50,0,50,0,0,50,0,3042.4,-657.6,48.58,190.78,1.0,0.0,0.5,1849
0.33,2.0,3600.0,3800.0,1010100,50,0,50,0,50,0,0,2902.8,-797.2,51.67,179.38,0.0,0.0,0.0,0
0.33,2.0,3600.0,3800.0,1011000,50,0,50,50,0,0,0,3078.5,-621.5,49.88,185.81,1.0,0.0,0.5,4513
0.33,2.0,3600.0,3800.0,1100001,50,50,0,0,0,0,50,2618.8,-1081.2,51.84,178.76,0.0,0.0,0.0,0
0.33,2.0,3600.0,3800.0,1100010,50,50,0,0,0,50,0,2755.1,-944.9,48.31,191.85,1.0,0.0,0.5,267341
0.33,2.0,3600.0,3800.0,1100100,50,50,0,0,50,0,0,2582.3,-1117.7,54.85,168.98,0.0,0.0,0.0,0
0.33,2.0,3600.0,3800.0,1101000,50,50,0,50,0,0,0,2742.2,-957.8,50.23,184.49,1.0,0.0,0.5,188512
0.33,2.0,3600.0,3800.0,1110000,50,50,50,0,0,0,0,2901.3,-798.7,48.85,189.71,0.0,0.0,0.0,0
0.33,2.0,2500.0,2700.0,0001111,0,0,0,37,50,50,50,2744.7,144.7,52.8,175.54,1.0,0.04,0.52,26833
0.33,2.0,2500.0,2700.0,0011011,0,0,30,30,0,50,50,2678.1,78.1,50.25,184.42,1.0,0.48,0.74,17354
0.33,2.0,2500.0,2700.0,0011110,0,0,30,30,50,50,0,2648.3,48.3,50.43,183.78,1.0,0.68,0.84,258
0.33,2.0,2500.0,2700.0,0100111,0,36,0,0,50,50,50,2744.0,144.0,53.76,172.4,0.0,0.04,0.02,0
0.33,2.0,2500.0,2700.0,0101011,0,42,0,32,0,50,50,2744.0,144.0,52.07,177.97,1.0,0.04,0.52,143190
0.33,2.0,2500.0,2700.0,0101101,0,50,0,30,50,0,50,2740.3,140.3,55.62,166.64,0.0,0.06,0.03,0
0.33,2.0,2500.0,2700.0,0101110,0,48,0,30,50,50,0,2739.3,139.3,53.12,174.45,1.0,0.07,0.54,25013
0.33,2.0,2500.0,2700.0,0110011,0,44,30,0,0,50,50,2733.4,133.4,51.1,181.36,1.0,0.11,0.56,75136
0.33,2.0,2500.0,2700.0,0110110,0,46,30,0,50,50,0,2740.1,140.1,53.3,173.87,1.0,0.07,0.53,165
0.33,2.0,2500.0,2700.0,0111001,0,50,30,32,0,0,50,2748.4,148.4,52.84,175.39,1.0,0.01,0.51,81293
0.33,2.0,2500.0,2700.0,0111010,0,40,30,30,0,50,0,2660.1,60.1,48.21,192.25,1.0,0.6,0.8,735
0.33,2.0,2500.0,2700.0,0111100,0,50,30,30,50,0,0,2570.0,-30.0,54.37,170.46,0.0,0.8,0.4,0
0.33,2.0,2500.0,2700.0,1000111,35,0,0,0,50,50,50,2747.4,147.4,52.32,177.13,1.0,0.02,0.51,32229
0.33,2.0,2500.0,2700.0,1001011,30,0,0,30,0,50,50,2636.2,36.2,50.93,181.95,1.0,0.76,0.88,104030
0.33,2.0,2500.0,2700.0,1001101,37,0,0,30,50,0,50,2672.2,72.2,54.01,171.6,1.0,0.52,0.76,33990
0.33,2.0,2500.0,2700.0,1001110,34,0,0,30,50,50,0,2715.0,115.0,50.97,181.83,1.0,0.23,0.62,4274
0.33,2.0,2500.0,2700.0,1010011,30,0,30,0,0,50,50,2748.5,148.5,48.65,190.49,1.0,0.01,0.5,5887
0.33,2.0,2500.0,2700.0,1010110,30,0,30,0,50,50,0,2736.8,136.8,51.21,180.96,0.0,0.09,0.04,0
0.33,2.0,2500.0,2700.0,1011001,31,0,30,33,0,0,50,2454.7,-145.3,51.63,179.49,1.0,0.03,0.52,8236
0.33,2.0,2500.0,2700.0,1011010,35,0,30,32,0,50,0,2749.8,149.8,47.82,193.82,0.0,0.0,0.0,0
0.33,2.0,2500.0,2700.0,1011100,31,0,30,30,50,0,0,2486.7,-113.3,52.34,177.08,0.0,0.24,0.12,0
0.33,2.0,2500.0,2700.0,1100011,32,48,0,0,0,50,50,2745.8,145.8,51.04,181.58,1.0,0.03,0.51,221713
0.33,2.0,2500.0,2700.0,1100101,30,49,0,0,50,0,50,2745.9,145.9,55.62,166.63,0.0,0.03,0.01,0
0.33,2.0,2500.0,2700.0,1100110,30,44,0,0,50,50,0,2750.0,150.0,53.56,173.04,1.0,0.0,0.5,3717
0.33,2.0,2500.0,2700.0,1101001,30,50,0,39,0,0,50,2741.3,141.3,52.48,176.6,1.0,0.06,0.53,188841
0.33,2.0,2500.0,2700.0,1101100,30,50,0,30,50,0,0,2605.1,5.1,54.46,170.17,1.0,0.97,0.98,1658
0.33,2.0,2500.0,2700.0,1110001,31,50,30,0,0,0,50,2747.3,147.3,52.32,177.14,0.0,0.02,0.01,0
0.33,2.0,2500.0,2700.0,1110010,30,41,30,0,0,50,0,2704.0,104.0,47.84,193.74,1.0,0.31,0.65,106
0.33,2.0,2500.0,2700.0,1110100,37,50,30,0,50,0,0,2743.6,143.6,54.79,169.14,0.0,0.04,0.02,0
0.33,2.0,2500.0,2700.0,1111000,30,50,30,30,0,0,0,2559.3,-40.7,51.0,181.71,1.0,0.73,0.86,437
0.33,2.0,2600.0,2800.0,0001111,0,0,0,40,50,50,50,2782.0,82.0,52.87,175.31,1.0,0.45,0.73,26833
0.33,2.0,2600.0,2800.0,0011011,0,0,30,30,0,50,50,2678.1,-21.9,50.25,184.42,1.0,0.85,0.93,17354
0.33,2.0,2600.0,2800.0,0011110,0,0,30,30,50,50,0,2648.3,-51.7,50.43,183.78,1.0,0.66,0.83,258
0.33,2.0,2600.0,2800.0,0100111,0,49,0,0,50,50,50,2848.7,148.7,54.73,169.34,0.0,0.01,0.0,0
0.33,2.0,2600.0,2800.0,0101011,0,48,0,30,0,50,50,2842.8,142.8,52.31,177.16,1.0,0.05,0.52,143190
0.33,2.0,2600.0,2800.0,0101101,0,50,0,30,50,0,50,2740.3,40.3,55.62,166.64,0.0,0.73,0.37,0
0.33,2.0,2600.0,2800.0,0101110,0,50,0,30,50,50,0,2763.4,63.4,53.18,174.27,1.0,0.58,0.79,25013
0.33,2.0,2600.0,2800.0,0110011,0,50,33,0,0,50,50,2849.4,149.4,51.69,179.28,1.0,0.0,0.5,75136
0.33,2.0,2600.0,2800.0,0110110,0,50,30,0,50,50,0,2792.9,92.9,53.41,173.52,1.0,0.38,0.69,165
0.33,2.0,2600.0,2800.0,0111001,0,50,30,33,0,0,50,2756.6,56.6,52.86,175.33,1.0,0.62,0.81,81293
0.33,2.0,2600.0,2800.0,0111010,0,40,30,30,0,50,0,2660.1,-39.9,48.21,192.25,1.0,0.73,0.87,735
0.33,2.0,2600.0,2800.0,0111100,0,50,30,30,50,0,0,2570.0,-130.0,54.37,170.46,0.0,0.13,0.07,0
0.33,2.0,2600.0,2800.0,1000111,40,0,0,0,50,50,50,2830.5,130.5,52.64,176.04,1.0,0.13,0.56,32229
0.33,2.0,2600.0,2800.0,1001011,30,0,0,30,0,50,50,2636.2,-63.8,50.93,181.95,1.0,0.57,0.79,104030
0.33,2.0,2600.0,2800.0,1001101,37,0,0,30,50,0,50,2672.2,-27.8,54.01,171.6,1.0,0.81,0.91,33990
0.33,2.0,2600.0,2800.0,1001110,34,0,0,30,50,50,0,2715.0,15.0,50.97,181.83,1.0,0.9,0.95,4274
0.33,2.0,2600.0,2800.0,1010011,30,0,30,0,0,50,50,2748.5,48.5,48.65,190.49,1.0,0.68,0.84,5887
0.33,2.0,2600.0,2800.0,1010110,30,0,30,0,50,50,0,2736.8,36.8,51.21,180.96,0.0,0.75,0.38,0
0.33,2.0,2600.0,2800.0,1011001,30,0,30,42,0,0,50,2552.0,-148.0,51.34,180.51,1.0,0.01,0.51,8236
0.33,2.0,2600.0,2800.0,1011010,40,0,30,31,0,50,0,2841.9,141.9,48.23,192.14,0.0,0.05,0.03,0
0.33,2.0,2600.0,2800.0,1011100,35,0,30,30,50,0,0,2567.8,-132.2,52.32,177.15,0.0,0.12,0.06,0
0.33,2.0,2600.0,2800.0,1100011,35,50,0,0,0,50,50,2844.3,144.3,51.34,180.51,1.0,0.04,0.52,221713
0.33,2.0,2600.0,2800.0,1100101,42,50,0,0,50,0,50,2846.8,146.8,55.77,166.19,0.0,0.02,0.01,0
0.33,2.0,2600.0,2800.0,1100110,30,50,0,0,50,50,0,2812.0,112.0,53.73,172.5,1.0,0.25,0.63,3717
0.33,2.0,2600.0,2800.0,1101001,30,50,0,48,0,0,50,2809.5,109.5,52.5,176.54,1.0,0.27,0.64,188841
0.33,2.0,2600.0,2800.0,1101100,30,50,0,30,50,0,0,2605.1,-94.9,54.46,170.17,1.0,0.37,0.68,1658
0.33,2.0,2600.0,2800.0,1110001,37,50,30,0,0,0,50,2803.6,103.6,52.46,176.67,0.0,0.31,0.15,0
0.33,2.0,2600.0,2800.0,1110010,30,41,30,0,0,50,0,2704.0,4.0,47.84,193.74,1.0,0.97,0.99,106
0.33,2.0,2600.0,2800.0,1110100,39,50,30,0,50,0,0,2781.3,81.3,54.84,169.01,0.0,0.46,0.23,0
0.33,2.0,2600.0,2800.0,1111000,30,50,30,30,0,0,0,2559.3,-140.7,51.0,181.71,1.0,0.06,0.53,437
0.33,2.0,2700.0,2900.0,0001111,0,0,0,40,50,50,50,2782.0,-18.0,52.87,175.31,1.0,0.88,0.94,26833
0.33,2.0,2700.0,2900.0,0011011,0,0,30,30,0,50,50,2678.1,-121.9,50.25,184.42,1.0,0.19,0.59,17354
0.33,2.0,2700.0,2900.0,0011110,0,0,31,30,50,50,0,2658.1,-141.9,50.36,184.03,1.0,0.05,0.53,258
0.33,2.0,2700.0,2900.0,0100111,0,50,0,0,50,50,50,2857.8,57.8,54.79,169.15,0.0,0.61,0.31,0
0.33,2.0,2700.0,2900.0,0101011,0,50,0,30,0,50,50,2881.8,81.8,52.37,176.96,1.0,0.45,0.73,143190
0.33,2.0,2700.0,2900.0,0101101,0,50,0,30,50,0,50,2740.3,-59.7,55.62,166.64,0.0,0.6,0.3,0
0.33,2.0,2700.0,2900.0,0101110,0,50,0,30,50,50,0,2763.4,-36.6,53.18,174.27,1.0,0.76,0.88,25013
0.33,2.0,2700.0,2900.0,0110011,0,50,35,0,0,50,50,2865.6,65.6,51.71,179.24,1.0,0.56,0.78,75136
0.33,2.0,2700.0,2900.0,0110110,0,50,30,0,50,50,0,2792.9,-7.1,53.41,173.52,1.0,0.95,0.98,165
0.33,2.0,2700.0,2900.0,0111001,0,50,30,33,0,0,50,2756.6,-43.4,52.86,175.33,1.0,0.71,0.86,81293
0.33,2.0,2700.0,2900.0,0111010,0,40,30,30,0,50,0,2660.1,-139.9,48.21,192.25,1.0,0.07,0.53,735
0.33,2.0,2700.0,2900.0,0111100,0,50,39,30,50,0,0,2654.4,-145.6,54.12,171.23,0.0,0.03,0.01,0
0.33,2.0,2700.0,2900.0,1000111,44,0,0,0,50,50,50,2939.2,139.2,52.87,175.29,1.0,0.07,0.54,32229
0.33,2.0,2700.0,2900.0,1001011,30,0,0,31,0,50,50,2650.8,-149.2,50.87,182.19,1.0,0.01,0.5,104030
0.33,2.0,2700.0,2900.0,1001101,37,0,0,30,50,0,50,2672.2,-127.8,54.01,171.6,1.0,0.15,0.57,33990
0.33,2.0,2700.0,2900.0,1001110,34,0,0,30,50,50,0,2715.0,-85.0,50.97,181.83,1.0,0.43,0.72,4274
0.33,2.0,2700.0,2900.0,1010011,30,0,30,0,0,50,50,2748.5,-51.5,48.65,190.49,1.0,0.66,0.83,5887
0.33,2.0,2700.0,2900.0,1010110,30,0,30,0,50,50,0,2736.8,-63.2,51.21,180.96,0.0,0.58,0.29,0
0.33,2.0,2700.0,2900.0,1011001,30,0,31,48,0,0,50,2650.6,-149.4,51.02,181.64,1.0,0.0,0.5,8236
0.33,2.0,2700.0,2900.0,1011010,44,0,30,31,0,50,0,2944.8,144.8,48.6,190.7,0.0,0.03,0.02,0
0.33,2.0,2700.0,2900.0,1011100,39,0,30,30,50,0,0,2653.8,-146.2,52.31,177.17,0.0,0.03,0.01,0
0.33,2.0,2700.0,2900.0,1100011,39,50,0,0,0,50,50,2895.6,95.6,51.42,180.24,1.0,0.36,0.68,221713
0.33,2.0,2700.0,2900.0,1100101,50,50,0,0,50,0,50,2919.8,119.8,55.83,165.99,0.0,0.2,0.1,0
0.33,2.0,2700.0,2900.0,1100110,30,50,0,0,50,50,0,2812.0,12.0,53.73,172.5,1.0,0.92,0.96,3717
0.33,2.0,2700.0,2900.0,1101001,30,50,0,48,0,0,50,2809.5,9.5,52.5,176.54,1.0,0.94,0.97,188841
0.33,2.0,2700.0,2900.0,1101100,35,50,0,30,50,0,0,2659.8,-140.2,54.39,170.39,1.0,0.07,0.53,1658
0.33,2.0,2700.0,2900.0,1110001,37,50,30,0,0,0,50,2803.6,3.6,52.46,176.67,0.0,0.98,0.49,0
0.33,2.0,2700.0,2900.0,1110010,49,30,31,0,0,50,0,2943.3,143.3,47.92,193.4,1.0,0.04,0.52,106
0.33,2.0,2700.0,2900.0,1110100,39,50,30,0,50,0,0,2781.3,-18.7,54.84,169.01,0.0,0.88,0.44,0
0.33,2.0,2700.0,2900.0,1111000,34,50,30,32,0,0,0,2652.0,-148.0,50.5,183.53,1.0,0.01,0.51,437
0.33,2.0,2800.0,3000.0,0001111,0,0,0,40,50,50,50,2782.0,-118.0,52.87,175.31,1.0,0.21,0.61,26833
0.33,2.0,2800.0,3000.0,0011011,0,0,30,35,0,50,50,2752.8,-147.2,50.04,185.21,1.0,0.02,0.51,17354
0.33,2.0,2800.0,3000.0,0011110,0,0,41,30,50,50,0,2755.7,-144.3,49.15,188.55,1.0,0.04,0.52,258
0.33,2.0,2800.0,3000.0,0100111,0,50,0,0,50,50,50,2857.8,-42.2,54.79,169.15,0.0,0.72,0.36,0
0.33,2.0,2800.0,3000.0,0101011,0,50,0,30,0,50,50,2881.8,-18.2,52.37,176.96,1.0,0.88,0.94,143190
0.33,2.0,2800.0,3000.0,0101101,0,50,0,32,50,0,50,2753.6,-146.4,55.61,166.67,0.0,0.02,0.01,0
0.33,2.0,2800.0,3000.0,0101110,0,50,0,30,50,50,0,2763.4,-136.6,53.18,174.27,1.0,0.09,0.54,25013
0.33,2.0,2800.0,3000.0,0110011,0,50,35,0,0,50,50,2865.6,-34.4,51.71,179.24,1.0,0.77,0.89,75136
0.33,2.0,2800.0,3000.0,0110110,0,50,30,0,50,50,0,2792.9,-107.1,53.41,173.52,1.0,0.29,0.64,165
0.33,2.0,2800.0,3000.0,0111001,0,50,30,33,0,0,50,2756.6,-143.4,52.86,175.33,1.0,0.04,0.52,81293
0.33,2.0,2800.0,3000.0,0111010,0,41,30,38,0,50,0,2751.7,-148.3,47.89,193.53,1.0,0.01,0.51,735
0.33,2.0,2800.0,3000.0,0111100,0,50,38,40,50,0,0,2750.1,-149.9,53.69,172.61,0.0,0.0,0.0,0
0.33,2.0,2800.0,3000.0,1000111,46,0,0,0,50,50,50,3007.5,107.5,52.89,175.22,1.0,0.28,0.64,32229
0.33,2.0,2800.0,3000.0,1001011,33,0,0,33,0,50,50,2752.4,-147.6,50.41,183.85,1.0,0.02,0.51,104030
0.33,2.0,2800.0,3000.0,1001101,48,0,0,30,50,0,50,2807.1,-92.9,53.97,171.71,1.0,0.38,0.69,33990
0.33,2.0,2800.0,3000.0,1001110,37,0,0,30,50,50,0,2754.8,-145.2,50.94,181.93,1.0,0.03,0.52,4274
0.33,2.0,2800.0,3000.0,1010011,32,0,47,0,0,50,50,3048.6,148.6,48.67,190.43,1.0,0.01,0.5,5887
0.33,2.0,2800.0,3000.0,1010110,32,0,30,0,50,50,0,2764.7,-135.3,51.15,181.19,0.0,0.1,0.05,0
0.33,2.0,2800.0,3000.0,1011001,34,0,30,49,0,0,50,2750.5,-149.5,50.52,183.46,1.0,0.0,0.5,8236
0.33,2.0,2800.0,3000.0,1011010,46,0,30,32,0,50,0,3048.8,148.8,48.91,189.47,0.0,0.01,0.0,0
0.33,2.0,2800.0,3000.0,1011100,44,0,30,30,50,0,0,2755.7,-144.3,52.15,177.73,0.0,0.04,0.02,0
0.33,2.0,2800.0,3000.0,1100011,39,50,0,0,0,50,50,2895.6,-4.4,51.42,180.24,1.0,0.97,0.99,221713
0.33,2.0,2800.0,3000.0,1100101,50,50,0,0,50,0,50,2919.8,19.8,55.83,165.99,0.0,0.87,0.43,0
0.33,2.0,2800.0,3000.0,1100110,30,50,0,0,50,50,0,2812.0,-88.0,53.73,172.5,1.0,0.41,0.71,3717
0.33,2.0,2800.0,3000.0,1101001,30,50,0,48,0,0,50,2809.5,-90.5,52.5,176.54,1.0,0.4,0.7,188841
0.33,2.0,2800.0,3000.0,1101100,44,50,0,30,50,0,0,2754.4,-145.6,54.31,170.63,1.0,0.03,0.51,1658
0.33,2.0,2800.0,3000.0,1110001,37,50,30,0,0,0,50,2803.6,-96.4,52.46,176.67,0.0,0.36,0.18,0
0.33,2.0,2800.0,3000.0,1110010,50,30,35,0,0,50,0,3042.2,142.2,48.05,192.87,1.0,0.05,0.53,106
0.33,2.0,2800.0,3000.0,1110100,39,50,30,0,50,0,0,2781.3,-118.7,54.84,169.01,0.0,0.21,0.1,0
0.33,2.0,2800.0,3000.0,1111000,50,30,33,50,0,0,0,3029.5,129.5,49.34,187.83,1.0,0.14,0.57,437
0.33,2.0,2900.0,3100.0,0001111,0,0,0,44,50,50,50,2854.2,-145.8,52.6,176.2,1.0,0.03,0.51,26833
0.33,2.0,2900.0,3100.0,0011011,0,0,30,41,0,50,50,2867.6,-132.4,49.86,185.87,1.0,0.12,0.56,17354
0.33,2.0,2900.0,3100.0,0011110,0,0,50,34,50,50,0,2854.3,-145.7,48.49,191.13,1.0,0.03,0.51,258
0.33,2.0,2900.0,3100.0,0100111,0,50,0,0,50,50,50,2857.8,-142.2,54.79,169.15,0.0,0.05,0.03,0
0.33,2.0,2900.0,3100.0,0101011,0,50,0,30,0,50,50,2881.8,-118.2,52.37,176.96,1.0,0.21,0.61,143190
0.33,2.0,2900.0,3100.0,0101101,0,50,0,46,50,0,50,2857.6,-142.4,55.48,167.05,0.0,0.05,0.03,0
0.33,2.0,2900.0,3100.0,0101110,0,50,0,38,50,50,0,2850.1,-149.9,52.44,176.74,1.0,0.0,0.5,25013
0.33,2.0,2900.0,3100.0,0110011,0,50,35,0,0,50,50,2865.6,-134.4,51.71,179.24,1.0,0.1,0.55,75136
0.33,2.0,2900.0,3100.0,0110110,0,50,36,0,50,50,0,2861.1,-138.9,52.93,175.09,1.0,0.07,0.54,165
0.33,2.0,2900.0,3100.0,0111001,0,50,30,48,0,0,50,2858.9,-141.1,52.69,175.88,1.0,0.06,0.53,81293
0.33,2.0,2900.0,3100.0,0111010,0,40,30,50,0,50,0,2853.5,-146.5,47.63,194.58,1.0,0.02,0.51,735
0.33,2.0,2900.0,3100.0,0111100,0,50,44,44,50,0,0,2853.0,-147.0,52.8,175.54,0.0,0.02,0.01,0
0.33,2.0,2900.0,3100.0,1000111,46,0,0,0,50,50,50,3007.5,7.5,52.89,175.22,1.0,0.95,0.98,32229
0.33,2.0,2900.0,3100.0,1001011,36,0,0,38,0,50,50,2853.7,-146.3,50.08,185.07,1.0,0.02,0.51,104030
0.33,2.0,2900.0,3100.0,1001101,50,0,0,31,50,0,50,2850.6,-149.4,53.94,171.81,1.0,0.0,0.5,33990
0.33,2.0,2900.0,3100.0,1001110,50,0,0,30,50,50,0,3044.7,44.7,50.85,182.25,1.0,0.7,0.85,4274
0.33,2.0,2900.0,3100.0,1010011,46,0,31,0,0,50,50,3137.7,137.7,49.04,189.0,1.0,0.08,0.54,5887
0.33,2.0,2900.0,3100.0,1010110,49,0,30,0,49,50,0,3147.6,147.6,51.32,180.6,0.0,0.02,0.01,0
0.33,2.0,2900.0,3100.0,1011001,37,0,30,49,0,0,50,2855.5,-144.5,50.15,184.79,1.0,0.04,0.52,8236
0.33,2.0,2900.0,3100.0,1011010,48,0,30,31,0,50,0,3138.8,138.8,49.16,188.52,0.0,0.07,0.04,0
0.33,2.0,2900.0,3100.0,1011100,49,0,30,30,50,0,0,2862.2,-137.8,51.86,178.7,0.0,0.08,0.04,0
0.33,2.0,2900.0,3100.0,1100011,39,50,0,0,0,50,50,2895.6,-104.4,51.42,180.24,1.0,0.3,0.65,221713
0.33,2.0,2900.0,3100.0,1100101,50,50,0,0,50,0,50,2919.8,-80.2,55.83,165.99,0.0,0.47,0.23,0
0.33,2.0,2900.0,3100.0,1100110,33,50,0,0,50,50,0,2858.1,-141.9,53.58,172.97,1.0,0.05,0.53,3717
0.33,2.0,2900.0,3100.0,1101001,35,50,0,49,0,0,50,2850.1,-149.9,52.33,177.1,1.0,0.0,0.5,188841
0.33,2.0,2900.0,3100.0,1101100,50,50,0,31,50,0,0,2853.6,-146.4,54.08,171.36,1.0,0.02,0.51,1658
0.33,2.0,2900.0,3100.0,1110001,42,50,30,0,0,0,50,2859.1,-140.9,52.3,177.2,0.0,0.06,0.03,0
0.33,2.0,2900.0,3100.0,1110010,50,30,36,0,0,50,0,3057.7,57.7,48.06,192.84,1.0,0.62,0.81,106
0.33,2.0,2900.0,3100.0,1110100,45,50,30,0,50,0,0,2886.5,-113.5,54.82,169.05,0.0,0.24,0.12,0
0.33,2.0,2900.0,3100.0,1111000,50,30,33,50,0,0,0,3029.5,29.5,49.34,187.83,1.0,0.8,0.9,437
0.33,2.0,3000.0,3200.0,0001111,0,0,0,49,50,50,50,2952.3,-147.7,51.79,178.94,1.0,0.02,0.51,26833
0.33,2.0,3000.0,3200.0,0011011,0,0,30,46,0,50,50,2970.5,-129.5,49.72,186.38,1.0,0.14,0.57,17354
0.33,2.0,3000.0,3200.0,0011110,0,0,50,48,50,50,0,2952.9,-147.1,47.84,193.7,1.0,0.02,0.51,258
0.33,2.0,3000.0,3200.0,0100111,0,50,0,0,50,50,50,2857.8,-242.2,54.79,169.15,0.0,0.0,0.0,0
0.33,2.0,3000.0,3200.0,0101011,0,50,0,36,0,50,50,2955.0,-145.0,52.26,177.34,1.0,0.03,0.52,143190
0.33,2.0,3000.0,3200.0,0101101,0,50,0,50,50,0,50,2889.3,-210.7,55.41,167.26,0.0,0.0,0.0,0
0.33,2.0,3000.0,3200.0,0101110,0,50,0,49,50,50,0,2955.2,-144.8,50.49,183.56,1.0,0.03,0.52,25013
0.33,2.0,3000.0,3200.0,0110011,0,50,42,0,0,50,50,2960.5,-139.5,51.12,181.29,1.0,0.07,0.54,75136
0.33,2.0,3000.0,3200.0,0110110,0,50,43,0,50,50,0,2957.3,-142.7,51.35,180.5,1.0,0.05,0.52,165
0.33,2.0,3000.0,3200.0,0111001,0,50,38,50,0,0,50,2960.1,-139.9,52.17,177.65,1.0,0.07,0.53,81293
0.33,2.0,3000.0,3200.0,0111010,0,48,30,46,0,50,0,2950.3,-149.7,47.38,195.59,1.0,0.0,0.5,735
0.33,2.0,3000.0,3200.0,0111100,0,50,50,50,50,0,0,2930.3,-169.7,51.03,181.6,0.0,0.0,0.0,0
0.33,2.0,3000.0,3200.0,1000111,46,0,0,0,50,50,50,3007.5,-92.5,52.89,175.22,1.0,0.38,0.69,32229
0.33,2.0,3000.0,3200.0,1001011,50,0,0,32,0,50,50,3239.0,139.0,49.94,185.57,1.0,0.07,0.54,104030
0.33,2.0,3000.0,3200.0,1001101,50,0,0,42,50,0,50,2964.5,-135.5,53.7,172.58,1.0,0.1,0.55,33990
0.33,2.0,3000.0,3200.0,1001110,50,0,0,30,50,50,0,3044.7,-55.3,50.85,182.25,1.0,0.63,0.82,4274
0.33,2.0,3000.0,3200.0,1010011,48,0,34,0,0,50,50,3247.0,147.0,49.57,186.95,1.0,0.02,0.51,5887
0.33,2.0,3000.0,3200.0,1010110,50,0,30,0,50,50,0,3194.3,94.3,51.39,180.33,0.0,0.37,0.19,0
0.33,2.0,3000.0,3200.0,1011001,39,0,30,50,0,0,50,2956.3,-143.7,49.92,185.64,1.0,0.04,0.52,8236
0.33,2.0,3000.0,3200.0,1011010,50,0,30,30,0,50,0,3233.8,133.8,49.4,187.61,0.0,0.11,0.05,0
0.33,2.0,3000.0,3200.0,1011100,50,0,33,32,50,0,0,2950.4,-149.6,51.53,179.85,0.0,0.0,0.0,0
0.33,2.0,3000.0,3200.0,1100011,43,50,0,0,0,50,50,2960.0,-140.0,51.05,181.54,1.0,0.07,0.53,221713
0.33,2.0,3000.0,3200.0,1100101,50,50,0,0,50,0,50,2919.8,-180.2,55.83,165.99,0.0,0.0,0.0,0
0.33,2.0,3000.0,3200.0,1100110,39,50,0,0,50,50,0,2953.1,-146.9,53.04,174.71,1.0,0.02,0.51,3717
0.33,2.0,3000.0,3200.0,1101001,42,50,0,48,0,0,50,2950.7,-149.3,52.03,178.13,1.0,0.0,0.5,188841
0.33,2.0,3000.0,3200.0,1101100,50,50,0,41,50,0,0,2954.1,-145.9,53.32,173.82,1.0,0.03,0.51,1658
0.33,2.0,3000.0,3200.0,1110001,49,50,30,0,0,0,50,2951.4,-148.6,52.16,177.68,0.0,0.01,0.0,0
0.33,2.0,3000.0,3200.0,1110010,50,30,36,0,0,50,0,3057.7,-42.3,48.06,192.84,1.0,0.72,0.86,106
0.33,2.0,3000.0,3200.0,1110100,49,49,30,0,50,0,0,2957.7,-142.3,54.61,169.71,0.0,0.05,0.03,0
0.33,2.0,3000.0,3200.0,1111000,50,30,33,50,0,0,0,3029.5,-70.5,49.34,187.83,1.0,0.53,0.77,437
0.33,2.0,3100.0,3300.0,0001111,0,0,0,50,50,50,50,2974.9,-225.1,51.55,179.77,1.0,0.0,0.5,26833
0.33,2.0,3100.0,3300.0,0011011,0,0,31,50,0,50,50,3063.5,-136.5,49.53,187.1,1.0,0.09,0.55,17354
0.33,2.0,3100.0,3300.0,0011110,0,0,50,50,50,50,0,2968.4,-231.6,47.77,194.0,1.0,0.0,0.5,258
0.33,2.0,3100.0,3300.0,0100111,0,50,0,0,50,50,50,2857.8,-342.2,54.79,169.15,0.0,0.0,0.0,0
0.33,2.0,3100.0,3300.0,0101011,0,50,0,41,0,50,50,3050.2,-149.8,52.06,178.03,1.0,0.0,0.5,143190
0.33,2.0,3100.0,3300.0,0101101,0,50,0,50,50,0,50,2889.3,-310.7,55.41,167.26,0.0,0.0,0.0,0
0.33,2.0,3100.0,3300.0,0101110,0,50,0,50,50,50,0,2970.2,-229.8,50.25,184.45,1.0,0.0,0.5,25013
0.33,2.0,3100.0,3300.0,0110011,0,50,47,0,0,50,50,3072.8,-127.2,50.0,185.35,1.0,0.15,0.58,75136
0.33,2.0,3100.0,3300.0,0110110,0,50,49,0,50,50,0,3057.0,-143.0,50.21,184.57,1.0,0.05,0.52,165
0.33,2.0,3100.0,3300.0,0111001,0,50,46,50,0,0,50,3053.0,-147.0,51.27,180.78,1.0,0.02,0.51,81293
0.33,2.0,3100.0,3300.0,0111010,0,50,33,50,0,50,0,3057.4,-142.6,47.16,196.53,1.0,0.05,0.52,735
0.33,2.0,3100.0,3300.0,0111100,0,50,50,50,50,0,0,2930.3,-269.7,51.03,181.6,0.0,0.0,0.0,0
0.33,2.0,3100.0,3300.0,1000111,48,0,0,0,50,50,50,3090.0,-110.0,52.81,175.5,1.0,0.27,0.63,32229
0.33,2.0,3100.0,3300.0,1001011,50,0,0,36,0,50,50,3332.6,132.6,50.15,184.81,1.0,0.12,0.56,104030
0.33,2.0,3100.0,3300.0,1001101,50,0,0,46,50,0,50,3061.9,-138.1,53.46,173.37,1.0,0.08,0.54,33990
0.33,2.0,3100.0,3300.0,1001110,50,0,0,31,50,50,0,3058.2,-141.8,50.85,182.27,1.0,0.05,0.53,4274
0.33,2.0,3100.0,3300.0,1010011,49,0,39,0,0,50,50,3343.9,143.9,49.81,186.07,1.0,0.04,0.52,5887
0.33,2.0,3100.0,3300.0,1010110,50,0,30,0,50,50,0,3194.3,-5.7,51.39,180.33,0.0,0.96,0.48,0
0.33,2.0,3100.0,3300.0,1011001,50,0,44,41,0,0,50,3347.9,147.9,50.24,184.48,1.0,0.01,0.51,8236
0.33,2.0,3100.0,3300.0,1011010,50,0,30,35,0,50,0,3339.8,139.8,49.49,187.27,0.0,0.07,0.03,0
0.33,2.0,3100.0,3300.0,1011100,50,0,30,45,50,0,0,3056.2,-143.8,51.45,180.12,0.0,0.04,0.02,0
0.33,2.0,3100.0,3300.0,1100011,47,49,0,0,0,50,50,3056.3,-143.7,50.46,183.68,1.0,0.04,0.52,221713
0.33,2.0,3100.0,3300.0,1100101,50,50,0,0,50,0,50,2919.8,-280.2,55.83,165.99,0.0,0.0,0.0,0
0.33,2.0,3100.0,3300.0,1100110,44,50,0,0,50,50,0,3059.7,-140.3,52.47,176.63,1.0,0.06,0.53,3717
0.33,2.0,3100.0,3300.0,1101001,46,50,0,49,0,0,50,3052.5,-147.5,51.56,179.73,1.0,0.02,0.51,188841
0.33,2.0,3100.0,3300.0,1101100,50,50,0,50,50,0,0,3058.2,-141.8,52.48,176.58,1.0,0.05,0.53,1658
0.33,2.0,3100.0,3300.0,1110001,50,50,35,0,0,0,50,3057.9,-142.1,51.51,179.93,0.0,0.05,0.03,0
0.33,2.0,3100.0,3300.0,1110010,50,30,36,0,0,50,0,3057.7,-142.3,48.06,192.84,1.0,0.05,0.53,106
0.33,2.0,3100.0,3300.0,1110100,50,50,35,0,50,0,0,3053.6,-146.4,53.99,171.66,0.0,0.02,0.01,0
0.33,2.0,3100.0,3300.0,1111000,50,30,35,50,0,0,0,3058.1,-141.9,49.33,187.89,1.0,0.05,0.53,437
0.33,2.0,3200.0,3400.0,0001111,0,0,0,50,50,50,50,2974.9,-325.1,51.55,179.77,1.0,0.0,0.5,26833
0.33,2.0,3200.0,3400.0,0011011,0,0,50,50,0,50,50,3274.4,-25.6,49.37,187.71,1.0,0.83,0.91,17354
0.33,2.0,3200.0,3400.0,0011110,0,0,50,50,50,50,0,2968.4,-331.6,47.77,194.0,1.0,0.0,0.5,258
0.33,2.0,3200.0,3400.0,0100111,0,50,0,0,50,50,50,2857.8,-442.2,54.79,169.15,0.0,0.0,0.0,0
0.33,2.0,3200.0,3400.0,0101011,0,50,0,47,0,50,50,3164.8,-135.2,51.35,180.49,1.0,0.1,0.55,143190
0.33,2.0,3200.0,3400.0,0101101,0,50,0,50,50,0,50,2889.3,-410.7,55.41,167.26,0.0,0.0,0.0,0
0.33,2.0,3200.0,3400.0,0101110,0,50,0,50,50,50,0,2970.2,-329.8,50.25,184.45,1.0,0.0,0.5,25013
0.33,2.0,3200.0,3400.0,0110011,0,50,50,0,0,50,50,3179.8,-120.2,49.46,187.36,1.0,0.2,0.6,75136
0.33,2.0,3200.0,3400.0,0110110,0,50,50,0,50,50,0,3074.9,-225.1,50.02,185.29,1.0,0.0,0.5,165
0.33,2.0,3200.0,3400.0,0111001,0,50,50,50,0,0,50,3092.4,-207.6,50.54,183.37,1.0,0.0,0.5,81293
0.33,2.0,3200.0,3400.0,0111010,0,50,43,50,0,50,0,3158.7,-141.3,46.86,197.78,1.0,0.06,0.53,735
0.33,2.0,3200.0,3400.0,0111100,0,50,50,50,50,0,0,2930.3,-369.7,51.03,181.6,0.0,0.0,0.0,0
0.33,2.0,3200.0,3400.0,1000111,50,0,0,0,50,50,50,3200.6,-99.4,52.5,176.52,1.0,0.34,0.67,32229
0.33,2.0,3200.0,3400.0,1001011,50,0,0,41,0,50,50,3438.1,138.1,50.41,183.85,1.0,0.08,0.54,104030
0.33,2.0,3200.0,3400.0,1001101,50,0,0,50,50,0,50,3159.7,-140.3,52.97,174.96,1.0,0.06,0.53,33990
0.33,2.0,3200.0,3400.0,1001110,50,0,0,38,50,50,0,3163.8,-136.2,50.73,182.68,1.0,0.09,0.55,4274
0.33,2.0,3200.0,3400.0,1010011,50,0,43,0,0,50,50,3438.6,138.6,50.01,185.31,1.0,0.08,0.54,5887
0.33,2.0,3200.0,3400.0,1010110,50,0,30,0,50,50,0,3194.3,-105.7,51.39,180.33,0.0,0.3,0.15,0
0.33,2.0,3200.0,3400.0,1011001,50,0,39,50,0,0,50,3449.5,149.5,50.58,183.22,1.0,0.0,0.5,8236
0.33,2.0,3200.0,3400.0,1011010,50,0,30,40,0,50,0,3436.9,136.9,49.6,186.85,0.0,0.09,0.04,0
0.33,2.0,3200.0,3400.0,1011100,50,0,50,34,50,0,0,3173.8,-126.2,51.45,180.14,0.0,0.16,0.08,0
0.33,2.0,3200.0,3400.0,1100011,49,50,0,0,0,50,50,3171.1,-128.9,49.96,185.52,1.0,0.14,0.57,221713
0.33,2.0,3200.0,3400.0,1100101,50,50,0,0,50,0,50,2919.8,-380.2,55.83,165.99,0.0,0.0,0.0,0
0.33,2.0,3200.0,3400.0,1100110,48,49,0,0,50,50,0,3155.9,-144.1,51.93,178.46,1.0,0.04,0.52,3717
0.33,2.0,3200.0,3400.0,1101001,49,50,0,50,0,0,50,3155.6,-144.4,50.98,181.78,1.0,0.04,0.52,188841
0.33,2.0,3200.0,3400.0,1101100,50,50,0,50,50,0,0,3058.2,-241.8,52.48,176.58,1.0,0.0,0.5,1658
0.33,2.0,3200.0,3400.0,1110001,50,50,39,0,0,0,50,3159.1,-140.9,50.74,182.66,0.0,0.06,0.03,0
0.33,2.0,3200.0,3400.0,1110010,50,30,43,0,0,50,0,3165.1,-134.9,48.0,193.07,1.0,0.1,0.55,106
0.33,2.0,3200.0,3400.0,1110100,50,49,42,0,50,0,0,3157.2,-142.8,53.19,174.24,0.0,0.05,0.02,0
0.33,2.0,3200.0,3400.0,1111000,50,30,42,50,0,0,0,3159.5,-140.5,49.29,188.03,1.0,0.06,0.53,437
0.33,2.0,3300.0,3500.0,0001111,0,0,0,50,50,50,50,2974.9,-425.1,51.55,179.77,1.0,0.0,0.5,26833
0.33,2.0,3300.0,3500.0,0011011,0,0,50,50,0,50,50,3274.4,-125.6,49.37,187.71,1.0,0.16,0.58,17354
0.33,2.0,3300.0,3500.0,0011110,0,0,50,50,50,50,0,2968.4,-431.6,47.77,194.0,1.0,0.0,0.5,258
0.33,2.0,3300.0,3500.0,0100111,0,50,0,0,50,50,50,2857.8,-542.2,54.79,169.15,0.0,0.0,0.0,0
0.33,2.0,3300.0,3500.0,0101011,0,50,0,50,0,50,50,3216.6,-183.4,50.85,182.26,1.0,0.0,0.5,143190
0.33,2.0,3300.0,3500.0,0101101,0,50,0,50,50,0,50,2889.3,-510.7,55.41,167.26,0.0,0.0,0.0,0
0.33,2.0,3300.0,3500.0,0101110,0,50,0,50,50,50,0,2970.2,-429.8,50.25,184.45,1.0,0.0,0.5,25013
0.33,2.0,3300.0,3500.0,0110011,0,50,50,0,0,50,50,3179.8,-220.2,49.46,187.36,1.0,0.0,0.5,75136
0.33,2.0,3300.0,3500.0,0110110,0,50,50,0,50,50,0,3074.9,-325.1,50.02,185.29,1.0,0.0,0.5,165
0.33,2.0,3300.0,3500.0,0111001,0,50,50,50,0,0,50,3092.4,-307.6,50.54,183.37,1.0,0.0,0.5,81293
0.33,2.0,3300.0,3500.0,0111010,0,50,50,50,0,50,0,3239.7,-160.3,46.66,198.61,1.0,0.0,0.5,735
0.33,2.0,3300.0,3500.0,0111100,0,50,50,50,50,0,0,2930.3,-469.7,51.03,181.6,0.0,0.0,0.0,0
0.33,2.0,3300.0,3500.0,1000111,50,0,0,0,50,50,50,3200.6,-199.4,52.5,176.52,1.0,0.0,0.5,32229
0.33,2.0,3300.0,3500.0,1001011,49,0,0,50,0,50,50,3549.6,149.6,50.6,183.16,1.0,0.0,0.5,104030
0.33,2.0,3300.0,3500.0,1001101,50,0,0,50,50,0,50,3159.7,-240.3,52.97,174.96,1.0,0.0,0.5,33990
0.33,2.0,3300.0,3500.0,1001110,50,0,0,44,50,50,0,3256.9,-143.1,50.58,183.23,1.0,0.05,0.52,4274
0.33,2.0,3300.0,3500.0,1010011,50,0,50,0,0,50,50,3549.1,149.1,50.19,184.67,1.0,0.01,0.5,5887
0.33,2.0,3300.0,3500.0,1010110,50,0,35,0,50,50,0,3261.8,-138.2,51.26,180.8,0.0,0.08,0.04,0
0.33,2.0,3300.0,3500.0,1011001,50,0,48,49,0,0,50,3541.6,141.6,50.76,182.59,1.0,0.06,0.53,8236
0.33,2.0,3300.0,3500.0,1011010,50,0,30,46,0,50,0,3543.0,143.0,49.68,186.55,0.0,0.05,0.02,0
0.33,2.0,3300.0,3500.0,1011100,50,0,50,41,50,0,0,3256.2,-143.8,51.44,180.15,0.0,0.04,0.02,0
0.33,2.0,3300.0,3500.0,1100011,50,50,0,0,0,50,50,3208.2,-191.8,49.73,186.38,1.0,0.0,0.5,221713
0.33,2.0,3300.0,3500.0,1100101,50,50,0,0,50,0,50,2919.8,-480.2,55.83,165.99,0.0,0.0,0.0,0
0.33,2.0,3300.0,3500.0,1100110,50,50,0,0,50,50,0,3231.9,-168.1,51.66,179.4,1.0,0.0,0.5,3717
0.33,2.0,3300.0,3500.0,1101001,50,50,0,50,0,0,50,3189.8,-210.2,50.82,182.36,1.0,0.0,0.5,188841
0.33,2.0,3300.0,3500.0,1101100,50,50,0,50,50,0,0,3058.2,-341.8,52.48,176.58,1.0,0.0,0.5,1658
0.33,2.0,3300.0,3500.0,1110001,50,50,45,0,0,0,50,3262.4,-137.6,49.91,185.68,0.0,0.08,0.04,0
0.33,2.0,3300.0,3500.0,1110010,50,30,49,0,0,50,0,3263.2,-136.8,47.9,193.49,1.0,0.09,0.54,106
0.33,2.0,3300.0,3500.0,1110100,50,49,46,0,50,0,0,3251.3,-148.7,52.64,176.05,0.0,0.01,0.0,0
0.33,2.0,3300.0,3500.0,1111000,50,30,49,50,0,0,0,3257.4,-142.6,49.15,188.57,1.0,0.05,0.52,437
0.33,2.0,3400.0,3600.0,0001111,0,0,0,50,50,50,50,2974.9,-525.1,51.55,179.77,1.0,0.0,0.5,26833
0.33,2.0,3400.0,3600.0,0011011,0,0,50,50,0,50,50,3274.4,-225.6,49.37,187.71,1.0,0.0,0.5,17354
0.33,2.0,3400.0,3600.0,0011110,0,0,50,50,50,50,0,2968.4,-531.6,47.77,194.0,1.0,0.0,0.5,258
0.33,2.0,3400.0,3600.0,0100111,0,50,0,0,50,50,50,2857.8,-642.2,54.79,169.15,0.0,0.0,0.0,0
0.33,2.0,3400.0,3600.0,0101011,0,50,0,50,0,50,50,3216.6,-283.4,50.85,182.26,1.0,0.0,0.5,143190
0.33,2.0,3400.0,3600.0,0101101,0,50,0,50,50,0,50,2889.3,-610.7,55.41,167.26,0.0,0.0,0.0,0
0.33,2.0,3400.0,3600.0,0101110,0,50,0,50,50,50,0,2970.2,-529.8,50.25,184.45,1.0,0.0,0.5,25013
0.33,2.0,3400.0,3600.0,0110011,0,50,50,0,0,50,50,3179.8,-320.2,49.46,187.36,1.0,0.0,0.5,75136
0.33,2.0,3400.0,3600.0,0110110,0,50,50,0,50,50,0,3074.9,-425.1,50.02,185.29,1.0,0.0,0.5,165
0.33,2.0,3400.0,3600.0,0111001,0,50,50,50,0,0,50,3092.4,-407.6,50.54,183.37,1.0,0.0,0.5,81293
0.33,2.0,3400.0,3600.0,0111010,0,50,50,50,0,50,0,3239.7,-260.3,46.66,198.61,1.0,0.0,0.5,735
0.33,2.0,3400.0,3600.0,0111100,0,50,50,50,50,0,0,2930.3,-569.7,51.03,181.6,0.0,0.0,0.0,0
0.33,2.0,3400.0,3600.0,1000111,50,0,0,0,50,50,50,3200.6,-299.4,52.5,176.52,1.0,0.0,0.5,32229
0.33,2.0,3400.0,3600.0,1001011,50,0,0,50,0,50,50,3608.2,108.2,50.68,182.86,1.0,0.28,0.64,104030
0.33,2.0,3400.0,3600.0,1001101,50,0,0,50,50,0,50,3159.7,-340.3,52.97,174.96,1.0,0.0,0.5,33990
0.33,2.0,3400.0,3600.0,1001110,50,0,0,50,50,50,0,3350.8,-149.2,50.45,183.69,1.0,0.01,0.5,4274
0.33,2.0,3400.0,3600.0,1010011,50,0,50,0,0,50,50,3549.1,49.1,50.19,184.67,1.0,0.67,0.84,5887
0.33,2.0,3400.0,3600.0,1010110,50,0,42,0,50,50,0,3361.7,-138.3,51.08,181.45,0.0,0.08,0.04,0
0.33,2.0,3400.0,3600.0,1011001,50,0,50,50,0,0,50,3595.9,95.9,50.84,182.3,1.0,0.36,0.68,8236
0.33,2.0,3400.0,3600.0,1011010,50,0,30,50,0,50,0,3611.9,111.9,49.71,186.44,0.0,0.25,0.13,0
0.33,2.0,3400.0,3600.0,1011100,50,0,48,50,50,0,0,3359.5,-140.5,51.41,180.27,0.0,0.06,0.03,0
0.33,2.0,3400.0,3600.0,1100011,50,50,0,0,0,50,50,3208.2,-291.8,49.73,186.38,1.0,0.0,0.5,221713
0.33,2.0,3400.0,3600.0,1100101,50,50,0,0,50,0,50,2919.8,-580.2,55.83,165.99,0.0,0.0,0.0,0
0.33,2.0,3400.0,3600.0,1100110,50,50,0,0,50,50,0,3231.9,-268.1,51.66,179.4,1.0,0.0,0.5,3717
0.33,2.0,3400.0,3600.0,1101001,50,50,0,50,0,0,50,3189.8,-310.2,50.82,182.36,1.0,0.0,0.5,188841
0.33,2.0,3400.0,3600.0,1101100,50,50,0,50,50,0,0,3058.2,-441.8,52.48,176.58,1.0,0.0,0.5,1658
0.33,2.0,3400.0,3600.0,1110001,50,50,50,0,0,0,50,3371.0,-129.0,49.72,186.39,0.0,0.14,0.07,0
0.33,2.0,3400.0,3600.0,1110010,50,36,50,0,0,50,0,3353.4,-146.6,47.62,194.62,1.0,0.02,0.51,106
0.33,2.0,3400.0,3600.0,1110100,50,50,50,0,50,0,0,3352.7,-147.3,52.15,177.72,0.0,0.02,0.01,0
0.33,2.0,3400.0,3600.0,1111000,50,38,50,50,0,0,0,3353.5,-146.5,48.67,190.41,1.0,0.02,0.51,437
0.33,2.0,3500.0,3700.0,0001111,0,0,0,50,50,50,50,2974.9,-625.1,51.55,179.77,1.0,0.0,0.5,26833
0.33,2.0,3500.0,3700.0,0011011,0,0,50,50,0,50,50,3274.4,-325.6,49.37,187.71,1.0,0.0,0.5,17354
0.33,2.0,3500.0,3700.0,0011110,0,0,50,50,50,50,0,2968.4,-631.6,47.77,194.0,1.0,0.0,0.5,258
0.33,2.0,3500.0,3700.0,0100111,0,50,0,0,50,50,50,2857.8,-742.2,54.79,169.15,0.0,0.0,0.0,0
0.33,2.0,3500.0,3700.0,0101011,0,50,0,50,0,50,50,3216.6,-383.4,50.85,182.26,1.0,0.0,0.5,143190
0.33,2.0,3500.0,3700.0,0101101,0,50,0,50,50,0,50,2889.3,-710.7,55.41,167.26,0.0,0.0,0.0,0
0.33,2.0,3500.0,3700.0,0101110,0,50,0,50,50,50,0,2970.2,-629.8,50.25,184.45,1.0,0.0,0.5,25013
0.33,2.0,3500.0,3700.0,0110011,0,50,50,0,0,50,50,3179.8,-420.2,49.46,187.36,1.0,0.0,0.5,75136
0.33,2.0,3500.0,3700.0,0110110,0,50,50,0,50,50,0,3074.9,-525.1,50.02,185.29,1.0,0.0,0.5,165
0.33,2.0,3500.0,3700.0,0111001,0,50,50,50,0,0,50,3092.4,-507.6,50.54,183.37,1.0,0.0,0.5,81293
0.33,2.0,3500.0,3700.0,0111010,0,50,50,50,0,50,0,3239.7,-360.3,46.66,198.61,1.0,0.0,0.5,735
0.33,2.0,3500.0,3700.0,0111100,0,50,50,50,50,0,0,2930.3,-669.7,51.03,181.6,0.0,0.0,0.0,0
0.33,2.0,3500.0,3700.0,1000111,50,0,0,0,50,50,50,3200.6,-399.4,52.5,176.52,1.0,0.0,0.5,32229
0.33,2.0,3500.0,3700.0,1001011,50,0,0,50,0,50,50,3608.2,8.2,50.68,182.86,1.0,0.95,0.97,104030
0.33,2.0,3500.0,3700.0,1001101,50,0,0,50,50,0,50,3159.7,-440.3,52.97,174.96,1.0,0.0,0.5,33990
0.33,2.0,3500.0,3700.0,1001110,50,0,0,50,50,50,0,3350.8,-249.2,50.45,183.69,1.0,0.0,0.5,4274
0.33,2.0,3500.0,3700.0,1010011,50,0,50,0,0,50,50,3549.1,-50.9,50.19,184.67,1.0,0.66,0.83,5887
0.33,2.0,3500.0,3700.0,1010110,50,0,49,0,50,50,0,3462.4,-137.6,50.71,182.77,0.0,0.08,0.04,0
0.33,2.0,3500.0,3700.0,1011001,50,0,50,50,0,0,50,3595.9,-4.1,50.84,182.3,1.0,0.97,0.99,8236
0.33,2.0,3500.0,3700.0,1011010,50,0,30,50,0,50,0,3611.9,11.9,49.71,186.44,0.0,0.92,0.46,0
0.33,2.0,3500.0,3700.0,1011100,50,0,50,50,50,0,0,3389.2,-210.8,51.38,180.38,0.0,0.0,0.0,0
0.33,2.0,3500.0,3700.0,1100011,50,50,0,0,0,50,50,3208.2,-391.8,49.73,186.38,1.0,0.0,0.5,221713
0.33,2.0,3500.0,3700.0,1100101,50,50,0,0,50,0,50,2919.8,-680.2,55.83,165.99,0.0,0.0,0.0,0
0.33,2.0,3500.0,3700.0,1100110,50,50,0,0,50,50,0,3231.9,-368.1,51.66,179.4,1.0,0.0,0.5,3717
0.33,2.0,3500.0,3700.0,1101001,50,50,0,50,0,0,50,3189.8,-410.2,50.82,182.36,1.0,0.0,0.5,188841
0.33,2.0,3500.0,3700.0,1101100,50,50,0,50,50,0,0,3058.2,-541.8,52.48,176.58,1.0,0.0,0.5,1658
0.33,2.0,3500.0,3700.0,1110001,50,50,50,0,0,0,50,3371.0,-229.0,49.72,186.39,0.0,0.0,0.0,0
0.33,2.0,3500.0,3700.0,1110010,50,43,50,0,0,50,0,3462.9,-137.1,47.34,195.76,1.0,0.09,0.54,106
0.33,2.0,3500.0,3700.0,1110100,50,50,50,0,50,0,0,3352.7,-247.3,52.15,177.72,0.0,0.0,0.0,0
0.33,2.0,3500.0,3700.0,1111000,50,46,50,50,0,0,0,3462.4,-137.6,48.28,191.95,1.0,0.08,0.54,437
0.33,2.0,3600.0,3800.0,0001111,0,0,0,50,50,50,50,2974.9,-725.1,51.55,179.77,1.0,0.0,0.5,26833
0.33,2.0,3600.0,3800.0,0011011,0,0,50,50,0,50,50,3274.4,-425.6,49.37,187.71,1.0,0.0,0.5,17354
0.33,2.0,3600.0,3800.0,0011110,0,0,50,50,50,50,0,2968.4,-731.6,47.77,194.0,1.0,0.0,0.5,258
0.33,2.0,3600.0,3800.0,0100111,0,50,0,0,50,50,50,2857.8,-842.2,54.79,169.15,0.0,0.0,0.0,0
0.33,2.0,3600.0,3800.0,0101011,0,50,0,50,0,50,50,3216.6,-483.4,50.85,182.26,1.0,0.0,0.5,143190
0.33,2.0,3600.0,3800.0,0101101,0,50,0,50,50,0,50,2889.3,-810.7,55.41,167.26,0.0,0.0,0.0,0
0.33,2.0,3600.0,3800.0,0101110,0,50,0,50,50,50,0,2970.2,-729.8,50.25,184.45,1.0,0.0,0.5,25013
0.33,2.0,3600.0,3800.0,0110011,0,50,50,0,0,50,50,3179.8,-520.2,49.46,187.36,1.0,0.0,0.5,75136
0.33,2.0,3600.0,3800.0,0110110,0,50,50,0,50,50,0,3074.9,-625.1,50.02,185.29,1.0,0.0,0.5,165
0.33,2.0,3600.0,3800.0,0111001,0,50,50,50,0,0,50,3092.4,-607.6,50.54,183.37,1.0,0.0,0.5,81293
0.33,2.0,3600.0,3800.0,0111010,0,50,50,50,0,50,0,3239.7,-460.3,46.66,198.61,1.0,0.0,0.5,735
0.33,2.0,3600.0,3800.0,0111100,0,50,50,50,50,0,0,2930.3,-769.7,51.03,181.6,0.0,0.0,0.0,0
0.33,2.0,3600.0,3800.0,1000111,50,0,0,0,50,50,50,3200.6,-499.4,52.5,176.52,1.0,0.0,0.5,32229
0.33,2.0,3600.0,3800.0,1001011,50,0,0,50,0,50,50,3608.2,-91.8,50.68,182.86,1.0,0.39,0.69,104030
0.33,2.0,3600.0,3800.0,1001101,50,0,0,50,50,0,50,3159.7,-540.3,52.97,174.96,1.0,0.0,0.5,33990
0.33,2.0,3600.0,3800.0,1001110,50,0,0,50,50,50,0,3350.8,-349.2,50.45,183.69,1.0,0.0,0.5,4274
0.33,2.0,3600.0,3800.0,1010011,50,0,50,0,0,50,50,3549.1,-150.9,50.19,184.67,1.0,0.0,0.5,5887
0.33,2.0,3600.0,3800.0,1010110,50,0,50,0,50,50,0,3476.9,-223.1,50.67,182.89,0.0,0.0,0.0,0
0.33,2.0,3600.0,3800.0,1011001,50,0,50,50,0,0,50,3595.9,-104.1,50.84,182.3,1.0,0.31,0.65,8236
0.33,2.0,3600.0,3800.0,1011010,50,0,30,50,0,50,0,3611.9,-88.1,49.71,186.44,0.0,0.41,0.21,0
0.33,2.0,3600.0,3800.0,1011100,50,0,50,50,50,0,0,3389.2,-310.8,51.38,180.38,0.0,0.0,0.0,0
0.33,2.0,3600.0,3800.0,1100011,50,50,0,0,0,50,50,3208.2,-491.8,49.73,186.38,1.0,0.0,0.5,221713
0.33,2.0,3600.0,3800.0,1100101,50,50,0,0,50,0,50,2919.8,-780.2,55.83,165.99,0.0,0.0,0.0,0
0.33,2.0,3600.0,3800.0,1100110,50,50,0,0,50,50,0,3231.9,-468.1,51.66,179.4,1.0,0.0,0.5,3717
0.33,2.0,3600.0,3800.0,1101001,50,50,0,50,0,0,50,3189.8,-510.2,50.82,182.36,1.0,0.0,0.5,188841
0.33,2.0,3600.0,3800.0,1101100,50,50,0,50,50,0,0,3058.2,-641.8,52.48,176.58,1.0,0.0,0.5,1658
0.33,2.0,3600.0,3800.0,1110001,50,50,50,0,0,0,50,3371.0,-329.0,49.72,186.39,0.0,0.0,0.0,0
0.33,2.0,3600.0,3800.0,1110010,50,49,50,0,0,50,0,3560.9,-139.1,47.15,196.55,1.0,0.07,0.54,106
0.33,2.0,3600.0,3800.0,1110100,50,50,50,0,50,0,0,3352.7,-347.3,52.15,177.72,0.0,0.0,0.0,0
0.33,2.0,3600.0,3800.0,1111000,50,50,50,50,0,0,0,3522.8,-177.2,48.09,192.72,1.0,0.0,0.5,437
0.33,3.0,2100.0,2300.0,0000011,0,0,0,0,0,50,50,2139.8,-60.2,49.45,181.89,0.0,0.6,0.3,0
0.33,3.0,2100.0,2300.0,0000101,0,0,0,0,50,0,50,2158.9,-41.1,52.36,171.8,0.0,0.73,0.36,0
0.33,3.0,2100.0,2300.0,0000110,0,0,0,0,50,50,0,2056.8,-143.2,49.89,180.29,1.0,0.05,0.52,7381
0.33,3.0,2100.0,2300.0,0001001,0,0,0,50,0,0,50,2061.3,-138.7,51.87,173.43,0.0,0.08,0.04,0
0.33,3.0,2100.0,2300.0,0001010,0,0,0,48,0,50,0,2079.7,-120.3,50.48,178.18,1.0,0.2,0.6,183088
0.33,3.0,2100.0,2300.0,0001100,0,0,0,50,50,0,0,2072.2,-127.8,51.72,173.94,1.0,0.15,0.57,107
0.33,3.0,2100.0,2300.0,0010001,0,0,50,0,0,0,50,2276.5,76.5,50.31,178.8,0.0,0.49,0.25,0
0.33,3.0,2100.0,2300.0,0010010,0,0,47,0,0,50,0,2056.3,-143.7,48.07,187.12,1.0,0.04,0.52,72227
0.33,3.0,2100.0,2300.0,0010100,0,0,36,0,50,0,0,2135.7,-64.3,51.44,174.88,0.0,0.57,0.29,0
0.33,3.0,2100.0,2300.0,0011000,0,0,50,49,0,0,0,2052.0,-148.0,50.1,179.53,1.0,0.01,0.51,98122
0.33,3.0,2100.0,2300.0,0100001,0,50,0,0,0,0,50,2226.9,26.9,51.38,175.06,0.0,0.82,0.41,0
0.33,3.0,2100.0,2300.0,0100010,0,50,0,0,0,50,0,2217.1,17.1,49.56,181.49,0.0,0.89,0.44,0
0.33,3.0,2100.0,2300.0,0100100,0,50,0,0,50,0,0,2316.0,116.0,53.77,167.28,0.0,0.23,0.11,0
0.33,3.0,2100.0,2300.0,0101000,0,50,0,50,0,0,0,2240.2,40.2,51.01,176.36,0.0,0.73,0.37,0
0.33,3.0,2100.0,2300.0,0110000,0,50,30,0,0,0,0,2180.8,-19.2,50.16,179.32,0.0,0.87,0.44,0
0.33,3.0,2100.0,2300.0,1000001,41,0,0,0,0,0,50,2052.8,-147.2,49.69,181.01,0.0,0.02,0.01,0
0.33,3.0,2100.0,2300.0,1000010,48,0,0,0,0,50,0,2063.2,-136.8,47.35,189.98,1.0,0.09,0.54,287155
0.33,3.0,2100.0,2300.0,1000100,50,0,0,0,50,0,0,2213.7,13.7,51.61,174.3,0.0,0.91,0.45,0
0.33,3.0,2100.0,2300.0,1001000,48,0,0,50,0,0,0,2069.7,-130.3,49.86,180.42,1.0,0.13,0.57,177419
0.33,3.0,2100.0,2300.0,1010000,50,0,32,0,0,0,0,2157.2,-42.8,49.23,182.73,0.0,0.71,0.36,0
0.33,3.0,2100.0,2300.0,1100000,50,50,0,0,0,0,0,2264.7,64.7,49.95,180.07,1.0,0.57,0.78,13
0.33,3.0,2200.0,2400.0,0000011,0,0,0,0,0,50,50,2139.8,-160.2,49.45,181.89,0.0,0.0,0.0,0
0.33,3.0,2200.0,2400.0,0000101,0,0,0,0,50,0,50,2158.9,-141.1,52.36,171.8,0.0,0.06,0.03,0
0.33,3.0,2200.0,2400.0,0000110,0,0,0,0,50,50,0,2056.8,-243.2,49.89,180.29,1.0,0.0,0.5,7381
0.33,3.0,2200.0,2400.0,0001001,0,0,0,50,0,0,50,2061.3,-238.7,51.87,173.43,0.0,0.0,0.0,0
0.33,3.0,2200.0,2400.0,0001010,0,0,0,50,0,50,0,2186.2,-113.8,49.86,180.41,1.0,0.24,0.62,183088
0.33,3.0,2200.0,2400.0,0001100,0,0,0,50,50,0,0,2072.2,-227.8,51.72,173.94,1.0,0.0,0.5,107
0.33,3.0,2200.0,2400.0,0010001,0,0,50,0,0,0,50,2276.5,-23.5,50.31,178.8,0.0,0.84,0.42,0
0.33,3.0,2200.0,2400.0,0010010,0,0,49,0,0,50,0,2185.5,-114.5,47.59,189.0,1.0,0.24,0.62,72227
0.33,3.0,2200.0,2400.0,0010100,0,0,39,0,50,0,0,2151.6,-148.4,51.43,174.92,0.0,0.01,0.01,0
0.33,3.0,2200.0,2400.0,0011000,0,0,50,50,0,0,0,2079.4,-220.6,49.96,180.06,1.0,0.0,0.5,98122
0.33,3.0,2200.0,2400.0,0100001,0,50,0,0,0,0,50,2226.9,-73.1,51.38,175.06,0.0,0.51,0.26,0
0.33,3.0,2200.0,2400.0,0100010,0,50,0,0,0,50,0,2217.1,-82.9,49.56,181.49,0.0,0.45,0.22,0
0.33,3.0,2200.0,2400.0,0100100,0,50,0,0,50,0,0,2316.0,16.0,53.77,167.28,0.0,0.89,0.45,0
0.33,3.0,2200.0,2400.0,0101000,0,50,0,50,0,0,0,2240.2,-59.8,51.01,176.36,0.0,0.6,0.3,0
0.33,3.0,2200.0,2400.0,0110000,0,50,30,0,0,0,0,2180.8,-119.2,50.16,179.32,0.0,0.21,0.1,0
0.33,3.0,2200.0,2400.0,1000001,50,0,0,0,0,0,50,2133.1,-166.9,49.69,181.02,0.0,0.0,0.0,0
0.33,3.0,2200.0,2400.0,1000010,50,0,0,0,0,50,0,2181.2,-118.8,46.78,192.28,1.0,0.21,0.6,287155
0.33,3.0,2200.0,2400.0,1000100,50,0,0,0,50,0,0,2213.7,-86.3,51.61,174.3,0.0,0.42,0.21,0
0.33,3.0,2200.0,2400.0,1001000,49,0,0,50,0,0,0,2152.9,-147.1,49.74,180.86,1.0,0.02,0.51,177419
0.33,3.0,2200.0,2400.0,1010000,50,0,32,0,0,0,0,2157.2,-142.8,49.23,182.73,0.0,0.05,0.02,0
0.33,3.0,2200.0,2400.0,1100000,50,50,0,0,0,0,0,2264.7,-35.3,49.95,180.07,1.0,0.76,0.88,13
0.33,3.0,2300.0,2500.0,0000011,0,0,0,0,0,50,50,2139.8,-260.2,49.45,181.89,0.0,0.0,0.0,0
0.33,3.0,2300.0,2500.0,0000101,0,0,0,0,50,0,50,2158.9,-241.1,52.36,171.8,0.0,0.0,0.0,0
0.33,3.0,2300.0,2500.0,0000110,0,0,0,0,50,50,0,2056.8,-343.2,49.89,180.29,1.0,0.0,0.5,7381
0.33,3.0,2300.0,2500.0,0001001,0,0,0,50,0,0,50,2061.3,-338.7,51.87,173.43,0.0,0.0,0.0,0
0.33,3.0,2300.0,2500.0,0001010,0,0,0,50,0,50,0,2186.2,-213.8,49.86,180.41,1.0,0.0,0.5,183088
0.33,3.0,2300.0,2500.0,0001100,0,0,0,50,50,0,0,2072.2,-327.8,51.72,173.94,1.0,0.0,0.5,107
0.33,3.0,2300.0,2500.0,0010001,0,0,50,0,0,0,50,2276.5,-123.5,50.31,178.8,0.0,0.18,0.09,0
0.33,3.0,2300.0,2500.0,0010010,0,0,50,0,0,50,0,2240.6,-159.4,47.33,190.06,1.0,0.0,0.5,72227
0.33,3.0,2300.0,2500.0,0010100,0,0,50,0,50,0,0,2211.8,-188.2,51.41,174.96,0.0,0.0,0.0,0
0.33,3.0,2300.0,2500.0,0011000,0,0,50,50,0,0,0,2079.4,-320.6,49.96,180.06,1.0,0.0,0.5,98122
0.33,3.0,2300.0,2500.0,0100001,0,50,0,0,0,0,50,2226.9,-173.1,51.38,175.06,0.0,0.0,0.0,0
0.33,3.0,2300.0,2500.0,0100010,0,50,0,0,0,50,0,2217.1,-182.9,49.56,181.49,0.0,0.0,0.0,0
0.33,3.0,2300.0,2500.0,0100100,0,50,0,0,50,0,0,2316.0,-84.0,53.77,167.28,0.0,0.44,0.22,0
0.33,3.0,2300.0,2500.0,0101000,0,50,0,50,0,0,0,2240.2,-159.8,51.01,176.36,0.0,0.0,0.0,0
0.33,3.0,2300.0,2500.0,0110000,0,50,47,0,0,0,0,2264.1,-135.9,50.15,179.36,0.0,0.09,0.05,0
0.33,3.0,2300.0,2500.0,1000001,50,0,0,0,0,0,50,2133.1,-266.9,49.69,181.02,0.0,0.0,0.0,0
0.33,3.0,2300.0,2500.0,1000010,50,0,0,0,0,50,0,2181.2,-218.8,46.78,192.28,1.0,0.0,0.5,287155
0.33,3.0,2300.0,2500.0,1000100,50,0,0,0,50,0,0,2213.7,-186.3,51.61,174.3,0.0,0.0,0.0,0
0.33,3.0,2300.0,2500.0,1001000,50,0,0,50,0,0,0,2205.1,-194.9,49.42,182.02,1.0,0.0,0.5,177419
0.33,3.0,2300.0,2500.0,1010000,42,0,46,0,0,0,0,2250.1,-149.9,48.66,184.87,0.0,0.0,0.0,0
0.33,3.0,2300.0,2500.0,1100000,50,50,0,0,0,0,0,2264.7,-135.3,49.95,180.07,1.0,0.1,0.55,13
0.33,3.0,2400.0,2600.0,0000011,0,0,0,0,0,50,50,2139.8,-360.2,49.45,181.89,0.0,0.0,0.0,0
0.33,3.0,2400.0,2600.0,0000101,0,0,0,0,50,0,50,2158.9,-341.1,52.36,171.8,0.0,0.0,0.0,0
0.33,3.0,2400.0,2600.0,0000110,0,0,0,0,50,50,0,2056.8,-443.2,49.89,180.29,1.0,0.0,0.5,7381
0.33,3.0,2400.0,2600.0,0001001,0,0,0,50,0,0,50,2061.3,-438.7,51.87,173.43,0.0,0.0,0.0,0
0.33,3.0,2400.0,2600.0,0001010,0,0,0,50,0,50,0,2186.2,-313.8,49.86,180.41,1.0,0.0,0.5,183088
0.33,3.0,2400.0,2600.0,0001100,0,0,0,50,50,0,0,2072.2,-427.8,51.72,173.94,1.0,0.0,0.5,107
0.33,3.0,2400.0,2600.0,0010001,0,0,50,0,0,0,50,2276.5,-223.5,50.31,178.8,0.0,0.0,0.0,0
0.33,3.0,2400.0,2600.0,0010010,0,0,50,0,0,50,0,2240.6,-259.4,47.33,190.06,1.0,0.0,0.5,72227
0.33,3.0,2400.0,2600.0,0010100,0,0,50,0,50,0,0,2211.8,-288.2,51.41,174.96,0.0,0.0,0.0,0
0.33,3.0,2400.0,2600.0,0011000,0,0,50,50,0,0,0,2079.4,-420.6,49.96,180.06,1.0,0.0,0.5,98122
0.33,3.0,2400.0,2600.0,0100001,0,50,0,0,0,0,50,2226.9,-273.1,51.38,175.06,0.0,0.0,0.0,0
0.33,3.0,2400.0,2600.0,0100010,0,50,0,0,0,50,0,2217.1,-282.9,49.56,181.49,0.0,0.0,0.0,0
0.33,3.0,2400.0,2600.0,0100100,0,50,0,0,50,0,0,2316.0,-184.0,53.77,167.28,0.0,0.0,0.0,0
0.33,3.0,2400.0,2600.0,0101000,0,50,0,50,0,0,0,2240.2,-259.8,51.01,176.36,0.0,0.0,0.0,0
0.33,3.0,2400.0,2600.0,0110000,0,50,50,0,0,0,0,2277.3,-222.7,50.14,179.39,0.0,0.0,0.0,0
0.33,3.0,2400.0,2600.0,1000001,50,0,0,0,0,0,50,2133.1,-366.9,49.69,181.02,0.0,0.0,0.0,0
0.33,3.0,2400.0,2600.0,1000010,50,0,0,0,0,50,0,2181.2,-318.8,46.78,192.28,1.0,0.0,0.5,287155
0.33,3.0,2400.0,2600.0,1000100,50,0,0,0,50,0,0,2213.7,-286.3,51.61,174.3,0.0,0.0,0.0,0
0.33,3.0,2400.0,2600.0,1001000,50,0,0,50,0,0,0,2205.1,-294.9,49.42,182.02,1.0,0.0,0.5,177419
0.33,3.0,2400.0,2600.0,1010000,48,0,45,0,0,0,0,2354.0,-146.0,47.45,189.59,0.0,0.03,0.01,0
0.33,3.0,2400.0,2600.0,1100000,50,50,0,0,0,0,0,2264.7,-235.3,49.95,180.07,1.0,0.0,0.5,13
0.33,3.0,2500.0,2700.0,0000011,0,0,0,0,0,50,50,2139.8,-460.2,49.45,181.89,0.0,0.0,0.0,0
0.33,3.0,2500.0,2700.0,0000101,0,0,0,0,50,0,50,2158.9,-441.1,52.36,171.8,0.0,0.0,0.0,0
0.33,3.0,2500.0,2700.0,0000110,0,0,0,0,50,50,0,2056.8,-543.2,49.89,180.29,1.0,0.0,0.5,7381
0.33,3.0,2500.0,2700.0,0001001,0,0,0,50,0,0,50,2061.3,-538.7,51.87,173.43,0.0,0.0,0.0,0
0.33,3.0,2500.0,2700.0,0001010,0,0,0,50,0,50,0,2186.2,-413.8,49.86,180.41,1.0,0.0,0.5,183088
0.33,3.0,2500.0,2700.0,0001100,0,0,0,50,50,0,0,2072.2,-527.8,51.72,173.94,1.0,0.0,0.5,107
0.33,3.0,2500.0,2700.0,0010001,0,0,50,0,0,0,50,2276.5,-323.5,50.31,178.8,0.0,0.0,0.0,0
0.33,3.0,2500.0,2700.0,0010010,0,0,50,0,0,50,0,2240.6,-359.4,47.33,190.06,1.0,0.0,0.5,72227
0.33,3.0,2500.0,2700.0,0010100,0,0,50,0,50,0,0,2211.8,-388.2,51.41,174.96,0.0,0.0,0.0,0
0.33,3.0,2500.0,2700.0,0011000,0,0,50,50,0,0,0,2079.4,-520.6,49.96,180.06,1.0,0.0,0.5,98122
0.33,3.0,2500.0,2700.0,0100001,0,50,0,0,0,0,50,2226.9,-373.1,51.38,175.06,0.0,0.0,0.0,0
0.33,3.0,2500.0,2700.0,0100010,0,50,0,0,0,50,0,2217.1,-382.9,49.56,181.49,0.0,0.0,0.0,0
0.33,3.0,2500.0,2700.0,0100100,0,50,0,0,50,0,0,2316.0,-284.0,53.77,167.28,0.0,0.0,0.0,0
0.33,3.0,2500.0,2700.0,0101000,0,50,0,50,0,0,0,2240.2,-359.8,51.01,176.36,0.0,0.0,0.0,0
0.33,3.0,2500.0,2700.0,0110000,0,50,50,0,0,0,0,2277.3,-322.7,50.14,179.39,0.0,0.0,0.0,0
0.33,3.0,2500.0,2700.0,1000001,50,0,0,0,0,0,50,2133.1,-466.9,49.69,181.02,0.0,0.0,0.0,0
0.33,3.0,2500.0,2700.0,1000010,50,0,0,0,0,50,0,2181.2,-418.8,46.78,192.28,1.0,0.0,0.5,287155
0.33,3.0,2500.0,2700.0,1000100,50,0,0,0,50,0,0,2213.7,-386.3,51.61,174.3,0.0,0.0,0.0,0
0.33,3.0,2500.0,2700.0,1001000,50,0,0,50,0,0,0,2205.1,-394.9,49.42,182.02,1.0,0.0,0.5,177419
0.33,3.0,2500.0,2700.0,1010000,50,0,50,0,0,0,0,2529.4,-70.6,47.38,189.87,0.0,0.53,0.26,0
0.33,3.0,2500.0,2700.0,1100000,50,50,0,0,0,0,0,2264.7,-335.3,49.95,180.07,1.0,0.0,0.5,13
0.33,3.0,2600.0,2800.0,0000011,0,0,0,0,0,50,50,2139.8,-560.2,49.45,181.89,0.0,0.0,0.0,0
0.33,3.0,2600.0,2800.0,0000101,0,0,0,0,50,0,50,2158.9,-541.1,52.36,171.8,0.0,0.0,0.0,0
0.33,3.0,2600.0,2800.0,0000110,0,0,0,0,50,50,0,2056.8,-643.2,49.89,180.29,1.0,0.0,0.5,7381
0.33,3.0,2600.0,2800.0,0001001,0,0,0,50,0,0,50,2061.3,-638.7,51.87,173.43,0.0,0.0,0.0,0
0.33,3.0,2600.0,2800.0,0001010,0,0,0,50,0,50,0,2186.2,-513.8,49.86,180.41,1.0,0.0,0.5,183088
0.33,3.0,2600.0,2800.0,0001100,0,0,0,50,50,0,0,2072.2,-627.8,51.72,173.94,1.0,0.0,0.5,107
0.33,3.0,2600.0,2800.0,0010001,0,0,50,0,0,0,50,2276.5,-423.5,50.31,178.8,0.0,0.0,0.0,0
0.33,3.0,2600.0,2800.0,0010010,0,0,50,0,0,50,0,2240.6,-459.4,47.33,190.06,1.0,0.0,0.5,72227
0.33,3.0,2600.0,2800.0,0010100,0,0,50,0,50,0,0,2211.8,-488.2,51.41,174.96,0.0,0.0,0.0,0
0.33,3.0,2600.0,2800.0,0011000,0,0,50,50,0,0,0,2079.4,-620.6,49.96,180.06,1.0,0.0,0.5,98122
0.33,3.0,2600.0,2800.0,0100001,0,50,0,0,0,0,50,2226.9,-473.1,51.38,175.06,0.0,0.0,0.0,0
0.33,3.0,2600.0,2800.0,0100010,0,50,0,0,0,50,0,2217.1,-482.9,49.56,181.49,0.0,0.0,0.0,0
0.33,3.0,2600.0,2800.0,0100100,0,50,0,0,50,0,0,2316.0,-384.0,53.77,167.28,0.0,0.0,0.0,0
0.33,3.0,2600.0,2800.0,0101000,0,50,0,50,0,0,0,2240.2,-459.8,51.01,176.36,0.0,0.0,0.0,0
0.33,3.0,2600.0,2800.0,0110000,0,50,50,0,0,0,0,2277.3,-422.7,50.14,179.39,0.0,0.0,0.0,0
0.33,3.0,2600.0,2800.0,1000001,50,0,0,0,0,0,50,2133.1,-566.9,49.69,181.02,0.0,0.0,0.0,0
0.33,3.0,2600.0,2800.0,1000010,50,0,0,0,0,50,0,2181.2,-518.8,46.78,192.28,1.0,0.0,0.5,287155
0.33,3.0,2600.0,2800.0,1000100,50,0,0,0,50,0,0,2213.7,-486.3,51.61,174.3,0.0,0.0,0.0,0
0.33,3.0,2600.0,2800.0,1001000,50,0,0,50,0,0,0,2205.1,-494.9,49.42,182.02,1.0,0.0,0.5,177419
0.33,3.0,2600.0,2800.0,1010000,50,0,50,0,0,0,0,2529.4,-170.6,47.38,189.87,0.0,0.0,0.0,0
0.33,3.0,2600.0,2800.0,1100000,50,50,0,0,0,0,0,2264.7,-435.3,49.95,180.07,1.0,0.0,0.5,13
0.33,3.0,2700.0,2900.0,0000011,0,0,0,0,0,50,50,2139.8,-660.2,49.45,181.89,0.0,0.0,0.0,0
0.33,3.0,2700.0,2900.0,0000101,0,0,0,0,50,0,50,2158.9,-641.1,52.36,171.8,0.0,0.0,0.0,0
0.33,3.0,2700.0,2900.0,0000110,0,0,0,0,50,50,0,2056.8,-743.2,49.89,180.29,1.0,0.0,0.5,7381
0.33,3.0,2700.0,2900.0,0001001,0,0,0,50,0,0,50,2061.3,-738.7,51.87,173.43,0.0,0.0,0.0,0
0.33,3.0,2700.0,2900.0,0001010,0,0,0,50,0,50,0,2186.2,-613.8,49.86,180.41,1.0,0.0,0.5,183088
0.33,3.0,2700.0,2900.0,0001100,0,0,0,50,50,0,0,2072.2,-727.8,51.72,173.94,1.0,0.0,0.5,107
0.33,3.0,2700.0,2900.0,0010001,0,0,50,0,0,0,50,2276.5,-523.5,50.31,178.8,0.0,0.0,0.0,0
0.33,3.0,2700.0,2900.0,0010010,0,0,50,0,0,50,0,2240.6,-559.4,47.33,190.06,1.0,0.0,0.5,72227
0.33,3.0,2700.0,2900.0,0010100,0,0,50,0,50,0,0,2211.8,-588.2,51.41,174.96,0.0,0.0,0.0,0
0.33,3.0,2700.0,2900.0,0011000,0,0,50,50,0,0,0,2079.4,-720.6,49.96,180.06,1.0,0.0,0.5,98122
0.33,3.0,2700.0,2900.0,0100001,0,50,0,0,0,0,50,2226.9,-573.1,51.38,175.06,0.0,0.0,0.0,0
0.33,3.0,2700.0,2900.0,0100010,0,50,0,0,0,50,0,2217.1,-582.9,49.56,181.49,0.0,0.0,0.0,0
0.33,3.0,2700.0,2900.0,0100100,0,50,0,0,50,0,0,2316.0,-484.0,53.77,167.28,0.0,0.0,0.0,0
0.33,3.0,2700.0,2900.0,0101000,0,50,0,50,0,0,0,2240.2,-559.8,51.01,176.36,0.0,0.0,0.0,0
0.33,3.0,2700.0,2900.0,0110000,0,50,50,0,0,0,0,2277.3,-522.7,50.14,179.39,0.0,0.0,0.0,0
0.33,3.0,2700.0,2900.0,1000001,50,0,0,0,0,0,50,2133.1,-666.9,49.69,181.02,0.0,0.0,0.0,0
0.33,3.0,2700.0,2900.0,1000010,50,0,0,0,0,50,0,2181.2,-618.8,46.78,192.28,1.0,0.0,0.5,287155
0.33,3.0,2700.0,2900.0,1000100,50,0,0,0,50,0,0,2213.7,-586.3,51.61,174.3,0.0,0.0,0.0,0
0.33,3.0,2700.0,2900.0,1001000,50,0,0,50,0,0,0,2205.1,-594.9,49.42,182.02,1.0,0.0,0.5,177419
0.33,3.0,2700.0,2900.0,1010000,50,0,50,0,0,0,0,2529.4,-270.6,47.38,189.87,0.0,0.0,0.0,0
0.33,3.0,2700.0,2900.0,1100000,50,50,0,0,0,0,0,2264.7,-535.3,49.95,180.07,1.0,0.0,0.5,13
0.33,3.0,2800.0,3000.0,0000011,0,0,0,0,0,50,50,2139.8,-760.2,49.45,181.89,0.0,0.0,0.0,0
0.33,3.0,2800.0,3000.0,0000101,0,0,0,0,50,0,50,2158.9,-741.1,52.36,171.8,0.0,0.0,0.0,0
0.33,3.0,2800.0,3000.0,0000110,0,0,0,0,50,50,0,2056.8,-843.2,49.89,180.29,1.0,0.0,0.5,7381
0.33,3.0,2800.0,3000.0,0001001,0,0,0,50,0,0,50,2061.3,-838.7,51.87,173.43,0.0,0.0,0.0,0
0.33,3.0,2800.0,3000.0,0001010,0,0,0,50,0,50,0,2186.2,-713.8,49.86,180.41,1.0,0.0,0.5,183088
0.33,3.0,2800.0,3000.0,0001100,0,0,0,50,50,0,0,2072.2,-827.8,51.72,173.94,1.0,0.0,0.5,107
0.33,3.0,2800.0,3000.0,0010001,0,0,50,0,0,0,50,2276.5,-623.5,50.31,178.8,0.0,0.0,0.0,0
0.33,3.0,2800.0,3000.0,0010010,0,0,50,0,0,50,0,2240.6,-659.4,47.33,190.06,1.0,0.0,0.5,72227
0.33,3.0,2800.0,3000.0,0010100,0,0,50,0,50,0,0,2211.8,-688.2,51.41,174.96,0.0,0.0,0.0,0
0.33,3.0,2800.0,3000.0,0011000,0,0,50,50,0,0,0,2079.4,-820.6,49.96,180.06,1.0,0.0,0.5,98122
0.33,3.0,2800.0,3000.0,0100001,0,50,0,0,0,0,50,2226.9,-673.1,51.38,175.06,0.0,0.0,0.0,0
0.33,3.0,2800.0,3000.0,0100010,0,50,0,0,0,50,0,2217.1,-682.9,49.56,181.49,0.0,0.0,0.0,0
0.33,3.0,2800.0,3000.0,0100100,0,50,0,0,50,0,0,2316.0,-584.0,53.77,167.28,0.0,0.0,0.0,0
0.33,3.0,2800.0,3000.0,0101000,0,50,0,50,0,0,0,2240.2,-659.8,51.01,176.36,0.0,0.0,0.0,0
0.33,3.0,2800.0,3000.0,0110000,0,50,50,0,0,0,0,2277.3,-622.7,50.14,179.39,0.0,0.0,0.0,0
0.33,3.0,2800.0,3000.0,1000001,50,0,0,0,0,0,50,2133.1,-766.9,49.69,181.02,0.0,0.0,0.0,0
0.33,3.0,2800.0,3000.0,1000010,50,0,0,0,0,50,0,2181.2,-718.8,46.78,192.28,1.0,0.0,0.5,287155
0.33,3.0,2800.0,3000.0,1000100,50,0,0,0,50,0,0,2213.7,-686.3,51.61,174.3,0.0,0.0,0.0,0
0.33,3.0,2800.0,3000.0,1001000,50,0,0,50,0,0,0,2205.1,-694.9,49.42,182.02,1.0,0.0,0.5,177419
0.33,3.0,2800.0,3000.0,1010000,50,0,50,0,0,0,0,2529.4,-370.6,47.38,189.87,0.0,0.0,0.0,0
0.33,3.0,2800.0,3000.0,1100000,50,50,0,0,0,0,0,2264.7,-635.3,49.95,180.07,1.0,0.0,0.5,13
0.33,3.0,2900.0,3100.0,0000011,0,0,0,0,0,50,50,2139.8,-860.2,49.45,181.89,0.0,0.0,0.0,0
0.33,3.0,2900.0,3100.0,0000101,0,0,0,0,50,0,50,2158.9,-841.1,52.36,171.8,0.0,0.0,0.0,0
0.33,3.0,2900.0,3100.0,0000110,0,0,0,0,50,50,0,2056.8,-943.2,49.89,180.29,1.0,0.0,0.5,7381
0.33,3.0,2900.0,3100.0,0001001,0,0,0,50,0,0,50,2061.3,-938.7,51.87,173.43,0.0,0.0,0.0,0
0.33,3.0,2900.0,3100.0,0001010,0,0,0,50,0,50,0,2186.2,-813.8,49.86,180.41,1.0,0.0,0.5,183088
0.33,3.0,2900.0,3100.0,0001100,0,0,0,50,50,0,0,2072.2,-927.8,51.72,173.94,1.0,0.0,0.5,107
0.33,3.0,2900.0,3100.0,0010001,0,0,50,0,0,0,50,2276.5,-723.5,50.31,178.8,0.0,0.0,0.0,0
0.33,3.0,2900.0,3100.0,0010010,0,0,50,0,0,50,0,2240.6,-759.4,47.33,190.06,1.0,0.0,0.5,72227
0.33,3.0,2900.0,3100.0,0010100,0,0,50,0,50,0,0,2211.8,-788.2,51.41,174.96,0.0,0.0,0.0,0
0.33,3.0,2900.0,3100.0,0011000,0,0,50,50,0,0,0,2079.4,-920.6,49.96,180.06,1.0,0.0,0.5,98122
0.33,3.0,2900.0,3100.0,0100001,0,50,0,0,0,0,50,2226.9,-773.1,51.38,175.06,0.0,0.0,0.0,0
0.33,3.0,2900.0,3100.0,0100010,0,50,0,0,0,50,0,2217.1,-782.9,49.56,181.49,0.0,0.0,0.0,0
0.33,3.0,2900.0,3100.0,0100100,0,50,0,0,50,0,0,2316.0,-684.0,53.77,167.28,0.0,0.0,0.0,0
0.33,3.0,2900.0,3100.0,0101000,0,50,0,50,0,0,0,2240.2,-759.8,51.01,176.36,0.0,0.0,0.0,0
0.33,3.0,2900.0,3100.0,0110000,0,50,50,0,0,0,0,2277.3,-722.7,50.14,179.39,0.0,0.0,0.0,0
0.33,3.0,2900.0,3100.0,1000001,50,0,0,0,0,0,50,2133.1,-866.9,49.69,181.02,0.0,0.0,0.0,0
0.33,3.0,2900.0,3100.0,1000010,50,0,0,0,0,50,0,2181.2,-818.8,46.78,192.28,1.0,0.0,0.5,287155
0.33,3.0,2900.0,3100.0,1000100,50,0,0,0,50,0,0,2213.7,-786.3,51.61,174.3,0.0,0.0,0.0,0
0.33,3.0,2900.0,3100.0,1001000,50,0,0,50,0,0,0,2205.1,-794.9,49.42,182.02,1.0,0.0,0.5,177419
0.33,3.0,2900.0,3100.0,1010000,50,0,50,0,0,0,0,2529.4,-470.6,47.38,189.87,0.0,0.0,0.0,0
0.33,3.0,2900.0,3100.0,1100000,50,50,0,0,0,0,0,2264.7,-735.3,49.95,180.07,1.0,0.0,0.5,13
0.33,3.0,3000.0,3200.0,0000011,0,0,0,0,0,50,50,2139.8,-960.2,49.45,181.89,0.0,0.0,0.0,0
0.33,3.0,3000.0,3200.0,0000101,0,0,0,0,50,0,50,2158.9,-941.1,52.36,171.8,0.0,0.0,0.0,0
0.33,3.0,3000.0,3200.0,0000110,0,0,0,0,50,50,0,2056.8,-1043.2,49.89,180.29,1.0,0.0,0.5,7381
0.33,3.0,3000.0,3200.0,0001001,0,0,0,50,0,0,50,2061.3,-1038.7,51.87,173.43,0.0,0.0,0.0,0
0.33,3.0,3000.0,3200.0,0001010,0,0,0,50,0,50,0,2186.2,-913.8,49.86,180.41,1.0,0.0,0.5,183088
0.33,3.0,3000.0,3200.0,0001100,0,0,0,50,50,0,0,2072.2,-1027.8,51.72,173.94,1.0,0.0,0.5,107
0.33,3.0,3000.0,3200.0,0010001,0,0,50,0,0,0,50,2276.5,-823.5,50.31,178.8,0.0,0.0,0.0,0
0.33,3.0,3000.0,3200.0,0010010,0,0,50,0,0,50,0,2240.6,-859.4,47.33,190.06,1.0,0.0,0.5,72227
0.33,3.0,3000.0,3200.0,0010100,0,0,50,0,50,0,0,2211.8,-888.2,51.41,174.96,0.0,0.0,0.0,0
0.33,3.0,3000.0,3200.0,0011000,0,0,50,50,0,0,0,2079.4,-1020.6,49.96,180.06,1.0,0.0,0.5,98122
0.33,3.0,3000.0,3200.0,0100001,0,50,0,0,0,0,50,2226.9,-873.1,51.38,175.06,0.0,0.0,0.0,0
0.33,3.0,3000.0,3200.0,0100010,0,50,0,0,0,50,0,2217.1,-882.9,49.56,181.49,0.0,0.0,0.0,0
0.33,3.0,3000.0,3200.0,0100100,0,50,0,0,50,0,0,2316.0,-784.0,53.77,167.28,0.0,0.0,0.0,0
0.33,3.0,3000.0,3200.0,0101000,0,50,0,50,0,0,0,2240.2,-859.8,51.01,176.36,0.0,0.0,0.0,0
0.33,3.0,3000.0,3200.0,0110000,0,50,50,0,0,0,0,2277.3,-822.7,50.14,179.39,0.0,0.0,0.0,0
0.33,3.0,3000.0,3200.0,1000001,50,0,0,0,0,0,50,2133.1,-966.9,49.69,181.02,0.0,0.0,0.0,0
0.33,3.0,3000.0,3200.0,1000010,50,0,0,0,0,50,0,2181.2,-918.8,46.78,192.28,1.0,0.0,0.5,287155
0.33,3.0,3000.0,3200.0,1000100,50,0,0,0,50,0,0,2213.7,-886.3,51.61,174.3,0.0,0.0,0.0,0
0.33,3.0,3000.0,3200.0,1001000,50,0,0,50,0,0,0,2205.1,-894.9,49.42,182.02,1.0,0.0,0.5,177419
0.33,3.0,3000.0,3200.0,1010000,50,0,50,0,0,0,0,2529.4,-570.6,47.38,189.87,0.0,0.0,0.0,0
0.33,3.0,3000.0,3200.0,1100000,50,50,0,0,0,0,0,2264.7,-835.3,49.95,180.07,1.0,0.0,0.5,13
0.33,3.0,3100.0,3300.0,0000011,0,0,0,0,0,50,50,2139.8,-1060.2,49.45,181.89,0.0,0.0,0.0,0
0.33,3.0,3100.0,3300.0,0000101,0,0,0,0,50,0,50,2158.9,-1041.1,52.36,171.8,0.0,0.0,0.0,0
0.33,3.0,3100.0,3300.0,0000110,0,0,0,0,50,50,0,2056.8,-1143.2,49.89,180.29,1.0,0.0,0.5,7381
0.33,3.0,3100.0,3300.0,0001001,0,0,0,50,0,0,50,2061.3,-1138.7,51.87,173.43,0.0,0.0,0.0,0
0.33,3.0,3100.0,3300.0,0001010,0,0,0,50,0,50,0,2186.2,-1013.8,49.86,180.41,1.0,0.0,0.5,183088
0.33,3.0,3100.0,3300.0,0001100,0,0,0,50,50,0,0,2072.2,-1127.8,51.72,173.94,1.0,0.0,0.5,107
0.33,3.0,3100.0,3300.0,0010001,0,0,50,0,0,0,50,2276.5,-923.5,50.31,178.8,0.0,0.0,0.0,0
0.33,3.0,3100.0,3300.0,0010010,0,0,50,0,0,50,0,2240.6,-959.4,47.33,190.06,1.0,0.0,0.5,72227
0.33,3.0,3100.0,3300.0,0010100,0,0,50,0,50,0,0,2211.8,-988.2,51.41,174.96,0.0,0.0,0.0,0
0.33,3.0,3100.0,3300.0,0011000,0,0,50,50,0,0,0,2079.4,-1120.6,49.96,180.06,1.0,0.0,0.5,98122
0.33,3.0,3100.0,3300.0,0100001,0,50,0,0,0,0,50,2226.9,-973.1,51.38,175.06,0.0,0.0,0.0,0
0.33,3.0,3100.0,3300.0,0100010,0,50,0,0,0,50,0,2217.1,-982.9,49.56,181.49,0.0,0.0,0.0,0
0.33,3.0,3100.0,3300.0,0100100,0,50,0,0,50,0,0,2316.0,-884.0,53.77,167.28,0.0,0.0,0.0,0
0.33,3.0,3100.0,3300.0,0101000,0,50,0,50,0,0,0,2240.2,-959.8,51.01,176.36,0.0,0.0,0.0,0
0.33,3.0,3100.0,3300.0,0110000,0,50,50,0,0,0,0,2277.3,-922.7,50.14,179.39,0.0,0.0,0.0,0
0.33,3.0,3100.0,3300.0,1000001,50,0,0,0,0,0,50,2133.1,-1066.9,49.69,181.02,0.0,0.0,0.0,0
0.33,3.0,3100.0,3300.0,1000010,50,0,0,0,0,50,0,2181.2,-1018.8,46.78,192.28,1.0,0.0,0.5,287155
0.33,3.0,3100.0,3300.0,1000100,50,0,0,0,50,0,0,2213.7,-986.3,51.61,174.3,0.0,0.0,0.0,0
0.33,3.0,3100.0,3300.0,1001000,50,0,0,50,0,0,0,2205.1,-994.9,49.42,182.02,1.0,0.0,0.5,177419
0.33,3.0,3100.0,3300.0,1010000,50,0,50,0,0,0,0,2529.4,-670.6,47.38,189.87,0.0,0.0,0.0,0
0.33,3.0,3100.0,3300.0,1100000,50,50,0,0,0,0,0,2264.7,-935.3,49.95,180.07,1.0,0.0,0.5,13
0.33,3.0,3200.0,3400.0,0000011,0,0,0,0,0,50,50,2139.8,-1160.2,49.45,181.89,0.0,0.0,0.0,0
0.33,3.0,3200.0,3400.0,0000101,0,0,0,0,50,0,50,2158.9,-1141.1,52.36,171.8,0.0,0.0,0.0,0
0.33,3.0,3200.0,3400.0,0000110,0,0,0,0,50,50,0,2056.8,-1243.2,49.89,180.29,1.0,0.0,0.5,7381
0.33,3.0,3200.0,3400.0,0001001,0,0,0,50,0,0,50,2061.3,-1238.7,51.87,173.43,0.0,0.0,0.0,0
0.33,3.0,3200.0,3400.0,0001010,0,0,0,50,0,50,0,2186.2,-1113.8,49.86,180.41,1.0,0.0,0.5,183088
0.33,3.0,3200.0,3400.0,0001100,0,0,0,50,50,0,0,2072.2,-1227.8,51.72,173.94,1.0,0.0,0.5,107
0.33,3.0,3200.0,3400.0,0010001,0,0,50,0,0,0,50,2276.5,-1023.5,50.31,178.8,0.0,0.0,0.0,0
0.33,3.0,3200.0,3400.0,0010010,0,0,50,0,0,50,0,2240.6,-1059.4,47.33,190.06,1.0,0.0,0.5,72227
0.33,3.0,3200.0,3400.0,0010100,0,0,50,0,50,0,0,2211.8,-1088.2,51.41,174.96,0.0,0.0,0.0,0
0.33,3.0,3200.0,3400.0,0011000,0,0,50,50,0,0,0,2079.4,-1220.6,49.96,180.06,1.0,0.0,0.5,98122
0.33,3.0,3200.0,3400.0,0100001,0,50,0,0,0,0,50,2226.9,-1073.1,51.38,175.06,0.0,0.0,0.0,0
0.33,3.0,3200.0,3400.0,0100010,0,50,0,0,0,50,0,2217.1,-1082.9,49.56,181.49,0.0,0.0,0.0,0
0.33,3.0,3200.0,3400.0,0100100,0,50,0,0,50,0,0,2316.0,-984.0,53.77,167.28,0.0,0.0,0.0,0
0.33,3.0,3200.0,3400.0,0101000,0,50,0,50,0,0,0,2240.2,-1059.8,51.01,176.36,0.0,0.0,0.0,0
0.33,3.0,3200.0,3400.0,0110000,0,50,50,0,0,0,0,2277.3,-1022.7,50.14,179.39,0.0,0.0,0.0,0
0.33,3.0,3200.0,3400.0,1000001,50,0,0,0,0,0,50,2133.1,-1166.9,49.69,181.02,0.0,0.0,0.0,0
0.33,3.0,3200.0,3400.0,1000010,50,0,0,0,0,50,0,2181.2,-1118.8,46.78,192.28,1.0,0.0,0.5,287155
0.33,3.0,3200.0,3400.0,1000100,50,0,0,0,50,0,0,2213.7,-1086.3,51.61,174.3,0.0,0.0,0.0,0
0.33,3.0,3200.0,3400.0,1001000,50,0,0,50,0,0,0,2205.1,-1094.9,49.42,182.02,1.0,0.0,0.5,177419
0.33,3.0,3200.0,3400.0,1010000,50,0,50,0,0,0,0,2529.4,-770.6,47.38,189.87,0.0,0.0,0.0,0
0.33,3.0,3200.0,3400.0,1100000,50,50,0,0,0,0,0,2264.7,-1035.3,49.95,180.07,1.0,0.0,0.5,13
0.33,3.0,3300.0,3500.0,0000011,0,0,0,0,0,50,50,2139.8,-1260.2,49.45,181.89,0.0,0.0,0.0,0
0.33,3.0,3300.0,3500.0,0000101,0,0,0,0,50,0,50,2158.9,-1241.1,52.36,171.8,0.0,0.0,0.0,0
0.33,3.0,3300.0,3500.0,0000110,0,0,0,0,50,50,0,2056.8,-1343.2,49.89,180.29,1.0,0.0,0.5,7381
0.33,3.0,3300.0,3500.0,0001001,0,0,0,50,0,0,50,2061.3,-1338.7,51.87,173.43,0.0,0.0,0.0,0
0.33,3.0,3300.0,3500.0,0001010,0,0,0,50,0,50,0,2186.2,-1213.8,49.86,180.41,1.0,0.0,0.5,183088
0.33,3.0,3300.0,3500.0,0001100,0,0,0,50,50,0,0,2072.2,-1327.8,51.72,173.94,1.0,0.0,0.5,107
0.33,3.0,3300.0,3500.0,0010001,0,0,50,0,0,0,50,2276.5,-1123.5,50.31,178.8,0.0,0.0,0.0,0
0.33,3.0,3300.0,3500.0,0010010,0,0,50,0,0,50,0,2240.6,-1159.4,47.33,190.06,1.0,0.0,0.5,72227
0.33,3.0,3300.0,3500.0,0010100,0,0,50,0,50,0,0,2211.8,-1188.2,51.41,174.96,0.0,0.0,0.0,0
0.33,3.0,3300.0,3500.0,0011000,0,0,50,50,0,0,0,2079.4,-1320.6,49.96,180.06,1.0,0.0,0.5,98122
0.33,3.0,3300.0,3500.0,0100001,0,50,0,0,0,0,50,2226.9,-1173.1,51.38,175.06,0.0,0.0,0.0,0
0.33,3.0,3300.0,3500.0,0100010,0,50,0,0,0,50,0,2217.1,-1182.9,49.56,181.49,0.0,0.0,0.0,0
0.33,3.0,3300.0,3500.0,0100100,0,50,0,0,50,0,0,2316.0,-1084.0,53.77,167.28,0.0,0.0,0.0,0
0.33,3.0,3300.0,3500.0,0101000,0,50,0,50,0,0,0,2240.2,-1159.8,51.01,176.36,0.0,0.0,0.0,0
0.33,3.0,3300.0,3500.0,0110000,0,50,50,0,0,0,0,2277.3,-1122.7,50.14,179.39,0.0,0.0,0.0,0
0.33,3.0,3300.0,3500.0,1000001,50,0,0,0,0,0,50,2133.1,-1266.9,49.69,181.02,0.0,0.0,0.0,0
0.33,3.0,3300.0,3500.0,1000010,50,0,0,0,0,50,0,2181.2,-1218.8,46.78,192.28,1.0,0.0,0.5,287155
0.33,3.0,3300.0,3500.0,1000100,50,0,0,0,50,0,0,2213.7,-1186.3,51.61,174.3,0.0,0.0,0.0,0
0.33,3.0,3300.0,3500.0,1001000,50,0,0,50,0,0,0,2205.1,-1194.9,49.42,182.02,1.0,0.0,0.5,177419
0.33,3.0,3300.0,3500.0,1010000,50,0,50,0,0,0,0,2529.4,-870.6,47.38,189.87,0.0,0.0,0.0,0
0.33,3.0,3300.0,3500.0,1100000,50,50,0,0,0,0,0,2264.7,-1135.3,49.95,180.07,1.0,0.0,0.5,13
0.33,3.0,3400.0,3600.0,0000011,0,0,0,0,0,50,50,2139.8,-1360.2,49.45,181.89,0.0,0.0,0.0,0
0.33,3.0,3400.0,3600.0,0000101,0,0,0,0,50,0,50,2158.9,-1341.1,52.36,171.8,0.0,0.0,0.0,0
0.33,3.0,3400.0,3600.0,0000110,0,0,0,0,50,50,0,2056.8,-1443.2,49.89,180.29,1.0,0.0,0.5,7381
0.33,3.0,3400.0,3600.0,0001001,0,0,0,50,0,0,50,2061.3,-1438.7,51.87,173.43,0.0,0.0,0.0,0
0.33,3.0,3400.0,3600.0,0001010,0,0,0,50,0,50,0,2186.2,-1313.8,49.86,180.41,1.0,0.0,0.5,183088
0.33,3.0,3400.0,3600.0,0001100,0,0,0,50,50,0,0,2072.2,-1427.8,51.72,173.94,1.0,0.0,0.5,107
0.33,3.0,3400.0,3600.0,0010001,0,0,50,0,0,0,50,2276.5,-1223.5,50.31,178.8,0.0,0.0,0.0,0
0.33,3.0,3400.0,3600.0,0010010,0,0,50,0,0,50,0,2240.6,-1259.4,47.33,190.06,1.0,0.0,0.5,72227
0.33,3.0,3400.0,3600.0,0010100,0,0,50,0,50,0,0,2211.8,-1288.2,51.41,174.96,0.0,0.0,0.0,0
0.33,3.0,3400.0,3600.0,0011000,0,0,50,50,0,0,0,2079.4,-1420.6,49.96,180.06,1.0,0.0,0.5,98122
0.33,3.0,3400.0,3600.0,0100001,0,50,0,0,0,0,50,2226.9,-1273.1,51.38,175.06,0.0,0.0,0.0,0
0.33,3.0,3400.0,3600.0,0100010,0,50,0,0,0,50,0,2217.1,-1282.9,49.56,181.49,0.0,0.0,0.0,0
0.33,3.0,3400.0,3600.0,0100100,0,50,0,0,50,0,0,2316.0,-1184.0,53.77,167.28,0.0,0.0,0.0,0
0.33,3.0,3400.0,3600.0,0101000,0,50,0,50,0,0,0,2240.2,-1259.8,51.01,176.36,0.0,0.0,0.0,0
0.33,3.0,3400.0,3600.0,0110000,0,50,50,0,0,0,0,2277.3,-1222.7,50.14,179.39,0.0,0.0,0.0,0
0.33,3.0,3400.0,3600.0,1000001,50,0,0,0,0,0,50,2133.1,-1366.9,49.69,181.02,0.0,0.0,0.0,0
0.33,3.0,3400.0,3600.0,1000010,50,0,0,0,0,50,0,2181.2,-1318.8,46.78,192.28,1.0,0.0,0.5,287155
0.33,3.0,3400.0,3600.0,1000100,50,0,0,0,50,0,0,2213.7,-1286.3,51.61,174.3,0.0,0.0,0.0,0
0.33,3.0,3400.0,3600.0,1001000,50,0,0,50,0,0,0,2205.1,-1294.9,49.42,182.02,1.0,0.0,0.5,177419
0.33,3.0,3400.0,3600.0,1010000,50,0,50,0,0,0,0,2529.4,-970.6,47.38,189.87,0.0,0.0,0.0,0
0.33,3.0,3400.0,3600.0,1100000,50,50,0,0,0,0,0,2264.7,-1235.3,49.95,180.07,1.0,0.0,0.5,13
0.33,3.0,3500.0,3700.0,0000011,0,0,0,0,0,50,50,2139.8,-1460.2,49.45,181.89,0.0,0.0,0.0,0
0.33,3.0,3500.0,3700.0,0000101,0,0,0,0,50,0,50,2158.9,-1441.1,52.36,171.8,0.0,0.0,0.0,0
0.33,3.0,3500.0,3700.0,0000110,0,0,0,0,50,50,0,2056.8,-1543.2,49.89,180.29,1.0,0.0,0.5,7381
0.33,3.0,3500.0,3700.0,0001001,0,0,0,50,0,0,50,2061.3,-1538.7,51.87,173.43,0.0,0.0,0.0,0
0.33,3.0,3500.0,3700.0,0001010,0,0,0,50,0,50,0,2186.2,-1413.8,49.86,180.41,1.0,0.0,0.5,183088
0.33,3.0,3500.0,3700.0,0001100,0,0,0,50,50,0,0,2072.2,-1527.8,51.72,173.94,1.0,0.0,0.5,107
0.33,3.0,3500.0,3700.0,0010001,0,0,50,0,0,0,50,2276.5,-1323.5,50.31,178.8,0.0,0.0,0.0,0
0.33,3.0,3500.0,3700.0,0010010,0,0,50,0,0,50,0,2240.6,-1359.4,47.33,190.06,1.0,0.0,0.5,72227
0.33,3.0,3500.0,3700.0,0010100,0,0,50,0,50,0,0,2211.8,-1388.2,51.41,174.96,0.0,0.0,0.0,0
0.33,3.0,3500.0,3700.0,0011000,0,0,50,50,0,0,0,2079.4,-1520.6,49.96,180.06,1.0,0.0,0.5,98122
0.33,3.0,3500.0,3700.0,0100001,0,50,0,0,0,0,50,2226.9,-1373.1,51.38,175.06,0.0,0.0,0.0,0
0.33,3.0,3500.0,3700.0,0100010,0,50,0,0,0,50,0,2217.1,-1382.9,49.56,181.49,0.0,0.0,0.0,0
0.33,3.0,3500.0,3700.0,0100100,0,50,0,0,50,0,0,2316.0,-1284.0,53.77,167.28,0.0,0.0,0.0,0
0.33,3.0,3500.0,3700.0,0101000,0,50,0,50,0,0,0,2240.2,-1359.8,51.01,176.36,0.0,0.0,0.0,0
0.33,3.0,3500.0,3700.0,0110000,0,50,50,0,0,0,0,2277.3,-1322.7,50.14,179.39,0.0,0.0,0.0,0
0.33,3.0,3500.0,3700.0,1000001,50,0,0,0,0,0,50,2133.1,-1466.9,49.69,181.02,0.0,0.0,0.0,0
0.33,3.0,3500.0,3700.0,1000010,50,0,0,0,0,50,0,2181.2,-1418.8,46.78,192.28,1.0,0.0,0.5,287155
0.33,3.0,3500.0,3700.0,1000100,50,0,0,0,50,0,0,2213.7,-1386.3,51.61,174.3,0.0,0.0,0.0,0
0.33,3.0,3500.0,3700.0,1001000,50,0,0,50,0,0,0,2205.1,-1394.9,49.42,182.02,1.0,0.0,0.5,177419
0.33,3.0,3500.0,3700.0,1010000,50,0,50,0,0,0,0,2529.4,-1070.6,47.38,189.87,0.0,0.0,0.0,0
0.33,3.0,3500.0,3700.0,1100000,50,50,0,0,0,0,0,2264.7,-1335.3,49.95,180.07,1.0,0.0,0.5,13
0.33,3.0,3600.0,3800.0,0000011,0,0,0,0,0,50,50,2139.8,-1560.2,49.45,181.89,0.0,0.0,0.0,0
0.33,3.0,3600.0,3800.0,0000101,0,0,0,0,50,0,50,2158.9,-1541.1,52.36,171.8,0.0,0.0,0.0,0
0.33,3.0,3600.0,3800.0,0000110,0,0,0,0,50,50,0,2056.8,-1643.2,49.89,180.29,1.0,0.0,0.5,7381
0.33,3.0,3600.0,3800.0,0001001,0,0,0,50,0,0,50,2061.3,-1638.7,51.87,173.43,0.0,0.0,0.0,0
0.33,3.0,3600.0,3800.0,0001010,0,0,0,50,0,50,0,2186.2,-1513.8,49.86,180.41,1.0,0.0,0.5,183088
0.33,3.0,3600.0,3800.0,0001100,0,0,0,50,50,0,0,2072.2,-1627.8,51.72,173.94,1.0,0.0,0.5,107
0.33,3.0,3600.0,3800.0,0010001,0,0,50,0,0,0,50,2276.5,-1423.5,50.31,178.8,0.0,0.0,0.0,0
0.33,3.0,3600.0,3800.0,0010010,0,0,50,0,0,50,0,2240.6,-1459.4,47.33,190.06,1.0,0.0,0.5,72227
0.33,3.0,3600.0,3800.0,0010100,0,0,50,0,50,0,0,2211.8,-1488.2,51.41,174.96,0.0,0.0,0.0,0
0.33,3.0,3600.0,3800.0,0011000,0,0,50,50,0,0,0,2079.4,-1620.6,49.96,180.06,1.0,0.0,0.5,98122
0.33,3.0,3600.0,3800.0,0100001,0,50,0,0,0,0,50,2226.9,-1473.1,51.38,175.06,0.0,0.0,0.0,0
0.33,3.0,3600.0,3800.0,0100010,0,50,0,0,0,50,0,2217.1,-1482.9,49.56,181.49,0.0,0.0,0.0,0
0.33,3.0,3600.0,3800.0,0100100,0,50,0,0,50,0,0,2316.0,-1384.0,53.77,167.28,0.0,0.0,0.0,0
0.33,3.0,3600.0,3800.0,0101000,0,50,0,50,0,0,0,2240.2,-1459.8,51.01,176.36,0.0,0.0,0.0,0
0.33,3.0,3600.0,3800.0,0110000,0,50,50,0,0,0,0,2277.3,-1422.7,50.14,179.39,0.0,0.0,0.0,0
0.33,3.0,3600.0,3800.0,1000001,50,0,0,0,0,0,50,2133.1,-1566.9,49.69,181.02,0.0,0.0,0.0,0
0.33,3.0,3600.0,3800.0,1000010,50,0,0,0,0,50,0,2181.2,-1518.8,46.78,192.28,1.0,0.0,0.5,287155
0.33,3.0,3600.0,3800.0,1000100,50,0,0,0,50,0,0,2213.7,-1486.3,51.61,174.3,0.0,0.0,0.0,0
0.33,3.0,3600.0,3800.0,1001000,50,0,0,50,0,0,0,2205.1,-1494.9,49.42,182.02,1.0,0.0,0.5,177419
0.33,3.0,3600.0,3800.0,1010000,50,0,50,0,0,0,0,2529.4,-1170.6,47.38,189.87,0.0,0.0,0.0,0
0.33,3.0,3600.0,3800.0,1100000,50,50,0,0,0,0,0,2264.7,-1435.3,49.95,180.07,1.0,0.0,0.5,13
0.33,3.0,2100.0,2300.0,0000111,0,0,0,0,39,50,50,2341.7,141.7,50.23,179.07,0.0,0.06,0.03,0
0.33,3.0,2100.0,2300.0,0001011,0,0,0,36,0,50,50,2348.5,148.5,51.37,175.09,1.0,0.01,0.51,38890
0.33,3.0,2100.0,2300.0,0001101,0,0,0,30,47,0,50,2346.5,146.5,52.84,170.24,0.0,0.02,0.01,0
0.33,3.0,2100.0,2300.0,0001110,0,0,0,43,50,50,0,2303.5,103.5,51.27,175.45,1.0,0.31,0.65,43074
0.33,3.0,2100.0,2300.0,0010011,0,0,33,0,0,50,50,2327.4,127.4,49.55,181.56,1.0,0.15,0.58,27394
0.33,3.0,2100.0,2300.0,0010110,0,0,39,0,50,50,0,2342.8,142.8,50.6,177.77,1.0,0.05,0.52,752
0.33,3.0,2100.0,2300.0,0011001,0,0,37,50,0,0,50,2344.8,144.8,52.03,172.9,1.0,0.03,0.52,43600
0.33,3.0,2100.0,2300.0,0011010,0,0,30,32,0,50,0,2328.6,128.6,47.9,187.78,1.0,0.14,0.57,16794
0.33,3.0,2100.0,2300.0,0011100,0,0,30,50,50,0,0,2259.3,59.3,52.03,172.87,1.0,0.6,0.8,20018
0.33,3.0,2100.0,2300.0,0100011,0,33,0,0,0,50,50,2343.2,143.2,49.4,182.08,0.0,0.05,0.02,0
0.33,3.0,2100.0,2300.0,0100101,0,31,0,0,50,0,50,2346.7,146.7,53.57,167.9,0.0,0.02,0.01,0
0.33,3.0,2100.0,2300.0,0100110,0,34,0,0,50,50,0,2349.9,149.9,51.87,173.42,0.0,0.0,0.0,0
0.33,3.0,2100.0,2300.0,0101001,0,31,0,50,0,0,50,2341.3,141.3,51.93,173.21,0.0,0.06,0.03,0
0.33,3.0,2100.0,2300.0,0101010,0,43,0,38,0,50,0,2337.8,137.8,50.63,177.66,1.0,0.08,0.54,70128
0.33,3.0,2100.0,2300.0,0101100,0,39,0,30,50,0,0,2348.9,148.9,53.51,168.1,0.0,0.01,0.0,0
0.33,3.0,2100.0,2300.0,0110001,0,38,30,0,0,0,50,2346.2,146.2,50.63,177.67,0.0,0.03,0.01,0
0.33,3.0,2100.0,2300.0,0110010,0,49,31,0,0,50,0,2346.2,146.2,49.67,181.09,1.0,0.03,0.51,82146
0.33,3.0,2100.0,2300.0,0110100,0,34,31,0,50,0,0,2348.4,148.4,53.14,169.28,0.0,0.01,0.01,0
0.33,3.0,2100.0,2300.0,0111000,0,46,30,48,0,0,0,2346.9,146.9,50.87,176.81,1.0,0.02,0.51,60629
0.33,3.0,2100.0,2300.0,1000011,44,0,0,0,0,50,50,2329.0,129.0,49.1,183.22,1.0,0.14,0.57,160983
0.33,3.0,2100.0,2300.0,1000101,30,0,0,0,44,0,50,2343.6,143.6,51.91,173.29,0.0,0.04,0.02,0
0.33,3.0,2100.0,2300.0,1000110,41,0,0,0,50,50,0,2326.6,126.6,50.86,176.85,1.0,0.16,0.58,51601
0.33,3.0,2100.0,2300.0,1001001,43,0,0,50,0,0,50,2341.8,141.8,51.6,174.31,1.0,0.05,0.53,42856
0.33,3.0,2100.0,2300.0,1001010,30,0,0,30,0,50,0,2225.7,25.7,48.47,185.57,1.0,0.83,0.91,55145
0.33,3.0,2100.0,2300.0,1001100,50,0,0,30,50,0,0,2339.5,139.5,52.4,171.66,1.0,0.07,0.53,42078
0.33,3.0,2100.0,2300.0,1010001,30,0,33,0,0,0,50,2343.7,143.7,50.21,179.14,0.0,0.04,0.02,0
0.33,3.0,2100.0,2300.0,1010010,30,0,30,0,0,50,0,2315.0,115.0,46.71,192.58,1.0,0.23,0.62,1849
0.33,3.0,2100.0,2300.0,1010100,38,0,30,0,50,0,0,2348.4,148.4,52.14,172.53,0.0,0.01,0.01,0
0.33,3.0,2100.0,2300.0,1011000,30,0,30,39,0,0,0,2053.4,-146.6,49.85,180.44,1.0,0.02,0.51,4513
0.33,3.0,2100.0,2300.0,1100001,30,43,0,0,0,0,50,2349.4,149.4,50.39,178.52,0.0,0.0,0.0,0
0.33,3.0,2100.0,2300.0,1100010,30,50,0,0,0,50,0,2345.4,145.4,49.55,181.53,1.0,0.03,0.52,267341
0.33,3.0,2100.0,2300.0,1100100,30,33,0,0,50,0,0,2344.8,144.8,53.1,169.39,0.0,0.03,0.02,0
0.33,3.0,2100.0,2300.0,1101000,30,50,0,48,0,0,0,2344.8,144.8,50.75,177.26,1.0,0.03,0.52,188512
0.33,3.0,2100.0,2300.0,1110000,30,50,31,0,0,0,0,2349.4,149.4,50.29,178.88,0.0,0.0,0.0,0
0.33,3.0,2200.0,2400.0,0000111,0,0,0,0,50,50,50,2434.5,134.5,51.04,176.25,0.0,0.1,0.05,0
0.33,3.0,2200.0,2400.0,0001011,0,0,0,43,0,50,50,2433.4,133.4,51.77,173.76,1.0,0.11,0.56,38890
0.33,3.0,2200.0,2400.0,0001101,0,0,0,43,50,0,50,2448.7,148.7,53.3,168.78,0.0,0.01,0.0,0
0.33,3.0,2200.0,2400.0,0001110,0,0,0,43,50,50,0,2303.5,3.5,51.27,175.45,1.0,0.98,0.99,43074
0.33,3.0,2200.0,2400.0,0010011,0,0,33,0,0,50,50,2327.4,27.4,49.55,181.56,1.0,0.82,0.91,27394
0.33,3.0,2200.0,2400.0,0010110,0,0,44,0,50,50,0,2447.7,147.7,50.8,177.08,1.0,0.02,0.51,752
0.33,3.0,2200.0,2400.0,0011001,0,0,42,50,0,0,50,2397.9,97.9,52.05,172.81,1.0,0.35,0.67,43600
0.33,3.0,2200.0,2400.0,0011010,0,0,30,33,0,50,0,2352.3,52.3,47.91,187.75,1.0,0.65,0.83,16794
0.33,3.0,2200.0,2400.0,0011100,0,0,30,50,50,0,0,2259.3,-40.7,52.03,172.87,1.0,0.73,0.86,20018
0.33,3.0,2200.0,2400.0,0100011,0,41,0,0,0,50,50,2440.5,140.5,49.94,180.13,0.0,0.06,0.03,0
0.33,3.0,2200.0,2400.0,0100101,0,43,0,0,50,0,50,2449.9,149.9,54.22,165.9,0.0,0.0,0.0,0
0.33,3.0,2200.0,2400.0,0100110,0,45,0,0,50,50,0,2442.3,142.3,52.86,170.19,0.0,0.05,0.03,0
0.33,3.0,2200.0,2400.0,0101001,0,38,0,50,0,0,50,2448.7,148.7,52.16,172.46,0.0,0.01,0.0,0
0.33,3.0,2200.0,2400.0,0101010,0,49,0,33,0,50,0,2450.0,150.0,50.83,176.96,1.0,0.0,0.5,70128
0.33,3.0,2200.0,2400.0,0101100,0,50,0,30,50,0,0,2448.6,148.6,54.01,166.54,0.0,0.01,0.0,0
0.33,3.0,2200.0,2400.0,0110001,0,48,30,0,0,0,50,2447.5,147.5,51.17,175.79,0.0,0.02,0.01,0
0.33,3.0,2200.0,2400.0,0110010,0,50,37,0,0,50,0,2448.7,148.7,50.02,179.84,1.0,0.01,0.5,82146
0.33,3.0,2200.0,2400.0,0110100,0,50,33,0,50,0,0,2444.4,144.4,54.18,166.04,0.0,0.04,0.02,0
0.33,3.0,2200.0,2400.0,0111000,0,50,30,44,0,0,0,2397.1,97.1,51.07,176.14,1.0,0.35,0.68,60629
0.33,3.0,2200.0,2400.0,1000011,46,0,0,0,0,50,50,2384.8,84.8,49.3,182.47,1.0,0.43,0.72,160983
0.33,3.0,2200.0,2400.0,1000101,36,0,0,0,50,0,50,2444.6,144.6,52.62,170.96,0.0,0.04,0.02,0
0.33,3.0,2200.0,2400.0,1000110,44,0,0,0,50,50,0,2433.3,133.3,51.44,174.85,1.0,0.11,0.56,51601
0.33,3.0,2200.0,2400.0,1001001,48,0,0,48,0,0,50,2447.9,147.9,51.65,174.15,1.0,0.01,0.51,42856
0.33,3.0,2200.0,2400.0,1001010,30,0,0,30,0,50,0,2225.7,-74.3,48.47,185.57,1.0,0.5,0.75,55145
0.33,3.0,2200.0,2400.0,1001100,50,0,0,30,50,0,0,2339.5,39.5,52.4,171.66,1.0,0.74,0.87,42078
0.33,3.0,2200.0,2400.0,1010001,31,0,42,0,0,0,50,2449.7,149.7,50.47,178.24,0.0,0.0,0.0,0
0.33,3.0,2200.0,2400.0,1010010,30,0,30,0,0,50,0,2315.0,15.0,46.71,192.58,1.0,0.9,0.95,1849
0.33,3.0,2200.0,2400.0,1010100,45,0,31,0,50,0,0,2446.2,146.2,52.52,171.26,0.0,0.03,0.01,0
0.33,3.0,2200.0,2400.0,1011000,30,0,30,47,0,0,0,2155.5,-144.5,49.18,182.9,1.0,0.04,0.52,4513
0.33,3.0,2200.0,2400.0,1100001,30,50,0,0,0,0,50,2427.9,127.9,50.9,176.72,0.0,0.15,0.07,0
0.33,3.0,2200.0,2400.0,1100010,38,50,0,0,0,50,0,2446.9,146.9,49.95,180.08,1.0,0.02,0.51,267341
0.33,3.0,2200.0,2400.0,1100100,30,45,0,0,50,0,0,2447.2,147.2,53.85,167.05,0.0,0.02,0.01,0
0.33,3.0,2200.0,2400.0,1101000,34,50,0,50,0,0,0,2413.0,113.0,50.78,177.14,1.0,0.25,0.62,188512
0.33,3.0,2200.0,2400.0,1110000,43,50,30,0,0,0,0,2446.2,146.2,50.9,176.73,0.0,0.03,0.01,0
0.33,3.0,2300.0,2500.0,0000111,0,0,0,0,50,50,50,2434.5,34.5,51.04,176.25,0.0,0.77,0.39,0
0.33,3.0,2300.0,2500.0,0001011,0,0,0,45,0,50,50,2469.8,69.8,51.84,173.53,1.0,0.53,0.77,38890
0.33,3.0,2300.0,2500.0,0001101,0,0,0,50,50,0,50,2485.6,85.6,53.38,168.5,0.0,0.43,0.21,0
0.33,3.0,2300.0,2500.0,0001110,0,0,0,43,50,50,0,2303.5,-96.5,51.27,175.45,1.0,0.36,0.68,43074
0.33,3.0,2300.0,2500.0,0010011,0,0,33,0,0,50,50,2327.4,-72.6,49.55,181.56,1.0,0.52,0.76,27394
0.33,3.0,2300.0,2500.0,0010110,0,0,47,0,50,50,0,2520.7,120.7,50.91,176.67,1.0,0.2,0.6,752
0.33,3.0,2300.0,2500.0,0011001,0,0,42,50,0,0,50,2397.9,-2.1,52.05,172.81,1.0,0.99,0.99,43600
0.33,3.0,2300.0,2500.0,0011010,0,0,30,33,0,50,0,2352.3,-47.7,47.91,187.75,1.0,0.68,0.84,16794
0.33,3.0,2300.0,2500.0,0011100,0,0,30,50,50,0,0,2259.3,-140.7,52.03,172.87,1.0,0.06,0.53,20018
0.33,3.0,2300.0,2500.0,0100011,0,49,0,0,0,50,50,2543.4,143.4,50.59,177.8,0.0,0.04,0.02,0
0.33,3.0,2300.0,2500.0,0100101,0,50,0,0,50,0,50,2507.3,107.3,54.63,164.67,0.0,0.28,0.14,0
0.33,3.0,2300.0,2500.0,0100110,0,50,0,0,50,50,0,2486.9,86.9,53.36,168.57,0.0,0.42,0.21,0
0.33,3.0,2300.0,2500.0,0101001,0,50,0,40,0,0,50,2545.7,145.7,52.4,171.66,0.0,0.03,0.01,0
0.33,3.0,2300.0,2500.0,0101010,0,50,0,37,0,50,0,2548.3,148.3,50.9,176.74,1.0,0.01,0.51,70128
0.33,3.0,2300.0,2500.0,0101100,0,50,0,38,50,0,0,2479.4,79.4,54.02,166.52,0.0,0.47,0.24,0
0.33,3.0,2300.0,2500.0,0110001,0,50,39,0,0,0,50,2546.5,146.5,51.43,174.9,0.0,0.02,0.01,0
0.33,3.0,2300.0,2500.0,0110010,0,50,38,0,0,50,0,2469.7,69.7,50.04,179.75,1.0,0.54,0.77,82146
0.33,3.0,2300.0,2500.0,0110100,0,50,46,0,50,0,0,2489.7,89.7,54.22,165.9,0.0,0.4,0.2,0
0.33,3.0,2300.0,2500.0,0111000,0,50,30,44,0,0,0,2397.1,-2.9,51.07,176.14,1.0,0.98,0.99,60629
0.33,3.0,2300.0,2500.0,1000011,47,0,0,0,0,50,50,2450.5,50.5,49.43,181.99,1.0,0.66,0.83,160983
0.33,3.0,2300.0,2500.0,1000101,48,0,0,0,50,0,50,2548.0,148.0,53.04,169.59,0.0,0.01,0.01,0
0.33,3.0,2300.0,2500.0,1000110,46,0,0,0,49,50,0,2519.2,119.2,51.81,173.63,1.0,0.21,0.6,51601
0.33,3.0,2300.0,2500.0,1001001,47,0,0,50,0,0,50,2469.2,69.2,51.67,174.09,1.0,0.54,0.77,42856
0.33,3.0,2300.0,2500.0,1001010,30,0,0,32,0,50,0,2253.8,-146.2,48.35,186.03,1.0,0.03,0.51,55145
0.33,3.0,2300.0,2500.0,1001100,50,0,0,30,50,0,0,2339.5,-60.5,52.4,171.66,1.0,0.6,0.8,42078
0.33,3.0,2300.0,2500.0,1010001,30,0,43,0,0,0,50,2450.9,50.9,50.47,178.22,0.0,0.66,0.33,0
0.33,3.0,2300.0,2500.0,1010010,30,0,30,0,0,50,0,2315.0,-85.0,46.71,192.58,1.0,0.43,0.72,1849
0.33,3.0,2300.0,2500.0,1010100,50,0,30,0,50,0,0,2541.5,141.5,52.82,170.29,0.0,0.06,0.03,0
0.33,3.0,2300.0,2500.0,1011000,31,0,30,50,0,0,0,2255.0,-145.0,48.84,184.18,1.0,0.03,0.52,4513
0.33,3.0,2300.0,2500.0,1100001,45,50,0,0,0,0,50,2549.8,149.8,51.02,176.32,0.0,0.0,0.0,0
0.33,3.0,2300.0,2500.0,1100010,41,50,0,0,0,50,0,2490.4,90.4,50.1,179.56,1.0,0.4,0.7,267341
0.33,3.0,2300.0,2500.0,1100100,44,50,0,0,50,0,0,2546.9,146.9,54.31,165.62,0.0,0.02,0.01,0
0.33,3.0,2300.0,2500.0,1101000,42,50,0,49,0,0,0,2547.3,147.3,50.82,177.01,1.0,0.02,0.51,188512
0.33,3.0,2300.0,2500.0,1110000,49,50,31,0,0,0,0,2546.2,146.2,51.14,175.9,0.0,0.03,0.01,0
0.33,3.0,2400.0,2600.0,0000111,0,0,0,0,50,50,50,2434.5,-65.5,51.04,176.25,0.0,0.56,0.28,0
0.33,3.0,2400.0,2600.0,0001011,0,0,0,45,0,50,50,2469.8,-30.2,51.84,173.53,1.0,0.8,0.9,38890
0.33,3.0,2400.0,2600.0,0001101,0,0,0,50,50,0,50,2485.6,-14.4,53.38,168.5,0.0,0.9,0.45,0
0.33,3.0,2400.0,2600.0,0001110,0,0,0,45,50,50,0,2355.9,-144.1,51.17,175.79,1.0,0.04,0.52,43074
0.33,3.0,2400.0,2600.0,0010011,0,0,36,0,0,50,50,2354.6,-145.4,49.51,181.69,1.0,0.03,0.52,27394
0.33,3.0,2400.0,2600.0,0010110,0,0,47,0,50,50,0,2520.7,20.7,50.91,176.67,1.0,0.86,0.93,752
0.33,3.0,2400.0,2600.0,0011001,0,0,42,50,0,0,50,2397.9,-102.1,52.05,172.81,1.0,0.32,0.66,43600
0.33,3.0,2400.0,2600.0,0011010,0,0,30,33,0,50,0,2352.3,-147.7,47.91,187.75,1.0,0.02,0.51,16794
0.33,3.0,2400.0,2600.0,0011100,0,0,40,45,50,0,0,2352.6,-147.4,51.93,173.21,1.0,0.02,0.51,20018
0.33,3.0,2400.0,2600.0,0100011,0,50,0,0,0,50,50,2555.7,55.7,50.67,177.53,0.0,0.63,0.31,0
0.33,3.0,2400.0,2600.0,0100101,0,50,0,0,50,0,50,2507.3,7.3,54.63,164.67,0.0,0.95,0.48,0
0.33,3.0,2400.0,2600.0,0100110,0,50,0,0,50,50,0,2486.9,-13.1,53.36,168.57,0.0,0.91,0.46,0
0.33,3.0,2400.0,2600.0,0101001,0,50,0,50,0,0,50,2622.3,122.3,52.69,170.73,0.0,0.18,0.09,0
0.33,3.0,2400.0,2600.0,0101010,0,50,0,39,0,50,0,2584.0,84.0,50.91,176.69,1.0,0.44,0.72,70128
0.33,3.0,2400.0,2600.0,0101100,0,50,0,38,50,0,0,2479.4,-20.6,54.02,166.52,0.0,0.86,0.43,0
0.33,3.0,2400.0,2600.0,0110001,0,50,50,0,0,0,50,2637.1,137.1,51.59,174.37,0.0,0.09,0.04,0
0.33,3.0,2400.0,2600.0,0110010,0,50,38,0,0,50,0,2469.7,-30.3,50.04,179.75,1.0,0.8,0.9,82146
0.33,3.0,2400.0,2600.0,0110100,0,50,46,0,50,0,0,2489.7,-10.3,54.22,165.9,0.0,0.93,0.47,0
0.33,3.0,2400.0,2600.0,0111000,0,50,30,44,0,0,0,2397.1,-102.9,51.07,176.14,1.0,0.31,0.66,60629
0.33,3.0,2400.0,2600.0,1000011,47,0,0,0,0,50,50,2450.5,-49.5,49.43,181.99,1.0,0.67,0.84,160983
0.33,3.0,2400.0,2600.0,1000101,50,0,0,0,50,0,50,2571.1,71.1,53.16,169.21,0.0,0.53,0.26,0
0.33,3.0,2400.0,2600.0,1000110,47,0,0,0,50,50,0,2629.9,129.9,52.21,172.29,1.0,0.13,0.57,51601
0.33,3.0,2400.0,2600.0,1001001,47,0,0,50,0,0,50,2469.2,-30.8,51.67,174.09,1.0,0.79,0.9,42856
0.33,3.0,2400.0,2600.0,1001010,34,0,0,34,0,50,0,2354.0,-146.0,48.09,187.05,1.0,0.03,0.51,55145
0.33,3.0,2400.0,2600.0,1001100,50,0,0,33,50,0,0,2351.6,-148.4,52.37,171.78,1.0,0.01,0.51,42078
0.33,3.0,2400.0,2600.0,1010001,30,0,43,0,0,0,50,2450.9,-49.1,50.47,178.22,0.0,0.67,0.34,0
0.33,3.0,2400.0,2600.0,1010010,46,0,30,0,0,50,0,2646.2,146.2,46.71,192.56,1.0,0.03,0.51,1849
0.33,3.0,2400.0,2600.0,1010100,50,0,35,0,50,0,0,2620.3,120.3,52.93,169.96,0.0,0.2,0.1,0
0.33,3.0,2400.0,2600.0,1011000,34,0,30,50,0,0,0,2356.5,-143.5,48.59,185.13,1.0,0.04,0.52,4513
0.33,3.0,2400.0,2600.0,1100001,50,50,0,0,0,0,50,2603.8,103.8,51.14,175.91,0.0,0.31,0.15,0
0.33,3.0,2400.0,2600.0,1100010,41,50,0,0,0,50,0,2490.4,-9.6,50.1,179.56,1.0,0.94,0.97,267341
0.33,3.0,2400.0,2600.0,1100100,50,50,0,0,50,0,0,2578.0,78.0,54.45,165.2,0.0,0.48,0.24,0
0.33,3.0,2400.0,2600.0,1101000,47,50,0,45,0,0,0,2582.2,82.2,50.87,176.83,1.0,0.45,0.73,188512
0.33,3.0,2400.0,2600.0,1110000,50,50,30,0,0,0,0,2554.1,54.1,51.16,175.81,0.0,0.64,0.32,0
0.33,3.0,2500.0,2700.0,0000111,0,0,0,0,50,50,50,2434.5,-165.5,51.04,176.25,0.0,0.0,0.0,0
0.33,3.0,2500.0,2700.0,0001011,0,0,0,45,0,50,50,2469.8,-130.2,51.84,173.53,1.0,0.13,0.57,38890
0.33,3.0,2500.0,2700.0,0001101,0,0,0,50,50,0,50,2485.6,-114.4,53.38,168.5,0.0,0.24,0.12,0
0.33,3.0,2500.0,2700.0,0001110,0,0,0,48,50,50,0,2471.7,-128.3,50.81,177.05,1.0,0.14,0.57,43074
0.33,3.0,2500.0,2700.0,0010011,0,0,46,0,0,50,50,2519.7,-80.3,49.4,182.09,1.0,0.46,0.73,27394
0.33,3.0,2500.0,2700.0,0010110,0,0,47,0,50,50,0,2520.7,-79.3,50.91,176.67,1.0,0.47,0.74,752
0.33,3.0,2500.0,2700.0,0011001,0,0,46,50,0,0,50,2454.4,-145.6,51.91,173.3,1.0,0.03,0.51,43600
0.33,3.0,2500.0,2700.0,0011010,0,0,30,39,0,50,0,2490.0,-110.0,47.89,187.83,1.0,0.27,0.63,16794
0.33,3.0,2500.0,2700.0,0011100,0,0,43,50,50,0,0,2456.2,-143.8,51.67,174.08,1.0,0.04,0.52,20018
0.33,3.0,2500.0,2700.0,0100011,0,50,0,0,0,50,50,2555.7,-44.3,50.67,177.53,0.0,0.7,0.35,0
0.33,3.0,2500.0,2700.0,0100101,0,50,0,0,50,0,50,2507.3,-92.7,54.63,164.67,0.0,0.38,0.19,0
0.33,3.0,2500.0,2700.0,0100110,0,50,0,0,50,50,0,2486.9,-113.1,53.36,168.57,0.0,0.25,0.12,0
0.33,3.0,2500.0,2700.0,0101001,0,50,0,50,0,0,50,2622.3,22.3,52.69,170.73,0.0,0.85,0.43,0
0.33,3.0,2500.0,2700.0,0101010,0,50,0,39,0,50,0,2584.0,-16.0,50.91,176.69,1.0,0.89,0.95,70128
0.33,3.0,2500.0,2700.0,0101100,0,50,0,38,50,0,0,2479.4,-120.6,54.02,166.52,0.0,0.2,0.1,0
0.33,3.0,2500.0,2700.0,0110001,0,50,50,0,0,0,50,2637.1,37.1,51.59,174.37,0.0,0.75,0.38,0
0.33,3.0,2500.0,2700.0,0110010,0,50,38,0,0,50,0,2469.7,-130.3,50.04,179.75,1.0,0.13,0.57,82146
0.33,3.0,2500.0,2700.0,0110100,0,50,46,0,50,0,0,2489.7,-110.3,54.22,165.9,0.0,0.26,0.13,0
0.33,3.0,2500.0,2700.0,0111000,0,50,32,50,0,0,0,2452.3,-147.7,51.05,176.22,1.0,0.02,0.51,60629
0.33,3.0,2500.0,2700.0,1000011,47,0,0,0,0,50,50,2450.5,-149.5,49.43,181.99,1.0,0.0,0.5,160983
0.33,3.0,2500.0,2700.0,1000101,50,0,0,0,50,0,50,2571.1,-28.9,53.16,169.21,0.0,0.81,0.4,0
0.33,3.0,2500.0,2700.0,1000110,48,0,0,0,50,50,0,2722.7,122.7,52.22,172.25,1.0,0.18,0.59,51601
0.33,3.0,2500.0,2700.0,1001001,47,0,0,50,0,0,50,2469.2,-130.8,51.67,174.09,1.0,0.13,0.56,42856
0.33,3.0,2500.0,2700.0,1001010,47,0,0,37,0,50,0,2749.2,149.2,48.16,186.79,1.0,0.01,0.5,55145
0.33,3.0,2500.0,2700.0,1001100,50,0,0,44,50,0,0,2528.8,-71.2,52.34,171.88,1.0,0.53,0.76,42078
0.33,3.0,2500.0,2700.0,1010001,30,0,43,0,0,0,50,2450.9,-149.1,50.47,178.22,0.0,0.01,0.0,0
0.33,3.0,2500.0,2700.0,1010010,48,0,32,0,0,50,0,2748.2,148.2,47.18,190.64,1.0,0.01,0.51,1849
0.33,3.0,2500.0,2700.0,1010100,50,0,37,0,50,0,0,2677.1,77.1,52.94,169.91,0.0,0.49,0.24,0
0.33,3.0,2500.0,2700.0,1011000,37,0,30,49,0,0,0,2456.0,-144.0,48.36,186.01,1.0,0.04,0.52,4513
0.33,3.0,2500.0,2700.0,1100001,50,50,0,0,0,0,50,2603.8,3.8,51.14,175.91,0.0,0.97,0.49,0
0.33,3.0,2500.0,2700.0,1100010,41,50,0,0,0,50,0,2490.4,-109.6,50.1,179.56,1.0,0.27,0.63,267341
0.33,3.0,2500.0,2700.0,1100100,50,50,0,0,50,0,0,2578.0,-22.0,54.45,165.2,0.0,0.85,0.43,0
0.33,3.0,2500.0,2700.0,1101000,47,50,0,45,0,0,0,2582.2,-17.8,50.87,176.83,1.0,0.88,0.94,188512
0.33,3.0,2500.0,2700.0,1110000,50,50,30,0,0,0,0,2554.1,-45.9,51.16,175.81,0.0,0.69,0.35,0
0.33,3.0,2600.0,2800.0,0000111,0,0,0,0,50,50,50,2434.5,-265.5,51.04,176.25,0.0,0.0,0.0,0
0.33,3.0,2600.0,2800.0,0001011,0,0,0,49,0,50,50,2575.9,-124.1,51.53,174.57,1.0,0.17,0.59,38890
0.33,3.0,2600.0,2800.0,0001101,0,0,0,50,50,0,50,2485.6,-214.4,53.38,168.5,0.0,0.0,0.0,0
0.33,3.0,2600.0,2800.0,0001110,0,0,0,50,50,50,0,2541.3,-158.7,50.34,178.7,1.0,0.0,0.5,43074
0.33,3.0,2600.0,2800.0,0010011,0,0,47,0,0,50,50,2563.5,-136.5,49.38,182.18,1.0,0.09,0.54,27394
0.33,3.0,2600.0,2800.0,0010110,0,0,49,0,50,50,0,2576.6,-123.4,50.73,177.33,1.0,0.18,0.59,752
0.33,3.0,2600.0,2800.0,0011001,0,0,50,50,0,0,50,2548.7,-151.3,51.43,174.89,1.0,0.0,0.5,43600
0.33,3.0,2600.0,2800.0,0011010,0,0,30,42,0,50,0,2550.4,-149.6,47.88,187.88,1.0,0.0,0.5,16794
0.33,3.0,2600.0,2800.0,0011100,0,0,50,50,50,0,0,2545.3,-154.7,51.07,176.14,1.0,0.0,0.5,20018
0.33,3.0,2600.0,2800.0,0100011,0,50,0,0,0,50,50,2555.7,-144.3,50.67,177.53,0.0,0.04,0.02,0
0.33,3.0,2600.0,2800.0,0100101,0,50,0,0,50,0,50,2507.3,-192.7,54.63,164.67,0.0,0.0,0.0,0
0.33,3.0,2600.0,2800.0,0100110,0,50,0,0,50,50,0,2486.9,-213.1,53.36,168.57,0.0,0.0,0.0,0
0.33,3.0,2600.0,2800.0,0101001,0,50,0,50,0,0,50,2622.3,-77.7,52.69,170.73,0.0,0.48,0.24,0
0.33,3.0,2600.0,2800.0,0101010,0,50,0,39,0,50,0,2584.0,-116.0,50.91,176.69,1.0,0.23,0.61,70128
0.33,3.0,2600.0,2800.0,0101100,0,50,0,50,50,0,0,2518.7,-181.3,53.97,166.69,0.0,0.0,0.0,0
0.33,3.0,2600.0,2800.0,0110001,0,50,50,0,0,0,50,2637.1,-62.9,51.59,174.37,0.0,0.58,0.29,0
0.33,3.0,2600.0,2800.0,0110010,0,50,42,0,0,50,0,2577.8,-122.2,49.04,183.44,1.0,0.19,0.59,82146
0.33,3.0,2600.0,2800.0,0110100,0,50,50,0,50,0,0,2506.9,-193.1,54.22,165.9,0.0,0.0,0.0,0
0.33,3.0,2600.0,2800.0,0111000,0,50,40,50,0,0,0,2557.6,-142.4,50.94,176.59,1.0,0.05,0.53,60629
0.33,3.0,2600.0,2800.0,1000011,49,0,0,0,0,50,50,2591.7,-108.3,48.96,183.73,1.0,0.28,0.64,160983
0.33,3.0,2600.0,2800.0,1000101,50,0,0,0,50,0,50,2571.1,-128.9,53.16,169.21,0.0,0.14,0.07,0
0.33,3.0,2600.0,2800.0,1000110,48,0,0,0,50,50,0,2722.7,22.7,52.22,172.25,1.0,0.85,0.92,51601
0.33,3.0,2600.0,2800.0,1001001,48,0,0,50,0,0,50,2550.7,-149.3,51.57,174.41,1.0,0.0,0.5,42856
0.33,3.0,2600.0,2800.0,1001010,50,0,0,31,0,50,0,2847.7,147.7,48.45,185.64,1.0,0.02,0.51,55145
0.33,3.0,2600.0,2800.0,1001100,50,0,0,45,50,0,0,2569.5,-130.5,52.32,171.93,1.0,0.13,0.57,42078
0.33,3.0,2600.0,2800.0,1010001,47,0,33,0,0,0,50,2554.5,-145.5,50.29,178.87,0.0,0.03,0.02,0
0.33,3.0,2600.0,2800.0,1010010,50,0,34,0,0,50,0,2846.4,146.4,47.53,189.26,1.0,0.02,0.51,1849
0.33,3.0,2600.0,2800.0,1010100,50,0,37,0,50,0,0,2677.1,-22.9,52.94,169.91,0.0,0.85,0.42,0
0.33,3.0,2600.0,2800.0,1011000,50,0,43,39,0,0,0,2846.4,146.4,48.8,184.34,1.0,0.02,0.51,4513
0.33,3.0,2600.0,2800.0,1100001,50,50,0,0,0,0,50,2603.8,-96.2,51.14,175.91,0.0,0.36,0.18,0
0.33,3.0,2600.0,2800.0,1100010,44,50,0,0,0,50,0,2581.4,-118.6,49.3,182.47,1.0,0.21,0.6,267341
0.33,3.0,2600.0,2800.0,1100100,50,50,0,0,50,0,0,2578.0,-122.0,54.45,165.2,0.0,0.19,0.09,0
0.33,3.0,2600.0,2800.0,1101000,47,50,0,45,0,0,0,2582.2,-117.8,50.87,176.83,1.0,0.21,0.61,188512
0.33,3.0,2600.0,2800.0,1110000,50,50,30,0,0,0,0,2554.1,-145.9,51.16,175.81,0.0,0.03,0.01,0
0.33,3.0,2700.0,2900.0,0000111,0,0,0,0,50,50,50,2434.5,-365.5,51.04,176.25,0.0,0.0,0.0,0
0.33,3.0,2700.0,2900.0,0001011,0,0,0,50,0,50,50,2620.8,-179.2,51.41,174.96,1.0,0.0,0.5,38890
0.33,3.0,2700.0,2900.0,0001101,0,0,0,50,50,0,50,2485.6,-314.4,53.38,168.5,0.0,0.0,0.0,0
0.33,3.0,2700.0,2900.0,0001110,0,0,0,50,50,50,0,2541.3,-258.7,50.34,178.7,1.0,0.0,0.5,43074
0.33,3.0,2700.0,2900.0,0010011,0,0,49,0,0,50,50,2673.2,-126.8,49.31,182.43,1.0,0.15,0.58,27394
0.33,3.0,2700.0,2900.0,0010110,0,0,50,0,50,50,0,2603.3,-196.7,50.55,177.96,1.0,0.0,0.5,752
0.33,3.0,2700.0,2900.0,0011001,0,0,50,50,0,0,50,2548.7,-251.3,51.43,174.89,1.0,0.0,0.5,43600
0.33,3.0,2700.0,2900.0,0011010,0,0,30,49,0,50,0,2659.4,-140.6,47.85,187.99,1.0,0.06,0.53,16794
0.33,3.0,2700.0,2900.0,0011100,0,0,50,50,50,0,0,2545.3,-254.7,51.07,176.14,1.0,0.0,0.5,20018
0.33,3.0,2700.0,2900.0,0100011,0,50,0,0,0,50,50,2555.7,-244.3,50.67,177.53,0.0,0.0,0.0,0
0.33,3.0,2700.0,2900.0,0100101,0,50,0,0,50,0,50,2507.3,-292.7,54.63,164.67,0.0,0.0,0.0,0
0.33,3.0,2700.0,2900.0,0100110,0,50,0,0,50,50,0,2486.9,-313.1,53.36,168.57,0.0,0.0,0.0,0
0.33,3.0,2700.0,2900.0,0101001,0,50,0,50,0,0,50,2622.3,-177.7,52.69,170.73,0.0,0.0,0.0,0
0.33,3.0,2700.0,2900.0,0101010,0,50,0,43,0,50,0,2658.7,-141.3,50.63,177.65,1.0,0.06,0.53,70128
0.33,3.0,2700.0,2900.0,0101100,0,50,0,50,50,0,0,2518.7,-281.3,53.97,166.69,0.0,0.0,0.0,0
0.33,3.0,2700.0,2900.0,0110001,0,50,50,0,0,0,50,2637.1,-162.9,51.59,174.37,0.0,0.0,0.0,0
0.33,3.0,2700.0,2900.0,0110010,0,50,45,0,0,50,0,2671.0,-129.0,48.05,187.21,1.0,0.14,0.57,82146
0.33,3.0,2700.0,2900.0,0110100,0,50,50,0,50,0,0,2506.9,-293.1,54.22,165.9,0.0,0.0,0.0,0
0.33,3.0,2700.0,2900.0,0111000,0,50,49,50,0,0,0,2660.0,-140.0,48.43,185.74,1.0,0.07,0.53,60629
0.33,3.0,2700.0,2900.0,1000011,50,0,0,0,0,50,50,2631.1,-168.9,48.47,185.59,1.0,0.0,0.5,160983
0.33,3.0,2700.0,2900.0,1000101,50,0,0,0,50,0,50,2571.1,-228.9,53.16,169.21,0.0,0.0,0.0,0
0.33,3.0,2700.0,2900.0,1000110,48,0,0,0,50,50,0,2722.7,-77.3,52.22,172.25,1.0,0.48,0.74,51601
0.33,3.0,2700.0,2900.0,1001001,50,0,0,50,0,0,50,2670.3,-129.7,51.16,175.81,1.0,0.14,0.57,42856
0.33,3.0,2700.0,2900.0,1001010,50,0,0,35,0,50,0,2938.3,138.3,48.74,184.54,1.0,0.08,0.54,55145
0.33,3.0,2700.0,2900.0,1001100,50,0,0,48,50,0,0,2672.4,-127.6,52.12,172.6,1.0,0.15,0.57,42078
0.33,3.0,2700.0,2900.0,1010001,35,0,50,0,0,0,50,2668.2,-131.8,49.97,180.01,0.0,0.12,0.06,0
0.33,3.0,2700.0,2900.0,1010010,50,0,41,0,0,50,0,2937.3,137.3,47.74,188.43,1.0,0.08,0.54,1849
0.33,3.0,2700.0,2900.0,1010100,50,0,37,0,50,0,0,2677.1,-122.9,52.94,169.91,0.0,0.18,0.09,0
0.33,3.0,2700.0,2900.0,1011000,50,0,42,46,0,0,0,2946.7,146.7,49.06,183.35,1.0,0.02,0.51,4513
0.33,3.0,2700.0,2900.0,1100001,50,50,0,0,0,0,50,2603.8,-196.2,51.14,175.91,0.0,0.0,0.0,0
0.33,3.0,2700.0,2900.0,1100010,49,46,0,0,0,50,0,2653.7,-146.3,48.65,184.89,1.0,0.02,0.51,267341
0.33,3.0,2700.0,2900.0,1100100,50,50,0,0,50,0,0,2578.0,-222.0,54.45,165.2,0.0,0.0,0.0,0
0.33,3.0,2700.0,2900.0,1101000,50,50,0,44,0,0,0,2660.7,-139.3,50.65,177.61,1.0,0.07,0.54,188512
0.33,3.0,2700.0,2900.0,1110000,50,50,35,0,0,0,0,2668.3,-131.7,50.94,176.58,0.0,0.12,0.06,0
0.33,3.0,2800.0,3000.0,0000111,0,0,0,0,50,50,50,2434.5,-465.5,51.04,176.25,0.0,0.0,0.0,0
0.33,3.0,2800.0,3000.0,0001011,0,0,0,50,0,50,50,2620.8,-279.2,51.41,174.96,1.0,0.0,0.5,38890
0.33,3.0,2800.0,3000.0,0001101,0,0,0,50,50,0,50,2485.6,-414.4,53.38,168.5,0.0,0.0,0.0,0
0.33,3.0,2800.0,3000.0,0001110,0,0,0,50,50,50,0,2541.3,-358.7,50.34,178.7,1.0,0.0,0.5,43074
0.33,3.0,2800.0,3000.0,0010011,0,0,50,0,0,50,50,2710.9,-189.1,49.2,182.82,1.0,0.0,0.5,27394
0.33,3.0,2800.0,3000.0,0010110,0,0,50,0,50,50,0,2603.3,-296.7,50.55,177.96,1.0,0.0,0.5,752
0.33,3.0,2800.0,3000.0,0011001,0,0,50,50,0,0,50,2548.7,-351.3,51.43,174.89,1.0,0.0,0.5,43600
0.33,3.0,2800.0,3000.0,0011010,0,0,50,50,0,50,0,2825.4,-74.6,47.47,189.48,1.0,0.5,0.75,16794
0.33,3.0,2800.0,3000.0,0011100,0,0,50,50,50,0,0,2545.3,-354.7,51.07,176.14,1.0,0.0,0.5,20018
0.33,3.0,2800.0,3000.0,0100011,0,50,0,0,0,50,50,2555.7,-344.3,50.67,177.53,0.0,0.0,0.0,0
0.33,3.0,2800.0,3000.0,0100101,0,50,0,0,50,0,50,2507.3,-392.7,54.63,164.67,0.0,0.0,0.0,0
0.33,3.0,2800.0,3000.0,0100110,0,50,0,0,50,50,0,2486.9,-413.1,53.36,168.57,0.0,0.0,0.0,0
0.33,3.0,2800.0,3000.0,0101001,0,50,0,50,0,0,50,2622.3,-277.7,52.69,170.73,0.0,0.0,0.0,0
0.33,3.0,2800.0,3000.0,0101010,0,50,0,48,0,50,0,2757.1,-142.9,49.15,183.0,1.0,0.05,0.52,70128
0.33,3.0,2800.0,3000.0,0101100,0,50,0,50,50,0,0,2518.7,-381.3,53.97,166.69,0.0,0.0,0.0,0
0.33,3.0,2800.0,3000.0,0110001,0,50,50,0,0,0,50,2637.1,-262.9,51.59,174.37,0.0,0.0,0.0,0
0.33,3.0,2800.0,3000.0,0110010,0,50,48,0,0,50,0,2764.7,-135.3,47.4,189.76,1.0,0.1,0.55,82146
0.33,3.0,2800.0,3000.0,0110100,0,50,50,0,50,0,0,2506.9,-393.1,54.22,165.9,0.0,0.0,0.0,0
0.33,3.0,2800.0,3000.0,0111000,0,50,50,50,0,0,0,2677.7,-222.3,48.15,186.8,1.0,0.0,0.5,60629
0.33,3.0,2800.0,3000.0,1000011,50,0,0,0,0,50,50,2631.1,-268.9,48.47,185.59,1.0,0.0,0.5,160983
0.33,3.0,2800.0,3000.0,1000101,50,0,0,0,50,0,50,2571.1,-328.9,53.16,169.21,0.0,0.0,0.0,0
0.33,3.0,2800.0,3000.0,1000110,49,0,0,0,50,50,0,2777.8,-122.2,52.16,172.45,1.0,0.19,0.59,51601
0.33,3.0,2800.0,3000.0,1001001,50,0,0,50,0,0,50,2670.3,-229.7,51.16,175.81,1.0,0.0,0.5,42856
0.33,3.0,2800.0,3000.0,1001010,50,0,0,41,0,50,0,3040.7,140.7,49.04,183.41,1.0,0.06,0.53,55145
0.33,3.0,2800.0,3000.0,1001100,50,0,0,50,50,0,0,2717.6,-182.4,52.01,172.96,1.0,0.0,0.5,42078
0.33,3.0,2800.0,3000.0,1010001,39,0,50,0,0,0,50,2756.3,-143.7,49.32,182.38,0.0,0.04,0.02,0
0.33,3.0,2800.0,3000.0,1010010,50,0,48,0,0,50,0,3043.6,143.6,47.85,187.99,1.0,0.04,0.52,1849
0.33,3.0,2800.0,3000.0,1010100,50,0,40,0,50,0,0,2752.5,-147.5,52.77,170.46,0.0,0.02,0.01,0
0.33,3.0,2800.0,3000.0,1011000,50,0,43,50,0,0,0,3043.2,143.2,49.23,182.71,1.0,0.05,0.52,4513
0.33,3.0,2800.0,3000.0,1100001,50,50,0,0,0,0,50,2603.8,-296.2,51.14,175.91,0.0,0.0,0.0,0
0.33,3.0,2800.0,3000.0,1100010,50,47,0,0,0,50,0,2755.0,-145.0,48.1,187.02,1.0,0.03,0.52,267341
0.33,3.0,2800.0,3000.0,1100100,50,50,0,0,50,0,0,2578.0,-322.0,54.45,165.2,0.0,0.0,0.0,0
0.33,3.0,2800.0,3000.0,1101000,50,50,0,48,0,0,0,2759.8,-140.2,49.79,180.66,1.0,0.07,0.53,188512
0.33,3.0,2800.0,3000.0,1110000,50,50,39,0,0,0,0,2761.3,-138.7,49.69,181.02,0.0,0.08,0.04,0
0.33,3.0,2900.0,3100.0,0000111,0,0,0,0,50,50,50,2434.5,-565.5,51.04,176.25,0.0,0.0,0.0,0
0.33,3.0,2900.0,3100.0,0001011,0,0,0,50,0,50,50,2620.8,-379.2,51.41,174.96,1.0,0.0,0.5,38890
0.33,3.0,2900.0,3100.0,0001101,0,0,0,50,50,0,50,2485.6,-514.4,53.38,168.5,0.0,0.0,0.0,0
0.33,3.0,2900.0,3100.0,0001110,0,0,0,50,50,50,0,2541.3,-458.7,50.34,178.7,1.0,0.0,0.5,43074
0.33,3.0,2900.0,3100.0,0010011,0,0,50,0,0,50,50,2710.9,-289.1,49.2,182.82,1.0,0.0,0.5,27394
0.33,3.0,2900.0,3100.0,0010110,0,0,50,0,50,50,0,2603.3,-396.7,50.55,177.96,1.0,0.0,0.5,752
0.33,3.0,2900.0,3100.0,0011001,0,0,50,50,0,0,50,2548.7,-451.3,51.43,174.89,1.0,0.0,0.5,43600
0.33,3.0,2900.0,3100.0,0011010,0,0,50,50,0,50,0,2825.4,-174.6,47.47,189.48,1.0,0.0,0.5,16794
0.33,3.0,2900.0,3100.0,0011100,0,0,50,50,50,0,0,2545.3,-454.7,51.07,176.14,1.0,0.0,0.5,20018
0.33,3.0,2900.0,3100.0,0100011,0,50,0,0,0,50,50,2555.7,-444.3,50.67,177.53,0.0,0.0,0.0,0
0.33,3.0,2900.0,3100.0,0100101,0,50,0,0,50,0,50,2507.3,-492.7,54.63,164.67,0.0,0.0,0.0,0
0.33,3.0,2900.0,3100.0,0100110,0,50,0,0,50,50,0,2486.9,-513.1,53.36,168.57,0.0,0.0,0.0,0
0.33,3.0,2900.0,3100.0,0101001,0,50,0,50,0,0,50,2622.3,-377.7,52.69,170.73,0.0,0.0,0.0,0
0.33,3.0,2900.0,3100.0,0101010,0,50,0,50,0,50,0,2795.4,-204.6,48.61,185.04,1.0,0.0,0.5,70128
0.33,3.0,2900.0,3100.0,0101100,0,50,0,50,50,0,0,2518.7,-481.3,53.97,166.69,0.0,0.0,0.0,0
0.33,3.0,2900.0,3100.0,0110001,0,50,50,0,0,0,50,2637.1,-362.9,51.59,174.37,0.0,0.0,0.0,0
0.33,3.0,2900.0,3100.0,0110010,0,50,50,0,0,50,0,2805.0,-195.0,47.16,190.75,1.0,0.0,0.5,82146
0.33,3.0,2900.0,3100.0,0110100,0,50,50,0,50,0,0,2506.9,-493.1,54.22,165.9,0.0,0.0,0.0,0
0.33,3.0,2900.0,3100.0,0111000,0,50,50,50,0,0,0,2677.7,-322.3,48.15,186.8,1.0,0.0,0.5,60629
0.33,3.0,2900.0,3100.0,1000011,50,0,0,0,0,50,50,2631.1,-368.9,48.47,185.59,1.0,0.0,0.5,160983
0.33,3.0,2900.0,3100.0,1000101,50,0,0,0,50,0,50,2571.1,-428.9,53.16,169.21,0.0,0.0,0.0,0
0.33,3.0,2900.0,3100.0,1000110,50,0,0,0,50,50,0,2818.4,-181.6,52.06,172.79,1.0,0.0,0.5,51601
0.33,3.0,2900.0,3100.0,1001001,50,0,0,50,0,0,50,2670.3,-329.7,51.16,175.81,1.0,0.0,0.5,42856
0.33,3.0,2900.0,3100.0,1001010,50,0,0,47,0,50,0,3141.6,141.6,49.32,182.38,1.0,0.06,0.53,55145
0.33,3.0,2900.0,3100.0,1001100,50,0,0,50,50,0,0,2717.6,-282.4,52.01,172.96,1.0,0.0,0.5,42078
0.33,3.0,2900.0,3100.0,1010001,50,0,50,0,0,0,50,3016.4,16.4,48.73,184.59,0.0,0.89,0.45,0
0.33,3.0,2900.0,3100.0,1010010,50,0,48,0,0,50,0,3043.6,43.6,47.85,187.99,1.0,0.71,0.85,1849
0.33,3.0,2900.0,3100.0,1010100,50,0,46,0,50,0,0,2863.5,-136.5,51.67,174.1,0.0,0.09,0.05,0
0.33,3.0,2900.0,3100.0,1011000,50,0,50,50,0,0,0,3123.3,123.3,49.34,182.31,1.0,0.18,0.59,4513
0.33,3.0,2900.0,3100.0,1100001,50,50,0,0,0,0,50,2603.8,-396.2,51.14,175.91,0.0,0.0,0.0,0
0.33,3.0,2900.0,3100.0,1100010,50,50,0,0,0,50,0,2815.2,-184.8,47.72,188.49,1.0,0.0,0.5,267341
0.33,3.0,2900.0,3100.0,1100100,50,50,0,0,50,0,0,2578.0,-422.0,54.45,165.2,0.0,0.0,0.0,0
0.33,3.0,2900.0,3100.0,1101000,50,50,0,50,0,0,0,2809.1,-190.9,49.3,182.45,1.0,0.0,0.5,188512
0.33,3.0,2900.0,3100.0,1110000,50,50,45,0,0,0,0,2850.7,-149.3,48.27,186.34,0.0,0.0,0.0,0
0.33,3.0,3000.0,3200.0,0000111,0,0,0,0,50,50,50,2434.5,-665.5,51.04,176.25,0.0,0.0,0.0,0
0.33,3.0,3000.0,3200.0,0001011,0,0,0,50,0,50,50,2620.8,-479.2,51.41,174.96,1.0,0.0,0.5,38890
0.33,3.0,3000.0,3200.0,0001101,0,0,0,50,50,0,50,2485.6,-614.4,53.38,168.5,0.0,0.0,0.0,0
0.33,3.0,3000.0,3200.0,0001110,0,0,0,50,50,50,0,2541.3,-558.7,50.34,178.7,1.0,0.0,0.5,43074
0.33,3.0,3000.0,3200.0,0010011,0,0,50,0,0,50,50,2710.9,-389.1,49.2,182.82,1.0,0.0,0.5,27394
0.33,3.0,3000.0,3200.0,0010110,0,0,50,0,50,50,0,2603.3,-496.7,50.55,177.96,1.0,0.0,0.5,752
0.33,3.0,3000.0,3200.0,0011001,0,0,50,50,0,0,50,2548.7,-551.3,51.43,174.89,1.0,0.0,0.5,43600
0.33,3.0,3000.0,3200.0,0011010,0,0,50,50,0,50,0,2825.4,-274.6,47.47,189.48,1.0,0.0,0.5,16794
0.33,3.0,3000.0,3200.0,0011100,0,0,50,50,50,0,0,2545.3,-554.7,51.07,176.14,1.0,0.0,0.5,20018
0.33,3.0,3000.0,3200.0,0100011,0,50,0,0,0,50,50,2555.7,-544.3,50.67,177.53,0.0,0.0,0.0,0
0.33,3.0,3000.0,3200.0,0100101,0,50,0,0,50,0,50,2507.3,-592.7,54.63,164.67,0.0,0.0,0.0,0
0.33,3.0,3000.0,3200.0,0100110,0,50,0,0,50,50,0,2486.9,-613.1,53.36,168.57,0.0,0.0,0.0,0
0.33,3.0,3000.0,3200.0,0101001,0,50,0,50,0,0,50,2622.3,-477.7,52.69,170.73,0.0,0.0,0.0,0
0.33,3.0,3000.0,3200.0,0101010,0,50,0,50,0,50,0,2795.4,-304.6,48.61,185.04,1.0,0.0,0.5,70128
0.33,3.0,3000.0,3200.0,0101100,0,50,0,50,50,0,0,2518.7,-581.3,53.97,166.69,0.0,0.0,0.0,0
0.33,3.0,3000.0,3200.0,0110001,0,50,50,0,0,0,50,2637.1,-462.9,51.59,174.37,0.0,0.0,0.0,0
0.33,3.0,3000.0,3200.0,0110010,0,50,50,0,0,50,0,2805.0,-295.0,47.16,190.75,1.0,0.0,0.5,82146
0.33,3.0,3000.0,3200.0,0110100,0,50,50,0,50,0,0,2506.9,-593.1,54.22,165.9,0.0,0.0,0.0,0
0.33,3.0,3000.0,3200.0,0111000,0,50,50,50,0,0,0,2677.7,-422.3,48.15,186.8,1.0,0.0,0.5,60629
0.33,3.0,3000.0,3200.0,1000011,50,0,0,0,0,50,50,2631.1,-468.9,48.47,185.59,1.0,0.0,0.5,160983
0.33,3.0,3000.0,3200.0,1000101,50,0,0,0,50,0,50,2571.1,-528.9,53.16,169.21,0.0,0.0,0.0,0
0.33,3.0,3000.0,3200.0,1000110,50,0,0,0,50,50,0,2818.4,-281.6,52.06,172.79,1.0,0.0,0.5,51601
0.33,3.0,3000.0,3200.0,1001001,50,0,0,50,0,0,50,2670.3,-429.7,51.16,175.81,1.0,0.0,0.5,42856
0.33,3.0,3000.0,3200.0,1001010,50,0,0,50,0,50,0,3192.9,92.9,49.43,181.98,1.0,0.38,0.69,55145
0.33,3.0,3000.0,3200.0,1001100,50,0,0,50,50,0,0,2717.6,-382.4,52.01,172.96,1.0,0.0,0.5,42078
0.33,3.0,3000.0,3200.0,1010001,50,0,50,0,0,0,50,3016.4,-83.6,48.73,184.59,0.0,0.44,0.22,0
0.33,3.0,3000.0,3200.0,1010010,50,0,48,0,0,50,0,3043.6,-56.4,47.85,187.99,1.0,0.62,0.81,1849
0.33,3.0,3000.0,3200.0,1010100,50,0,50,0,50,0,0,2926.9,-173.1,51.35,175.17,0.0,0.0,0.0,0
0.33,3.0,3000.0,3200.0,1011000,50,0,50,50,0,0,0,3123.3,23.3,49.34,182.31,1.0,0.84,0.92,4513
0.33,3.0,3000.0,3200.0,1100001,50,50,0,0,0,0,50,2603.8,-496.2,51.14,175.91,0.0,0.0,0.0,0
0.33,3.0,3000.0,3200.0,1100010,50,50,0,0,0,50,0,2815.2,-284.8,47.72,188.49,1.0,0.0,0.5,267341
0.33,3.0,3000.0,3200.0,1100100,50,50,0,0,50,0,0,2578.0,-522.0,54.45,165.2,0.0,0.0,0.0,0
0.33,3.0,3000.0,3200.0,1101000,50,50,0,50,0,0,0,2809.1,-290.9,49.3,182.45,1.0,0.0,0.5,188512
0.33,3.0,3000.0,3200.0,1110000,50,50,50,0,0,0,0,2935.3,-164.7,47.91,187.77,0.0,0.0,0.0,0
0.33,3.0,3100.0,3300.0,0000111,0,0,0,0,50,50,50,2434.5,-765.5,51.04,176.25,0.0,0.0,0.0,0
0.33,3.0,3100.0,3300.0,0001011,0,0,0,50,0,50,50,2620.8,-579.2,51.41,174.96,1.0,0.0,0.5,38890
0.33,3.0,3100.0,3300.0,0001101,0,0,0,50,50,0,50,2485.6,-714.4,53.38,168.5,0.0,0.0,0.0,0
0.33,3.0,3100.0,3300.0,0001110,0,0,0,50,50,50,0,2541.3,-658.7,50.34,178.7,1.0,0.0,0.5,43074
0.33,3.0,3100.0,3300.0,0010011,0,0,50,0,0,50,50,2710.9,-489.1,49.2,182.82,1.0,0.0,0.5,27394
0.33,3.0,3100.0,3300.0,0010110,0,0,50,0,50,50,0,2603.3,-596.7,50.55,177.96,1.0,0.0,0.5,752
0.33,3.0,3100.0,3300.0,0011001,0,0,50,50,0,0,50,2548.7,-651.3,51.43,174.89,1.0,0.0,0.5,43600
0.33,3.0,3100.0,3300.0,0011010,0,0,50,50,0,50,0,2825.4,-374.6,47.47,189.48,1.0,0.0,0.5,16794
0.33,3.0,3100.0,3300.0,0011100,0,0,50,50,50,0,0,2545.3,-654.7,51.07,176.14,1.0,0.0,0.5,20018
0.33,3.0,3100.0,3300.0,0100011,0,50,0,0,0,50,50,2555.7,-644.3,50.67,177.53,0.0,0.0,0.0,0
0.33,3.0,3100.0,3300.0,0100101,0,50,0,0,50,0,50,2507.3,-692.7,54.63,164.67,0.0,0.0,0.0,0
0.33,3.0,3100.0,3300.0,0100110,0,50,0,0,50,50,0,2486.9,-713.1,53.36,168.57,0.0,0.0,0.0,0
0.33,3.0,3100.0,3300.0,0101001,0,50,0,50,0,0,50,2622.3,-577.7,52.69,170.73,0.0,0.0,0.0,0
0.33,3.0,3100.0,3300.0,0101010,0,50,0,50,0,50,0,2795.4,-404.6,48.61,185.04,1.0,0.0,0.5,70128
0.33,3.0,3100.0,3300.0,0101100,0,50,0,50,50,0,0,2518.7,-681.3,53.97,166.69,0.0,0.0,0.0,0
0.33,3.0,3100.0,3300.0,0110001,0,50,50,0,0,0,50,2637.1,-562.9,51.59,174.37,0.0,0.0,0.0,0
0.33,3.0,3100.0,3300.0,0110010,0,50,50,0,0,50,0,2805.0,-395.0,47.16,190.75,1.0,0.0,0.5,82146
0.33,3.0,3100.0,3300.0,0110100,0,50,50,0,50,0,0,2506.9,-693.1,54.22,165.9,0.0,0.0,0.0,0
0.33,3.0,3100.0,3300.0,0111000,0,50,50,50,0,0,0,2677.7,-522.3,48.15,186.8,1.0,0.0,0.5,60629
0.33,3.0,3100.0,3300.0,1000011,50,0,0,0,0,50,50,2631.1,-568.9,48.47,185.59,1.0,0.0,0.5,160983
0.33,3.0,3100.0,3300.0,1000101,50,0,0,0,50,0,50,2571.1,-628.9,53.16,169.21,0.0,0.0,0.0,0
0.33,3.0,3100.0,3300.0,1000110,50,0,0,0,50,50,0,2818.4,-381.6,52.06,172.79,1.0,0.0,0.5,51601
0.33,3.0,3100.0,3300.0,1001001,50,0,0,50,0,0,50,2670.3,-529.7,51.16,175.81,1.0,0.0,0.5,42856
0.33,3.0,3100.0,3300.0,1001010,50,0,0,50,0,50,0,3192.9,-7.1,49.43,181.98,1.0,0.95,0.98,55145
0.33,3.0,3100.0,3300.0,1001100,50,0,0,50,50,0,0,2717.6,-482.4,52.01,172.96,1.0,0.0,0.5,42078
0.33,3.0,3100.0,3300.0,1010001,50,0,50,0,0,0,50,3016.4,-183.6,48.73,184.59,0.0,0.0,0.0,0
0.33,3.0,3100.0,3300.0,1010010,50,0,49,0,0,50,0,3058.7,-141.3,47.85,187.99,1.0,0.06,0.53,1849
0.33,3.0,3100.0,3300.0,1010100,50,0,50,0,50,0,0,2926.9,-273.1,51.35,175.17,0.0,0.0,0.0,0
0.33,3.0,3100.0,3300.0,1011000,50,0,50,50,0,0,0,3123.3,-76.7,49.34,182.31,1.0,0.49,0.74,4513
0.33,3.0,3100.0,3300.0,1100001,50,50,0,0,0,0,50,2603.8,-596.2,51.14,175.91,0.0,0.0,0.0,0
0.33,3.0,3100.0,3300.0,1100010,50,50,0,0,0,50,0,2815.2,-384.8,47.72,188.49,1.0,0.0,0.5,267341
0.33,3.0,3100.0,3300.0,1100100,50,50,0,0,50,0,0,2578.0,-622.0,54.45,165.2,0.0,0.0,0.0,0
0.33,3.0,3100.0,3300.0,1101000,50,50,0,50,0,0,0,2809.1,-390.9,49.3,182.45,1.0,0.0,0.5,188512
0.33,3.0,3100.0,3300.0,1110000,50,50,50,0,0,0,0,2935.3,-264.7,47.91,187.77,0.0,0.0,0.0,0
0.33,3.0,3200.0,3400.0,0000111,0,0,0,0,50,50,50,2434.5,-865.5,51.04,176.25,0.0,0.0,0.0,0
0.33,3.0,3200.0,3400.0,0001011,0,0,0,50,0,50,50,2620.8,-679.2,51.41,174.96,1.0,0.0,0.5,38890
0.33,3.0,3200.0,3400.0,0001101,0,0,0,50,50,0,50,2485.6,-814.4,53.38,168.5,0.0,0.0,0.0,0
0.33,3.0,3200.0,3400.0,0001110,0,0,0,50,50,50,0,2541.3,-758.7,50.34,178.7,1.0,0.0,0.5,43074
0.33,3.0,3200.0,3400.0,0010011,0,0,50,0,0,50,50,2710.9,-589.1,49.2,182.82,1.0,0.0,0.5,27394
0.33,3.0,3200.0,3400.0,0010110,0,0,50,0,50,50,0,2603.3,-696.7,50.55,177.96,1.0,0.0,0.5,752
0.33,3.0,3200.0,3400.0,0011001,0,0,50,50,0,0,50,2548.7,-751.3,51.43,174.89,1.0,0.0,0.5,43600
0.33,3.0,3200.0,3400.0,0011010,0,0,50,50,0,50,0,2825.4,-474.6,47.47,189.48,1.0,0.0,0.5,16794
0.33,3.0,3200.0,3400.0,0011100,0,0,50,50,50,0,0,2545.3,-754.7,51.07,176.14,1.0,0.0,0.5,20018
0.33,3.0,3200.0,3400.0,0100011,0,50,0,0,0,50,50,2555.7,-744.3,50.67,177.53,0.0,0.0,0.0,0
0.33,3.0,3200.0,3400.0,0100101,0,50,0,0,50,0,50,2507.3,-792.7,54.63,164.67,0.0,0.0,0.0,0
0.33,3.0,3200.0,3400.0,0100110,0,50,0,0,50,50,0,2486.9,-813.1,53.36,168.57,0.0,0.0,0.0,0
0.33,3.0,3200.0,3400.0,0101001,0,50,0,50,0,0,50,2622.3,-677.7,52.69,170.73,0.0,0.0,0.0,0
0.33,3.0,3200.0,3400.0,0101010,0,50,0,50,0,50,0,2795.4,-504.6,48.61,185.04,1.0,0.0,0.5,70128
0.33,3.0,3200.0,3400.0,0101100,0,50,0,50,50,0,0,2518.7,-781.3,53.97,166.69,0.0,0.0,0.0,0
0.33,3.0,3200.0,3400.0,0110001,0,50,50,0,0,0,50,2637.1,-662.9,51.59,174.37,0.0,0.0,0.0,0
0.33,3.0,3200.0,3400.0,0110010,0,50,50,0,0,50,0,2805.0,-495.0,47.16,190.75,1.0,0.0,0.5,82146
0.33,3.0,3200.0,3400.0,0110100,0,50,50,0,50,0,0,2506.9,-793.1,54.22,165.9,0.0,0.0,0.0,0
0.33,3.0,3200.0,3400.0,0111000,0,50,50,50,0,0,0,2677.7,-622.3,48.15,186.8,1.0,0.0,0.5,60629
0.33,3.0,3200.0,3400.0,1000011,50,0,0,0,0,50,50,2631.1,-668.9,48.47,185.59,1.0,0.0,0.5,160983
0.33,3.0,3200.0,3400.0,1000101,50,0,0,0,50,0,50,2571.1,-728.9,53.16,169.21,0.0,0.0,0.0,0
0.33,3.0,3200.0,3400.0,1000110,50,0,0,0,50,50,0,2818.4,-481.6,52.06,172.79,1.0,0.0,0.5,51601
0.33,3.0,3200.0,3400.0,1001001,50,0,0,50,0,0,50,2670.3,-629.7,51.16,175.81,1.0,0.0,0.5,42856
0.33,3.0,3200.0,3400.0,1001010,50,0,0,50,0,50,0,3192.9,-107.1,49.43,181.98,1.0,0.29,0.64,55145
0.33,3.0,3200.0,3400.0,1001100,50,0,0,50,50,0,0,2717.6,-582.4,52.01,172.96,1.0,0.0,0.5,42078
0.33,3.0,3200.0,3400.0,1010001,50,0,50,0,0,0,50,3016.4,-283.6,48.73,184.59,0.0,0.0,0.0,0
0.33,3.0,3200.0,3400.0,1010010,50,0,50,0,0,50,0,3073.7,-226.3,47.85,188.01,1.0,0.0,0.5,1849
0.33,3.0,3200.0,3400.0,1010100,50,0,50,0,50,0,0,2926.9,-373.1,51.35,175.17,0.0,0.0,0.0,0
0.33,3.0,3200.0,3400.0,1011000,50,0,50,50,0,0,0,3123.3,-176.7,49.34,182.31,1.0,0.0,0.5,4513
0.33,3.0,3200.0,3400.0,1100001,50,50,0,0,0,0,50,2603.8,-696.2,51.14,175.91,0.0,0.0,0.0,0
0.33,3.0,3200.0,3400.0,1100010,50,50,0,0,0,50,0,2815.2,-484.8,47.72,188.49,1.0,0.0,0.5,267341
0.33,3.0,3200.0,3400.0,1100100,50,50,0,0,50,0,0,2578.0,-722.0,54.45,165.2,0.0,0.0,0.0,0
0.33,3.0,3200.0,3400.0,1101000,50,50,0,50,0,0,0,2809.1,-490.9,49.3,182.45,1.0,0.0,0.5,188512
0.33,3.0,3200.0,3400.0,1110000,50,50,50,0,0,0,0,2935.3,-364.7,47.91,187.77,0.0,0.0,0.0,0
0.33,3.0,3300.0,3500.0,0000111,0,0,0,0,50,50,50,2434.5,-965.5,51.04,176.25,0.0,0.0,0.0,0
0.33,3.0,3300.0,3500.0,0001011,0,0,0,50,0,50,50,2620.8,-779.2,51.41,174.96,1.0,0.0,0.5,38890
0.33,3.0,3300.0,3500.0,0001101,0,0,0,50,50,0,50,2485.6,-914.4,53.38,168.5,0.0,0.0,0.0,0
0.33,3.0,3300.0,3500.0,0001110,0,0,0,50,50,50,0,2541.3,-858.7,50.34,178.7,1.0,0.0,0.5,43074
0.33,3.0,3300.0,3500.0,0010011,0,0,50,0,0,50,50,2710.9,-689.1,49.2,182.82,1.0,0.0,0.5,27394
0.33,3.0,3300.0,3500.0,0010110,0,0,50,0,50,50,0,2603.3,-796.7,50.55,177.96,1.0,0.0,0.5,752
0.33,3.0,3300.0,3500.0,0011001,0,0,50,50,0,0,50,2548.7,-851.3,51.43,174.89,1.0,0.0,0.5,43600
0.33,3.0,3300.0,3500.0,0011010,0,0,50,50,0,50,0,2825.4,-574.6,47.47,189.48,1.0,0.0,0.5,16794
0.33,3.0,3300.0,3500.0,0011100,0,0,50,50,50,0,0,2545.3,-854.7,51.07,176.14,1.0,0.0,0.5,20018
0.33,3.0,3300.0,3500.0,0100011,0,50,0,0,0,50,50,2555.7,-844.3,50.67,177.53,0.0,0.0,0.0,0
0.33,3.0,3300.0,3500.0,0100101,0,50,0,0,50,0,50,2507.3,-892.7,54.63,164.67,0.0,0.0,0.0,0
0.33,3.0,3300.0,3500.0,0100110,0,50,0,0,50,50,0,2486.9,-913.1,53.36,168.57,0.0,0.0,0.0,0
0.33,3.0,3300.0,3500.0,0101001,0,50,0,50,0,0,50,2622.3,-777.7,52.69,170.73,0.0,0.0,0.0,0
0.33,3.0,3300.0,3500.0,0101010,0,50,0,50,0,50,0,2795.4,-604.6,48.61,185.04,1.0,0.0,0.5,70128
0.33,3.0,3300.0,3500.0,0101100,0,50,0,50,50,0,0,2518.7,-881.3,53.97,166.69,0.0,0.0,0.0,0
0.33,3.0,3300.0,3500.0,0110001,0,50,50,0,0,0,50,2637.1,-762.9,51.59,174.37,0.0,0.0,0.0,0
0.33,3.0,3300.0,3500.0,0110010,0,50,50,0,0,50,0,2805.0,-595.0,47.16,190.75,1.0,0.0,0.5,82146
0.33,3.0,3300.0,3500.0,0110100,0,50,50,0,50,0,0,2506.9,-893.1,54.22,165.9,0.0,0.0,0.0,0
0.33,3.0,3300.0,3500.0,0111000,0,50,50,50,0,0,0,2677.7,-722.3,48.15,186.8,1.0,0.0,0.5,60629
0.33,3.0,3300.0,3500.0,1000011,50,0,0,0,0,50,50,2631.1,-768.9,48.47,185.59,1.0,0.0,0.5,160983
0.33,3.0,3300.0,3500.0,1000101,50,0,0,0,50,0,50,2571.1,-828.9,53.16,169.21,0.0,0.0,0.0,0
0.33,3.0,3300.0,3500.0,1000110,50,0,0,0,50,50,0,2818.4,-581.6,52.06,172.79,1.0,0.0,0.5,51601
0.33,3.0,3300.0,3500.0,1001001,50,0,0,50,0,0,50,2670.3,-729.7,51.16,175.81,1.0,0.0,0.5,42856
0.33,3.0,3300.0,3500.0,1001010,50,0,0,50,0,50,0,3192.9,-207.1,49.43,181.98,1.0,0.0,0.5,55145
0.33,3.0,3300.0,3500.0,1001100,50,0,0,50,50,0,0,2717.6,-682.4,52.01,172.96,1.0,0.0,0.5,42078
0.33,3.0,3300.0,3500.0,1010001,50,0,50,0,0,0,50,3016.4,-383.6,48.73,184.59,0.0,0.0,0.0,0
0.33,3.0,3300.0,3500.0,1010010,50,0,50,0,0,50,0,3073.7,-326.3,47.85,188.01,1.0,0.0,0.5,1849
0.33,3.0,3300.0,3500.0,1010100,50,0,50,0,50,0,0,2926.9,-473.1,51.35,175.17,0.0,0.0,0.0,0
0.33,3.0,3300.0,3500.0,1011000,50,0,50,50,0,0,0,3123.3,-276.7,49.34,182.31,1.0,0.0,0.5,4513
0.33,3.0,3300.0,3500.0,1100001,50,50,0,0,0,0,50,2603.8,-796.2,51.14,175.91,0.0,0.0,0.0,0
0.33,3.0,3300.0,3500.0,1100010,50,50,0,0,0,50,0,2815.2,-584.8,47.72,188.49,1.0,0.0,0.5,267341
0.33,3.0,3300.0,3500.0,1100100,50,50,0,0,50,0,0,2578.0,-822.0,54.45,165.2,0.0,0.0,0.0,0
0.33,3.0,3300.0,3500.0,1101000,50,50,0,50,0,0,0,2809.1,-590.9,49.3,182.45,1.0,0.0,0.5,188512
0.33,3.0,3300.0,3500.0,1110000,50,50,50,0,0,0,0,2935.3,-464.7,47.91,187.77,0.0,0.0,0.0,0
0.33,3.0,3400.0,3600.0,0000111,0,0,0,0,50,50,50,2434.5,-1065.5,51.04,176.25,0.0,0.0,0.0,0
0.33,3.0,3400.0,3600.0,0001011,0,0,0,50,0,50,50,2620.8,-879.2,51.41,174.96,1.0,0.0,0.5,38890
0.33,3.0,3400.0,3600.0,0001101,0,0,0,50,50,0,50,2485.6,-1014.4,53.38,168.5,0.0,0.0,0.0,0
0.33,3.0,3400.0,3600.0,0001110,0,0,0,50,50,50,0,2541.3,-958.7,50.34,178.7,1.0,0.0,0.5,43074
0.33,3.0,3400.0,3600.0,0010011,0,0,50,0,0,50,50,2710.9,-789.1,49.2,182.82,1.0,0.0,0.5,27394
0.33,3.0,3400.0,3600.0,0010110,0,0,50,0,50,50,0,2603.3,-896.7,50.55,177.96,1.0,0.0,0.5,752
0.33,3.0,3400.0,3600.0,0011001,0,0,50,50,0,0,50,2548.7,-951.3,51.43,174.89,1.0,0.0,0.5,43600
0.33,3.0,3400.0,3600.0,0011010,0,0,50,50,0,50,0,2825.4,-674.6,47.47,189.48,1.0,0.0,0.5,16794
0.33,3.0,3400.0,3600.0,0011100,0,0,50,50,50,0,0,2545.3,-954.7,51.07,176.14,1.0,0.0,0.5,20018
0.33,3.0,3400.0,3600.0,0100011,0,50,0,0,0,50,50,2555.7,-944.3,50.67,177.53,0.0,0.0,0.0,0
0.33,3.0,3400.0,3600.0,0100101,0,50,0,0,50,0,50,2507.3,-992.7,54.63,164.67,0.0,0.0,0.0,0
0.33,3.0,3400.0,3600.0,0100110,0,50,0,0,50,50,0,2486.9,-1013.1,53.36,168.57,0.0,0.0,0.0,0
0.33,3.0,3400.0,3600.0,0101001,0,50,0,50,0,0,50,2622.3,-877.7,52.69,170.73,0.0,0.0,0.0,0
0.33,3.0,3400.0,3600.0,0101010,0,50,0,50,0,50,0,2795.4,-704.6,48.61,185.04,1.0,0.0,0.5,70128
0.33,3.0,3400.0,3600.0,0101100,0,50,0,50,50,0,0,2518.7,-981.3,53.97,166.69,0.0,0.0,0.0,0
0.33,3.0,3400.0,3600.0,0110001,0,50,50,0,0,0,50,2637.1,-862.9,51.59,174.37,0.0,0.0,0.0,0
0.33,3.0,3400.0,3600.0,0110010,0,50,50,0,0,50,0,2805.0,-695.0,47.16,190.75,1.0,0.0,0.5,82146
0.33,3.0,3400.0,3600.0,0110100,0,50,50,0,50,0,0,2506.9,-993.1,54.22,165.9,0.0,0.0,0.0,0
0.33,3.0,3400.0,3600.0,0111000,0,50,50,50,0,0,0,2677.7,-822.3,48.15,186.8,1.0,0.0,0.5,60629
0.33,3.0,3400.0,3600.0,1000011,50,0,0,0,0,50,50,2631.1,-868.9,48.47,185.59,1.0,0.0,0.5,160983
0.33,3.0,3400.0,3600.0,1000101,50,0,0,0,50,0,50,2571.1,-928.9,53.16,169.21,0.0,0.0,0.0,0
0.33,3.0,3400.0,3600.0,1000110,50,0,0,0,50,50,0,2818.4,-681.6,52.06,172.79,1.0,0.0,0.5,51601
0.33,3.0,3400.0,3600.0,1001001,50,0,0,50,0,0,50,2670.3,-829.7,51.16,175.81,1.0,0.0,0.5,42856
0.33,3.0,3400.0,3600.0,1001010,50,0,0,50,0,50,0,3192.9,-307.1,49.43,181.98,1.0,0.0,0.5,55145
0.33,3.0,3400.0,3600.0,1001100,50,0,0,50,50,0,0,2717.6,-782.4,52.01,172.96,1.0,0.0,0.5,42078
0.33,3.0,3400.0,3600.0,1010001,50,0,50,0,0,0,50,3016.4,-483.6,48.73,184.59,0.0,0.0,0.0,0
0.33,3.0,3400.0,3600.0,1010010,50,0,50,0,0,50,0,3073.7,-426.3,47.85,188.01,1.0,0.0,0.5,1849
0.33,3.0,3400.0,3600.0,1010100,50,0,50,0,50,0,0,2926.9,-573.1,51.35,175.17,0.0,0.0,0.0,0
0.33,3.0,3400.0,3600.0,1011000,50,0,50,50,0,0,0,3123.3,-376.7,49.34,182.31,1.0,0.0,0.5,4513
0.33,3.0,3400.0,3600.0,1100001,50,50,0,0,0,0,50,2603.8,-896.2,51.14,175.91,0.0,0.0,0.0,0
0.33,3.0,3400.0,3600.0,1100010,50,50,0,0,0,50,0,2815.2,-684.8,47.72,188.49,1.0,0.0,0.5,267341
0.33,3.0,3400.0,3600.0,1100100,50,50,0,0,50,0,0,2578.0,-922.0,54.45,165.2,0.0,0.0,0.0,0
0.33,3.0,3400.0,3600.0,1101000,50,50,0,50,0,0,0,2809.1,-690.9,49.3,182.45,1.0,0.0,0.5,188512
0.33,3.0,3400.0,3600.0,1110000,50,50,50,0,0,0,0,2935.3,-564.7,47.91,187.77,0.0,0.0,0.0,0
0.33,3.0,3500.0,3700.0,0000111,0,0,0,0,50,50,50,2434.5,-1165.5,51.04,176.25,0.0,0.0,0.0,0
0.33,3.0,3500.0,3700.0,0001011,0,0,0,50,0,50,50,2620.8,-979.2,51.41,174.96,1.0,0.0,0.5,38890
0.33,3.0,3500.0,3700.0,0001101,0,0,0,50,50,0,50,2485.6,-1114.4,53.38,168.5,0.0,0.0,0.0,0
0.33,3.0,3500.0,3700.0,0001110,0,0,0,50,50,50,0,2541.3,-1058.7,50.34,178.7,1.0,0.0,0.5,43074
0.33,3.0,3500.0,3700.0,0010011,0,0,50,0,0,50,50,2710.9,-889.1,49.2,182.82,1.0,0.0,0.5,27394
0.33,3.0,3500.0,3700.0,0010110,0,0,50,0,50,50,0,2603.3,-996.7,50.55,177.96,1.0,0.0,0.5,752
0.33,3.0,3500.0,3700.0,0011001,0,0,50,50,0,0,50,2548.7,-1051.3,51.43,174.89,1.0,0.0,0.5,43600
0.33,3.0,3500.0,3700.0,0011010,0,0,50,50,0,50,0,2825.4,-774.6,47.47,189.48,1.0,0.0,0.5,16794
0.33,3.0,3500.0,3700.0,0011100,0,0,50,50,50,0,0,2545.3,-1054.7,51.07,176.14,1.0,0.0,0.5,20018
0.33,3.0,3500.0,3700.0,0100011,0,50,0,0,0,50,50,2555.7,-1044.3,50.67,177.53,0.0,0.0,0.0,0
0.33,3.0,3500.0,3700.0,0100101,0,50,0,0,50,0,50,2507.3,-1092.7,54.63,164.67,0.0,0.0,0.0,0
0.33,3.0,3500.0,3700.0,0100110,0,50,0,0,50,50,0,2486.9,-1113.1,53.36,168.57,0.0,0.0,0.0,0
0.33,3.0,3500.0,3700.0,0101001,0,50,0,50,0,0,50,2622.3,-977.7,52.69,170.73,0.0,0.0,0.0,0
0.33,3.0,3500.0,3700.0,0101010,0,50,0,50,0,50,0,2795.4,-804.6,48.61,185.04,1.0,0.0,0.5,70128
0.33,3.0,3500.0,3700.0,0101100,0,50,0,50,50,0,0,2518.7,-1081.3,53.97,166.69,0.0,0.0,0.0,0
0.33,3.0,3500.0,3700.0,0110001,0,50,50,0,0,0,50,2637.1,-962.9,51.59,174.37,0.0,0.0,0.0,0
0.33,3.0,3500.0,3700.0,0110010,0,50,50,0,0,50,0,2805.0,-795.0,47.16,190.75,1.0,0.0,0.5,82146
0.33,3.0,3500.0,3700.0,0110100,0,50,50,0,50,0,0,2506.9,-1093.1,54.22,165.9,0.0,0.0,0.0,0
0.33,3.0,3500.0,3700.0,0111000,0,50,50,50,0,0,0,2677.7,-922.3,48.15,186.8,1.0,0.0,0.5,60629
0.33,3.0,3500.0,3700.0,1000011,50,0,0,0,0,50,50,2631.1,-968.9,48.47,185.59,1.0,0.0,0.5,160983
0.33,3.0,3500.0,3700.0,1000101,50,0,0,0,50,0,50,2571.1,-1028.9,53.16,169.21,0.0,0.0,0.0,0
0.33,3.0,3500.0,3700.0,1000110,50,0,0,0,50,50,0,2818.4,-781.6,52.06,172.79,1.0,0.0,0.5,51601
0.33,3.0,3500.0,3700.0,1001001,50,0,0,50,0,0,50,2670.3,-929.7,51.16,175.81,1.0,0.0,0.5,42856
0.33,3.0,3500.0,3700.0,1001010,50,0,0,50,0,50,0,3192.9,-407.1,49.43,181.98,1.0,0.0,0.5,55145
0.33,3.0,3500.0,3700.0,1001100,50,0,0,50,50,0,0,2717.6,-882.4,52.01,172.96,1.0,0.0,0.5,42078
0.33,3.0,3500.0,3700.0,1010001,50,0,50,0,0,0,50,3016.4,-583.6,48.73,184.59,0.0,0.0,0.0,0
0.33,3.0,3500.0,3700.0,1010010,50,0,50,0,0,50,0,3073.7,-526.3,47.85,188.01,1.0,0.0,0.5,1849
0.33,3.0,3500.0,3700.0,1010100,50,0,50,0,50,0,0,2926.9,-673.1,51.35,175.17,0.0,0.0,0.0,0
0.33,3.0,3500.0,3700.0,1011000,50,0,50,50,0,0,0,3123.3,-476.7,49.34,182.31,1.0,0.0,0.5,4513
0.33,3.0,3500.0,3700.0,1100001,50,50,0,0,0,0,50,2603.8,-996.2,51.14,175.91,0.0,0.0,0.0,0
0.33,3.0,3500.0,3700.0,1100010,50,50,0,0,0,50,0,2815.2,-784.8,47.72,188.49,1.0,0.0,0.5,267341
0.33,3.0,3500.0,3700.0,1100100,50,50,0,0,50,0,0,2578.0,-1022.0,54.45,165.2,0.0,0.0,0.0,0
0.33,3.0,3500.0,3700.0,1101000,50,50,0,50,0,0,0,2809.1,-790.9,49.3,182.45,1.0,0.0,0.5,188512
0.33,3.0,3500.0,3700.0,1110000,50,50,50,0,0,0,0,2935.3,-664.7,47.91,187.77,0.0,0.0,0.0,0
0.33,3.0,3600.0,3800.0,0000111,0,0,0,0,50,50,50,2434.5,-1265.5,51.04,176.25,0.0,0.0,0.0,0
0.33,3.0,3600.0,3800.0,0001011,0,0,0,50,0,50,50,2620.8,-1079.2,51.41,174.96,1.0,0.0,0.5,38890
0.33,3.0,3600.0,3800.0,0001101,0,0,0,50,50,0,50,2485.6,-1214.4,53.38,168.5,0.0,0.0,0.0,0
0.33,3.0,3600.0,3800.0,0001110,0,0,0,50,50,50,0,2541.3,-1158.7,50.34,178.7,1.0,0.0,0.5,43074
0.33,3.0,3600.0,3800.0,0010011,0,0,50,0,0,50,50,2710.9,-989.1,49.2,182.82,1.0,0.0,0.5,27394
0.33,3.0,3600.0,3800.0,0010110,0,0,50,0,50,50,0,2603.3,-1096.7,50.55,177.96,1.0,0.0,0.5,752
0.33,3.0,3600.0,3800.0,0011001,0,0,50,50,0,0,50,2548.7,-1151.3,51.43,174.89,1.0,0.0,0.5,43600
0.33,3.0,3600.0,3800.0,0011010,0,0,50,50,0,50,0,2825.4,-874.6,47.47,189.48,1.0,0.0,0.5,16794
0.33,3.0,3600.0,3800.0,0011100,0,0,50,50,50,0,0,2545.3,-1154.7,51.07,176.14,1.0,0.0,0.5,20018
0.33,3.0,3600.0,3800.0,0100011,0,50,0,0,0,50,50,2555.7,-1144.3,50.67,177.53,0.0,0.0,0.0,0
0.33,3.0,3600.0,3800.0,0100101,0,50,0,0,50,0,50,2507.3,-1192.7,54.63,164.67,0.0,0.0,0.0,0
0.33,3.0,3600.0,3800.0,0100110,0,50,0,0,50,50,0,2486.9,-1213.1,53.36,168.57,0.0,0.0,0.0,0
0.33,3.0,3600.0,3800.0,0101001,0,50,0,50,0,0,50,2622.3,-1077.7,52.69,170.73,0.0,0.0,0.0,0
0.33,3.0,3600.0,3800.0,0101010,0,50,0,50,0,50,0,2795.4,-904.6,48.61,185.04,1.0,0.0,0.5,70128
0.33,3.0,3600.0,3800.0,0101100,0,50,0,50,50,0,0,2518.7,-1181.3,53.97,166.69,0.0,0.0,0.0,0
0.33,3.0,3600.0,3800.0,0110001,0,50,50,0,0,0,50,2637.1,-1062.9,51.59,174.37,0.0,0.0,0.0,0
0.33,3.0,3600.0,3800.0,0110010,0,50,50,0,0,50,0,2805.0,-895.0,47.16,190.75,1.0,0.0,0.5,82146
0.33,3.0,3600.0,3800.0,0110100,0,50,50,0,50,0,0,2506.9,-1193.1,54.22,165.9,0.0,0.0,0.0,0
0.33,3.0,3600.0,3800.0,0111000,0,50,50,50,0,0,0,2677.7,-1022.3,48.15,186.8,1.0,0.0,0.5,60629
0.33,3.0,3600.0,3800.0,1000011,50,0,0,0,0,50,50,2631.1,-1068.9,48.47,185.59,1.0,0.0,0.5,160983
0.33,3.0,3600.0,3800.0,1000101,50,0,0,0,50,0,50,2571.1,-1128.9,53.16,169.21,0.0,0.0,0.0,0
0.33,3.0,3600.0,3800.0,1000110,50,0,0,0,50,50,0,2818.4,-881.6,52.06,172.79,1.0,0.0,0.5,51601
0.33,3.0,3600.0,3800.0,1001001,50,0,0,50,0,0,50,2670.3,-1029.7,51.16,175.81,1.0,0.0,0.5,42856
0.33,3.0,3600.0,3800.0,1001010,50,0,0,50,0,50,0,3192.9,-507.1,49.43,181.98,1.0,0.0,0.5,55145
0.33,3.0,3600.0,3800.0,1001100,50,0,0,50,50,0,0,2717.6,-982.4,52.01,172.96,1.0,0.0,0.5,42078
0.33,3.0,3600.0,3800.0,1010001,50,0,50,0,0,0,50,3016.4,-683.6,48.73,184.59,0.0,0.0,0.0,0
0.33,3.0,3600.0,3800.0,1010010,50,0,50,0,0,50,0,3073.7,-626.3,47.85,188.01,1.0,0.0,0.5,1849
0.33,3.0,3600.0,3800.0,1010100,50,0,50,0,50,0,0,2926.9,-773.1,51.35,175.17,0.0,0.0,0.0,0
0.33,3.0,3600.0,3800.0,1011000,50,0,50,50,0,0,0,3123.3,-576.7,49.34,182.31,1.0,0.0,0.5,4513
0.33,3.0,3600.0,3800.0,1100001,50,50,0,0,0,0,50,2603.8,-1096.2,51.14,175.91,0.0,0.0,0.0,0
0.33,3.0,3600.0,3800.0,1100010,50,50,0,0,0,50,0,2815.2,-884.8,47.72,188.49,1.0,0.0,0.5,267341
0.33,3.0,3600.0,3800.0,1100100,50,50,0,0,50,0,0,2578.0,-1122.0,54.45,165.2,0.0,0.0,0.0,0
0.33,3.0,3600.0,3800.0,1101000,50,50,0,50,0,0,0,2809.1,-890.9,49.3,182.45,1.0,0.0,0.5,188512
0.33,3.0,3600.0,3800.0,1110000,50,50,50,0,0,0,0,2935.3,-764.7,47.91,187.77,0.0,0.0,0.0,0
0.33,3.0,2500.0,2700.0,0001111,0,0,0,40,50,50,50,2734.2,134.2,52.38,171.73,1.0,0.11,0.55,26833
0.33,3.0,2500.0,2700.0,0011011,0,0,30,30,0,50,50,2686.4,86.4,49.84,180.49,1.0,0.42,0.71,17354
0.33,3.0,2500.0,2700.0,0011110,0,0,30,30,39,50,0,2569.8,-30.2,48.38,185.92,1.0,0.8,0.9,258
0.33,3.0,2500.0,2700.0,0100111,0,38,0,0,50,50,50,2741.5,141.5,53.15,169.23,0.0,0.06,0.03,0
0.33,3.0,2500.0,2700.0,0101011,0,40,0,39,0,50,50,2746.3,146.3,51.87,173.41,1.0,0.02,0.51,143190
0.33,3.0,2500.0,2700.0,0101101,0,50,0,32,50,0,50,2744.2,144.2,55.13,163.17,0.0,0.04,0.02,0
0.33,3.0,2500.0,2700.0,0101110,0,48,0,30,50,50,0,2749.5,149.5,52.84,170.23,1.0,0.0,0.5,25013
0.33,3.0,2500.0,2700.0,0110011,0,46,30,0,0,50,50,2748.5,148.5,50.69,177.47,1.0,0.01,0.51,75136
0.33,3.0,2500.0,2700.0,0110110,0,44,30,0,50,50,0,2732.6,132.6,53.0,169.73,1.0,0.12,0.56,165
0.33,3.0,2500.0,2700.0,0111001,0,50,30,32,0,0,50,2748.5,148.5,52.32,171.91,1.0,0.01,0.51,81293
0.33,3.0,2500.0,2700.0,0111010,0,40,30,30,0,50,0,2690.7,90.7,47.73,188.44,1.0,0.4,0.7,735
0.33,3.0,2500.0,2700.0,0111100,0,50,30,30,50,0,0,2570.5,-29.5,54.06,166.41,0.0,0.8,0.4,0
0.33,3.0,2500.0,2700.0,1000111,37,0,0,0,50,50,50,2729.0,129.0,51.8,173.65,1.0,0.14,0.57,32229
0.33,3.0,2500.0,2700.0,1001011,30,0,0,30,0,50,50,2678.1,78.1,50.67,177.54,1.0,0.48,0.74,104030
0.33,3.0,2500.0,2700.0,1001101,47,0,0,30,50,0,50,2745.5,145.5,53.73,167.41,1.0,0.03,0.52,33990
0.33,3.0,2500.0,2700.0,1001110,30,0,0,30,50,50,0,2656.8,56.8,50.36,178.63,1.0,0.62,0.81,4274
0.33,3.0,2500.0,2700.0,1010011,30,0,30,0,0,50,50,2778.0,178.0,48.43,185.75,1.0,0.0,0.5,5887
0.33,3.0,2500.0,2700.0,1010110,30,0,30,0,49,50,0,2739.8,139.8,50.65,177.59,0.0,0.07,0.03,0
0.33,3.0,2500.0,2700.0,1011001,30,0,30,34,0,0,50,2463.6,-136.4,51.49,174.69,1.0,0.09,0.55,8236
0.33,3.0,2500.0,2700.0,1011010,34,0,30,32,0,50,0,2747.9,147.9,47.21,190.54,0.0,0.01,0.01,0
0.33,3.0,2500.0,2700.0,1011100,32,0,30,30,50,0,0,2503.7,-96.3,52.05,172.82,0.0,0.36,0.18,0
0.33,3.0,2500.0,2700.0,1100011,31,49,0,0,0,50,50,2737.8,137.8,50.63,177.66,1.0,0.08,0.54,221713
0.33,3.0,2500.0,2700.0,1100101,30,50,0,0,50,0,50,2748.1,148.1,55.17,163.05,0.0,0.01,0.01,0
0.33,3.0,2500.0,2700.0,1100110,30,43,0,0,50,50,0,2742.4,142.4,53.34,168.64,1.0,0.05,0.53,3717
0.33,3.0,2500.0,2700.0,1101001,30,50,0,42,0,0,50,2749.3,149.3,52.14,172.51,1.0,0.0,0.5,188841
0.33,3.0,2500.0,2700.0,1101100,42,50,0,30,50,0,0,2740.0,140.0,54.15,166.11,1.0,0.07,0.53,1658
0.33,3.0,2500.0,2700.0,1110001,30,50,30,0,0,0,50,2741.1,141.1,51.71,173.95,0.0,0.06,0.03,0
0.33,3.0,2500.0,2700.0,1110010,30,41,30,0,0,50,0,2731.2,131.2,47.48,189.47,1.0,0.13,0.56,106
0.33,3.0,2500.0,2700.0,1110100,36,50,30,0,50,0,0,2741.5,141.5,54.54,164.93,0.0,0.06,0.03,0
0.33,3.0,2500.0,2700.0,1111000,30,50,30,30,0,0,0,2581.2,-18.8,50.71,177.38,1.0,0.87,0.94,437
0.33,3.0,2600.0,2800.0,0001111,0,0,0,43,50,50,50,2825.4,125.4,52.48,171.4,1.0,0.16,0.58,26833
0.33,3.0,2600.0,2800.0,0011011,0,0,30,30,0,50,50,2686.4,-13.6,49.84,180.49,1.0,0.91,0.95,17354
0.33,3.0,2600.0,2800.0,0011110,0,0,30,30,39,50,0,2569.8,-130.2,48.38,185.92,1.0,0.13,0.57,258
0.33,3.0,2600.0,2800.0,0100111,0,50,0,0,49,50,50,2844.4,144.4,54.21,165.95,0.0,0.04,0.02,0
0.33,3.0,2600.0,2800.0,0101011,0,46,0,34,0,50,50,2843.3,143.3,52.0,172.98,1.0,0.04,0.52,143190
0.33,3.0,2600.0,2800.0,0101101,0,50,0,39,50,0,50,2798.3,98.3,55.14,163.13,0.0,0.34,0.17,0
0.33,3.0,2600.0,2800.0,0101110,0,50,0,30,50,50,0,2777.4,77.4,52.9,170.04,1.0,0.48,0.74,25013
0.33,3.0,2600.0,2800.0,0110011,0,50,33,0,0,50,50,2848.0,148.0,51.22,175.61,1.0,0.01,0.51,75136
0.33,3.0,2600.0,2800.0,0110110,0,50,30,0,50,50,0,2809.9,109.9,53.12,169.33,1.0,0.27,0.63,165
0.33,3.0,2600.0,2800.0,0111001,0,50,30,38,0,0,50,2791.7,91.7,52.48,171.4,1.0,0.39,0.69,81293
0.33,3.0,2600.0,2800.0,0111010,0,40,30,30,0,50,0,2690.7,-9.3,47.73,188.44,1.0,0.94,0.97,735
0.33,3.0,2600.0,2800.0,0111100,0,50,30,30,50,0,0,2570.5,-129.5,54.06,166.41,0.0,0.14,0.07,0
0.33,3.0,2600.0,2800.0,1000111,41,0,0,0,50,50,50,2839.8,139.8,52.19,172.37,1.0,0.07,0.53,32229
0.33,3.0,2600.0,2800.0,1001011,30,0,0,30,0,50,50,2678.1,-21.9,50.67,177.54,1.0,0.85,0.93,104030
0.33,3.0,2600.0,2800.0,1001101,50,0,0,34,50,0,50,2833.6,133.6,53.76,167.31,1.0,0.11,0.55,33990
0.33,3.0,2600.0,2800.0,1001110,30,0,0,30,50,50,0,2656.8,-43.2,50.36,178.63,1.0,0.71,0.86,4274
0.33,3.0,2600.0,2800.0,1010011,30,0,30,0,0,50,50,2778.0,78.0,48.43,185.75,1.0,0.48,0.74,5887
0.33,3.0,2600.0,2800.0,1010110,30,0,30,0,50,50,0,2750.5,50.5,50.68,177.48,0.0,0.66,0.33,0
0.33,3.0,2600.0,2800.0,1011001,30,0,30,39,0,0,50,2553.1,-146.9,51.21,175.64,1.0,0.02,0.51,8236
0.33,3.0,2600.0,2800.0,1011010,38,0,30,33,0,50,0,2845.4,145.4,47.7,188.59,0.0,0.03,0.02,0
0.33,3.0,2600.0,2800.0,1011100,34,0,30,30,50,0,0,2552.9,-147.1,52.04,172.86,0.0,0.02,0.01,0
0.33,3.0,2600.0,2800.0,1100011,35,50,0,0,0,50,50,2837.3,137.3,50.9,176.71,1.0,0.08,0.54,221713
0.33,3.0,2600.0,2800.0,1100101,41,50,0,0,50,0,50,2843.1,143.1,55.38,162.42,0.0,0.05,0.02,0
0.33,3.0,2600.0,2800.0,1100110,30,49,0,0,50,50,0,2809.0,109.0,53.5,168.13,1.0,0.27,0.64,3717
0.33,3.0,2600.0,2800.0,1101001,30,50,0,50,0,0,50,2823.5,123.5,52.25,172.17,1.0,0.18,0.59,188841
0.33,3.0,2600.0,2800.0,1101100,42,50,0,30,50,0,0,2740.0,40.0,54.15,166.11,1.0,0.73,0.87,1658
0.33,3.0,2600.0,2800.0,1110001,40,50,30,0,0,0,50,2848.0,148.0,52.12,172.57,0.0,0.01,0.01,0
0.33,3.0,2600.0,2800.0,1110010,30,41,30,0,0,50,0,2731.2,31.2,47.48,189.47,1.0,0.79,0.9,106
0.33,3.0,2600.0,2800.0,1110100,39,50,30,0,50,0,0,2802.1,102.1,54.66,164.56,0.0,0.32,0.16,0
0.33,3.0,2600.0,2800.0,1111000,30,50,30,30,0,0,0,2581.2,-118.8,50.71,177.38,1.0,0.21,0.6,437
0.33,3.0,2700.0,2900.0,0001111,0,0,0,43,50,50,50,2825.4,25.4,52.48,171.4,1.0,0.83,0.92,26833
0.33,3.0,2700.0,2900.0,0011011,0,0,30,30,0,50,50,2686.4,-113.6,49.84,180.49,1.0,0.24,0.62,17354
0.33,3.0,2700.0,2900.0,0011110,0,0,30,30,50,50,0,2669.5,-130.5,48.3,186.22,1.0,0.13,0.57,258
0.33,3.0,2700.0,2900.0,0100111,0,50,0,0,50,50,50,2850.6,50.6,54.29,165.68,0.0,0.66,0.33,0
0.33,3.0,2700.0,2900.0,0101011,0,50,0,33,0,50,50,2930.3,130.3,52.13,172.56,1.0,0.13,0.57,143190
0.33,3.0,2700.0,2900.0,0101101,0,50,0,39,50,0,50,2798.3,-1.7,55.14,163.13,0.0,0.99,0.49,0
0.33,3.0,2700.0,2900.0,0101110,0,50,0,30,50,50,0,2777.4,-22.6,52.9,170.04,1.0,0.85,0.92,25013
0.33,3.0,2700.0,2900.0,0110011,0,50,34,0,0,50,50,2860.3,60.3,51.23,175.58,1.0,0.6,0.8,75136
0.33,3.0,2700.0,2900.0,0110110,0,50,30,0,50,50,0,2809.9,9.9,53.12,169.33,1.0,0.93,0.97,165
0.33,3.0,2700.0,2900.0,0111001,0,50,30,38,0,0,50,2791.7,-8.3,52.48,171.4,1.0,0.94,0.97,81293
0.33,3.0,2700.0,2900.0,0111010,0,40,30,30,0,50,0,2690.7,-109.3,47.73,188.44,1.0,0.27,0.64,735
0.33,3.0,2700.0,2900.0,0111100,0,50,38,30,50,0,0,2651.9,-148.1,53.87,166.98,0.0,0.01,0.01,0
0.33,3.0,2700.0,2900.0,1000111,44,0,0,0,49,50,50,2941.3,141.3,52.49,171.38,1.0,0.06,0.53,32229
0.33,3.0,2700.0,2900.0,1001011,30,0,0,30,0,50,50,2678.1,-121.9,50.67,177.54,1.0,0.19,0.59,104030
0.33,3.0,2700.0,2900.0,1001101,50,0,0,34,50,0,50,2833.6,33.6,53.76,167.31,1.0,0.78,0.89,33990
0.33,3.0,2700.0,2900.0,1001110,30,0,0,30,50,50,0,2656.8,-143.2,50.36,178.63,1.0,0.05,0.52,4274
0.33,3.0,2700.0,2900.0,1010011,30,0,30,0,0,50,50,2778.0,-22.0,48.43,185.75,1.0,0.85,0.93,5887
0.33,3.0,2700.0,2900.0,1010110,30,0,30,0,50,50,0,2750.5,-49.5,50.68,177.48,0.0,0.67,0.34,0
0.33,3.0,2700.0,2900.0,1011001,30,0,30,46,0,0,50,2655.6,-144.4,50.93,176.6,1.0,0.04,0.52,8236
0.33,3.0,2700.0,2900.0,1011010,43,0,30,31,0,50,0,2949.1,149.1,47.92,187.71,0.0,0.01,0.0,0
0.33,3.0,2700.0,2900.0,1011100,39,0,30,30,50,0,0,2661.2,-138.8,51.96,173.11,0.0,0.07,0.04,0
0.33,3.0,2700.0,2900.0,1100011,40,50,0,0,0,50,50,2943.8,143.8,51.19,175.72,1.0,0.04,0.52,221713
0.33,3.0,2700.0,2900.0,1100101,50,50,0,0,50,0,50,2929.5,129.5,55.55,161.93,0.0,0.14,0.07,0
0.33,3.0,2700.0,2900.0,1100110,30,49,0,0,50,50,0,2809.0,9.0,53.5,168.13,1.0,0.94,0.97,3717
0.33,3.0,2700.0,2900.0,1101001,30,50,0,50,0,0,50,2823.5,23.5,52.25,172.17,1.0,0.84,0.92,188841
0.33,3.0,2700.0,2900.0,1101100,42,50,0,30,50,0,0,2740.0,-60.0,54.15,166.11,1.0,0.6,0.8,1658
0.33,3.0,2700.0,2900.0,1110001,41,50,30,0,0,0,50,2857.9,57.9,52.14,172.51,0.0,0.61,0.31,0
0.33,3.0,2700.0,2900.0,1110010,30,41,30,0,0,50,0,2731.2,-68.8,47.48,189.47,1.0,0.54,0.77,106
0.33,3.0,2700.0,2900.0,1110100,39,50,30,0,50,0,0,2802.1,2.1,54.66,164.56,0.0,0.99,0.49,0
0.33,3.0,2700.0,2900.0,1111000,33,50,30,31,0,0,0,2652.2,-147.8,49.75,180.82,1.0,0.01,0.51,437
0.33,3.0,2800.0,3000.0,0001111,0,0,0,43,50,50,50,2825.4,-74.6,52.48,171.4,1.0,0.5,0.75,26833
0.33,3.0,2800.0,3000.0,0011011,0,0,30,34,0,50,50,2753.9,-146.1,49.75,180.82,1.0,0.03,0.51,17354
0.33,3.0,2800.0,3000.0,0011110,0,0,40,30,50,50,0,2757.4,-142.6,47.74,188.43,1.0,0.05,0.52,258
0.33,3.0,2800.0,3000.0,0100111,0,50,0,0,50,50,50,2850.6,-49.4,54.29,165.68,0.0,0.67,0.34,0
0.33,3.0,2800.0,3000.0,0101011,0,50,0,33,0,50,50,2930.3,30.3,52.13,172.56,1.0,0.8,0.9,143190
0.33,3.0,2800.0,3000.0,0101101,0,50,0,39,50,0,50,2798.3,-101.7,55.14,163.13,0.0,0.32,0.16,0
0.33,3.0,2800.0,3000.0,0101110,0,50,0,30,50,50,0,2777.4,-122.6,52.9,170.04,1.0,0.18,0.59,25013
0.33,3.0,2800.0,3000.0,0110011,0,50,34,0,0,50,50,2860.3,-39.7,51.23,175.58,1.0,0.74,0.87,75136
0.33,3.0,2800.0,3000.0,0110110,0,50,30,0,50,50,0,2809.9,-90.1,53.12,169.33,1.0,0.4,0.7,165
0.33,3.0,2800.0,3000.0,0111001,0,50,30,38,0,0,50,2791.7,-108.3,52.48,171.4,1.0,0.28,0.64,81293
0.33,3.0,2800.0,3000.0,0111010,0,42,30,33,0,50,0,2753.4,-146.6,47.57,189.11,1.0,0.02,0.51,735
0.33,3.0,2800.0,3000.0,0111100,0,50,47,30,50,0,0,2758.8,-141.2,53.44,168.31,0.0,0.06,0.03,0
0.33,3.0,2800.0,3000.0,1000111,45,0,0,0,50,50,50,3008.2,108.2,52.69,170.71,1.0,0.28,0.64,32229
0.33,3.0,2800.0,3000.0,1001011,31,0,0,34,0,50,50,2751.0,-149.0,50.18,179.25,1.0,0.01,0.5,104030
0.33,3.0,2800.0,3000.0,1001101,50,0,0,34,50,0,50,2833.6,-66.4,53.76,167.31,1.0,0.56,0.78,33990
0.33,3.0,2800.0,3000.0,1001110,49,0,0,30,49,50,0,3047.4,147.4,50.26,178.98,1.0,0.02,0.51,4274
0.33,3.0,2800.0,3000.0,1010011,30,0,50,0,0,50,50,3048.5,148.5,48.52,185.37,1.0,0.01,0.51,5887
0.33,3.0,2800.0,3000.0,1010110,30,0,30,0,50,50,0,2750.5,-149.5,50.68,177.48,0.0,0.0,0.0,0
0.33,3.0,2800.0,3000.0,1011001,33,0,30,49,0,0,50,2753.5,-146.5,50.26,178.97,1.0,0.02,0.51,8236
0.33,3.0,2800.0,3000.0,1011010,45,0,30,31,0,50,0,3043.1,143.1,48.08,187.08,0.0,0.05,0.02,0
0.33,3.0,2800.0,3000.0,1011100,43,0,30,31,50,0,0,2755.4,-144.6,51.77,173.75,0.0,0.04,0.02,0
0.33,3.0,2800.0,3000.0,1100011,41,50,0,0,0,50,50,2968.6,68.6,51.2,175.68,1.0,0.54,0.77,221713
0.33,3.0,2800.0,3000.0,1100101,50,50,0,0,50,0,50,2929.5,29.5,55.55,161.93,0.0,0.8,0.4,0
0.33,3.0,2800.0,3000.0,1100110,30,49,0,0,50,50,0,2809.0,-91.0,53.5,168.13,1.0,0.39,0.7,3717
0.33,3.0,2800.0,3000.0,1101001,30,50,0,50,0,0,50,2823.5,-76.5,52.25,172.17,1.0,0.49,0.74,188841
0.33,3.0,2800.0,3000.0,1101100,43,50,0,30,50,0,0,2750.7,-149.3,54.15,166.11,1.0,0.0,0.5,1658
0.33,3.0,2800.0,3000.0,1110001,41,50,30,0,0,0,50,2857.9,-42.1,52.14,172.51,0.0,0.72,0.36,0
0.33,3.0,2800.0,3000.0,1110010,32,41,30,0,0,50,0,2755.2,-144.8,47.37,189.89,1.0,0.03,0.52,106
0.33,3.0,2800.0,3000.0,1110100,39,50,30,0,50,0,0,2802.1,-97.9,54.66,164.56,0.0,0.35,0.17,0
0.33,3.0,2800.0,3000.0,1111000,50,30,31,50,0,0,0,3046.5,146.5,48.51,185.44,1.0,0.02,0.51,437
0.33,3.0,2900.0,3100.0,0001111,0,0,0,44,50,50,50,2856.6,-143.4,52.45,171.49,1.0,0.04,0.52,26833
0.33,3.0,2900.0,3100.0,0011011,0,0,30,39,0,50,50,2859.4,-140.6,49.68,181.08,1.0,0.06,0.53,17354
0.33,3.0,2900.0,3100.0,0011110,0,0,50,32,50,50,0,2854.3,-145.7,47.42,189.68,1.0,0.03,0.51,258
0.33,3.0,2900.0,3100.0,0100111,0,50,0,0,50,50,50,2850.6,-149.4,54.29,165.68,0.0,0.0,0.0,0
0.33,3.0,2900.0,3100.0,0101011,0,50,0,33,0,50,50,2930.3,-69.7,52.13,172.56,1.0,0.54,0.77,143190
0.33,3.0,2900.0,3100.0,0101101,0,50,0,46,50,0,50,2856.2,-143.8,55.12,163.2,0.0,0.04,0.02,0
0.33,3.0,2900.0,3100.0,0101110,0,50,0,38,49,50,0,2851.8,-148.2,51.91,173.27,1.0,0.01,0.51,25013
0.33,3.0,2900.0,3100.0,0110011,0,50,34,0,0,50,50,2860.3,-139.7,51.23,175.58,1.0,0.07,0.53,75136
0.33,3.0,2900.0,3100.0,0110110,0,50,34,0,50,50,0,2858.7,-141.3,52.66,170.81,1.0,0.06,0.53,165
0.33,3.0,2900.0,3100.0,0111001,0,50,30,46,0,0,50,2851.6,-148.4,52.45,171.51,1.0,0.01,0.51,81293
0.33,3.0,2900.0,3100.0,0111010,0,45,30,38,0,50,0,2850.5,-149.5,47.31,190.13,1.0,0.0,0.5,735
0.33,3.0,2900.0,3100.0,0111100,0,50,47,41,50,0,0,2850.8,-149.2,52.37,171.77,0.0,0.01,0.0,0
0.33,3.0,2900.0,3100.0,1000111,45,0,0,0,50,50,50,3008.2,8.2,52.69,170.71,1.0,0.95,0.97,32229
0.33,3.0,2900.0,3100.0,1001011,33,0,0,43,0,50,50,2851.0,-149.0,49.76,180.76,1.0,0.01,0.5,104030
0.33,3.0,2900.0,3100.0,1001101,50,0,0,36,50,0,50,2859.1,-140.9,53.75,167.36,1.0,0.06,0.53,33990
0.33,3.0,2900.0,3100.0,1001110,50,0,0,30,50,50,0,3104.0,104.0,50.36,178.62,1.0,0.31,0.65,4274
0.33,3.0,2900.0,3100.0,1010011,45,0,32,0,0,50,50,3145.4,145.4,48.82,184.24,1.0,0.03,0.52,5887
0.33,3.0,2900.0,3100.0,1010110,47,0,30,0,50,50,0,3130.9,130.9,50.73,177.32,0.0,0.13,0.06,0
0.33,3.0,2900.0,3100.0,1011001,36,0,30,49,0,0,50,2850.6,-149.4,49.85,180.43,1.0,0.0,0.5,8236
0.33,3.0,2900.0,3100.0,1011010,47,0,30,30,0,50,0,3133.5,133.5,48.37,185.97,0.0,0.11,0.05,0
0.33,3.0,2900.0,3100.0,1011100,48,0,30,30,50,0,0,2861.1,-138.9,51.52,174.58,0.0,0.07,0.04,0
0.33,3.0,2900.0,3100.0,1100011,41,50,0,0,0,50,50,2968.6,-31.4,51.2,175.68,1.0,0.79,0.9,221713
0.33,3.0,2900.0,3100.0,1100101,50,50,0,0,50,0,50,2929.5,-70.5,55.55,161.93,0.0,0.53,0.27,0
0.33,3.0,2900.0,3100.0,1100110,32,50,0,0,50,50,0,2856.3,-143.7,53.36,168.57,1.0,0.04,0.52,3717
0.33,3.0,2900.0,3100.0,1101001,34,50,0,50,0,0,50,2858.4,-141.6,52.15,172.49,1.0,0.06,0.53,188841
0.33,3.0,2900.0,3100.0,1101100,50,50,0,30,50,0,0,2864.6,-135.4,54.0,166.59,1.0,0.1,0.55,1658
0.33,3.0,2900.0,3100.0,1110001,41,50,30,0,0,0,50,2857.9,-142.1,52.14,172.51,0.0,0.05,0.03,0
0.33,3.0,2900.0,3100.0,1110010,46,31,30,0,0,50,0,2861.3,-138.7,47.21,190.54,1.0,0.08,0.54,106
0.33,3.0,2900.0,3100.0,1110100,43,50,30,0,50,0,0,2864.3,-135.7,54.65,164.59,0.0,0.1,0.05,0
0.33,3.0,2900.0,3100.0,1111000,50,30,36,50,0,0,0,3112.0,112.0,48.52,185.41,1.0,0.25,0.63,437
0.33,3.0,3000.0,3200.0,0001111,0,0,0,48,49,50,50,2952.8,-147.2,51.77,173.76,1.0,0.02,0.51,26833
0.33,3.0,3000.0,3200.0,0011011,0,0,30,43,0,50,50,2951.3,-148.7,49.57,181.47,1.0,0.01,0.5,17354
0.33,3.0,3000.0,3200.0,0011110,0,0,48,48,50,50,0,2951.5,-148.5,47.1,191.0,1.0,0.01,0.5,258
0.33,3.0,3000.0,3200.0,0100111,0,50,0,0,50,50,50,2850.6,-249.4,54.29,165.68,0.0,0.0,0.0,0
0.33,3.0,3000.0,3200.0,0101011,0,50,0,35,0,50,50,2967.0,-133.0,52.11,172.62,1.0,0.11,0.56,143190
0.33,3.0,3000.0,3200.0,0101101,0,50,0,50,50,0,50,2891.6,-208.4,55.08,163.31,0.0,0.0,0.0,0
0.33,3.0,3000.0,3200.0,0101110,0,50,0,46,49,50,0,2951.8,-148.2,49.84,180.48,1.0,0.01,0.51,25013
0.33,3.0,3000.0,3200.0,0110011,0,50,39,0,0,50,50,2951.8,-148.2,51.17,175.8,1.0,0.01,0.51,75136
0.33,3.0,3000.0,3200.0,0110110,0,50,41,0,50,50,0,2965.0,-135.0,50.64,177.65,1.0,0.1,0.55,165
0.33,3.0,3000.0,3200.0,0111001,0,50,36,50,0,0,50,2950.3,-149.7,52.14,172.52,1.0,0.0,0.5,81293
0.33,3.0,3000.0,3200.0,0111010,0,44,30,50,0,50,0,2952.7,-147.3,47.09,191.01,1.0,0.02,0.51,735
0.33,3.0,3000.0,3200.0,0111100,0,50,49,50,50,0,0,2950.2,-149.8,50.17,179.3,0.0,0.0,0.0,0
0.33,3.0,3000.0,3200.0,1000111,45,0,0,0,50,50,50,3008.2,-91.8,52.69,170.71,1.0,0.39,0.69,32229
0.33,3.0,3000.0,3200.0,1001011,46,0,0,43,0,50,50,3247.1,147.1,49.73,180.87,1.0,0.02,0.51,104030
0.33,3.0,3000.0,3200.0,1001101,50,0,0,42,50,0,50,2966.9,-133.1,53.63,167.71,1.0,0.11,0.56,33990
0.33,3.0,3000.0,3200.0,1001110,50,0,0,30,50,50,0,3104.0,4.0,50.36,178.62,1.0,0.97,0.99,4274
0.33,3.0,3000.0,3200.0,1010011,46,0,36,0,0,50,50,3248.8,148.8,49.25,182.64,1.0,0.01,0.5,5887
0.33,3.0,3000.0,3200.0,1010110,50,0,30,0,50,50,0,3245.6,145.6,50.83,176.96,0.0,0.03,0.01,0
0.33,3.0,3000.0,3200.0,1011001,39,0,30,49,0,0,50,2970.3,-129.7,49.54,181.58,1.0,0.14,0.57,8236
0.33,3.0,3000.0,3200.0,1011010,48,0,30,32,0,50,0,3238.0,138.0,48.62,185.02,0.0,0.08,0.04,0
0.33,3.0,3000.0,3200.0,1011100,50,0,31,31,50,0,0,2950.8,-149.2,51.33,175.26,0.0,0.01,0.0,0
0.33,3.0,3000.0,3200.0,1100011,41,50,0,0,0,50,50,2968.6,-131.4,51.2,175.68,1.0,0.12,0.56,221713
0.33,3.0,3000.0,3200.0,1100101,50,50,0,0,50,0,50,2929.5,-170.5,55.55,161.93,0.0,0.0,0.0,0
0.33,3.0,3000.0,3200.0,1100110,38,50,0,0,50,50,0,2964.4,-135.6,52.68,170.74,1.0,0.1,0.55,3717
0.33,3.0,3000.0,3200.0,1101001,39,50,0,50,0,0,50,2959.1,-140.9,52.0,172.97,1.0,0.06,0.53,188841
0.33,3.0,3000.0,3200.0,1101100,50,50,0,40,50,0,0,2958.2,-141.8,53.15,169.25,1.0,0.05,0.53,1658
0.33,3.0,3000.0,3200.0,1110001,48,50,30,0,0,0,50,2951.5,-148.5,52.05,172.83,0.0,0.01,0.01,0
0.33,3.0,3000.0,3200.0,1110010,50,30,30,0,0,50,0,2993.8,-106.2,47.19,190.61,1.0,0.29,0.65,106
0.33,3.0,3000.0,3200.0,1110100,48,48,30,0,50,0,0,2953.2,-146.8,54.47,165.16,0.0,0.02,0.01,0
0.33,3.0,3000.0,3200.0,1111000,50,30,36,50,0,0,0,3112.0,12.0,48.52,185.41,1.0,0.92,0.96,437
0.33,3.0,3100.0,3300.0,0001111,0,0,0,50,50,50,50,3014.3,-185.7,51.04,176.25,1.0,0.0,0.5,26833
0.33,3.0,3100.0,3300.0,0011011,0,0,30,49,0,50,50,3066.0,-134.0,49.35,182.27,1.0,0.11,0.55,17354
0.33,3.0,3100.0,3300.0,0011110,0,0,50,50,50,50,0,2993.3,-206.7,47.02,191.31,1.0,0.0,0.5,258
0.33,3.0,3100.0,3300.0,0100111,0,50,0,0,50,50,50,2850.6,-349.4,54.29,165.68,0.0,0.0,0.0,0
0.33,3.0,3100.0,3300.0,0101011,0,50,0,39,0,50,50,3055.7,-144.3,52.01,172.96,1.0,0.04,0.52,143190
0.33,3.0,3100.0,3300.0,0101101,0,50,0,50,50,0,50,2891.6,-308.4,55.08,163.31,0.0,0.0,0.0,0
0.33,3.0,3100.0,3300.0,0101110,0,50,0,50,50,50,0,3032.6,-167.4,48.76,184.49,1.0,0.0,0.5,25013
0.33,3.0,3100.0,3300.0,0110011,0,50,44,0,0,50,50,3076.7,-123.3,50.24,179.04,1.0,0.18,0.59,75136
0.33,3.0,3100.0,3300.0,0110110,0,50,46,0,50,50,0,3058.8,-141.2,49.37,182.21,1.0,0.06,0.53,165
0.33,3.0,3100.0,3300.0,0111001,0,50,42,50,0,0,50,3057.4,-142.6,51.54,174.54,1.0,0.05,0.52,81293
0.33,3.0,3100.0,3300.0,0111010,0,50,30,48,0,50,0,3050.2,-149.8,46.89,191.82,1.0,0.0,0.5,735
0.33,3.0,3100.0,3300.0,0111100,0,50,50,50,50,0,0,2963.1,-236.9,50.02,179.85,0.0,0.0,0.0,0
0.33,3.0,3100.0,3300.0,1000111,47,0,0,0,50,50,50,3089.2,-110.8,52.61,170.97,1.0,0.26,0.63,32229
0.33,3.0,3100.0,3300.0,1001011,48,0,0,39,0,50,50,3344.0,144.0,49.98,179.97,1.0,0.04,0.52,104030
0.33,3.0,3100.0,3300.0,1001101,50,0,0,45,50,0,50,3066.5,-133.5,53.42,168.38,1.0,0.11,0.55,33990
0.33,3.0,3100.0,3300.0,1001110,50,0,0,30,50,50,0,3104.0,-96.0,50.36,178.62,1.0,0.36,0.68,4274
0.33,3.0,3100.0,3300.0,1010011,47,0,40,0,0,50,50,3348.9,148.9,49.62,181.29,1.0,0.01,0.5,5887
0.33,3.0,3100.0,3300.0,1010110,50,0,30,0,50,50,0,3245.6,45.6,50.83,176.96,0.0,0.7,0.35,0
0.33,3.0,3100.0,3300.0,1011001,50,0,45,36,0,0,50,3349.5,149.5,49.85,180.43,1.0,0.0,0.5,8236
0.33,3.0,3100.0,3300.0,1011010,50,0,30,32,0,50,0,3346.7,146.7,48.85,184.16,0.0,0.02,0.01,0
0.33,3.0,3100.0,3300.0,1011100,50,0,45,30,50,0,0,3105.8,-94.2,51.19,175.71,0.0,0.37,0.19,0
0.33,3.0,3100.0,3300.0,1100011,44,50,0,0,0,50,50,3052.0,-148.0,50.94,176.58,1.0,0.01,0.51,221713
0.33,3.0,3100.0,3300.0,1100101,50,50,0,0,50,0,50,2929.5,-270.5,55.55,161.93,0.0,0.0,0.0,0
0.33,3.0,3100.0,3300.0,1100110,42,50,0,0,50,50,0,3062.2,-137.8,51.89,173.36,1.0,0.08,0.54,3717
0.33,3.0,3100.0,3300.0,1101001,47,50,0,45,0,0,50,3050.4,-149.6,51.68,174.04,1.0,0.0,0.5,188841
0.33,3.0,3100.0,3300.0,1101100,50,50,0,48,50,0,0,3063.7,-136.3,52.22,172.26,1.0,0.09,0.55,1658
0.33,3.0,3100.0,3300.0,1110001,50,50,34,0,0,0,50,3068.5,-131.5,51.34,175.22,0.0,0.12,0.06,0
0.33,3.0,3100.0,3300.0,1110010,50,30,34,0,0,50,0,3057.2,-142.8,47.17,190.69,1.0,0.05,0.52,106
0.33,3.0,3100.0,3300.0,1110100,50,50,32,0,50,0,0,3050.2,-149.8,53.98,166.64,0.0,0.0,0.0,0
0.33,3.0,3100.0,3300.0,1111000,50,30,36,50,0,0,0,3112.0,-88.0,48.52,185.41,1.0,0.41,0.71,437
0.33,3.0,3200.0,3400.0,0001111,0,0,0,50,50,50,50,3014.3,-285.7,51.04,176.25,1.0,0.0,0.5,26833
0.33,3.0,3200.0,3400.0,0011011,0,0,50,50,0,50,50,3327.4,27.4,49.33,182.35,1.0,0.82,0.91,17354
0.33,3.0,3200.0,3400.0,0011110,0,0,50,50,50,50,0,2993.3,-306.7,47.02,191.31,1.0,0.0,0.5,258
0.33,3.0,3200.0,3400.0,0100111,0,50,0,0,50,50,50,2850.6,-449.4,54.29,165.68,0.0,0.0,0.0,0
0.33,3.0,3200.0,3400.0,0101011,0,50,0,44,0,50,50,3158.5,-141.5,51.47,174.75,1.0,0.06,0.53,143190
0.33,3.0,3200.0,3400.0,0101101,0,50,0,50,50,0,50,2891.6,-408.4,55.08,163.31,0.0,0.0,0.0,0
0.33,3.0,3200.0,3400.0,0101110,0,50,0,50,50,50,0,3032.6,-267.4,48.76,184.49,1.0,0.0,0.5,25013
0.33,3.0,3200.0,3400.0,0110011,0,50,46,0,0,50,50,3152.8,-147.2,49.63,181.23,1.0,0.02,0.51,75136
0.33,3.0,3200.0,3400.0,0110110,0,50,50,0,50,50,0,3125.9,-174.1,48.55,185.29,1.0,0.0,0.5,165
0.33,3.0,3200.0,3400.0,0111001,0,50,49,50,0,0,50,3158.4,-141.6,50.04,179.77,1.0,0.06,0.53,81293
0.33,3.0,3200.0,3400.0,0111010,0,50,39,50,0,50,0,3155.3,-144.7,46.53,193.31,1.0,0.04,0.52,735
0.33,3.0,3200.0,3400.0,0111100,0,50,50,50,50,0,0,2963.1,-336.9,50.02,179.85,0.0,0.0,0.0,0
0.33,3.0,3200.0,3400.0,1000111,48,0,0,0,50,50,50,3153.1,-146.9,52.46,171.46,1.0,0.02,0.51,32229
0.33,3.0,3200.0,3400.0,1001011,47,0,0,46,0,50,50,3442.0,142.0,50.28,178.91,1.0,0.05,0.53,104030
0.33,3.0,3200.0,3400.0,1001101,50,0,0,48,50,0,50,3153.8,-146.2,52.98,169.8,1.0,0.03,0.51,33990
0.33,3.0,3200.0,3400.0,1001110,50,0,0,34,50,50,0,3163.2,-136.8,50.08,179.61,1.0,0.09,0.54,4274
0.33,3.0,3200.0,3400.0,1010011,50,0,39,0,0,50,50,3442.7,142.7,49.85,180.45,1.0,0.05,0.52,5887
0.33,3.0,3200.0,3400.0,1010110,50,0,30,0,50,50,0,3245.6,-54.4,50.83,176.96,0.0,0.64,0.32,0
0.33,3.0,3200.0,3400.0,1011001,50,0,30,50,0,0,50,3446.1,146.1,50.16,179.32,1.0,0.03,0.51,8236
0.33,3.0,3200.0,3400.0,1011010,50,0,30,37,0,50,0,3443.9,143.9,48.91,183.9,0.0,0.04,0.02,0
0.33,3.0,3200.0,3400.0,1011100,50,0,50,32,50,0,0,3186.4,-113.6,51.19,175.72,0.0,0.24,0.12,0
0.33,3.0,3200.0,3400.0,1100011,47,50,0,0,0,50,50,3182.4,-117.6,50.2,179.2,1.0,0.22,0.61,221713
0.33,3.0,3200.0,3400.0,1100101,50,50,0,0,50,0,50,2929.5,-370.5,55.55,161.93,0.0,0.0,0.0,0
0.33,3.0,3200.0,3400.0,1100110,50,40,0,0,50,50,0,3155.8,-144.2,51.28,175.41,1.0,0.04,0.52,3717
0.33,3.0,3200.0,3400.0,1101001,49,50,0,47,0,0,50,3150.2,-149.8,51.08,176.11,1.0,0.0,0.5,188841
0.33,3.0,3200.0,3400.0,1101100,50,50,0,50,50,0,0,3099.4,-200.6,51.92,173.25,1.0,0.0,0.5,1658
0.33,3.0,3200.0,3400.0,1110001,50,50,37,0,0,0,50,3159.5,-140.5,50.58,177.85,0.0,0.06,0.03,0
0.33,3.0,3200.0,3400.0,1110010,50,30,40,0,0,50,0,3153.0,-147.0,47.14,190.81,1.0,0.02,0.51,106
0.33,3.0,3200.0,3400.0,1110100,50,49,39,0,50,0,0,3159.2,-140.8,53.06,169.52,0.0,0.06,0.03,0
0.33,3.0,3200.0,3400.0,1111000,50,30,39,50,0,0,0,3154.8,-145.2,48.5,185.48,1.0,0.03,0.52,437
0.33,3.0,3300.0,3500.0,0001111,0,0,0,50,50,50,50,3014.3,-385.7,51.04,176.25,1.0,0.0,0.5,26833
0.33,3.0,3300.0,3500.0,0011011,0,0,50,50,0,50,50,3327.4,-72.6,49.33,182.35,1.0,0.52,0.76,17354
0.33,3.0,3300.0,3500.0,0011110,0,0,50,50,50,50,0,2993.3,-406.7,47.02,191.31,1.0,0.0,0.5,258
0.33,3.0,3300.0,3500.0,0100111,0,50,0,0,50,50,50,2850.6,-549.4,54.29,165.68,0.0,0.0,0.0,0
0.33,3.0,3300.0,3500.0,0101011,0,50,0,48,0,50,50,3253.0,-147.0,50.68,177.5,1.0,0.02,0.51,143190
0.33,3.0,3300.0,3500.0,0101101,0,50,0,50,50,0,50,2891.6,-508.4,55.08,163.31,0.0,0.0,0.0,0
0.33,3.0,3300.0,3500.0,0101110,0,50,0,50,50,50,0,3032.6,-367.4,48.76,184.49,1.0,0.0,0.5,25013
0.33,3.0,3300.0,3500.0,0110011,0,50,50,0,0,50,50,3296.4,-103.6,49.01,183.54,1.0,0.31,0.65,75136
0.33,3.0,3300.0,3500.0,0110110,0,50,50,0,50,50,0,3125.9,-274.1,48.55,185.29,1.0,0.0,0.5,165
0.33,3.0,3300.0,3500.0,0111001,0,50,50,50,0,0,50,3172.8,-227.2,49.74,180.86,1.0,0.0,0.5,81293
0.33,3.0,3300.0,3500.0,0111010,0,49,49,50,0,50,0,3250.4,-149.6,46.26,194.47,1.0,0.0,0.5,735
0.33,3.0,3300.0,3500.0,0111100,0,50,50,50,50,0,0,2963.1,-436.9,50.02,179.85,0.0,0.0,0.0,0
0.33,3.0,3300.0,3500.0,1000111,50,0,0,0,50,50,50,3257.3,-142.7,52.08,172.72,1.0,0.05,0.52,32229
0.33,3.0,3300.0,3500.0,1001011,49,0,0,44,0,50,50,3538.4,138.4,50.56,177.91,1.0,0.08,0.54,104030
0.33,3.0,3300.0,3500.0,1001101,50,0,0,50,50,0,50,3215.0,-185.0,52.63,170.91,1.0,0.0,0.5,33990
0.33,3.0,3300.0,3500.0,1001110,50,0,0,40,50,50,0,3254.4,-145.6,49.88,180.33,1.0,0.03,0.51,4274
0.33,3.0,3300.0,3500.0,1010011,50,0,45,0,0,50,50,3538.9,138.9,50.01,179.89,1.0,0.07,0.54,5887
0.33,3.0,3300.0,3500.0,1010110,50,0,31,0,50,50,0,3259.6,-140.4,50.79,177.11,0.0,0.06,0.03,0
0.33,3.0,3300.0,3500.0,1011001,50,0,39,50,0,0,50,3549.8,149.8,50.45,178.29,1.0,0.0,0.5,8236
0.33,3.0,3300.0,3500.0,1011010,50,0,30,42,0,50,0,3533.3,133.3,48.97,183.7,0.0,0.11,0.06,0
0.33,3.0,3300.0,3500.0,1011100,50,0,43,44,50,0,0,3252.0,-148.0,51.15,175.86,0.0,0.01,0.01,0
0.33,3.0,3300.0,3500.0,1100011,50,48,0,0,0,50,50,3256.9,-143.1,49.59,181.4,1.0,0.05,0.52,221713
0.33,3.0,3300.0,3500.0,1100101,50,50,0,0,50,0,50,2929.5,-470.5,55.55,161.93,0.0,0.0,0.0,0
0.33,3.0,3300.0,3500.0,1100110,50,48,0,0,50,50,0,3262.5,-137.5,51.12,175.96,1.0,0.08,0.54,3717
0.33,3.0,3300.0,3500.0,1101001,50,50,0,49,0,0,50,3262.9,-137.1,50.6,177.76,1.0,0.09,0.54,188841
0.33,3.0,3300.0,3500.0,1101100,50,50,0,50,50,0,0,3099.4,-300.6,51.92,173.25,1.0,0.0,0.5,1658
0.33,3.0,3300.0,3500.0,1110001,50,50,41,0,0,0,50,3250.4,-149.6,49.79,180.67,0.0,0.0,0.0,0
0.33,3.0,3300.0,3500.0,1110010,50,30,46,0,0,50,0,3251.5,-148.5,47.1,190.99,1.0,0.01,0.5,106
0.33,3.0,3300.0,3500.0,1110100,50,49,43,0,50,0,0,3254.5,-145.5,52.35,171.81,0.0,0.03,0.02,0
0.33,3.0,3300.0,3500.0,1111000,50,30,46,50,0,0,0,3259.0,-141.0,48.39,185.88,1.0,0.06,0.53,437
0.33,3.0,3400.0,3600.0,0001111,0,0,0,50,50,50,50,3014.3,-485.7,51.04,176.25,1.0,0.0,0.5,26833
0.33,3.0,3400.0,3600.0,0011011,0,0,50,50,0,50,50,3327.4,-172.6,49.33,182.35,1.0,0.0,0.5,17354
0.33,3.0,3400.0,3600.0,0011110,0,0,50,50,50,50,0,2993.3,-506.7,47.02,191.31,1.0,0.0,0.5,258
0.33,3.0,3400.0,3600.0,0100111,0,50,0,0,50,50,50,2850.6,-649.4,54.29,165.68,0.0,0.0,0.0,0
0.33,3.0,3400.0,3600.0,0101011,0,50,0,50,0,50,50,3290.3,-209.7,50.3,178.83,1.0,0.0,0.5,143190
0.33,3.0,3400.0,3600.0,0101101,0,50,0,50,50,0,50,2891.6,-608.4,55.08,163.31,0.0,0.0,0.0,0
0.33,3.0,3400.0,3600.0,0101110,0,50,0,50,50,50,0,3032.6,-467.4,48.76,184.49,1.0,0.0,0.5,25013
0.33,3.0,3400.0,3600.0,0110011,0,50,50,0,0,50,50,3296.4,-203.6,49.01,183.54,1.0,0.0,0.5,75136
0.33,3.0,3400.0,3600.0,0110110,0,50,50,0,50,50,0,3125.9,-374.1,48.55,185.29,1.0,0.0,0.5,165
0.33,3.0,3400.0,3600.0,0111001,0,50,50,50,0,0,50,3172.8,-327.2,49.74,180.86,1.0,0.0,0.5,81293
0.33,3.0,3400.0,3600.0,0111010,0,50,50,50,0,50,0,3284.2,-215.8,46.19,194.74,1.0,0.0,0.5,735
0.33,3.0,3400.0,3600.0,0111100,0,50,50,50,50,0,0,2963.1,-536.9,50.02,179.85,0.0,0.0,0.0,0
0.33,3.0,3400.0,3600.0,1000111,50,0,0,0,50,50,50,3257.3,-242.7,52.08,172.72,1.0,0.0,0.5,32229
0.33,3.0,3400.0,3600.0,1001011,49,0,0,49,0,50,50,3639.3,139.3,50.69,177.46,1.0,0.07,0.54,104030
0.33,3.0,3400.0,3600.0,1001101,50,0,0,50,50,0,50,3215.0,-285.0,52.63,170.91,1.0,0.0,0.5,33990
0.33,3.0,3400.0,3600.0,1001110,50,0,0,47,50,50,0,3363.2,-136.8,49.64,181.21,1.0,0.09,0.54,4274
0.33,3.0,3400.0,3600.0,1010011,50,0,50,0,0,50,50,3619.9,119.9,50.13,179.44,1.0,0.2,0.6,5887
0.33,3.0,3400.0,3600.0,1010110,50,0,38,0,50,50,0,3354.9,-145.1,50.33,178.72,0.0,0.03,0.02,0
0.33,3.0,3400.0,3600.0,1011001,50,0,46,50,0,0,50,3644.2,144.2,50.58,177.84,1.0,0.04,0.52,8236
0.33,3.0,3400.0,3600.0,1011010,50,0,30,48,0,50,0,3638.6,138.6,49.02,183.48,0.0,0.08,0.04,0
0.33,3.0,3400.0,3600.0,1011100,50,0,44,50,50,0,0,3352.8,-147.2,51.03,176.28,0.0,0.02,0.01,0
0.33,3.0,3400.0,3600.0,1100011,50,50,0,0,0,50,50,3304.3,-195.7,49.41,182.06,1.0,0.0,0.5,221713
0.33,3.0,3400.0,3600.0,1100101,50,50,0,0,50,0,50,2929.5,-570.5,55.55,161.93,0.0,0.0,0.0,0
0.33,3.0,3400.0,3600.0,1100110,50,50,0,0,50,50,0,3296.8,-203.2,51.05,176.19,1.0,0.0,0.5,3717
0.33,3.0,3400.0,3600.0,1101001,50,50,0,50,0,0,50,3290.7,-209.3,50.49,178.15,1.0,0.0,0.5,188841
0.33,3.0,3400.0,3600.0,1101100,50,50,0,50,50,0,0,3099.4,-400.6,51.92,173.25,1.0,0.0,0.5,1658
0.33,3.0,3400.0,3600.0,1110001,50,50,50,0,0,0,50,3434.0,-66.0,49.51,181.68,0.0,0.56,0.28,0
0.33,3.0,3400.0,3600.0,1110010,50,32,50,0,0,50,0,3350.7,-149.3,47.0,191.38,1.0,0.0,0.5,106
0.33,3.0,3400.0,3600.0,1110100,50,50,47,0,50,0,0,3362.1,-137.9,51.79,173.69,0.0,0.08,0.04,0
0.33,3.0,3400.0,3600.0,1111000,50,33,50,50,0,0,0,3350.4,-149.6,48.14,186.85,1.0,0.0,0.5,437
0.33,3.0,3500.0,3700.0,0001111,0,0,0,50,50,50,50,3014.3,-585.7,51.04,176.25,1.0,0.0,0.5,26833
0.33,3.0,3500.0,3700.0,0011011,0,0,50,50,0,50,50,3327.4,-272.6,49.33,182.35,1.0,0.0,0.5,17354
0.33,3.0,3500.0,3700.0,0011110,0,0,50,50,50,50,0,2993.3,-606.7,47.02,191.31,1.0,0.0,0.5,258
0.33,3.0,3500.0,3700.0,0100111,0,50,0,0,50,50,50,2850.6,-749.4,54.29,165.68,0.0,0.0,0.0,0
0.33,3.0,3500.0,3700.0,0101011,0,50,0,50,0,50,50,3290.3,-309.7,50.3,178.83,1.0,0.0,0.5,143190
0.33,3.0,3500.0,3700.0,0101101,0,50,0,50,50,0,50,2891.6,-708.4,55.08,163.31,0.0,0.0,0.0,0
0.33,3.0,3500.0,3700.0,0101110,0,50,0,50,50,50,0,3032.6,-567.4,48.76,184.49,1.0,0.0,0.5,25013
0.33,3.0,3500.0,3700.0,0110011,0,50,50,0,0,50,50,3296.4,-303.6,49.01,183.54,1.0,0.0,0.5,75136
0.33,3.0,3500.0,3700.0,0110110,0,50,50,0,50,50,0,3125.9,-474.1,48.55,185.29,1.0,0.0,0.5,165
0.33,3.0,3500.0,3700.0,0111001,0,50,50,50,0,0,50,3172.8,-427.2,49.74,180.86,1.0,0.0,0.5,81293
0.33,3.0,3500.0,3700.0,0111010,0,50,50,50,0,50,0,3284.2,-315.8,46.19,194.74,1.0,0.0,0.5,735
0.33,3.0,3500.0,3700.0,0111100,0,50,50,50,50,0,0,2963.1,-636.9,50.02,179.85,0.0,0.0,0.0,0
0.33,3.0,3500.0,3700.0,1000111,50,0,0,0,50,50,50,3257.3,-342.7,52.08,172.72,1.0,0.0,0.5,32229
0.33,3.0,3500.0,3700.0,1001011,50,0,0,50,0,50,50,3713.5,113.5,50.79,177.11,1.0,0.24,0.62,104030
0.33,3.0,3500.0,3700.0,1001101,50,0,0,50,50,0,50,3215.0,-385.0,52.63,170.91,1.0,0.0,0.5,33990
0.33,3.0,3500.0,3700.0,1001110,50,0,0,50,50,50,0,3404.7,-195.3,49.53,181.6,1.0,0.0,0.5,4274
0.33,3.0,3500.0,3700.0,1010011,50,0,50,0,0,50,50,3619.9,19.9,50.13,179.44,1.0,0.87,0.93,5887
0.33,3.0,3500.0,3700.0,1010110,50,0,45,0,50,50,0,3452.2,-147.8,50.05,179.71,0.0,0.01,0.01,0
0.33,3.0,3500.0,3700.0,1011001,50,0,50,50,0,0,50,3701.8,101.8,50.66,177.57,1.0,0.32,0.66,8236
0.33,3.0,3500.0,3700.0,1011010,50,0,30,50,0,50,0,3673.6,73.6,49.04,183.41,0.0,0.51,0.25,0
0.33,3.0,3500.0,3700.0,1011100,50,0,50,50,50,0,0,3443.1,-156.9,50.85,176.89,0.0,0.0,0.0,0
0.33,3.0,3500.0,3700.0,1100011,50,50,0,0,0,50,50,3304.3,-295.7,49.41,182.06,1.0,0.0,0.5,221713
0.33,3.0,3500.0,3700.0,1100101,50,50,0,0,50,0,50,2929.5,-670.5,55.55,161.93,0.0,0.0,0.0,0
0.33,3.0,3500.0,3700.0,1100110,50,50,0,0,50,50,0,3296.8,-303.2,51.05,176.19,1.0,0.0,0.5,3717
0.33,3.0,3500.0,3700.0,1101001,50,50,0,50,0,0,50,3290.7,-309.3,50.49,178.15,1.0,0.0,0.5,188841
0.33,3.0,3500.0,3700.0,1101100,50,50,0,50,50,0,0,3099.4,-500.6,51.92,173.25,1.0,0.0,0.5,1658
0.33,3.0,3500.0,3700.0,1110001,50,50,50,0,0,0,50,3434.0,-166.0,49.51,181.68,0.0,0.0,0.0,0
0.33,3.0,3500.0,3700.0,1110010,50,39,50,0,0,50,0,3454.3,-145.7,46.77,192.32,1.0,0.03,0.51,106
0.33,3.0,3500.0,3700.0,1110100,50,50,50,0,50,0,0,3419.8,-180.2,51.47,174.77,0.0,0.0,0.0,0
0.33,3.0,3500.0,3700.0,1111000,50,42,50,50,0,0,0,3462.2,-137.8,47.72,188.49,1.0,0.08,0.54,437
0.33,3.0,3600.0,3800.0,0001111,0,0,0,50,50,50,50,3014.3,-685.7,51.04,176.25,1.0,0.0,0.5,26833
0.33,3.0,3600.0,3800.0,0011011,0,0,50,50,0,50,50,3327.4,-372.6,49.33,182.35,1.0,0.0,0.5,17354
0.33,3.0,3600.0,3800.0,0011110,0,0,50,50,50,50,0,2993.3,-706.7,47.02,191.31,1.0,0.0,0.5,258
0.33,3.0,3600.0,3800.0,0100111,0,50,0,0,50,50,50,2850.6,-849.4,54.29,165.68,0.0,0.0,0.0,0
0.33,3.0,3600.0,3800.0,0101011,0,50,0,50,0,50,50,3290.3,-409.7,50.3,178.83,1.0,0.0,0.5,143190
0.33,3.0,3600.0,3800.0,0101101,0,50,0,50,50,0,50,2891.6,-808.4,55.08,163.31,0.0,0.0,0.0,0
0.33,3.0,3600.0,3800.0,0101110,0,50,0,50,50,50,0,3032.6,-667.4,48.76,184.49,1.0,0.0,0.5,25013
0.33,3.0,3600.0,3800.0,0110011,0,50,50,0,0,50,50,3296.4,-403.6,49.01,183.54,1.0,0.0,0.5,75136
0.33,3.0,3600.0,3800.0,0110110,0,50,50,0,50,50,0,3125.9,-574.1,48.55,185.29,1.0,0.0,0.5,165
0.33,3.0,3600.0,3800.0,0111001,0,50,50,50,0,0,50,3172.8,-527.2,49.74,180.86,1.0,0.0,0.5,81293
0.33,3.0,3600.0,3800.0,0111010,0,50,50,50,0,50,0,3284.2,-415.8,46.19,194.74,1.0,0.0,0.5,735
0.33,3.0,3600.0,3800.0,0111100,0,50,50,50,50,0,0,2963.1,-736.9,50.02,179.85,0.0,0.0,0.0,0
0.33,3.0,3600.0,3800.0,1000111,50,0,0,0,50,50,50,3257.3,-442.7,52.08,172.72,1.0,0.0,0.5,32229
0.33,3.0,3600.0,3800.0,1001011,50,0,0,50,0,50,50,3713.5,13.5,50.79,177.11,1.0,0.91,0.95,104030
0.33,3.0,3600.0,3800.0,1001101,50,0,0,50,50,0,50,3215.0,-485.0,52.63,170.91,1.0,0.0,0.5,33990
0.33,3.0,3600.0,3800.0,1001110,50,0,0,50,50,50,0,3404.7,-295.3,49.53,181.6,1.0,0.0,0.5,4274
0.33,3.0,3600.0,3800.0,1010011,50,0,50,0,0,50,50,3619.9,-80.1,50.13,179.44,1.0,0.47,0.73,5887
0.33,3.0,3600.0,3800.0,1010110,50,0,50,0,50,50,0,3524.8,-175.2,49.82,180.54,0.0,0.0,0.0,0
0.33,3.0,3600.0,3800.0,1011001,50,0,50,50,0,0,50,3701.8,1.8,50.66,177.57,1.0,0.99,0.99,8236
0.33,3.0,3600.0,3800.0,1011010,50,0,30,50,0,50,0,3673.6,-26.4,49.04,183.41,0.0,0.82,0.41,0
0.33,3.0,3600.0,3800.0,1011100,50,0,50,50,50,0,0,3443.1,-256.9,50.85,176.89,0.0,0.0,0.0,0
0.33,3.0,3600.0,3800.0,1100011,50,50,0,0,0,50,50,3304.3,-395.7,49.41,182.06,1.0,0.0,0.5,221713
0.33,3.0,3600.0,3800.0,1100101,50,50,0,0,50,0,50,2929.5,-770.5,55.55,161.93,0.0,0.0,0.0,0
0.33,3.0,3600.0,3800.0,1100110,50,50,0,0,50,50,0,3296.8,-403.2,51.05,176.19,1.0,0.0,0.5,3717
0.33,3.0,3600.0,3800.0,1101001,50,50,0,50,0,0,50,3290.7,-409.3,50.49,178.15,1.0,0.0,0.5,188841
0.33,3.0,3600.0,3800.0,1101100,50,50,0,50,50,0,0,3099.4,-600.6,51.92,173.25,1.0,0.0,0.5,1658
0.33,3.0,3600.0,3800.0,1110001,50,50,50,0,0,0,50,3434.0,-266.0,49.51,181.68,0.0,0.0,0.0,0
0.33,3.0,3600.0,3800.0,1110010,50,45,50,0,0,50,0,3554.4,-145.6,46.62,192.95,1.0,0.03,0.51,106
0.33,3.0,3600.0,3800.0,1110100,50,50,50,0,50,0,0,3419.8,-280.2,51.47,174.77,0.0,0.0,0.0,0
0.33,3.0,3600.0,3800.0,1111000,50,48,50,50,0,0,0,3556.2,-143.8,47.46,189.51,1.0,0.04,0.52,437
0.36,2.0,2100.0,2300.0,0000011,0,0,0,0,0,50,50,2221.3,21.3,51.56,195.92,0.0,0.86,0.43,0
0.36,2.0,2100.0,2300.0,0000101,0,0,0,0,50,0,50,2231.5,31.5,54.8,184.34,0.0,0.79,0.4,0
0.36,2.0,2100.0,2300.0,0000110,0,0,0,0,50,50,0,2240.8,40.8,53.0,190.6,1.0,0.73,0.86,7381
0.36,2.0,2100.0,2300.0,0001001,0,0,0,50,0,0,50,2159.3,-40.7,53.45,189.0,0.0,0.73,0.36,0
0.36,2.0,2100.0,2300.0,0001010,0,0,0,44,0,50,0,2051.5,-148.5,51.64,195.6,1.0,0.01,0.5,183088
0.36,2.0,2100.0,2300.0,0001100,0,0,0,46,50,0,0,2227.2,27.2,54.37,185.79,1.0,0.82,0.91,107
0.36,2.0,2100.0,2300.0,0010001,0,0,50,0,0,0,50,2324.5,124.5,52.31,193.11,0.0,0.17,0.09,0
0.36,2.0,2100.0,2300.0,0010010,0,0,30,0,0,50,0,2066.3,-133.7,50.48,200.1,1.0,0.11,0.55,72227
0.36,2.0,2100.0,2300.0,0010100,0,0,46,0,50,0,0,2294.8,94.8,54.13,186.62,0.0,0.37,0.18,0
0.36,2.0,2100.0,2300.0,0011000,0,0,40,50,0,0,0,2051.6,-148.4,51.74,195.24,1.0,0.01,0.51,98122
0.36,2.0,2100.0,2300.0,0100001,0,50,0,0,0,0,50,2291.6,91.6,53.78,187.82,0.0,0.39,0.19,0
0.36,2.0,2100.0,2300.0,0100010,0,50,0,0,0,50,0,2323.7,123.7,52.23,193.41,0.0,0.18,0.09,0
0.36,2.0,2100.0,2300.0,0100100,0,41,0,0,50,0,0,2348.6,148.6,55.82,180.98,0.0,0.01,0.0,0
0.36,2.0,2100.0,2300.0,0101000,0,50,0,41,0,0,0,2311.6,111.6,53.3,189.53,0.0,0.26,0.13,0
0.36,2.0,2100.0,2300.0,0110000,0,50,45,0,0,0,0,2334.4,134.4,52.81,191.27,0.0,0.1,0.05,0
0.36,2.0,2100.0,2300.0,1000001,50,0,0,0,0,0,50,2209.6,9.6,51.9,194.65,0.0,0.94,0.47,0
0.36,2.0,2100.0,2300.0,1000010,50,0,0,0,0,50,0,2107.6,-92.4,50.52,199.96,1.0,0.38,0.69,287155
0.36,2.0,2100.0,2300.0,1000100,48,0,0,0,50,0,0,2346.8,146.8,54.35,185.85,0.0,0.02,0.01,0
0.36,2.0,2100.0,2300.0,1001000,50,0,0,50,0,0,0,2057.7,-142.3,51.48,196.23,1.0,0.05,0.53,177419
0.36,2.0,2100.0,2300.0,1010000,50,0,30,0,0,0,0,2215.0,15.0,51.33,196.81,0.0,0.9,0.45,0
0.36,2.0,2100.0,2300.0,1100000,30,50,0,0,0,0,0,2256.6,56.6,52.54,192.28,1.0,0.62,0.81,13
0.36,2.0,2200.0,2400.0,0000011,0,0,0,0,0,50,50,2221.3,-78.7,51.56,195.92,0.0,0.48,0.24,0
0.36,2.0,2200.0,2400.0,0000101,0,0,0,0,50,0,50,2231.5,-68.5,54.8,184.34,0.0,0.54,0.27,0
0.36,2.0,2200.0,2400.0,0000110,0,0,0,0,50,50,0,2240.8,-59.2,53.0,190.6,1.0,0.61,0.8,7381
0.36,2.0,2200.0,2400.0,0001001,0,0,0,50,0,0,50,2159.3,-140.7,53.45,189.0,0.0,0.06,0.03,0
0.36,2.0,2200.0,2400.0,0001010,0,0,0,50,0,50,0,2093.4,-206.6,51.51,196.09,1.0,0.0,0.5,183088
0.36,2.0,2200.0,2400.0,0001100,0,0,0,46,50,0,0,2227.2,-72.8,54.37,185.79,1.0,0.51,0.76,107
0.36,2.0,2200.0,2400.0,0010001,0,0,50,0,0,0,50,2324.5,24.5,52.31,193.11,0.0,0.84,0.42,0
0.36,2.0,2200.0,2400.0,0010010,0,0,48,0,0,50,0,2158.6,-141.4,50.28,200.93,1.0,0.06,0.53,72227
0.36,2.0,2200.0,2400.0,0010100,0,0,46,0,50,0,0,2294.8,-5.2,54.13,186.62,0.0,0.97,0.48,0
0.36,2.0,2200.0,2400.0,0011000,0,0,50,50,0,0,0,2130.1,-169.9,51.48,196.23,1.0,0.0,0.5,98122
0.36,2.0,2200.0,2400.0,0100001,0,50,0,0,0,0,50,2291.6,-8.4,53.78,187.82,0.0,0.94,0.47,0
0.36,2.0,2200.0,2400.0,0100010,0,50,0,0,0,50,0,2323.7,23.7,52.23,193.41,0.0,0.84,0.42,0
0.36,2.0,2200.0,2400.0,0100100,0,50,0,0,50,0,0,2404.9,104.9,56.11,180.03,0.0,0.3,0.15,0
0.36,2.0,2200.0,2400.0,0101000,0,50,0,41,0,0,0,2311.6,11.6,53.3,189.53,0.0,0.92,0.46,0
0.36,2.0,2200.0,2400.0,0110000,0,50,45,0,0,0,0,2334.4,34.4,52.81,191.27,0.0,0.77,0.39,0
0.36,2.0,2200.0,2400.0,1000001,50,0,0,0,0,0,50,2209.6,-90.4,51.9,194.65,0.0,0.4,0.2,0
0.36,2.0,2200.0,2400.0,1000010,50,0,0,0,0,50,0,2107.6,-192.4,50.52,199.96,1.0,0.0,0.5,287155
0.36,2.0,2200.0,2400.0,1000100,48,0,0,0,50,0,0,2346.8,46.8,54.35,185.85,0.0,0.69,0.34,0
0.36,2.0,2200.0,2400.0,1001000,50,0,0,50,0,0,0,2057.7,-242.3,51.48,196.23,1.0,0.0,0.5,177419
0.36,2.0,2200.0,2400.0,1010000,50,0,30,0,0,0,0,2215.0,-85.0,51.33,196.81,0.0,0.43,0.22,0
0.36,2.0,2200.0,2400.0,1100000,50,50,0,0,0,0,0,2363.7,63.7,52.58,192.13,1.0,0.58,0.79,13
0.36,2.0,2300.0,2500.0,0000011,0,0,0,0,0,50,50,2221.3,-178.7,51.56,195.92,0.0,0.0,0.0,0
0.36,2.0,2300.0,2500.0,0000101,0,0,0,0,50,0,50,2231.5,-168.5,54.8,184.34,0.0,0.0,0.0,0
0.36,2.0,2300.0,2500.0,0000110,0,0,0,0,50,50,0,2240.8,-159.2,53.0,190.6,1.0,0.0,0.5,7381
0.36,2.0,2300.0,2500.0,0001001,0,0,0,50,0,0,50,2159.3,-240.7,53.45,189.0,0.0,0.0,0.0,0
0.36,2.0,2300.0,2500.0,0001010,0,0,0,50,0,50,0,2093.4,-306.6,51.51,196.09,1.0,0.0,0.5,183088
0.36,2.0,2300.0,2500.0,0001100,0,0,0,50,50,0,0,2236.5,-163.5,54.32,185.96,1.0,0.0,0.5,107
0.36,2.0,2300.0,2500.0,0010001,0,0,50,0,0,0,50,2324.5,-75.5,52.31,193.11,0.0,0.5,0.25,0
0.36,2.0,2300.0,2500.0,0010010,0,0,50,0,0,50,0,2202.8,-197.2,50.26,200.98,1.0,0.0,0.5,72227
0.36,2.0,2300.0,2500.0,0010100,0,0,46,0,50,0,0,2294.8,-105.2,54.13,186.62,0.0,0.3,0.15,0
0.36,2.0,2300.0,2500.0,0011000,0,0,50,50,0,0,0,2130.1,-269.9,51.48,196.23,1.0,0.0,0.5,98122
0.36,2.0,2300.0,2500.0,0100001,0,50,0,0,0,0,50,2291.6,-108.4,53.78,187.82,0.0,0.28,0.14,0
0.36,2.0,2300.0,2500.0,0100010,0,50,0,0,0,50,0,2323.7,-76.3,52.23,193.41,0.0,0.49,0.25,0
0.36,2.0,2300.0,2500.0,0100100,0,50,0,0,50,0,0,2404.9,4.9,56.11,180.03,0.0,0.97,0.48,0
0.36,2.0,2300.0,2500.0,0101000,0,50,0,41,0,0,0,2311.6,-88.4,53.3,189.53,0.0,0.41,0.21,0
0.36,2.0,2300.0,2500.0,0110000,0,50,45,0,0,0,0,2334.4,-65.6,52.81,191.27,0.0,0.56,0.28,0
0.36,2.0,2300.0,2500.0,1000001,50,0,0,0,0,0,50,2209.6,-190.4,51.9,194.65,0.0,0.0,0.0,0
0.36,2.0,2300.0,2500.0,1000010,50,0,0,0,0,50,0,2107.6,-292.4,50.52,199.96,1.0,0.0,0.5,287155
0.36,2.0,2300.0,2500.0,1000100,48,0,0,0,50,0,0,2346.8,-53.2,54.35,185.85,0.0,0.65,0.32,0
0.36,2.0,2300.0,2500.0,1001000,50,0,0,50,0,0,0,2057.7,-342.3,51.48,196.23,1.0,0.0,0.5,177419
0.36,2.0,2300.0,2500.0,1010000,50,0,35,0,0,0,0,2253.4,-146.6,51.24,197.13,0.0,0.02,0.01,0
0.36,2.0,2300.0,2500.0,1100000,50,50,0,0,0,0,0,2363.7,-36.3,52.58,192.13,1.0,0.76,0.88,13
0.36,2.0,2400.0,2600.0,0000011,0,0,0,0,0,50,50,2221.3,-278.7,51.56,195.92,0.0,0.0,0.0,0
0.36,2.0,2400.0,2600.0,0000101,0,0,0,0,50,0,50,2231.5,-268.5,54.8,184.34,0.0,0.0,0.0,0
0.36,2.0,2400.0,2600.0,0000110,0,0,0,0,50,50,0,2240.8,-259.2,53.0,190.6,1.0,0.0,0.5,7381
0.36,2.0,2400.0,2600.0,0001001,0,0,0,50,0,0,50,2159.3,-340.7,53.45,189.0,0.0,0.0,0.0,0
0.36,2.0,2400.0,2600.0,0001010,0,0,0,50,0,50,0,2093.4,-406.6,51.51,196.09,1.0,0.0,0.5,183088
0.36,2.0,2400.0,2600.0,0001100,0,0,0,50,50,0,0,2236.5,-263.5,54.32,185.96,1.0,0.0,0.5,107
0.36,2.0,2400.0,2600.0,0010001,0,0,50,0,0,0,50,2324.5,-175.5,52.31,193.11,0.0,0.0,0.0,0
0.36,2.0,2400.0,2600.0,0010010,0,0,50,0,0,50,0,2202.8,-297.2,50.26,200.98,1.0,0.0,0.5,72227
0.36,2.0,2400.0,2600.0,0010100,0,0,50,0,50,0,0,2302.4,-197.6,54.12,186.64,0.0,0.0,0.0,0
0.36,2.0,2400.0,2600.0,0011000,0,0,50,50,0,0,0,2130.1,-369.9,51.48,196.23,1.0,0.0,0.5,98122
0.36,2.0,2400.0,2600.0,0100001,0,50,0,0,0,0,50,2291.6,-208.4,53.78,187.82,0.0,0.0,0.0,0
0.36,2.0,2400.0,2600.0,0100010,0,50,0,0,0,50,0,2323.7,-176.3,52.23,193.41,0.0,0.0,0.0,0
0.36,2.0,2400.0,2600.0,0100100,0,50,0,0,50,0,0,2404.9,-95.1,56.11,180.03,0.0,0.37,0.18,0
0.36,2.0,2400.0,2600.0,0101000,0,50,0,50,0,0,0,2340.1,-159.9,53.22,189.8,0.0,0.0,0.0,0
0.36,2.0,2400.0,2600.0,0110000,0,50,50,0,0,0,0,2341.7,-158.3,52.8,191.33,0.0,0.0,0.0,0
0.36,2.0,2400.0,2600.0,1000001,50,0,0,0,0,0,50,2209.6,-290.4,51.9,194.65,0.0,0.0,0.0,0
0.36,2.0,2400.0,2600.0,1000010,50,0,0,0,0,50,0,2107.6,-392.4,50.52,199.96,1.0,0.0,0.5,287155
0.36,2.0,2400.0,2600.0,1000100,49,0,0,0,50,0,0,2353.3,-146.7,54.35,185.86,0.0,0.02,0.01,0
0.36,2.0,2400.0,2600.0,1001000,50,0,0,50,0,0,0,2057.7,-442.3,51.48,196.23,1.0,0.0,0.5,177419
0.36,2.0,2400.0,2600.0,1010000,50,0,41,0,0,0,0,2354.5,-145.5,51.21,197.26,0.0,0.03,0.01,0
0.36,2.0,2400.0,2600.0,1100000,50,50,0,0,0,0,0,2363.7,-136.3,52.58,192.13,1.0,0.09,0.55,13
0.36,2.0,2500.0,2700.0,0000011,0,0,0,0,0,50,50,2221.3,-378.7,51.56,195.92,0.0,0.0,0.0,0
0.36,2.0,2500.0,2700.0,0000101,0,0,0,0,50,0,50,2231.5,-368.5,54.8,184.34,0.0,0.0,0.0,0
0.36,2.0,2500.0,2700.0,0000110,0,0,0,0,50,50,0,2240.8,-359.2,53.0,190.6,1.0,0.0,0.5,7381
0.36,2.0,2500.0,2700.0,0001001,0,0,0,50,0,0,50,2159.3,-440.7,53.45,189.0,0.0,0.0,0.0,0
0.36,2.0,2500.0,2700.0,0001010,0,0,0,50,0,50,0,2093.4,-506.6,51.51,196.09,1.0,0.0,0.5,183088
0.36,2.0,2500.0,2700.0,0001100,0,0,0,50,50,0,0,2236.5,-363.5,54.32,185.96,1.0,0.0,0.5,107
0.36,2.0,2500.0,2700.0,0010001,0,0,50,0,0,0,50,2324.5,-275.5,52.31,193.11,0.0,0.0,0.0,0
0.36,2.0,2500.0,2700.0,0010010,0,0,50,0,0,50,0,2202.8,-397.2,50.26,200.98,1.0,0.0,0.5,72227
0.36,2.0,2500.0,2700.0,0010100,0,0,50,0,50,0,0,2302.4,-297.6,54.12,186.64,0.0,0.0,0.0,0
0.36,2.0,2500.0,2700.0,0011000,0,0,50,50,0,0,0,2130.1,-469.9,51.48,196.23,1.0,0.0,0.5,98122
0.36,2.0,2500.0,2700.0,0100001,0,50,0,0,0,0,50,2291.6,-308.4,53.78,187.82,0.0,0.0,0.0,0
0.36,2.0,2500.0,2700.0,0100010,0,50,0,0,0,50,0,2323.7,-276.3,52.23,193.41,0.0,0.0,0.0,0
0.36,2.0,2500.0,2700.0,0100100,0,50,0,0,50,0,0,2404.9,-195.1,56.11,180.03,0.0,0.0,0.0,0
0.36,2.0,2500.0,2700.0,0101000,0,50,0,50,0,0,0,2340.1,-259.9,53.22,189.8,0.0,0.0,0.0,0
0.36,2.0,2500.0,2700.0,0110000,0,50,50,0,0,0,0,2341.7,-258.3,52.8,191.33,0.0,0.0,0.0,0
0.36,2.0,2500.0,2700.0,1000001,50,0,0,0,0,0,50,2209.6,-390.4,51.9,194.65,0.0,0.0,0.0,0
0.36,2.0,2500.0,2700.0,1000010,50,0,0,0,0,50,0,2107.6,-492.4,50.52,199.96,1.0,0.0,0.5,287155
0.36,2.0,2500.0,2700.0,1000100,50,0,0,0,50,0,0,2360.0,-240.0,54.35,185.88,0.0,0.0,0.0,0
0.36,2.0,2500.0,2700.0,1001000,50,0,0,50,0,0,0,2057.7,-542.3,51.48,196.23,1.0,0.0,0.5,177419
0.36,2.0,2500.0,2700.0,1010000,50,0,45,0,0,0,0,2456.1,-143.9,50.83,198.74,0.0,0.04,0.02,0
0.36,2.0,2500.0,2700.0,1100000,50,50,0,0,0,0,0,2363.7,-236.3,52.58,192.13,1.0,0.0,0.5,13
0.36,2.0,2600.0,2800.0,0000011,0,0,0,0,0,50,50,2221.3,-478.7,51.56,195.92,0.0,0.0,0.0,0
0.36,2.0,2600.0,2800.0,0000101,0,0,0,0,50,0,50,2231.5,-468.5,54.8,184.34,0.0,0.0,0.0,0
0.36,2.0,2600.0,2800.0,0000110,0,0,0,0,50,50,0,2240.8,-459.2,53.0,190.6,1.0,0.0,0.5,7381
0.36,2.0,2600.0,2800.0,0001001,0,0,0,50,0,0,50,2159.3,-540.7,53.45,189.0,0.0,0.0,0.0,0
0.36,2.0,2600.0,2800.0,0001010,0,0,0,50,0,50,0,2093.4,-606.6,51.51,196.09,1.0,0.0,0.5,183088
0.36,2.0,2600.0,2800.0,0001100,0,0,0,50,50,0,0,2236.5,-463.5,54.32,185.96,1.0,0.0,0.5,107
0.36,2.0,2600.0,2800.0,0010001,0,0,50,0,0,0,50,2324.5,-375.5,52.31,193.11,0.0,0.0,0.0,0
0.36,2.0,2600.0,2800.0,0010010,0,0,50,0,0,50,0,2202.8,-497.2,50.26,200.98,1.0,0.0,0.5,72227
0.36,2.0,2600.0,2800.0,0010100,0,0,50,0,50,0,0,2302.4,-397.6,54.12,186.64,0.0,0.0,0.0,0
0.36,2.0,2600.0,2800.0,0011000,0,0,50,50,0,0,0,2130.1,-569.9,51.48,196.23,1.0,0.0,0.5,98122
0.36,2.0,2600.0,2800.0,0100001,0,50,0,0,0,0,50,2291.6,-408.4,53.78,187.82,0.0,0.0,0.0,0
0.36,2.0,2600.0,2800.0,0100010,0,50,0,0,0,50,0,2323.7,-376.3,52.23,193.41,0.0,0.0,0.0,0
0.36,2.0,2600.0,2800.0,0100100,0,50,0,0,50,0,0,2404.9,-295.1,56.11,180.03,0.0,0.0,0.0,0
0.36,2.0,2600.0,2800.0,0101000,0,50,0,50,0,0,0,2340.1,-359.9,53.22,189.8,0.0,0.0,0.0,0
0.36,2.0,2600.0,2800.0,0110000,0,50,50,0,0,0,0,2341.7,-358.3,52.8,191.33,0.0,0.0,0.0,0
0.36,2.0,2600.0,2800.0,1000001,50,0,0,0,0,0,50,2209.6,-490.4,51.9,194.65,0.0,0.0,0.0,0
0.36,2.0,2600.0,2800.0,1000010,50,0,0,0,0,50,0,2107.6,-592.4,50.52,199.96,1.0,0.0,0.5,287155
0.36,2.0,2600.0,2800.0,1000100,50,0,0,0,50,0,0,2360.0,-340.0,54.35,185.88,0.0,0.0,0.0,0
0.36,2.0,2600.0,2800.0,1001000,50,0,0,50,0,0,0,2057.7,-642.3,51.48,196.23,1.0,0.0,0.5,177419
0.36,2.0,2600.0,2800.0,1010000,50,0,49,0,0,0,0,2558.4,-141.6,50.18,201.32,0.0,0.06,0.03,0
0.36,2.0,2600.0,2800.0,1100000,50,50,0,0,0,0,0,2363.7,-336.3,52.58,192.13,1.0,0.0,0.5,13
0.36,2.0,2700.0,2900.0,0000011,0,0,0,0,0,50,50,2221.3,-578.7,51.56,195.92,0.0,0.0,0.0,0
0.36,2.0,2700.0,2900.0,0000101,0,0,0,0,50,0,50,2231.5,-568.5,54.8,184.34,0.0,0.0,0.0,0
0.36,2.0,2700.0,2900.0,0000110,0,0,0,0,50,50,0,2240.8,-559.2,53.0,190.6,1.0,0.0,0.5,7381
0.36,2.0,2700.0,2900.0,0001001,0,0,0,50,0,0,50,2159.3,-640.7,53.45,189.0,0.0,0.0,0.0,0
0.36,2.0,2700.0,2900.0,0001010,0,0,0,50,0,50,0,2093.4,-706.6,51.51,196.09,1.0,0.0,0.5,183088
0.36,2.0,2700.0,2900.0,0001100,0,0,0,50,50,0,0,2236.5,-563.5,54.32,185.96,1.0,0.0,0.5,107
0.36,2.0,2700.0,2900.0,0010001,0,0,50,0,0,0,50,2324.5,-475.5,52.31,193.11,0.0,0.0,0.0,0
0.36,2.0,2700.0,2900.0,0010010,0,0,50,0,0,50,0,2202.8,-597.2,50.26,200.98,1.0,0.0,0.5,72227
0.36,2.0,2700.0,2900.0,0010100,0,0,50,0,50,0,0,2302.4,-497.6,54.12,186.64,0.0,0.0,0.0,0
0.36,2.0,2700.0,2900.0,0011000,0,0,50,50,0,0,0,2130.1,-669.9,51.48,196.23,1.0,0.0,0.5,98122
0.36,2.0,2700.0,2900.0,0100001,0,50,0,0,0,0,50,2291.6,-508.4,53.78,187.82,0.0,0.0,0.0,0
0.36,2.0,2700.0,2900.0,0100010,0,50,0,0,0,50,0,2323.7,-476.3,52.23,193.41,0.0,0.0,0.0,0
0.36,2.0,2700.0,2900.0,0100100,0,50,0,0,50,0,0,2404.9,-395.1,56.11,180.03,0.0,0.0,0.0,0
0.36,2.0,2700.0,2900.0,0101000,0,50,0,50,0,0,0,2340.1,-459.9,53.22,189.8,0.0,0.0,0.0,0
0.36,2.0,2700.0,2900.0,0110000,0,50,50,0,0,0,0,2341.7,-458.3,52.8,191.33,0.0,0.0,0.0,0
0.36,2.0,2700.0,2900.0,1000001,50,0,0,0,0,0,50,2209.6,-590.4,51.9,194.65,0.0,0.0,0.0,0
0.36,2.0,2700.0,2900.0,1000010,50,0,0,0,0,50,0,2107.6,-692.4,50.52,199.96,1.0,0.0,0.5,287155
0.36,2.0,2700.0,2900.0,1000100,50,0,0,0,50,0,0,2360.0,-440.0,54.35,185.88,0.0,0.0,0.0,0
0.36,2.0,2700.0,2900.0,1001000,50,0,0,50,0,0,0,2057.7,-742.3,51.48,196.23,1.0,0.0,0.5,177419
0.36,2.0,2700.0,2900.0,1010000,50,0,50,0,0,0,0,2580.2,-219.8,50.01,201.97,0.0,0.0,0.0,0
0.36,2.0,2700.0,2900.0,1100000,50,50,0,0,0,0,0,2363.7,-436.3,52.58,192.13,1.0,0.0,0.5,13
0.36,2.0,2800.0,3000.0,0000011,0,0,0,0,0,50,50,2221.3,-678.7,51.56,195.92,0.0,0.0,0.0,0
0.36,2.0,2800.0,3000.0,0000101,0,0,0,0,50,0,50,2231.5,-668.5,54.8,184.34,0.0,0.0,0.0,0
0.36,2.0,2800.0,3000.0,0000110,0,0,0,0,50,50,0,2240.8,-659.2,53.0,190.6,1.0,0.0,0.5,7381
0.36,2.0,2800.0,3000.0,0001001,0,0,0,50,0,0,50,2159.3,-740.7,53.45,189.0,0.0,0.0,0.0,0
0.36,2.0,2800.0,3000.0,0001010,0,0,0,50,0,50,0,2093.4,-806.6,51.51,196.09,1.0,0.0,0.5,183088
0.36,2.0,2800.0,3000.0,0001100,0,0,0,50,50,0,0,2236.5,-663.5,54.32,185.96,1.0,0.0,0.5,107
0.36,2.0,2800.0,3000.0,0010001,0,0,50,0,0,0,50,2324.5,-575.5,52.31,193.11,0.0,0.0,0.0,0
0.36,2.0,2800.0,3000.0,0010010,0,0,50,0,0,50,0,2202.8,-697.2,50.26,200.98,1.0,0.0,0.5,72227
0.36,2.0,2800.0,3000.0,0010100,0,0,50,0,50,0,0,2302.4,-597.6,54.12,186.64,0.0,0.0,0.0,0
0.36,2.0,2800.0,3000.0,0011000,0,0,50,50,0,0,0,2130.1,-769.9,51.48,196.23,1.0,0.0,0.5,98122
0.36,2.0,2800.0,3000.0,0100001,0,50,0,0,0,0,50,2291.6,-608.4,53.78,187.82,0.0,0.0,0.0,0
0.36,2.0,2800.0,3000.0,0100010,0,50,0,0,0,50,0,2323.7,-576.3,52.23,193.41,0.0,0.0,0.0,0
0.36,2.0,2800.0,3000.0,0100100,0,50,0,0,50,0,0,2404.9,-495.1,56.11,180.03,0.0,0.0,0.0,0
0.36,2.0,2800.0,3000.0,0101000,0,50,0,50,0,0,0,2340.1,-559.9,53.22,189.8,0.0,0.0,0.0,0
0.36,2.0,2800.0,3000.0,0110000,0,50,50,0,0,0,0,2341.7,-558.3,52.8,191.33,0.0,0.0,0.0,0
0.36,2.0,2800.0,3000.0,1000001,50,0,0,0,0,0,50,2209.6,-690.4,51.9,194.65,0.0,0.0,0.0,0
0.36,2.0,2800.0,3000.0,1000010,50,0,0,0,0,50,0,2107.6,-792.4,50.52,199.96,1.0,0.0,0.5,287155
0.36,2.0,2800.0,3000.0,1000100,50,0,0,0,50,0,0,2360.0,-540.0,54.35,185.88,0.0,0.0,0.0,0
0.36,2.0,2800.0,3000.0,1001000,50,0,0,50,0,0,0,2057.7,-842.3,51.48,196.23,1.0,0.0,0.5,177419
0.36,2.0,2800.0,3000.0,1010000,50,0,50,0,0,0,0,2580.2,-319.8,50.01,201.97,0.0,0.0,0.0,0
0.36,2.0,2800.0,3000.0,1100000,50,50,0,0,0,0,0,2363.7,-536.3,52.58,192.13,1.0,0.0,0.5,13
0.36,2.0,2900.0,3100.0,0000011,0,0,0,0,0,50,50,2221.3,-778.7,51.56,195.92,0.0,0.0,0.0,0
0.36,2.0,2900.0,3100.0,0000101,0,0,0,0,50,0,50,2231.5,-768.5,54.8,184.34,0.0,0.0,0.0,0
0.36,2.0,2900.0,3100.0,0000110,0,0,0,0,50,50,0,2240.8,-759.2,53.0,190.6,1.0,0.0,0.5,7381
0.36,2.0,2900.0,3100.0,0001001,0,0,0,50,0,0,50,2159.3,-840.7,53.45,189.0,0.0,0.0,0.0,0
0.36,2.0,2900.0,3100.0,0001010,0,0,0,50,0,50,0,2093.4,-906.6,51.51,196.09,1.0,0.0,0.5,183088
0.36,2.0,2900.0,3100.0,0001100,0,0,0,50,50,0,0,2236.5,-763.5,54.32,185.96,1.0,0.0,0.5,107
0.36,2.0,2900.0,3100.0,0010001,0,0,50,0,0,0,50,2324.5,-675.5,52.31,193.11,0.0,0.0,0.0,0
0.36,2.0,2900.0,3100.0,0010010,0,0,50,0,0,50,0,2202.8,-797.2,50.26,200.98,1.0,0.0,0.5,72227
0.36,2.0,2900.0,3100.0,0010100,0,0,50,0,50,0,0,2302.4,-697.6,54.12,186.64,0.0,0.0,0.0,0
0.36,2.0,2900.0,3100.0,0011000,0,0,50,50,0,0,0,2130.1,-869.9,51.48,196.23,1.0,0.0,0.5,98122
0.36,2.0,2900.0,3100.0,0100001,0,50,0,0,0,0,50,2291.6,-708.4,53.78,187.82,0.0,0.0,0.0,0
0.36,2.0,2900.0,3100.0,0100010,0,50,0,0,0,50,0,2323.7,-676.3,52.23,193.41,0.0,0.0,0.0,0
0.36,2.0,2900.0,3100.0,0100100,0,50,0,0,50,0,0,2404.9,-595.1,56.11,180.03,0.0,0.0,0.0,0
0.36,2.0,2900.0,3100.0,0101000,0,50,0,50,0,0,0,2340.1,-659.9,53.22,189.8,0.0,0.0,0.0,0
0.36,2.0,2900.0,3100.0,0110000,0,50,50,0,0,0,0,2341.7,-658.3,52.8,191.33,0.0,0.0,0.0,0
0.36,2.0,2900.0,3100.0,1000001,50,0,0,0,0,0,50,2209.6,-790.4,51.9,194.65,0.0,0.0,0.0,0
0.36,2.0,2900.0,3100.0,1000010,50,0,0,0,0,50,0,2107.6,-892.4,50.52,199.96,1.0,0.0,0.5,287155
0.36,2.0,2900.0,3100.0,1000100,50,0,0,0,50,0,0,2360.0,-640.0,54.35,185.88,0.0,0.0,0.0,0
0.36,2.0,2900.0,3100.0,1001000,50,0,0,50,0,0,0,2057.7,-942.3,51.48,196.23,1.0,0.0,0.5,177419
0.36,2.0,2900.0,3100.0,1010000,50,0,50,0,0,0,0,2580.2,-419.8,50.01,201.97,0.0,0.0,0.0,0
0.36,2.0,2900.0,3100.0,1100000,50,50,0,0,0,0,0,2363.7,-636.3,52.58,192.13,1.0,0.0,0.5,13
0.36,2.0,3000.0,3200.0,0000011,0,0,0,0,0,50,50,2221.3,-878.7,51.56,195.92,0.0,0.0,0.0,0
0.36,2.0,3000.0,3200.0,0000101,0,0,0,0,50,0,50,2231.5,-868.5,54.8,184.34,0.0,0.0,0.0,0
0.36,2.0,3000.0,3200.0,0000110,0,0,0,0,50,50,0,2240.8,-859.2,53.0,190.6,1.0,0.0,0.5,7381
0.36,2.0,3000.0,3200.0,0001001,0,0,0,50,0,0,50,2159.3,-940.7,53.45,189.0,0.0,0.0,0.0,0
0.36,2.0,3000.0,3200.0,0001010,0,0,0,50,0,50,0,2093.4,-1006.6,51.51,196.09,1.0,0.0,0.5,183088
0.36,2.0,3000.0,3200.0,0001100,0,0,0,50,50,0,0,2236.5,-863.5,54.32,185.96,1.0,0.0,0.5,107
0.36,2.0,3000.0,3200.0,0010001,0,0,50,0,0,0,50,2324.5,-775.5,52.31,193.11,0.0,0.0,0.0,0
0.36,2.0,3000.0,3200.0,0010010,0,0,50,0,0,50,0,2202.8,-897.2,50.26,200.98,1.0,0.0,0.5,72227
0.36,2.0,3000.0,3200.0,0010100,0,0,50,0,50,0,0,2302.4,-797.6,54.12,186.64,0.0,0.0,0.0,0
0.36,2.0,3000.0,3200.0,0011000,0,0,50,50,0,0,0,2130.1,-969.9,51.48,196.23,1.0,0.0,0.5,98122
0.36,2.0,3000.0,3200.0,0100001,0,50,0,0,0,0,50,2291.6,-808.4,53.78,187.82,0.0,0.0,0.0,0
0.36,2.0,3000.0,3200.0,0100010,0,50,0,0,0,50,0,2323.7,-776.3,52.23,193.41,0.0,0.0,0.0,0
0.36,2.0,3000.0,3200.0,0100100,0,50,0,0,50,0,0,2404.9,-695.1,56.11,180.03,0.0,0.0,0.0,0
0.36,2.0,3000.0,3200.0,0101000,0,50,0,50,0,0,0,2340.1,-759.9,53.22,189.8,0.0,0.0,0.0,0
0.36,2.0,3000.0,3200.0,0110000,0,50,50,0,0,0,0,2341.7,-758.3,52.8,191.33,0.0,0.0,0.0,0
0.36,2.0,3000.0,3200.0,1000001,50,0,0,0,0,0,50,2209.6,-890.4,51.9,194.65,0.0,0.0,0.0,0
0.36,2.0,3000.0,3200.0,1000010,50,0,0,0,0,50,0,2107.6,-992.4,50.52,199.96,1.0,0.0,0.5,287155
0.36,2.0,3000.0,3200.0,1000100,50,0,0,0,50,0,0,2360.0,-740.0,54.35,185.88,0.0,0.0,0.0,0
0.36,2.0,3000.0,3200.0,1001000,50,0,0,50,0,0,0,2057.7,-1042.3,51.48,196.23,1.0,0.0,0.5,177419
0.36,2.0,3000.0,3200.0,1010000,50,0,50,0,0,0,0,2580.2,-519.8,50.01,201.97,0.0,0.0,0.0,0
0.36,2.0,3000.0,3200.0,1100000,50,50,0,0,0,0,0,2363.7,-736.3,52.58,192.13,1.0,0.0,0.5,13
0.36,2.0,3100.0,3300.0,0000011,0,0,0,0,0,50,50,2221.3,-978.7,51.56,195.92,0.0,0.0,0.0,0
0.36,2.0,3100.0,3300.0,0000101,0,0,0,0,50,0,50,2231.5,-968.5,54.8,184.34,0.0,0.0,0.0,0
0.36,2.0,3100.0,3300.0,0000110,0,0,0,0,50,50,0,2240.8,-959.2,53.0,190.6,1.0,0.0,0.5,7381
0.36,2.0,3100.0,3300.0,0001001,0,0,0,50,0,0,50,2159.3,-1040.7,53.45,189.0,0.0,0.0,0.0,0
0.36,2.0,3100.0,3300.0,0001010,0,0,0,50,0,50,0,2093.4,-1106.6,51.51,196.09,1.0,0.0,0.5,183088
0.36,2.0,3100.0,3300.0,0001100,0,0,0,50,50,0,0,2236.5,-963.5,54.32,185.96,1.0,0.0,0.5,107
0.36,2.0,3100.0,3300.0,0010001,0,0,50,0,0,0,50,2324.5,-875.5,52.31,193.11,0.0,0.0,0.0,0
0.36,2.0,3100.0,3300.0,0010010,0,0,50,0,0,50,0,2202.8,-997.2,50.26,200.98,1.0,0.0,0.5,72227
0.36,2.0,3100.0,3300.0,0010100,0,0,50,0,50,0,0,2302.4,-897.6,54.12,186.64,0.0,0.0,0.0,0
0.36,2.0,3100.0,3300.0,0011000,0,0,50,50,0,0,0,2130.1,-1069.9,51.48,196.23,1.0,0.0,0.5,98122
0.36,2.0,3100.0,3300.0,0100001,0,50,0,0,0,0,50,2291.6,-908.4,53.78,187.82,0.0,0.0,0.0,0
0.36,2.0,3100.0,3300.0,0100010,0,50,0,0,0,50,0,2323.7,-876.3,52.23,193.41,0.0,0.0,0.0,0
0.36,2.0,3100.0,3300.0,0100100,0,50,0,0,50,0,0,2404.9,-795.1,56.11,180.03,0.0,0.0,0.0,0
0.36,2.0,3100.0,3300.0,0101000,0,50,0,50,0,0,0,2340.1,-859.9,53.22,189.8,0.0,0.0,0.0,0
0.36,2.0,3100.0,3300.0,0110000,0,50,50,0,0,0,0,2341.7,-858.3,52.8,191.33,0.0,0.0,0.0,0
0.36,2.0,3100.0,3300.0,1000001,50,0,0,0,0,0,50,2209.6,-990.4,51.9,194.65,0.0,0.0,0.0,0
0.36,2.0,3100.0,3300.0,1000010,50,0,0,0,0,50,0,2107.6,-1092.4,50.52,199.96,1.0,0.0,0.5,287155
0.36,2.0,3100.0,3300.0,1000100,50,0,0,0,50,0,0,2360.0,-840.0,54.35,185.88,0.0,0.0,0.0,0
0.36,2.0,3100.0,3300.0,1001000,50,0,0,50,0,0,0,2057.7,-1142.3,51.48,196.23,1.0,0.0,0.5,177419
0.36,2.0,3100.0,3300.0,1010000,50,0,50,0,0,0,0,2580.2,-619.8,50.01,201.97,0.0,0.0,0.0,0
0.36,2.0,3100.0,3300.0,1100000,50,50,0,0,0,0,0,2363.7,-836.3,52.58,192.13,1.0,0.0,0.5,13
0.36,2.0,3200.0,3400.0,0000011,0,0,0,0,0,50,50,2221.3,-1078.7,51.56,195.92,0.0,0.0,0.0,0
0.36,2.0,3200.0,3400.0,0000101,0,0,0,0,50,0,50,2231.5,-1068.5,54.8,184.34,0.0,0.0,0.0,0
0.36,2.0,3200.0,3400.0,0000110,0,0,0,0,50,50,0,2240.8,-1059.2,53.0,190.6,1.0,0.0,0.5,7381
0.36,2.0,3200.0,3400.0,0001001,0,0,0,50,0,0,50,2159.3,-1140.7,53.45,189.0,0.0,0.0,0.0,0
0.36,2.0,3200.0,3400.0,0001010,0,0,0,50,0,50,0,2093.4,-1206.6,51.51,196.09,1.0,0.0,0.5,183088
0.36,2.0,3200.0,3400.0,0001100,0,0,0,50,50,0,0,2236.5,-1063.5,54.32,185.96,1.0,0.0,0.5,107
0.36,2.0,3200.0,3400.0,0010001,0,0,50,0,0,0,50,2324.5,-975.5,52.31,193.11,0.0,0.0,0.0,0
0.36,2.0,3200.0,3400.0,0010010,0,0,50,0,0,50,0,2202.8,-1097.2,50.26,200.98,1.0,0.0,0.5,72227
0.36,2.0,3200.0,3400.0,0010100,0,0,50,0,50,0,0,2302.4,-997.6,54.12,186.64,0.0,0.0,0.0,0
0.36,2.0,3200.0,3400.0,0011000,0,0,50,50,0,0,0,2130.1,-1169.9,51.48,196.23,1.0,0.0,0.5,98122
0.36,2.0,3200.0,3400.0,0100001,0,50,0,0,0,0,50,2291.6,-1008.4,53.78,187.82,0.0,0.0,0.0,0
0.36,2.0,3200.0,3400.0,0100010,0,50,0,0,0,50,0,2323.7,-976.3,52.23,193.41,0.0,0.0,0.0,0
0.36,2.0,3200.0,3400.0,0100100,0,50,0,0,50,0,0,2404.9,-895.1,56.11,180.03,0.0,0.0,0.0,0
0.36,2.0,3200.0,3400.0,0101000,0,50,0,50,0,0,0,2340.1,-959.9,53.22,189.8,0.0,0.0,0.0,0
0.36,2.0,3200.0,3400.0,0110000,0,50,50,0,0,0,0,2341.7,-958.3,52.8,191.33,0.0,0.0,0.0,0
0.36,2.0,3200.0,3400.0,1000001,50,0,0,0,0,0,50,2209.6,-1090.4,51.9,194.65,0.0,0.0,0.0,0
0.36,2.0,3200.0,3400.0,1000010,50,0,0,0,0,50,0,2107.6,-1192.4,50.52,199.96,1.0,0.0,0.5,287155
0.36,2.0,3200.0,3400.0,1000100,50,0,0,0,50,0,0,2360.0,-940.0,54.35,185.88,0.0,0.0,0.0,0
0.36,2.0,3200.0,3400.0,1001000,50,0,0,50,0,0,0,2057.7,-1242.3,51.48,196.23,1.0,0.0,0.5,177419
0.36,2.0,3200.0,3400.0,1010000,50,0,50,0,0,0,0,2580.2,-719.8,50.01,201.97,0.0,0.0,0.0,0
0.36,2.0,3200.0,3400.0,1100000,50,50,0,0,0,0,0,2363.7,-936.3,52.58,192.13,1.0,0.0,0.5,13
0.36,2.0,3300.0,3500.0,0000011,0,0,0,0,0,50,50,2221.3,-1178.7,51.56,195.92,0.0,0.0,0.0,0
0.36,2.0,3300.0,3500.0,0000101,0,0,0,0,50,0,50,2231.5,-1168.5,54.8,184.34,0.0,0.0,0.0,0
0.36,2.0,3300.0,3500.0,0000110,0,0,0,0,50,50,0,2240.8,-1159.2,53.0,190.6,1.0,0.0,0.5,7381
0.36,2.0,3300.0,3500.0,0001001,0,0,0,50,0,0,50,2159.3,-1240.7,53.45,189.0,0.0,0.0,0.0,0
0.36,2.0,3300.0,3500.0,0001010,0,0,0,50,0,50,0,2093.4,-1306.6,51.51,196.09,1.0,0.0,0.5,183088
0.36,2.0,3300.0,3500.0,0001100,0,0,0,50,50,0,0,2236.5,-1163.5,54.32,185.96,1.0,0.0,0.5,107
0.36,2.0,3300.0,3500.0,0010001,0,0,50,0,0,0,50,2324.5,-1075.5,52.31,193.11,0.0,0.0,0.0,0
0.36,2.0,3300.0,3500.0,0010010,0,0,50,0,0,50,0,2202.8,-1197.2,50.26,200.98,1.0,0.0,0.5,72227
0.36,2.0,3300.0,3500.0,0010100,0,0,50,0,50,0,0,2302.4,-1097.6,54.12,186.64,0.0,0.0,0.0,0
0.36,2.0,3300.0,3500.0,0011000,0,0,50,50,0,0,0,2130.1,-1269.9,51.48,196.23,1.0,0.0,0.5,98122
0.36,2.0,3300.0,3500.0,0100001,0,50,0,0,0,0,50,2291.6,-1108.4,53.78,187.82,0.0,0.0,0.0,0
0.36,2.0,3300.0,3500.0,0100010,0,50,0,0,0,50,0,2323.7,-1076.3,52.23,193.41,0.0,0.0,0.0,0
0.36,2.0,3300.0,3500.0,0100100,0,50,0,0,50,0,0,2404.9,-995.1,56.11,180.03,0.0,0.0,0.0,0
0.36,2.0,3300.0,3500.0,0101000,0,50,0,50,0,0,0,2340.1,-1059.9,53.22,189.8,0.0,0.0,0.0,0
0.36,2.0,3300.0,3500.0,0110000,0,50,50,0,0,0,0,2341.7,-1058.3,52.8,191.33,0.0,0.0,0.0,0
0.36,2.0,3300.0,3500.0,1000001,50,0,0,0,0,0,50,2209.6,-1190.4,51.9,194.65,0.0,0.0,0.0,0
0.36,2.0,3300.0,3500.0,1000010,50,0,0,0,0,50,0,2107.6,-1292.4,50.52,199.96,1.0,0.0,0.5,287155
0.36,2.0,3300.0,3500.0,1000100,50,0,0,0,50,0,0,2360.0,-1040.0,54.35,185.88,0.0,0.0,0.0,0
0.36,2.0,3300.0,3500.0,1001000,50,0,0,50,0,0,0,2057.7,-1342.3,51.48,196.23,1.0,0.0,0.5,177419
0.36,2.0,3300.0,3500.0,1010000,50,0,50,0,0,0,0,2580.2,-819.8,50.01,201.97,0.0,0.0,0.0,0
0.36,2.0,3300.0,3500.0,1100000,50,50,0,0,0,0,0,2363.7,-1036.3,52.58,192.13,1.0,0.0,0.5,13
0.36,2.0,3400.0,3600.0,0000011,0,0,0,0,0,50,50,2221.3,-1278.7,51.56,195.92,0.0,0.0,0.0,0
0.36,2.0,3400.0,3600.0,0000101,0,0,0,0,50,0,50,2231.5,-1268.5,54.8,184.34,0.0,0.0,0.0,0
0.36,2.0,3400.0,3600.0,0000110,0,0,0,0,50,50,0,2240.8,-1259.2,53.0,190.6,1.0,0.0,0.5,7381
0.36,2.0,3400.0,3600.0,0001001,0,0,0,50,0,0,50,2159.3,-1340.7,53.45,189.0,0.0,0.0,0.0,0
0.36,2.0,3400.0,3600.0,0001010,0,0,0,50,0,50,0,2093.4,-1406.6,51.51,196.09,1.0,0.0,0.5,183088
0.36,2.0,3400.0,3600.0,0001100,0,0,0,50,50,0,0,2236.5,-1263.5,54.32,185.96,1.0,0.0,0.5,107
0.36,2.0,3400.0,3600.0,0010001,0,0,50,0,0,0,50,2324.5,-1175.5,52.31,193.11,0.0,0.0,0.0,0
0.36,2.0,3400.0,3600.0,0010010,0,0,50,0,0,50,0,2202.8,-1297.2,50.26,200.98,1.0,0.0,0.5,72227
0.36,2.0,3400.0,3600.0,0010100,0,0,50,0,50,0,0,2302.4,-1197.6,54.12,186.64,0.0,0.0,0.0,0
0.36,2.0,3400.0,3600.0,0011000,0,0,50,50,0,0,0,2130.1,-1369.9,51.48,196.23,1.0,0.0,0.5,98122
0.36,2.0,3400.0,3600.0,0100001,0,50,0,0,0,0,50,2291.6,-1208.4,53.78,187.82,0.0,0.0,0.0,0
0.36,2.0,3400.0,3600.0,0100010,0,50,0,0,0,50,0,2323.7,-1176.3,52.23,193.41,0.0,0.0,0.0,0
0.36,2.0,3400.0,3600.0,0100100,0,50,0,0,50,0,0,2404.9,-1095.1,56.11,180.03,0.0,0.0,0.0,0
0.36,2.0,3400.0,3600.0,0101000,0,50,0,50,0,0,0,2340.1,-1159.9,53.22,189.8,0.0,0.0,0.0,0
0.36,2.0,3400.0,3600.0,0110000,0,50,50,0,0,0,0,2341.7,-1158.3,52.8,191.33,0.0,0.0,0.0,0
0.36,2.0,3400.0,3600.0,1000001,50,0,0,0,0,0,50,2209.6,-1290.4,51.9,194.65,0.0,0.0,0.0,0
0.36,2.0,3400.0,3600.0,1000010,50,0,0,0,0,50,0,2107.6,-1392.4,50.52,199.96,1.0,0.0,0.5,287155
0.36,2.0,3400.0,3600.0,1000100,50,0,0,0,50,0,0,2360.0,-1140.0,54.35,185.88,0.0,0.0,0.0,0
0.36,2.0,3400.0,3600.0,1001000,50,0,0,50,0,0,0,2057.7,-1442.3,51.48,196.23,1.0,0.0,0.5,177419
0.36,2.0,3400.0,3600.0,1010000,50,0,50,0,0,0,0,2580.2,-919.8,50.01,201.97,0.0,0.0,0.0,0
0.36,2.0,3400.0,3600.0,1100000,50,50,0,0,0,0,0,2363.7,-1136.3,52.58,192.13,1.0,0.0,0.5,13
0.36,2.0,3500.0,3700.0,0000011,0,0,0,0,0,50,50,2221.3,-1378.7,51.56,195.92,0.0,0.0,0.0,0
0.36,2.0,3500.0,3700.0,0000101,0,0,0,0,50,0,50,2231.5,-1368.5,54.8,184.34,0.0,0.0,0.0,0
0.36,2.0,3500.0,3700.0,0000110,0,0,0,0,50,50,0,2240.8,-1359.2,53.0,190.6,1.0,0.0,0.5,7381
0.36,2.0,3500.0,3700.0,0001001,0,0,0,50,0,0,50,2159.3,-1440.7,53.45,189.0,0.0,0.0,0.0,0
0.36,2.0,3500.0,3700.0,0001010,0,0,0,50,0,50,0,2093.4,-1506.6,51.51,196.09,1.0,0.0,0.5,183088
0.36,2.0,3500.0,3700.0,0001100,0,0,0,50,50,0,0,2236.5,-1363.5,54.32,185.96,1.0,0.0,0.5,107
0.36,2.0,3500.0,3700.0,0010001,0,0,50,0,0,0,50,2324.5,-1275.5,52.31,193.11,0.0,0.0,0.0,0
0.36,2.0,3500.0,3700.0,0010010,0,0,50,0,0,50,0,2202.8,-1397.2,50.26,200.98,1.0,0.0,0.5,72227
0.36,2.0,3500.0,3700.0,0010100,0,0,50,0,50,0,0,2302.4,-1297.6,54.12,186.64,0.0,0.0,0.0,0
0.36,2.0,3500.0,3700.0,0011000,0,0,50,50,0,0,0,2130.1,-1469.9,51.48,196.23,1.0,0.0,0.5,98122
0.36,2.0,3500.0,3700.0,0100001,0,50,0,0,0,0,50,2291.6,-1308.4,53.78,187.82,0.0,0.0,0.0,0
0.36,2.0,3500.0,3700.0,0100010,0,50,0,0,0,50,0,2323.7,-1276.3,52.23,193.41,0.0,0.0,0.0,0
0.36,2.0,3500.0,3700.0,0100100,0,50,0,0,50,0,0,2404.9,-1195.1,56.11,180.03,0.0,0.0,0.0,0
0.36,2.0,3500.0,3700.0,0101000,0,50,0,50,0,0,0,2340.1,-1259.9,53.22,189.8,0.0,0.0,0.0,0
0.36,2.0,3500.0,3700.0,0110000,0,50,50,0,0,0,0,2341.7,-1258.3,52.8,191.33,0.0,0.0,0.0,0
0.36,2.0,3500.0,3700.0,1000001,50,0,0,0,0,0,50,2209.6,-1390.4,51.9,194.65,0.0,0.0,0.0,0
0.36,2.0,3500.0,3700.0,1000010,50,0,0,0,0,50,0,2107.6,-1492.4,50.52,199.96,1.0,0.0,0.5,287155
0.36,2.0,3500.0,3700.0,1000100,50,0,0,0,50,0,0,2360.0,-1240.0,54.35,185.88,0.0,0.0,0.0,0
0.36,2.0,3500.0,3700.0,1001000,50,0,0,50,0,0,0,2057.7,-1542.3,51.48,196.23,1.0,0.0,0.5,177419
0.36,2.0,3500.0,3700.0,1010000,50,0,50,0,0,0,0,2580.2,-1019.8,50.01,201.97,0.0,0.0,0.0,0
0.36,2.0,3500.0,3700.0,1100000,50,50,0,0,0,0,0,2363.7,-1236.3,52.58,192.13,1.0,0.0,0.5,13
0.36,2.0,3600.0,3800.0,0000011,0,0,0,0,0,50,50,2221.3,-1478.7,51.56,195.92,0.0,0.0,0.0,0
0.36,2.0,3600.0,3800.0,0000101,0,0,0,0,50,0,50,2231.5,-1468.5,54.8,184.34,0.0,0.0,0.0,0
0.36,2.0,3600.0,3800.0,0000110,0,0,0,0,50,50,0,2240.8,-1459.2,53.0,190.6,1.0,0.0,0.5,7381
0.36,2.0,3600.0,3800.0,0001001,0,0,0,50,0,0,50,2159.3,-1540.7,53.45,189.0,0.0,0.0,0.0,0
0.36,2.0,3600.0,3800.0,0001010,0,0,0,50,0,50,0,2093.4,-1606.6,51.51,196.09,1.0,0.0,0.5,183088
0.36,2.0,3600.0,3800.0,0001100,0,0,0,50,50,0,0,2236.5,-1463.5,54.32,185.96,1.0,0.0,0.5,107
0.36,2.0,3600.0,3800.0,0010001,0,0,50,0,0,0,50,2324.5,-1375.5,52.31,193.11,0.0,0.0,0.0,0
0.36,2.0,3600.0,3800.0,0010010,0,0,50,0,0,50,0,2202.8,-1497.2,50.26,200.98,1.0,0.0,0.5,72227
0.36,2.0,3600.0,3800.0,0010100,0,0,50,0,50,0,0,2302.4,-1397.6,54.12,186.64,0.0,0.0,0.0,0
0.36,2.0,3600.0,3800.0,0011000,0,0,50,50,0,0,0,2130.1,-1569.9,51.48,196.23,1.0,0.0,0.5,98122
0.36,2.0,3600.0,3800.0,0100001,0,50,0,0,0,0,50,2291.6,-1408.4,53.78,187.82,0.0,0.0,0.0,0
0.36,2.0,3600.0,3800.0,0100010,0,50,0,0,0,50,0,2323.7,-1376.3,52.23,193.41,0.0,0.0,0.0,0
0.36,2.0,3600.0,3800.0,0100100,0,50,0,0,50,0,0,2404.9,-1295.1,56.11,180.03,0.0,0.0,0.0,0
0.36,2.0,3600.0,3800.0,0101000,0,50,0,50,0,0,0,2340.1,-1359.9,53.22,189.8,0.0,0.0,0.0,0
0.36,2.0,3600.0,3800.0,0110000,0,50,50,0,0,0,0,2341.7,-1358.3,52.8,191.33,0.0,0.0,0.0,0
0.36,2.0,3600.0,3800.0,1000001,50,0,0,0,0,0,50,2209.6,-1490.4,51.9,194.65,0.0,0.0,0.0,0
0.36,2.0,3600.0,3800.0,1000010,50,0,0,0,0,50,0,2107.6,-1592.4,50.52,199.96,1.0,0.0,0.5,287155
0.36,2.0,3600.0,3800.0,1000100,50,0,0,0,50,0,0,2360.0,-1340.0,54.35,185.88,0.0,0.0,0.0,0
0.36,2.0,3600.0,3800.0,1001000,50,0,0,50,0,0,0,2057.7,-1642.3,51.48,196.23,1.0,0.0,0.5,177419
0.36,2.0,3600.0,3800.0,1010000,50,0,50,0,0,0,0,2580.2,-1119.8,50.01,201.97,0.0,0.0,0.0,0
0.36,2.0,3600.0,3800.0,1100000,50,50,0,0,0,0,0,2363.7,-1336.3,52.58,192.13,1.0,0.0,0.5,13
0.36,2.0,2100.0,2300.0,0000111,0,0,0,0,30,50,50,2382.3,182.3,52.54,192.28,0.0,0.0,0.0,0
0.36,2.0,2100.0,2300.0,0001011,0,0,0,30,0,50,50,2393.1,193.1,52.39,192.81,1.0,0.0,0.5,38890
0.36,2.0,2100.0,2300.0,0001101,0,0,0,30,40,0,50,2344.9,144.9,54.63,184.91,0.0,0.03,0.02,0
0.36,2.0,2100.0,2300.0,0001110,0,0,0,30,48,50,0,2349.6,149.6,53.02,190.53,1.0,0.0,0.5,43074
0.36,2.0,2100.0,2300.0,0010011,0,0,30,0,0,50,50,2432.8,232.8,51.25,197.1,1.0,0.0,0.5,27394
0.36,2.0,2100.0,2300.0,0010110,0,0,30,0,49,50,0,2348.4,148.4,52.63,191.94,1.0,0.01,0.51,752
0.36,2.0,2100.0,2300.0,0011001,0,0,30,40,0,0,50,2348.3,148.3,53.0,190.59,1.0,0.01,0.51,43600
0.36,2.0,2100.0,2300.0,0011010,0,0,30,30,0,50,0,2302.0,102.0,50.61,199.6,1.0,0.32,0.66,16794
0.36,2.0,2100.0,2300.0,0011100,0,0,30,30,50,0,0,2328.7,128.7,54.19,186.41,1.0,0.14,0.57,20018
0.36,2.0,2100.0,2300.0,0100011,0,30,0,0,0,50,50,2418.5,218.5,51.98,194.33,0.0,0.0,0.0,0
0.36,2.0,2100.0,2300.0,0100101,0,30,0,0,39,0,50,2347.1,147.1,55.18,183.07,0.0,0.02,0.01,0
0.36,2.0,2100.0,2300.0,0100110,0,30,0,0,34,50,0,2345.5,145.5,53.19,189.9,0.0,0.03,0.02,0
0.36,2.0,2100.0,2300.0,0101001,0,33,0,30,0,0,50,2346.0,146.0,53.51,188.77,0.0,0.03,0.01,0
0.36,2.0,2100.0,2300.0,0101010,0,39,0,30,0,50,0,2337.9,137.9,52.08,193.95,1.0,0.08,0.54,70128
0.36,2.0,2100.0,2300.0,0101100,0,30,0,30,42,0,0,2344.8,144.8,54.83,184.22,0.0,0.03,0.02,0
0.36,2.0,2100.0,2300.0,0110001,0,30,30,0,0,0,50,2344.0,144.0,52.71,191.63,0.0,0.04,0.02,0
0.36,2.0,2100.0,2300.0,0110010,0,42,30,0,0,50,0,2348.4,148.4,51.45,196.33,1.0,0.01,0.51,82146
0.36,2.0,2100.0,2300.0,0110100,0,30,30,0,40,0,0,2347.7,147.7,54.53,185.24,0.0,0.02,0.01,0
0.36,2.0,2100.0,2300.0,0111000,0,44,30,32,0,0,0,2348.4,148.4,52.72,191.61,1.0,0.01,0.51,60629
0.36,2.0,2100.0,2300.0,1000011,30,0,0,0,0,50,50,2378.2,178.2,51.11,197.63,1.0,0.0,0.5,160983
0.36,2.0,2100.0,2300.0,1000101,30,0,0,0,38,0,50,2344.4,144.4,53.98,187.12,0.0,0.04,0.02,0
0.36,2.0,2100.0,2300.0,1000110,30,0,0,0,46,50,0,2343.4,143.4,52.52,192.32,1.0,0.04,0.52,51601
0.36,2.0,2100.0,2300.0,1001001,30,0,0,50,0,0,50,2311.2,111.2,52.92,190.9,1.0,0.26,0.63,42856
0.36,2.0,2100.0,2300.0,1001010,30,0,0,30,0,50,0,2193.0,-7.0,50.91,198.41,1.0,0.95,0.98,55145
0.36,2.0,2100.0,2300.0,1001100,30,0,0,30,50,0,0,2315.4,115.4,54.08,186.8,1.0,0.23,0.62,42078
0.36,2.0,2100.0,2300.0,1010001,30,0,30,0,0,0,50,2359.2,159.2,52.07,194.0,0.0,0.0,0.0,0
0.36,2.0,2100.0,2300.0,1010010,30,0,30,0,0,50,0,2355.1,155.1,49.9,202.42,1.0,0.0,0.5,1849
0.36,2.0,2100.0,2300.0,1010100,30,0,30,0,46,0,0,2345.4,145.4,53.93,187.3,0.0,0.03,0.02,0
0.36,2.0,2100.0,2300.0,1011000,30,0,30,41,0,0,0,2116.7,-83.3,51.35,196.72,1.0,0.44,0.72,4513
0.36,2.0,2100.0,2300.0,1100001,30,36,0,0,0,0,50,2345.3,145.3,52.58,192.11,0.0,0.03,0.02,0
0.36,2.0,2100.0,2300.0,1100010,30,42,0,0,0,50,0,2341.8,141.8,51.43,196.42,1.0,0.05,0.53,267341
0.36,2.0,2100.0,2300.0,1100100,30,30,0,0,38,0,0,2349.2,149.2,54.37,185.79,0.0,0.01,0.0,0
0.36,2.0,2100.0,2300.0,1101000,30,48,0,30,0,0,0,2345.1,145.1,52.63,191.94,1.0,0.03,0.52,188512
0.36,2.0,2100.0,2300.0,1110000,30,43,30,0,0,0,0,2346.5,146.5,52.34,193.0,0.0,0.02,0.01,0
0.36,2.0,2200.0,2400.0,0000111,0,0,0,0,38,50,50,2447.1,147.1,53.07,190.35,0.0,0.02,0.01,0
0.36,2.0,2200.0,2400.0,0001011,0,0,0,41,0,50,50,2438.5,138.5,52.52,192.35,1.0,0.08,0.54,38890
0.36,2.0,2200.0,2400.0,0001101,0,0,0,35,50,0,50,2449.3,149.3,55.33,182.58,0.0,0.0,0.0,0
0.36,2.0,2200.0,2400.0,0001110,0,0,0,30,50,50,0,2369.6,69.6,53.1,190.25,1.0,0.54,0.77,43074
0.36,2.0,2200.0,2400.0,0010011,0,0,30,0,0,50,50,2432.8,132.8,51.25,197.1,1.0,0.11,0.56,27394
0.36,2.0,2200.0,2400.0,0010110,0,0,30,0,50,50,0,2355.5,55.5,52.7,191.67,1.0,0.63,0.82,752
0.36,2.0,2200.0,2400.0,0011001,0,0,30,50,0,0,50,2378.9,78.9,53.12,190.17,1.0,0.47,0.74,43600
0.36,2.0,2200.0,2400.0,0011010,0,0,30,30,0,50,0,2302.0,2.0,50.61,199.6,1.0,0.99,0.99,16794
0.36,2.0,2200.0,2400.0,0011100,0,0,30,30,50,0,0,2328.7,28.7,54.19,186.41,1.0,0.81,0.9,20018
0.36,2.0,2200.0,2400.0,0100011,0,33,0,0,0,50,50,2445.6,145.6,52.12,193.81,0.0,0.03,0.01,0
0.36,2.0,2200.0,2400.0,0100101,0,34,0,0,50,0,50,2447.7,147.7,56.32,179.35,0.0,0.02,0.01,0
0.36,2.0,2200.0,2400.0,0100110,0,33,0,0,50,50,0,2446.2,146.2,54.42,185.63,0.0,0.03,0.01,0
0.36,2.0,2200.0,2400.0,0101001,0,45,0,30,0,0,50,2446.4,146.4,54.04,186.94,0.0,0.02,0.01,0
0.36,2.0,2200.0,2400.0,0101010,0,48,0,30,0,50,0,2447.9,147.9,52.23,193.42,1.0,0.01,0.51,70128
0.36,2.0,2200.0,2400.0,0101100,0,40,0,30,50,0,0,2449.8,149.8,55.54,181.88,0.0,0.0,0.0,0
0.36,2.0,2200.0,2400.0,0110001,0,41,30,0,0,0,50,2442.1,142.1,53.26,189.65,0.0,0.05,0.03,0
0.36,2.0,2200.0,2400.0,0110010,0,50,30,0,0,50,0,2424.5,124.5,51.85,194.82,1.0,0.17,0.59,82146
0.36,2.0,2200.0,2400.0,0110100,0,41,30,0,50,0,0,2445.7,145.7,55.64,181.55,0.0,0.03,0.01,0
0.36,2.0,2200.0,2400.0,0111000,0,50,30,30,0,0,0,2392.6,92.6,52.93,190.85,1.0,0.38,0.69,60629
0.36,2.0,2200.0,2400.0,1000011,30,0,0,0,0,50,50,2378.2,78.2,51.11,197.63,1.0,0.48,0.74,160983
0.36,2.0,2200.0,2400.0,1000101,32,0,0,0,50,0,50,2449.4,149.4,54.98,183.73,0.0,0.0,0.0,0
0.36,2.0,2200.0,2400.0,1000110,36,0,0,0,50,50,0,2419.5,119.5,52.88,191.02,1.0,0.2,0.6,51601
0.36,2.0,2200.0,2400.0,1001001,30,0,0,50,0,0,50,2311.2,11.2,52.92,190.9,1.0,0.93,0.96,42856
0.36,2.0,2200.0,2400.0,1001010,30,0,0,30,0,50,0,2193.0,-107.0,50.91,198.41,1.0,0.29,0.64,55145
0.36,2.0,2200.0,2400.0,1001100,30,0,0,30,50,0,0,2315.4,15.4,54.08,186.8,1.0,0.9,0.95,42078
0.36,2.0,2200.0,2400.0,1010001,30,0,34,0,0,0,50,2402.5,102.5,52.11,193.84,0.0,0.32,0.16,0
0.36,2.0,2200.0,2400.0,1010010,30,0,30,0,0,50,0,2355.1,55.1,49.9,202.42,1.0,0.63,0.82,1849
0.36,2.0,2200.0,2400.0,1010100,30,0,30,0,50,0,0,2365.1,65.1,54.19,186.39,0.0,0.57,0.28,0
0.36,2.0,2200.0,2400.0,1011000,30,0,34,38,0,0,0,2155.1,-144.9,51.31,196.87,1.0,0.03,0.52,4513
0.36,2.0,2200.0,2400.0,1100001,30,47,0,0,0,0,50,2446.8,146.8,53.19,189.92,0.0,0.02,0.01,0
0.36,2.0,2200.0,2400.0,1100010,30,50,0,0,0,50,0,2429.6,129.6,51.82,194.95,1.0,0.14,0.57,267341
0.36,2.0,2200.0,2400.0,1100100,30,34,0,0,50,0,0,2449.5,149.5,55.34,182.53,0.0,0.0,0.0,0
0.36,2.0,2200.0,2400.0,1101000,30,50,0,30,0,0,0,2365.4,65.4,52.69,191.73,1.0,0.56,0.78,188512
0.36,2.0,2200.0,2400.0,1110000,30,50,30,0,0,0,0,2391.4,91.4,52.72,191.62,0.0,0.39,0.2,0
0.36,2.0,2300.0,2500.0,0000111,0,0,0,0,50,50,50,2545.5,145.5,53.87,187.52,0.0,0.03,0.01,0
0.36,2.0,2300.0,2500.0,0001011,0,0,0,41,0,50,50,2438.5,38.5,52.52,192.35,1.0,0.74,0.87,38890
0.36,2.0,2300.0,2500.0,0001101,0,0,0,45,50,0,50,2518.0,118.0,55.4,182.35,0.0,0.21,0.11,0
0.36,2.0,2300.0,2500.0,0001110,0,0,0,30,50,50,0,2369.6,-30.4,53.1,190.25,1.0,0.8,0.9,43074
0.36,2.0,2300.0,2500.0,0010011,0,0,30,0,0,50,50,2432.8,32.8,51.25,197.1,1.0,0.78,0.89,27394
0.36,2.0,2300.0,2500.0,0010110,0,0,30,0,50,50,0,2355.5,-44.5,52.7,191.67,1.0,0.7,0.85,752
0.36,2.0,2300.0,2500.0,0011001,0,0,30,50,0,0,50,2378.9,-21.1,53.12,190.17,1.0,0.86,0.93,43600
0.36,2.0,2300.0,2500.0,0011010,0,0,30,30,0,50,0,2302.0,-98.0,50.61,199.6,1.0,0.35,0.67,16794
0.36,2.0,2300.0,2500.0,0011100,0,0,30,30,50,0,0,2328.7,-71.3,54.19,186.41,1.0,0.52,0.76,20018
0.36,2.0,2300.0,2500.0,0100011,0,42,0,0,0,50,50,2540.4,140.4,52.61,192.02,0.0,0.06,0.03,0
0.36,2.0,2300.0,2500.0,0100101,0,49,0,0,50,0,50,2549.2,149.2,57.04,177.1,0.0,0.01,0.0,0
0.36,2.0,2300.0,2500.0,0100110,0,50,0,0,50,50,0,2527.2,127.2,54.93,183.89,0.0,0.15,0.08,0
0.36,2.0,2300.0,2500.0,0101001,0,50,0,36,0,0,50,2543.6,143.6,54.38,185.77,0.0,0.04,0.02,0
0.36,2.0,2300.0,2500.0,0101010,0,50,0,30,0,50,0,2465.7,65.7,52.26,193.28,1.0,0.56,0.78,70128
0.36,2.0,2300.0,2500.0,0101100,0,50,0,30,50,0,0,2495.7,95.7,55.8,181.03,0.0,0.36,0.18,0
0.36,2.0,2300.0,2500.0,0110001,0,50,33,0,0,0,50,2544.0,144.0,53.79,187.78,0.0,0.04,0.02,0
0.36,2.0,2300.0,2500.0,0110010,0,50,30,0,0,50,0,2424.5,24.5,51.85,194.82,1.0,0.84,0.92,82146
0.36,2.0,2300.0,2500.0,0110100,0,50,30,0,50,0,0,2483.9,83.9,55.92,180.66,0.0,0.44,0.22,0
0.36,2.0,2300.0,2500.0,0111000,0,50,30,30,0,0,0,2392.6,-7.4,52.93,190.85,1.0,0.95,0.98,60629
0.36,2.0,2300.0,2500.0,1000011,30,0,0,0,0,50,50,2378.2,-21.8,51.11,197.63,1.0,0.85,0.93,160983
0.36,2.0,2300.0,2500.0,1000101,42,0,0,0,50,0,50,2541.5,141.5,55.17,183.1,0.0,0.06,0.03,0
0.36,2.0,2300.0,2500.0,1000110,45,0,0,0,50,50,0,2542.1,142.1,52.92,190.89,1.0,0.05,0.53,51601
0.36,2.0,2300.0,2500.0,1001001,30,0,0,50,0,0,50,2311.2,-88.8,52.92,190.9,1.0,0.41,0.7,42856
0.36,2.0,2300.0,2500.0,1001010,30,0,0,34,0,50,0,2257.6,-142.4,50.73,199.12,1.0,0.05,0.53,55145
0.36,2.0,2300.0,2500.0,1001100,30,0,0,30,50,0,0,2315.4,-84.6,54.08,186.8,1.0,0.44,0.72,42078
0.36,2.0,2300.0,2500.0,1010001,30,0,34,0,0,0,50,2402.5,2.5,52.11,193.84,0.0,0.98,0.49,0
0.36,2.0,2300.0,2500.0,1010010,30,0,30,0,0,50,0,2355.1,-44.9,49.9,202.42,1.0,0.7,0.85,1849
0.36,2.0,2300.0,2500.0,1010100,30,0,30,0,50,0,0,2365.1,-34.9,54.19,186.39,0.0,0.77,0.38,0
0.36,2.0,2300.0,2500.0,1011000,42,0,30,30,0,0,0,2257.5,-142.5,51.22,197.2,1.0,0.05,0.53,4513
0.36,2.0,2300.0,2500.0,1100001,38,50,0,0,0,0,50,2542.3,142.3,53.39,189.2,0.0,0.05,0.03,0
0.36,2.0,2300.0,2500.0,1100010,30,50,0,0,0,50,0,2429.6,29.6,51.82,194.95,1.0,0.8,0.9,267341
0.36,2.0,2300.0,2500.0,1100100,30,50,0,0,50,0,0,2520.6,120.6,55.86,180.84,0.0,0.2,0.1,0
0.36,2.0,2300.0,2500.0,1101000,30,50,0,30,0,0,0,2365.4,-34.6,52.69,191.73,1.0,0.77,0.88,188512
0.36,2.0,2300.0,2500.0,1110000,30,50,30,0,0,0,0,2391.4,-8.6,52.72,191.62,0.0,0.94,0.47,0
0.36,2.0,2400.0,2600.0,0000111,0,0,0,0,50,50,50,2545.5,45.5,53.87,187.52,0.0,0.7,0.35,0
0.36,2.0,2400.0,2600.0,0001011,0,0,0,41,0,50,50,2438.5,-61.5,52.52,192.35,1.0,0.59,0.8,38890
0.36,2.0,2400.0,2600.0,0001101,0,0,0,45,50,0,50,2518.0,18.0,55.4,182.35,0.0,0.88,0.44,0
0.36,2.0,2400.0,2600.0,0001110,0,0,0,30,50,50,0,2369.6,-130.4,53.1,190.25,1.0,0.13,0.57,43074
0.36,2.0,2400.0,2600.0,0010011,0,0,30,0,0,50,50,2432.8,-67.2,51.25,197.1,1.0,0.55,0.78,27394
0.36,2.0,2400.0,2600.0,0010110,0,0,30,0,50,50,0,2355.5,-144.5,52.7,191.67,1.0,0.04,0.52,752
0.36,2.0,2400.0,2600.0,0011001,0,0,30,50,0,0,50,2378.9,-121.1,53.12,190.17,1.0,0.19,0.6,43600
0.36,2.0,2400.0,2600.0,0011010,0,0,31,31,0,50,0,2350.9,-149.1,50.47,200.14,1.0,0.01,0.5,16794
0.36,2.0,2400.0,2600.0,0011100,0,0,35,32,50,0,0,2350.4,-149.6,53.95,187.25,1.0,0.0,0.5,20018
0.36,2.0,2400.0,2600.0,0100011,0,50,0,0,0,50,50,2626.6,126.6,53.11,190.21,0.0,0.16,0.08,0
0.36,2.0,2400.0,2600.0,0100101,0,50,0,0,50,0,50,2555.0,55.0,57.06,177.03,0.0,0.63,0.32,0
0.36,2.0,2400.0,2600.0,0100110,0,50,0,0,50,50,0,2527.2,27.2,54.93,183.89,0.0,0.82,0.41,0
0.36,2.0,2400.0,2600.0,0101001,0,50,0,39,0,0,50,2567.6,67.6,54.41,185.67,0.0,0.55,0.27,0
0.36,2.0,2400.0,2600.0,0101010,0,50,0,30,0,50,0,2465.7,-34.3,52.26,193.28,1.0,0.77,0.89,70128
0.36,2.0,2400.0,2600.0,0101100,0,50,0,30,50,0,0,2495.7,-4.3,55.8,181.03,0.0,0.97,0.49,0
0.36,2.0,2400.0,2600.0,0110001,0,50,40,0,0,0,50,2591.5,91.5,53.8,187.75,0.0,0.39,0.2,0
0.36,2.0,2400.0,2600.0,0110010,0,50,30,0,0,50,0,2424.5,-75.5,51.85,194.82,1.0,0.5,0.75,82146
0.36,2.0,2400.0,2600.0,0110100,0,50,30,0,50,0,0,2483.9,-16.1,55.92,180.66,0.0,0.89,0.45,0
0.36,2.0,2400.0,2600.0,0111000,0,50,30,30,0,0,0,2392.6,-107.4,52.93,190.85,1.0,0.28,0.64,60629
0.36,2.0,2400.0,2600.0,1000011,30,0,0,0,0,50,50,2378.2,-121.8,51.11,197.63,1.0,0.19,0.59,160983
0.36,2.0,2400.0,2600.0,1000101,46,0,0,0,50,0,50,2580.5,80.5,55.25,182.82,0.0,0.46,0.23,0
0.36,2.0,2400.0,2600.0,1000110,48,0,0,0,50,50,0,2626.0,126.0,52.98,190.68,1.0,0.16,0.58,51601
0.36,2.0,2400.0,2600.0,1001001,39,0,0,50,0,0,50,2351.4,-148.6,52.58,192.12,1.0,0.01,0.5,42856
0.36,2.0,2400.0,2600.0,1001010,37,0,0,30,0,50,0,2351.2,-148.8,50.47,200.13,1.0,0.01,0.5,55145
0.36,2.0,2400.0,2600.0,1001100,37,0,0,30,50,0,0,2354.2,-145.8,54.0,187.07,1.0,0.03,0.51,42078
0.36,2.0,2400.0,2600.0,1010001,30,0,34,0,0,0,50,2402.5,-97.5,52.11,193.84,0.0,0.35,0.17,0
0.36,2.0,2400.0,2600.0,1010010,30,0,30,0,0,50,0,2355.1,-144.9,49.9,202.42,1.0,0.03,0.52,1849
0.36,2.0,2400.0,2600.0,1010100,30,0,30,0,50,0,0,2365.1,-134.9,54.19,186.39,0.0,0.1,0.05,0
0.36,2.0,2400.0,2600.0,1011000,36,0,39,30,0,0,0,2351.2,-148.8,51.07,197.82,1.0,0.01,0.5,4513
0.36,2.0,2400.0,2600.0,1100001,50,50,0,0,0,0,50,2648.4,148.4,53.53,188.71,0.0,0.01,0.01,0
0.36,2.0,2400.0,2600.0,1100010,30,50,0,0,0,50,0,2429.6,-70.4,51.82,194.95,1.0,0.53,0.77,267341
0.36,2.0,2400.0,2600.0,1100100,30,50,0,0,50,0,0,2520.6,20.6,55.86,180.84,0.0,0.86,0.43,0
0.36,2.0,2400.0,2600.0,1101000,30,50,0,30,0,0,0,2365.4,-134.6,52.69,191.73,1.0,0.1,0.55,188512
0.36,2.0,2400.0,2600.0,1110000,30,50,30,0,0,0,0,2391.4,-108.6,52.72,191.62,0.0,0.28,0.14,0
0.36,2.0,2500.0,2700.0,0000111,0,0,0,0,50,50,50,2545.5,-54.5,53.87,187.52,0.0,0.64,0.32,0
0.36,2.0,2500.0,2700.0,0001011,0,0,0,44,0,50,50,2450.7,-149.3,52.41,192.75,1.0,0.0,0.5,38890
0.36,2.0,2500.0,2700.0,0001101,0,0,0,45,50,0,50,2518.0,-82.0,55.4,182.35,0.0,0.45,0.23,0
0.36,2.0,2500.0,2700.0,0001110,0,0,0,44,50,50,0,2460.0,-140.0,52.5,192.4,1.0,0.07,0.53,43074
0.36,2.0,2500.0,2700.0,0010011,0,0,33,0,0,50,50,2455.8,-144.2,51.21,197.27,1.0,0.04,0.52,27394
0.36,2.0,2500.0,2700.0,0010110,0,0,43,0,50,50,0,2453.2,-146.8,52.46,192.54,1.0,0.02,0.51,752
0.36,2.0,2500.0,2700.0,0011001,0,0,43,41,0,0,50,2451.0,-149.0,52.76,191.48,1.0,0.01,0.5,43600
0.36,2.0,2500.0,2700.0,0011010,0,0,31,36,0,50,0,2450.2,-149.8,50.16,201.38,1.0,0.0,0.5,16794
0.36,2.0,2500.0,2700.0,0011100,0,0,47,39,50,0,0,2450.2,-149.8,53.14,190.1,1.0,0.0,0.5,20018
0.36,2.0,2500.0,2700.0,0100011,0,50,0,0,0,50,50,2626.6,26.6,53.11,190.21,0.0,0.82,0.41,0
0.36,2.0,2500.0,2700.0,0100101,0,50,0,0,50,0,50,2555.0,-45.0,57.06,177.03,0.0,0.7,0.35,0
0.36,2.0,2500.0,2700.0,0100110,0,50,0,0,50,50,0,2527.2,-72.8,54.93,183.89,0.0,0.51,0.26,0
0.36,2.0,2500.0,2700.0,0101001,0,50,0,39,0,0,50,2567.6,-32.4,54.41,185.67,0.0,0.78,0.39,0
0.36,2.0,2500.0,2700.0,0101010,0,50,0,30,0,50,0,2465.7,-134.3,52.26,193.28,1.0,0.1,0.55,70128
0.36,2.0,2500.0,2700.0,0101100,0,50,0,30,50,0,0,2495.7,-104.3,55.8,181.03,0.0,0.3,0.15,0
0.36,2.0,2500.0,2700.0,0110001,0,50,40,0,0,0,50,2591.5,-8.5,53.8,187.75,0.0,0.94,0.47,0
0.36,2.0,2500.0,2700.0,0110010,0,50,37,0,0,50,0,2454.2,-145.8,51.66,195.55,1.0,0.03,0.51,82146
0.36,2.0,2500.0,2700.0,0110100,0,50,30,0,50,0,0,2483.9,-116.1,55.92,180.66,0.0,0.23,0.11,0
0.36,2.0,2500.0,2700.0,0111000,0,50,30,49,0,0,0,2453.4,-146.6,52.41,192.75,1.0,0.02,0.51,60629
0.36,2.0,2500.0,2700.0,1000011,46,0,0,0,0,50,50,2454.3,-145.7,50.81,198.8,1.0,0.03,0.51,160983
0.36,2.0,2500.0,2700.0,1000101,46,0,0,0,50,0,50,2580.5,-19.5,55.25,182.82,0.0,0.87,0.44,0
0.36,2.0,2500.0,2700.0,1000110,48,0,0,0,50,50,0,2626.0,26.0,52.98,190.68,1.0,0.83,0.91,51601
0.36,2.0,2500.0,2700.0,1001001,50,0,0,50,0,0,50,2453.7,-146.3,52.0,194.26,1.0,0.02,0.51,42856
0.36,2.0,2500.0,2700.0,1001010,40,0,0,30,0,50,0,2450.2,-149.8,50.26,200.99,1.0,0.0,0.5,55145
0.36,2.0,2500.0,2700.0,1001100,50,0,0,30,50,0,0,2454.5,-145.5,53.64,188.31,1.0,0.03,0.51,42078
0.36,2.0,2500.0,2700.0,1010001,30,0,38,0,0,0,50,2450.1,-149.9,52.1,193.9,0.0,0.0,0.0,0
0.36,2.0,2500.0,2700.0,1010010,47,0,31,0,0,50,0,2744.0,144.0,49.67,203.38,1.0,0.04,0.52,1849
0.36,2.0,2500.0,2700.0,1010100,50,0,33,0,50,0,0,2584.6,-15.4,53.96,187.22,0.0,0.9,0.45,0
0.36,2.0,2500.0,2700.0,1011000,46,0,30,31,0,0,0,2458.3,-141.7,50.9,198.46,1.0,0.06,0.53,4513
0.36,2.0,2500.0,2700.0,1100001,50,50,0,0,0,0,50,2648.4,48.4,53.53,188.71,0.0,0.68,0.34,0
0.36,2.0,2500.0,2700.0,1100010,34,50,0,0,0,50,0,2451.6,-148.4,51.73,195.27,1.0,0.01,0.51,267341
0.36,2.0,2500.0,2700.0,1100100,30,50,0,0,50,0,0,2520.6,-79.4,55.86,180.84,0.0,0.47,0.24,0
0.36,2.0,2500.0,2700.0,1101000,47,50,0,30,0,0,0,2453.8,-146.2,52.31,193.09,1.0,0.03,0.51,188512
0.36,2.0,2500.0,2700.0,1110000,42,50,30,0,0,0,0,2454.7,-145.3,52.36,192.91,0.0,0.03,0.02,0
0.36,2.0,2600.0,2800.0,0000111,0,0,0,0,50,50,50,2545.5,-154.5,53.87,187.52,0.0,0.0,0.0,0
0.36,2.0,2600.0,2800.0,0001011,0,0,0,50,0,50,50,2500.5,-199.5,52.11,193.84,1.0,0.0,0.5,38890
0.36,2.0,2600.0,2800.0,0001101,0,0,0,50,50,0,50,2550.9,-149.1,55.3,182.68,0.0,0.01,0.0,0
0.36,2.0,2600.0,2800.0,0001110,0,0,0,50,50,50,0,2549.8,-150.2,52.21,193.48,1.0,0.0,0.5,43074
0.36,2.0,2600.0,2800.0,0010011,0,0,45,0,0,50,50,2554.4,-145.6,50.8,198.85,1.0,0.03,0.51,27394
0.36,2.0,2600.0,2800.0,0010110,0,0,49,0,50,50,0,2568.6,-131.4,52.26,193.28,1.0,0.12,0.56,752
0.36,2.0,2600.0,2800.0,0011001,0,0,50,50,0,0,50,2528.6,-171.4,52.1,193.88,1.0,0.0,0.5,43600
0.36,2.0,2600.0,2800.0,0011010,0,0,30,44,0,50,0,2563.5,-136.5,49.76,203.02,1.0,0.09,0.54,16794
0.36,2.0,2600.0,2800.0,0011100,0,0,50,50,50,0,0,2547.6,-152.4,52.61,191.99,1.0,0.0,0.5,20018
0.36,2.0,2600.0,2800.0,0100011,0,50,0,0,0,50,50,2626.6,-73.4,53.11,190.21,0.0,0.51,0.26,0
0.36,2.0,2600.0,2800.0,0100101,0,50,0,0,50,0,50,2555.0,-145.0,57.06,177.03,0.0,0.03,0.02,0
0.36,2.0,2600.0,2800.0,0100110,0,50,0,0,50,50,0,2527.2,-172.8,54.93,183.89,0.0,0.0,0.0,0
0.36,2.0,2600.0,2800.0,0101001,0,50,0,39,0,0,50,2567.6,-132.4,54.41,185.67,0.0,0.12,0.06,0
0.36,2.0,2600.0,2800.0,0101010,0,50,0,40,0,50,0,2555.5,-144.5,51.91,194.6,1.0,0.04,0.52,70128
0.36,2.0,2600.0,2800.0,0101100,0,50,0,50,50,0,0,2549.9,-150.1,55.42,182.26,0.0,0.0,0.0,0
0.36,2.0,2600.0,2800.0,0110001,0,50,40,0,0,0,50,2591.5,-108.5,53.8,187.75,0.0,0.28,0.14,0
0.36,2.0,2600.0,2800.0,0110010,0,50,44,0,0,50,0,2564.0,-136.0,51.37,196.66,1.0,0.09,0.55,82146
0.36,2.0,2600.0,2800.0,0110100,0,50,50,0,50,0,0,2530.1,-169.9,55.4,182.34,0.0,0.0,0.0,0
0.36,2.0,2600.0,2800.0,0111000,0,50,43,50,0,0,0,2551.2,-148.8,51.83,194.89,1.0,0.01,0.5,60629
0.36,2.0,2600.0,2800.0,1000011,50,0,0,0,0,50,50,2499.9,-200.1,50.72,199.18,1.0,0.0,0.5,160983
0.36,2.0,2600.0,2800.0,1000101,46,0,0,0,50,0,50,2580.5,-119.5,55.25,182.82,0.0,0.2,0.1,0
0.36,2.0,2600.0,2800.0,1000110,48,0,0,0,50,50,0,2626.0,-74.0,52.98,190.68,1.0,0.51,0.75,51601
0.36,2.0,2600.0,2800.0,1001001,50,0,0,50,0,0,50,2453.7,-246.3,52.0,194.26,1.0,0.0,0.5,42856
0.36,2.0,2600.0,2800.0,1001010,50,0,0,30,0,50,0,2743.2,43.2,50.11,201.61,1.0,0.71,0.86,55145
0.36,2.0,2600.0,2800.0,1001100,50,0,0,43,50,0,0,2552.9,-147.1,53.35,189.34,1.0,0.02,0.51,42078
0.36,2.0,2600.0,2800.0,1010001,48,0,30,0,0,0,50,2553.0,-147.0,52.08,193.98,0.0,0.02,0.01,0
0.36,2.0,2600.0,2800.0,1010010,50,0,35,0,0,50,0,2841.4,141.4,50.06,201.79,1.0,0.06,0.53,1849
0.36,2.0,2600.0,2800.0,1010100,50,0,33,0,50,0,0,2584.6,-115.4,53.96,187.22,0.0,0.23,0.12,0
0.36,2.0,2600.0,2800.0,1011000,46,0,30,36,0,0,0,2550.9,-149.1,50.68,199.33,1.0,0.01,0.5,4513
0.36,2.0,2600.0,2800.0,1100001,50,50,0,0,0,0,50,2648.4,-51.6,53.53,188.71,0.0,0.66,0.33,0
0.36,2.0,2600.0,2800.0,1100010,44,50,0,0,0,50,0,2557.1,-142.9,51.41,196.51,1.0,0.05,0.52,267341
0.36,2.0,2600.0,2800.0,1100100,40,50,0,0,50,0,0,2551.3,-148.7,55.83,180.95,0.0,0.01,0.0,0
0.36,2.0,2600.0,2800.0,1101000,50,50,0,41,0,0,0,2551.9,-148.1,51.88,194.71,1.0,0.01,0.51,188512
0.36,2.0,2600.0,2800.0,1110000,50,50,31,0,0,0,0,2550.6,-149.4,52.22,193.43,0.0,0.0,0.0,0
0.36,2.0,2700.0,2900.0,0000111,0,0,0,0,50,50,50,2545.5,-254.5,53.87,187.52,0.0,0.0,0.0,0
0.36,2.0,2700.0,2900.0,0001011,0,0,0,50,0,50,50,2500.5,-299.5,52.11,193.84,1.0,0.0,0.5,38890
0.36,2.0,2700.0,2900.0,0001101,0,0,0,50,50,0,50,2550.9,-249.1,55.3,182.68,0.0,0.0,0.0,0
0.36,2.0,2700.0,2900.0,0001110,0,0,0,50,50,50,0,2549.8,-250.2,52.21,193.48,1.0,0.0,0.5,43074
0.36,2.0,2700.0,2900.0,0010011,0,0,50,0,0,50,50,2616.0,-184.0,50.52,199.95,1.0,0.0,0.5,27394
0.36,2.0,2700.0,2900.0,0010110,0,0,50,0,50,50,0,2588.6,-211.4,52.2,193.53,1.0,0.0,0.5,752
0.36,2.0,2700.0,2900.0,0011001,0,0,50,50,0,0,50,2528.6,-271.4,52.1,193.88,1.0,0.0,0.5,43600
0.36,2.0,2700.0,2900.0,0011010,0,0,30,50,0,50,0,2651.1,-148.9,49.5,204.06,1.0,0.01,0.5,16794
0.36,2.0,2700.0,2900.0,0011100,0,0,50,50,50,0,0,2547.6,-252.4,52.61,191.99,1.0,0.0,0.5,20018
0.36,2.0,2700.0,2900.0,0100011,0,50,0,0,0,50,50,2626.6,-173.4,53.11,190.21,0.0,0.0,0.0,0
0.36,2.0,2700.0,2900.0,0100101,0,50,0,0,50,0,50,2555.0,-245.0,57.06,177.03,0.0,0.0,0.0,0
0.36,2.0,2700.0,2900.0,0100110,0,50,0,0,50,50,0,2527.2,-272.8,54.93,183.89,0.0,0.0,0.0,0
0.36,2.0,2700.0,2900.0,0101001,0,50,0,50,0,0,50,2652.9,-147.1,54.28,186.1,0.0,0.02,0.01,0
0.36,2.0,2700.0,2900.0,0101010,0,50,0,46,0,50,0,2657.8,-142.2,51.63,195.67,1.0,0.05,0.53,70128
0.36,2.0,2700.0,2900.0,0101100,0,50,0,50,50,0,0,2549.9,-250.1,55.42,182.26,0.0,0.0,0.0,0
0.36,2.0,2700.0,2900.0,0110001,0,50,50,0,0,0,50,2644.4,-155.6,53.77,187.88,0.0,0.0,0.0,0
0.36,2.0,2700.0,2900.0,0110010,0,49,50,0,0,50,0,2652.1,-147.9,50.73,199.12,1.0,0.01,0.51,82146
0.36,2.0,2700.0,2900.0,0110100,0,50,50,0,50,0,0,2530.1,-269.9,55.4,182.34,0.0,0.0,0.0,0
0.36,2.0,2700.0,2900.0,0111000,0,50,50,50,0,0,0,2621.5,-178.5,51.31,196.86,1.0,0.0,0.5,60629
0.36,2.0,2700.0,2900.0,1000011,50,0,0,0,0,50,50,2499.9,-300.1,50.72,199.18,1.0,0.0,0.5,160983
0.36,2.0,2700.0,2900.0,1000101,50,0,0,0,50,0,50,2618.2,-181.8,55.22,182.94,0.0,0.0,0.0,0
0.36,2.0,2700.0,2900.0,1000110,49,0,0,0,50,50,0,2660.8,-139.2,52.97,190.69,1.0,0.07,0.54,51601
0.36,2.0,2700.0,2900.0,1001001,50,0,0,50,0,0,50,2453.7,-346.3,52.0,194.26,1.0,0.0,0.5,42856
0.36,2.0,2700.0,2900.0,1001010,50,0,0,30,0,50,0,2743.2,-56.8,50.11,201.61,1.0,0.62,0.81,55145
0.36,2.0,2700.0,2900.0,1001100,50,0,0,49,50,0,0,2663.9,-136.1,53.2,189.87,1.0,0.09,0.55,42078
0.36,2.0,2700.0,2900.0,1010001,50,0,38,0,0,0,50,2668.2,-131.8,51.93,194.54,0.0,0.12,0.06,0
0.36,2.0,2700.0,2900.0,1010010,50,0,45,0,0,50,0,2943.2,143.2,50.35,200.63,1.0,0.05,0.52,1849
0.36,2.0,2700.0,2900.0,1010100,50,0,38,0,50,0,0,2658.3,-141.7,53.87,187.5,0.0,0.06,0.03,0
0.36,2.0,2700.0,2900.0,1011000,50,0,45,50,0,0,0,2941.7,141.7,50.74,199.1,1.0,0.06,0.53,4513
0.36,2.0,2700.0,2900.0,1100001,50,50,0,0,0,0,50,2648.4,-151.6,53.53,188.71,0.0,0.0,0.0,0
0.36,2.0,2700.0,2900.0,1100010,47,50,0,0,0,50,0,2652.7,-147.3,51.18,197.36,1.0,0.02,0.51,267341
0.36,2.0,2700.0,2900.0,1100100,50,50,0,0,50,0,0,2603.1,-196.9,55.72,181.29,0.0,0.0,0.0,0
0.36,2.0,2700.0,2900.0,1101000,50,50,0,46,0,0,0,2654.3,-145.7,51.71,195.34,1.0,0.03,0.51,188512
0.36,2.0,2700.0,2900.0,1110000,50,49,37,0,0,0,0,2652.3,-147.7,51.99,194.3,0.0,0.02,0.01,0
0.36,2.0,2800.0,3000.0,0000111,0,0,0,0,50,50,50,2545.5,-354.5,53.87,187.52,0.0,0.0,0.0,0
0.36,2.0,2800.0,3000.0,0001011,0,0,0,50,0,50,50,2500.5,-399.5,52.11,193.84,1.0,0.0,0.5,38890
0.36,2.0,2800.0,3000.0,0001101,0,0,0,50,50,0,50,2550.9,-349.1,55.3,182.68,0.0,0.0,0.0,0
0.36,2.0,2800.0,3000.0,0001110,0,0,0,50,50,50,0,2549.8,-350.2,52.21,193.48,1.0,0.0,0.5,43074
0.36,2.0,2800.0,3000.0,0010011,0,0,50,0,0,50,50,2616.0,-284.0,50.52,199.95,1.0,0.0,0.5,27394
0.36,2.0,2800.0,3000.0,0010110,0,0,50,0,50,50,0,2588.6,-311.4,52.2,193.53,1.0,0.0,0.5,752
0.36,2.0,2800.0,3000.0,0011001,0,0,50,50,0,0,50,2528.6,-371.4,52.1,193.88,1.0,0.0,0.5,43600
0.36,2.0,2800.0,3000.0,0011010,0,0,50,50,0,50,0,2784.0,-116.0,49.16,205.5,1.0,0.23,0.61,16794
0.36,2.0,2800.0,3000.0,0011100,0,0,50,50,50,0,0,2547.6,-352.4,52.61,191.99,1.0,0.0,0.5,20018
0.36,2.0,2800.0,3000.0,0100011,0,50,0,0,0,50,50,2626.6,-273.4,53.11,190.21,0.0,0.0,0.0,0
0.36,2.0,2800.0,3000.0,0100101,0,50,0,0,50,0,50,2555.0,-345.0,57.06,177.03,0.0,0.0,0.0,0
0.36,2.0,2800.0,3000.0,0100110,0,50,0,0,50,50,0,2527.2,-372.8,54.93,183.89,0.0,0.0,0.0,0
0.36,2.0,2800.0,3000.0,0101001,0,50,0,50,0,0,50,2652.9,-247.1,54.28,186.1,0.0,0.0,0.0,0
0.36,2.0,2800.0,3000.0,0101010,0,50,0,50,0,50,0,2701.9,-198.1,51.34,196.77,1.0,0.0,0.5,70128
0.36,2.0,2800.0,3000.0,0101100,0,50,0,50,50,0,0,2549.9,-350.1,55.42,182.26,0.0,0.0,0.0,0
0.36,2.0,2800.0,3000.0,0110001,0,50,50,0,0,0,50,2644.4,-255.6,53.77,187.88,0.0,0.0,0.0,0
0.36,2.0,2800.0,3000.0,0110010,0,50,50,0,0,50,0,2668.8,-231.2,50.73,199.13,1.0,0.0,0.5,82146
0.36,2.0,2800.0,3000.0,0110100,0,50,50,0,50,0,0,2530.1,-369.9,55.4,182.34,0.0,0.0,0.0,0
0.36,2.0,2800.0,3000.0,0111000,0,50,50,50,0,0,0,2621.5,-278.5,51.31,196.86,1.0,0.0,0.5,60629
0.36,2.0,2800.0,3000.0,1000011,50,0,0,0,0,50,50,2499.9,-400.1,50.72,199.18,1.0,0.0,0.5,160983
0.36,2.0,2800.0,3000.0,1000101,50,0,0,0,50,0,50,2618.2,-281.8,55.22,182.94,0.0,0.0,0.0,0
0.36,2.0,2800.0,3000.0,1000110,50,0,0,0,50,50,0,2693.6,-206.4,52.95,190.76,1.0,0.0,0.5,51601
0.36,2.0,2800.0,3000.0,1001001,50,0,0,50,0,0,50,2453.7,-446.3,52.0,194.26,1.0,0.0,0.5,42856
0.36,2.0,2800.0,3000.0,1001010,50,0,0,50,0,50,0,2981.0,81.0,50.21,201.21,1.0,0.46,0.73,55145
0.36,2.0,2800.0,3000.0,1001100,50,0,0,50,50,0,0,2680.0,-220.0,53.16,190.04,1.0,0.0,0.5,42078
0.36,2.0,2800.0,3000.0,1010001,48,0,44,0,0,0,50,2767.5,-132.5,51.72,195.29,0.0,0.12,0.06,0
0.36,2.0,2800.0,3000.0,1010010,50,0,50,0,0,50,0,3005.4,105.4,50.47,200.16,1.0,0.3,0.65,1849
0.36,2.0,2800.0,3000.0,1010100,50,0,43,0,50,0,0,2759.9,-140.1,53.66,188.25,0.0,0.07,0.03,0
0.36,2.0,2800.0,3000.0,1011000,50,0,50,50,0,0,0,2993.4,93.4,50.85,198.66,1.0,0.38,0.69,4513
0.36,2.0,2800.0,3000.0,1100001,50,50,0,0,0,0,50,2648.4,-251.6,53.53,188.71,0.0,0.0,0.0,0
0.36,2.0,2800.0,3000.0,1100010,50,50,0,0,0,50,0,2717.0,-183.0,50.93,198.36,1.0,0.0,0.5,267341
0.36,2.0,2800.0,3000.0,1100100,50,50,0,0,50,0,0,2603.1,-296.9,55.72,181.29,0.0,0.0,0.0,0
0.36,2.0,2800.0,3000.0,1101000,50,50,0,50,0,0,0,2711.1,-188.9,51.55,195.96,1.0,0.0,0.5,188512
0.36,2.0,2800.0,3000.0,1110000,50,49,42,0,0,0,0,2750.1,-149.9,51.48,196.21,0.0,0.0,0.0,0
0.36,2.0,2900.0,3100.0,0000111,0,0,0,0,50,50,50,2545.5,-454.5,53.87,187.52,0.0,0.0,0.0,0
0.36,2.0,2900.0,3100.0,0001011,0,0,0,50,0,50,50,2500.5,-499.5,52.11,193.84,1.0,0.0,0.5,38890
0.36,2.0,2900.0,3100.0,0001101,0,0,0,50,50,0,50,2550.9,-449.1,55.3,182.68,0.0,0.0,0.0,0
0.36,2.0,2900.0,3100.0,0001110,0,0,0,50,50,50,0,2549.8,-450.2,52.21,193.48,1.0,0.0,0.5,43074
0.36,2.0,2900.0,3100.0,0010011,0,0,50,0,0,50,50,2616.0,-384.0,50.52,199.95,1.0,0.0,0.5,27394
0.36,2.0,2900.0,3100.0,0010110,0,0,50,0,50,50,0,2588.6,-411.4,52.2,193.53,1.0,0.0,0.5,752
0.36,2.0,2900.0,3100.0,0011001,0,0,50,50,0,0,50,2528.6,-471.4,52.1,193.88,1.0,0.0,0.5,43600
0.36,2.0,2900.0,3100.0,0011010,0,0,50,50,0,50,0,2784.0,-216.0,49.16,205.5,1.0,0.0,0.5,16794
0.36,2.0,2900.0,3100.0,0011100,0,0,50,50,50,0,0,2547.6,-452.4,52.61,191.99,1.0,0.0,0.5,20018
0.36,2.0,2900.0,3100.0,0100011,0,50,0,0,0,50,50,2626.6,-373.4,53.11,190.21,0.0,0.0,0.0,0
0.36,2.0,2900.0,3100.0,0100101,0,50,0,0,50,0,50,2555.0,-445.0,57.06,177.03,0.0,0.0,0.0,0
0.36,2.0,2900.0,3100.0,0100110,0,50,0,0,50,50,0,2527.2,-472.8,54.93,183.89,0.0,0.0,0.0,0
0.36,2.0,2900.0,3100.0,0101001,0,50,0,50,0,0,50,2652.9,-347.1,54.28,186.1,0.0,0.0,0.0,0
0.36,2.0,2900.0,3100.0,0101010,0,50,0,50,0,50,0,2701.9,-298.1,51.34,196.77,1.0,0.0,0.5,70128
0.36,2.0,2900.0,3100.0,0101100,0,50,0,50,50,0,0,2549.9,-450.1,55.42,182.26,0.0,0.0,0.0,0
0.36,2.0,2900.0,3100.0,0110001,0,50,50,0,0,0,50,2644.4,-355.6,53.77,187.88,0.0,0.0,0.0,0
0.36,2.0,2900.0,3100.0,0110010,0,50,50,0,0,50,0,2668.8,-331.2,50.73,199.13,1.0,0.0,0.5,82146
0.36,2.0,2900.0,3100.0,0110100,0,50,50,0,50,0,0,2530.1,-469.9,55.4,182.34,0.0,0.0,0.0,0
0.36,2.0,2900.0,3100.0,0111000,0,50,50,50,0,0,0,2621.5,-378.5,51.31,196.86,1.0,0.0,0.5,60629
0.36,2.0,2900.0,3100.0,1000011,50,0,0,0,0,50,50,2499.9,-500.1,50.72,199.18,1.0,0.0,0.5,160983
0.36,2.0,2900.0,3100.0,1000101,50,0,0,0,50,0,50,2618.2,-381.8,55.22,182.94,0.0,0.0,0.0,0
0.36,2.0,2900.0,3100.0,1000110,50,0,0,0,50,50,0,2693.6,-306.4,52.95,190.76,1.0,0.0,0.5,51601
0.36,2.0,2900.0,3100.0,1001001,50,0,0,50,0,0,50,2453.7,-546.3,52.0,194.26,1.0,0.0,0.5,42856
0.36,2.0,2900.0,3100.0,1001010,50,0,0,50,0,50,0,2981.0,-19.0,50.21,201.21,1.0,0.87,0.94,55145
0.36,2.0,2900.0,3100.0,1001100,50,0,0,50,50,0,0,2680.0,-320.0,53.16,190.04,1.0,0.0,0.5,42078
0.36,2.0,2900.0,3100.0,1010001,46,0,50,0,0,0,50,2852.7,-147.3,51.07,197.78,0.0,0.02,0.01,0
0.36,2.0,2900.0,3100.0,1010010,50,0,50,0,0,50,0,3005.4,5.4,50.47,200.16,1.0,0.96,0.98,1849
0.36,2.0,2900.0,3100.0,1010100,50,0,50,0,50,0,0,2857.6,-142.4,52.8,191.32,0.0,0.05,0.03,0
0.36,2.0,2900.0,3100.0,1011000,50,0,50,50,0,0,0,2993.4,-6.6,50.85,198.66,1.0,0.96,0.98,4513
0.36,2.0,2900.0,3100.0,1100001,50,50,0,0,0,0,50,2648.4,-351.6,53.53,188.71,0.0,0.0,0.0,0
0.36,2.0,2900.0,3100.0,1100010,50,50,0,0,0,50,0,2717.0,-283.0,50.93,198.36,1.0,0.0,0.5,267341
0.36,2.0,2900.0,3100.0,1100100,50,50,0,0,50,0,0,2603.1,-396.9,55.72,181.29,0.0,0.0,0.0,0
0.36,2.0,2900.0,3100.0,1101000,50,50,0,50,0,0,0,2711.1,-288.9,51.55,195.96,1.0,0.0,0.5,188512
0.36,2.0,2900.0,3100.0,1110000,50,50,50,0,0,0,0,2856.0,-144.0,50.65,199.45,0.0,0.04,0.02,0
0.36,2.0,3000.0,3200.0,0000111,0,0,0,0,50,50,50,2545.5,-554.5,53.87,187.52,0.0,0.0,0.0,0
0.36,2.0,3000.0,3200.0,0001011,0,0,0,50,0,50,50,2500.5,-599.5,52.11,193.84,1.0,0.0,0.5,38890
0.36,2.0,3000.0,3200.0,0001101,0,0,0,50,50,0,50,2550.9,-549.1,55.3,182.68,0.0,0.0,0.0,0
0.36,2.0,3000.0,3200.0,0001110,0,0,0,50,50,50,0,2549.8,-550.2,52.21,193.48,1.0,0.0,0.5,43074
0.36,2.0,3000.0,3200.0,0010011,0,0,50,0,0,50,50,2616.0,-484.0,50.52,199.95,1.0,0.0,0.5,27394
0.36,2.0,3000.0,3200.0,0010110,0,0,50,0,50,50,0,2588.6,-511.4,52.2,193.53,1.0,0.0,0.5,752
0.36,2.0,3000.0,3200.0,0011001,0,0,50,50,0,0,50,2528.6,-571.4,52.1,193.88,1.0,0.0,0.5,43600
0.36,2.0,3000.0,3200.0,0011010,0,0,50,50,0,50,0,2784.0,-316.0,49.16,205.5,1.0,0.0,0.5,16794
0.36,2.0,3000.0,3200.0,0011100,0,0,50,50,50,0,0,2547.6,-552.4,52.61,191.99,1.0,0.0,0.5,20018
0.36,2.0,3000.0,3200.0,0100011,0,50,0,0,0,50,50,2626.6,-473.4,53.11,190.21,0.0,0.0,0.0,0
0.36,2.0,3000.0,3200.0,0100101,0,50,0,0,50,0,50,2555.0,-545.0,57.06,177.03,0.0,0.0,0.0,0
0.36,2.0,3000.0,3200.0,0100110,0,50,0,0,50,50,0,2527.2,-572.8,54.93,183.89,0.0,0.0,0.0,0
0.36,2.0,3000.0,3200.0,0101001,0,50,0,50,0,0,50,2652.9,-447.1,54.28,186.1,0.0,0.0,0.0,0
0.36,2.0,3000.0,3200.0,0101010,0,50,0,50,0,50,0,2701.9,-398.1,51.34,196.77,1.0,0.0,0.5,70128
0.36,2.0,3000.0,3200.0,0101100,0,50,0,50,50,0,0,2549.9,-550.1,55.42,182.26,0.0,0.0,0.0,0
0.36,2.0,3000.0,3200.0,0110001,0,50,50,0,0,0,50,2644.4,-455.6,53.77,187.88,0.0,0.0,0.0,0
0.36,2.0,3000.0,3200.0,0110010,0,50,50,0,0,50,0,2668.8,-431.2,50.73,199.13,1.0,0.0,0.5,82146
0.36,2.0,3000.0,3200.0,0110100,0,50,50,0,50,0,0,2530.1,-569.9,55.4,182.34,0.0,0.0,0.0,0
0.36,2.0,3000.0,3200.0,0111000,0,50,50,50,0,0,0,2621.5,-478.5,51.31,196.86,1.0,0.0,0.5,60629
0.36,2.0,3000.0,3200.0,1000011,50,0,0,0,0,50,50,2499.9,-600.1,50.72,199.18,1.0,0.0,0.5,160983
0.36,2.0,3000.0,3200.0,1000101,50,0,0,0,50,0,50,2618.2,-481.8,55.22,182.94,0.0,0.0,0.0,0
0.36,2.0,3000.0,3200.0,1000110,50,0,0,0,50,50,0,2693.6,-406.4,52.95,190.76,1.0,0.0,0.5,51601
0.36,2.0,3000.0,3200.0,1001001,50,0,0,50,0,0,50,2453.7,-646.3,52.0,194.26,1.0,0.0,0.5,42856
0.36,2.0,3000.0,3200.0,1001010,50,0,0,50,0,50,0,2981.0,-119.0,50.21,201.21,1.0,0.21,0.6,55145
0.36,2.0,3000.0,3200.0,1001100,50,0,0,50,50,0,0,2680.0,-420.0,53.16,190.04,1.0,0.0,0.5,42078
0.36,2.0,3000.0,3200.0,1010001,50,0,49,0,0,0,50,2951.2,-148.8,50.46,200.18,0.0,0.01,0.0,0
0.36,2.0,3000.0,3200.0,1010010,50,0,50,0,0,50,0,3005.4,-94.6,50.47,200.16,1.0,0.37,0.68,1849
0.36,2.0,3000.0,3200.0,1010100,50,0,50,0,50,0,0,2857.6,-242.4,52.8,191.32,0.0,0.0,0.0,0
0.36,2.0,3000.0,3200.0,1011000,50,0,50,50,0,0,0,2993.4,-106.6,50.85,198.66,1.0,0.29,0.64,4513
0.36,2.0,3000.0,3200.0,1100001,50,50,0,0,0,0,50,2648.4,-451.6,53.53,188.71,0.0,0.0,0.0,0
0.36,2.0,3000.0,3200.0,1100010,50,50,0,0,0,50,0,2717.0,-383.0,50.93,198.36,1.0,0.0,0.5,267341
0.36,2.0,3000.0,3200.0,1100100,50,50,0,0,50,0,0,2603.1,-496.9,55.72,181.29,0.0,0.0,0.0,0
0.36,2.0,3000.0,3200.0,1101000,50,50,0,50,0,0,0,2711.1,-388.9,51.55,195.96,1.0,0.0,0.5,188512
0.36,2.0,3000.0,3200.0,1110000,50,50,50,0,0,0,0,2856.0,-244.0,50.65,199.45,0.0,0.0,0.0,0
0.36,2.0,3100.0,3300.0,0000111,0,0,0,0,50,50,50,2545.5,-654.5,53.87,187.52,0.0,0.0,0.0,0
0.36,2.0,3100.0,3300.0,0001011,0,0,0,50,0,50,50,2500.5,-699.5,52.11,193.84,1.0,0.0,0.5,38890
0.36,2.0,3100.0,3300.0,0001101,0,0,0,50,50,0,50,2550.9,-649.1,55.3,182.68,0.0,0.0,0.0,0
0.36,2.0,3100.0,3300.0,0001110,0,0,0,50,50,50,0,2549.8,-650.2,52.21,193.48,1.0,0.0,0.5,43074
0.36,2.0,3100.0,3300.0,0010011,0,0,50,0,0,50,50,2616.0,-584.0,50.52,199.95,1.0,0.0,0.5,27394
0.36,2.0,3100.0,3300.0,0010110,0,0,50,0,50,50,0,2588.6,-611.4,52.2,193.53,1.0,0.0,0.5,752
0.36,2.0,3100.0,3300.0,0011001,0,0,50,50,0,0,50,2528.6,-671.4,52.1,193.88,1.0,0.0,0.5,43600
0.36,2.0,3100.0,3300.0,0011010,0,0,50,50,0,50,0,2784.0,-416.0,49.16,205.5,1.0,0.0,0.5,16794
0.36,2.0,3100.0,3300.0,0011100,0,0,50,50,50,0,0,2547.6,-652.4,52.61,191.99,1.0,0.0,0.5,20018
0.36,2.0,3100.0,3300.0,0100011,0,50,0,0,0,50,50,2626.6,-573.4,53.11,190.21,0.0,0.0,0.0,0
0.36,2.0,3100.0,3300.0,0100101,0,50,0,0,50,0,50,2555.0,-645.0,57.06,177.03,0.0,0.0,0.0,0
0.36,2.0,3100.0,3300.0,0100110,0,50,0,0,50,50,0,2527.2,-672.8,54.93,183.89,0.0,0.0,0.0,0
0.36,2.0,3100.0,3300.0,0101001,0,50,0,50,0,0,50,2652.9,-547.1,54.28,186.1,0.0,0.0,0.0,0
0.36,2.0,3100.0,3300.0,0101010,0,50,0,50,0,50,0,2701.9,-498.1,51.34,196.77,1.0,0.0,0.5,70128
0.36,2.0,3100.0,3300.0,0101100,0,50,0,50,50,0,0,2549.9,-650.1,55.42,182.26,0.0,0.0,0.0,0
0.36,2.0,3100.0,3300.0,0110001,0,50,50,0,0,0,50,2644.4,-555.6,53.77,187.88,0.0,0.0,0.0,0
0.36,2.0,3100.0,3300.0,0110010,0,50,50,0,0,50,0,2668.8,-531.2,50.73,199.13,1.0,0.0,0.5,82146
0.36,2.0,3100.0,3300.0,0110100,0,50,50,0,50,0,0,2530.1,-669.9,55.4,182.34,0.0,0.0,0.0,0
0.36,2.0,3100.0,3300.0,0111000,0,50,50,50,0,0,0,2621.5,-578.5,51.31,196.86,1.0,0.0,0.5,60629
0.36,2.0,3100.0,3300.0,1000011,50,0,0,0,0,50,50,2499.9,-700.1,50.72,199.18,1.0,0.0,0.5,160983
0.36,2.0,3100.0,3300.0,1000101,50,0,0,0,50,0,50,2618.2,-581.8,55.22,182.94,0.0,0.0,0.0,0
0.36,2.0,3100.0,3300.0,1000110,50,0,0,0,50,50,0,2693.6,-506.4,52.95,190.76,1.0,0.0,0.5,51601
0.36,2.0,3100.0,3300.0,1001001,50,0,0,50,0,0,50,2453.7,-746.3,52.0,194.26,1.0,0.0,0.5,42856
0.36,2.0,3100.0,3300.0,1001010,50,0,0,50,0,50,0,2981.0,-219.0,50.21,201.21,1.0,0.0,0.5,55145
0.36,2.0,3100.0,3300.0,1001100,50,0,0,50,50,0,0,2680.0,-520.0,53.16,190.04,1.0,0.0,0.5,42078
0.36,2.0,3100.0,3300.0,1010001,50,0,50,0,0,0,50,2978.4,-221.6,50.32,200.76,0.0,0.0,0.0,0
0.36,2.0,3100.0,3300.0,1010010,50,0,50,0,0,50,0,3005.4,-194.6,50.47,200.16,1.0,0.0,0.5,1849
0.36,2.0,3100.0,3300.0,1010100,50,0,50,0,50,0,0,2857.6,-342.4,52.8,191.32,0.0,0.0,0.0,0
0.36,2.0,3100.0,3300.0,1011000,50,0,50,50,0,0,0,2993.4,-206.6,50.85,198.66,1.0,0.0,0.5,4513
0.36,2.0,3100.0,3300.0,1100001,50,50,0,0,0,0,50,2648.4,-551.6,53.53,188.71,0.0,0.0,0.0,0
0.36,2.0,3100.0,3300.0,1100010,50,50,0,0,0,50,0,2717.0,-483.0,50.93,198.36,1.0,0.0,0.5,267341
0.36,2.0,3100.0,3300.0,1100100,50,50,0,0,50,0,0,2603.1,-596.9,55.72,181.29,0.0,0.0,0.0,0
0.36,2.0,3100.0,3300.0,1101000,50,50,0,50,0,0,0,2711.1,-488.9,51.55,195.96,1.0,0.0,0.5,188512
0.36,2.0,3100.0,3300.0,1110000,50,50,50,0,0,0,0,2856.0,-344.0,50.65,199.45,0.0,0.0,0.0,0
0.36,2.0,3200.0,3400.0,0000111,0,0,0,0,50,50,50,2545.5,-754.5,53.87,187.52,0.0,0.0,0.0,0
0.36,2.0,3200.0,3400.0,0001011,0,0,0,50,0,50,50,2500.5,-799.5,52.11,193.84,1.0,0.0,0.5,38890
0.36,2.0,3200.0,3400.0,0001101,0,0,0,50,50,0,50,2550.9,-749.1,55.3,182.68,0.0,0.0,0.0,0
0.36,2.0,3200.0,3400.0,0001110,0,0,0,50,50,50,0,2549.8,-750.2,52.21,193.48,1.0,0.0,0.5,43074
0.36,2.0,3200.0,3400.0,0010011,0,0,50,0,0,50,50,2616.0,-684.0,50.52,199.95,1.0,0.0,0.5,27394
0.36,2.0,3200.0,3400.0,0010110,0,0,50,0,50,50,0,2588.6,-711.4,52.2,193.53,1.0,0.0,0.5,752
0.36,2.0,3200.0,3400.0,0011001,0,0,50,50,0,0,50,2528.6,-771.4,52.1,193.88,1.0,0.0,0.5,43600
0.36,2.0,3200.0,3400.0,0011010,0,0,50,50,0,50,0,2784.0,-516.0,49.16,205.5,1.0,0.0,0.5,16794
0.36,2.0,3200.0,3400.0,0011100,0,0,50,50,50,0,0,2547.6,-752.4,52.61,191.99,1.0,0.0,0.5,20018
0.36,2.0,3200.0,3400.0,0100011,0,50,0,0,0,50,50,2626.6,-673.4,53.11,190.21,0.0,0.0,0.0,0
0.36,2.0,3200.0,3400.0,0100101,0,50,0,0,50,0,50,2555.0,-745.0,57.06,177.03,0.0,0.0,0.0,0
0.36,2.0,3200.0,3400.0,0100110,0,50,0,0,50,50,0,2527.2,-772.8,54.93,183.89,0.0,0.0,0.0,0
0.36,2.0,3200.0,3400.0,0101001,0,50,0,50,0,0,50,2652.9,-647.1,54.28,186.1,0.0,0.0,0.0,0
0.36,2.0,3200.0,3400.0,0101010,0,50,0,50,0,50,0,2701.9,-598.1,51.34,196.77,1.0,0.0,0.5,70128
0.36,2.0,3200.0,3400.0,0101100,0,50,0,50,50,0,0,2549.9,-750.1,55.42,182.26,0.0,0.0,0.0,0
0.36,2.0,3200.0,3400.0,0110001,0,50,50,0,0,0,50,2644.4,-655.6,53.77,187.88,0.0,0.0,0.0,0
0.36,2.0,3200.0,3400.0,0110010,0,50,50,0,0,50,0,2668.8,-631.2,50.73,199.13,1.0,0.0,0.5,82146
0.36,2.0,3200.0,3400.0,0110100,0,50,50,0,50,0,0,2530.1,-769.9,55.4,182.34,0.0,0.0,0.0,0
0.36,2.0,3200.0,3400.0,0111000,0,50,50,50,0,0,0,2621.5,-678.5,51.31,196.86,1.0,0.0,0.5,60629
0.36,2.0,3200.0,3400.0,1000011,50,0,0,0,0,50,50,2499.9,-800.1,50.72,199.18,1.0,0.0,0.5,160983
0.36,2.0,3200.0,3400.0,1000101,50,0,0,0,50,0,50,2618.2,-681.8,55.22,182.94,0.0,0.0,0.0,0
0.36,2.0,3200.0,3400.0,1000110,50,0,0,0,50,50,0,2693.6,-606.4,52.95,190.76,1.0,0.0,0.5,51601
0.36,2.0,3200.0,3400.0,1001001,50,0,0,50,0,0,50,2453.7,-846.3,52.0,194.26,1.0,0.0,0.5,42856
0.36,2.0,3200.0,3400.0,1001010,50,0,0,50,0,50,0,2981.0,-319.0,50.21,201.21,1.0,0.0,0.5,55145
0.36,2.0,3200.0,3400.0,1001100,50,0,0,50,50,0,0,2680.0,-620.0,53.16,190.04,1.0,0.0,0.5,42078
0.36,2.0,3200.0,3400.0,1010001,50,0,50,0,0,0,50,2978.4,-321.6,50.32,200.76,0.0,0.0,0.0,0
0.36,2.0,3200.0,3400.0,1010010,50,0,50,0,0,50,0,3005.4,-294.6,50.47,200.16,1.0,0.0,0.5,1849
0.36,2.0,3200.0,3400.0,1010100,50,0,50,0,50,0,0,2857.6,-442.4,52.8,191.32,0.0,0.0,0.0,0
0.36,2.0,3200.0,3400.0,1011000,50,0,50,50,0,0,0,2993.4,-306.6,50.85,198.66,1.0,0.0,0.5,4513
0.36,2.0,3200.0,3400.0,1100001,50,50,0,0,0,0,50,2648.4,-651.6,53.53,188.71,0.0,0.0,0.0,0
0.36,2.0,3200.0,3400.0,1100010,50,50,0,0,0,50,0,2717.0,-583.0,50.93,198.36,1.0,0.0,0.5,267341
0.36,2.0,3200.0,3400.0,1100100,50,50,0,0,50,0,0,2603.1,-696.9,55.72,181.29,0.0,0.0,0.0,0
0.36,2.0,3200.0,3400.0,1101000,50,50,0,50,0,0,0,2711.1,-588.9,51.55,195.96,1.0,0.0,0.5,188512
0.36,2.0,3200.0,3400.0,1110000,50,50,50,0,0,0,0,2856.0,-444.0,50.65,199.45,0.0,0.0,0.0,0
0.36,2.0,3300.0,3500.0,0000111,0,0,0,0,50,50,50,2545.5,-854.5,53.87,187.52,0.0,0.0,0.0,0
0.36,2.0,3300.0,3500.0,0001011,0,0,0,50,0,50,50,2500.5,-899.5,52.11,193.84,1.0,0.0,0.5,38890
0.36,2.0,3300.0,3500.0,0001101,0,0,0,50,50,0,50,2550.9,-849.1,55.3,182.68,0.0,0.0,0.0,0
0.36,2.0,3300.0,3500.0,0001110,0,0,0,50,50,50,0,2549.8,-850.2,52.21,193.48,1.0,0.0,0.5,43074
0.36,2.0,3300.0,3500.0,0010011,0,0,50,0,0,50,50,2616.0,-784.0,50.52,199.95,1.0,0.0,0.5,27394
0.36,2.0,3300.0,3500.0,0010110,0,0,50,0,50,50,0,2588.6,-811.4,52.2,193.53,1.0,0.0,0.5,752
0.36,2.0,3300.0,3500.0,0011001,0,0,50,50,0,0,50,2528.6,-871.4,52.1,193.88,1.0,0.0,0.5,43600
0.36,2.0,3300.0,3500.0,0011010,0,0,50,50,0,50,0,2784.0,-616.0,49.16,205.5,1.0,0.0,0.5,16794
0.36,2.0,3300.0,3500.0,0011100,0,0,50,50,50,0,0,2547.6,-852.4,52.61,191.99,1.0,0.0,0.5,20018
0.36,2.0,3300.0,3500.0,0100011,0,50,0,0,0,50,50,2626.6,-773.4,53.11,190.21,0.0,0.0,0.0,0
0.36,2.0,3300.0,3500.0,0100101,0,50,0,0,50,0,50,2555.0,-845.0,57.06,177.03,0.0,0.0,0.0,0
0.36,2.0,3300.0,3500.0,0100110,0,50,0,0,50,50,0,2527.2,-872.8,54.93,183.89,0.0,0.0,0.0,0
0.36,2.0,3300.0,3500.0,0101001,0,50,0,50,0,0,50,2652.9,-747.1,54.28,186.1,0.0,0.0,0.0,0
0.36,2.0,3300.0,3500.0,0101010,0,50,0,50,0,50,0,2701.9,-698.1,51.34,196.77,1.0,0.0,0.5,70128
0.36,2.0,3300.0,3500.0,0101100,0,50,0,50,50,0,0,2549.9,-850.1,55.42,182.26,0.0,0.0,0.0,0
0.36,2.0,3300.0,3500.0,0110001,0,50,50,0,0,0,50,2644.4,-755.6,53.77,187.88,0.0,0.0,0.0,0
0.36,2.0,3300.0,3500.0,0110010,0,50,50,0,0,50,0,2668.8,-731.2,50.73,199.13,1.0,0.0,0.5,82146
0.36,2.0,3300.0,3500.0,0110100,0,50,50,0,50,0,0,2530.1,-869.9,55.4,182.34,0.0,0.0,0.0,0
0.36,2.0,3300.0,3500.0,0111000,0,50,50,50,0,0,0,2621.5,-778.5,51.31,196.86,1.0,0.0,0.5,60629
0.36,2.0,3300.0,3500.0,1000011,50,0,0,0,0,50,50,2499.9,-900.1,50.72,199.18,1.0,0.0,0.5,160983
0.36,2.0,3300.0,3500.0,1000101,50,0,0,0,50,0,50,2618.2,-781.8,55.22,182.94,0.0,0.0,0.0,0
0.36,2.0,3300.0,3500.0,1000110,50,0,0,0,50,50,0,2693.6,-706.4,52.95,190.76,1.0,0.0,0.5,51601
0.36,2.0,3300.0,3500.0,1001001,50,0,0,50,0,0,50,2453.7,-946.3,52.0,194.26,1.0,0.0,0.5,42856
0.36,2.0,3300.0,3500.0,1001010,50,0,0,50,0,50,0,2981.0,-419.0,50.21,201.21,1.0,0.0,0.5,55145
0.36,2.0,3300.0,3500.0,1001100,50,0,0,50,50,0,0,2680.0,-720.0,53.16,190.04,1.0,0.0,0.5,42078
0.36,2.0,3300.0,3500.0,1010001,50,0,50,0,0,0,50,2978.4,-421.6,50.32,200.76,0.0,0.0,0.0,0
0.36,2.0,3300.0,3500.0,1010010,50,0,50,0,0,50,0,3005.4,-394.6,50.47,200.16,1.0,0.0,0.5,1849
0.36,2.0,3300.0,3500.0,1010100,50,0,50,0,50,0,0,2857.6,-542.4,52.8,191.32,0.0,0.0,0.0,0
0.36,2.0,3300.0,3500.0,1011000,50,0,50,50,0,0,0,2993.4,-406.6,50.85,198.66,1.0,0.0,0.5,4513
0.36,2.0,3300.0,3500.0,1100001,50,50,0,0,0,0,50,2648.4,-751.6,53.53,188.71,0.0,0.0,0.0,0
0.36,2.0,3300.0,3500.0,1100010,50,50,0,0,0,50,0,2717.0,-683.0,50.93,198.36,1.0,0.0,0.5,267341
0.36,2.0,3300.0,3500.0,1100100,50,50,0,0,50,0,0,2603.1,-796.9,55.72,181.29,0.0,0.0,0.0,0
0.36,2.0,3300.0,3500.0,1101000,50,50,0,50,0,0,0,2711.1,-688.9,51.55,195.96,1.0,0.0,0.5,188512
0.36,2.0,3300.0,3500.0,1110000,50,50,50,0,0,0,0,2856.0,-544.0,50.65,199.45,0.0,0.0,0.0,0
0.36,2.0,3400.0,3600.0,0000111,0,0,0,0,50,50,50,2545.5,-954.5,53.87,187.52,0.0,0.0,0.0,0
0.36,2.0,3400.0,3600.0,0001011,0,0,0,50,0,50,50,2500.5,-999.5,52.11,193.84,1.0,0.0,0.5,38890
0.36,2.0,3400.0,3600.0,0001101,0,0,0,50,50,0,50,2550.9,-949.1,55.3,182.68,0.0,0.0,0.0,0
0.36,2.0,3400.0,3600.0,0001110,0,0,0,50,50,50,0,2549.8,-950.2,52.21,193.48,1.0,0.0,0.5,43074
0.36,2.0,3400.0,3600.0,0010011,0,0,50,0,0,50,50,2616.0,-884.0,50.52,199.95,1.0,0.0,0.5,27394
0.36,2.0,3400.0,3600.0,0010110,0,0,50,0,50,50,0,2588.6,-911.4,52.2,193.53,1.0,0.0,0.5,752
0.36,2.0,3400.0,3600.0,0011001,0,0,50,50,0,0,50,2528.6,-971.4,52.1,193.88,1.0,0.0,0.5,43600
0.36,2.0,3400.0,3600.0,0011010,0,0,50,50,0,50,0,2784.0,-716.0,49.16,205.5,1.0,0.0,0.5,16794
0.36,2.0,3400.0,3600.0,0011100,0,0,50,50,50,0,0,2547.6,-952.4,52.61,191.99,1.0,0.0,0.5,20018
0.36,2.0,3400.0,3600.0,0100011,0,50,0,0,0,50,50,2626.6,-873.4,53.11,190.21,0.0,0.0,0.0,0
0.36,2.0,3400.0,3600.0,0100101,0,50,0,0,50,0,50,2555.0,-945.0,57.06,177.03,0.0,0.0,0.0,0
0.36,2.0,3400.0,3600.0,0100110,0,50,0,0,50,50,0,2527.2,-972.8,54.93,183.89,0.0,0.0,0.0,0
0.36,2.0,3400.0,3600.0,0101001,0,50,0,50,0,0,50,2652.9,-847.1,54.28,186.1,0.0,0.0,0.0,0
0.36,2.0,3400.0,3600.0,0101010,0,50,0,50,0,50,0,2701.9,-798.1,51.34,196.77,1.0,0.0,0.5,70128
0.36,2.0,3400.0,3600.0,0101100,0,50,0,50,50,0,0,2549.9,-950.1,55.42,182.26,0.0,0.0,0.0,0
0.36,2.0,3400.0,3600.0,0110001,0,50,50,0,0,0,50,2644.4,-855.6,53.77,187.88,0.0,0.0,0.0,0
0.36,2.0,3400.0,3600.0,0110010,0,50,50,0,0,50,0,2668.8,-831.2,50.73,199.13,1.0,0.0,0.5,82146
0.36,2.0,3400.0,3600.0,0110100,0,50,50,0,50,0,0,2530.1,-969.9,55.4,182.34,0.0,0.0,0.0,0
0.36,2.0,3400.0,3600.0,0111000,0,50,50,50,0,0,0,2621.5,-878.5,51.31,196.86,1.0,0.0,0.5,60629
0.36,2.0,3400.0,3600.0,1000011,50,0,0,0,0,50,50,2499.9,-1000.1,50.72,199.18,1.0,0.0,0.5,160983
0.36,2.0,3400.0,3600.0,1000101,50,0,0,0,50,0,50,2618.2,-881.8,55.22,182.94,0.0,0.0,0.0,0
0.36,2.0,3400.0,3600.0,1000110,50,0,0,0,50,50,0,2693.6,-806.4,52.95,190.76,1.0,0.0,0.5,51601
0.36,2.0,3400.0,3600.0,1001001,50,0,0,50,0,0,50,2453.7,-1046.3,52.0,194.26,1.0,0.0,0.5,42856
0.36,2.0,3400.0,3600.0,1001010,50,0,0,50,0,50,0,2981.0,-519.0,50.21,201.21,1.0,0.0,0.5,55145
0.36,2.0,3400.0,3600.0,1001100,50,0,0,50,50,0,0,2680.0,-820.0,53.16,190.04,1.0,0.0,0.5,42078
0.36,2.0,3400.0,3600.0,1010001,50,0,50,0,0,0,50,2978.4,-521.6,50.32,200.76,0.0,0.0,0.0,0
0.36,2.0,3400.0,3600.0,1010010,50,0,50,0,0,50,0,3005.4,-494.6,50.47,200.16,1.0,0.0,0.5,1849
0.36,2.0,3400.0,3600.0,1010100,50,0,50,0,50,0,0,2857.6,-642.4,52.8,191.32,0.0,0.0,0.0,0
0.36,2.0,3400.0,3600.0,1011000,50,0,50,50,0,0,0,2993.4,-506.6,50.85,198.66,1.0,0.0,0.5,4513
0.36,2.0,3400.0,3600.0,1100001,50,50,0,0,0,0,50,2648.4,-851.6,53.53,188.71,0.0,0.0,0.0,0
0.36,2.0,3400.0,3600.0,1100010,50,50,0,0,0,50,0,2717.0,-783.0,50.93,198.36,1.0,0.0,0.5,267341
0.36,2.0,3400.0,3600.0,1100100,50,50,0,0,50,0,0,2603.1,-896.9,55.72,181.29,0.0,0.0,0.0,0
0.36,2.0,3400.0,3600.0,1101000,50,50,0,50,0,0,0,2711.1,-788.9,51.55,195.96,1.0,0.0,0.5,188512
0.36,2.0,3400.0,3600.0,1110000,50,50,50,0,0,0,0,2856.0,-644.0,50.65,199.45,0.0,0.0,0.0,0
0.36,2.0,3500.0,3700.0,0000111,0,0,0,0,50,50,50,2545.5,-1054.5,53.87,187.52,0.0,0.0,0.0,0
0.36,2.0,3500.0,3700.0,0001011,0,0,0,50,0,50,50,2500.5,-1099.5,52.11,193.84,1.0,0.0,0.5,38890
0.36,2.0,3500.0,3700.0,0001101,0,0,0,50,50,0,50,2550.9,-1049.1,55.3,182.68,0.0,0.0,0.0,0
0.36,2.0,3500.0,3700.0,0001110,0,0,0,50,50,50,0,2549.8,-1050.2,52.21,193.48,1.0,0.0,0.5,43074
0.36,2.0,3500.0,3700.0,0010011,0,0,50,0,0,50,50,2616.0,-984.0,50.52,199.95,1.0,0.0,0.5,27394
0.36,2.0,3500.0,3700.0,0010110,0,0,50,0,50,50,0,2588.6,-1011.4,52.2,193.53,1.0,0.0,0.5,752
0.36,2.0,3500.0,3700.0,0011001,0,0,50,50,0,0,50,2528.6,-1071.4,52.1,193.88,1.0,0.0,0.5,43600
0.36,2.0,3500.0,3700.0,0011010,0,0,50,50,0,50,0,2784.0,-816.0,49.16,205.5,1.0,0.0,0.5,16794
0.36,2.0,3500.0,3700.0,0011100,0,0,50,50,50,0,0,2547.6,-1052.4,52.61,191.99,1.0,0.0,0.5,20018
0.36,2.0,3500.0,3700.0,0100011,0,50,0,0,0,50,50,2626.6,-973.4,53.11,190.21,0.0,0.0,0.0,0
0.36,2.0,3500.0,3700.0,0100101,0,50,0,0,50,0,50,2555.0,-1045.0,57.06,177.03,0.0,0.0,0.0,0
0.36,2.0,3500.0,3700.0,0100110,0,50,0,0,50,50,0,2527.2,-1072.8,54.93,183.89,0.0,0.0,0.0,0
0.36,2.0,3500.0,3700.0,0101001,0,50,0,50,0,0,50,2652.9,-947.1,54.28,186.1,0.0,0.0,0.0,0
0.36,2.0,3500.0,3700.0,0101010,0,50,0,50,0,50,0,2701.9,-898.1,51.34,196.77,1.0,0.0,0.5,70128
0.36,2.0,3500.0,3700.0,0101100,0,50,0,50,50,0,0,2549.9,-1050.1,55.42,182.26,0.0,0.0,0.0,0
0.36,2.0,3500.0,3700.0,0110001,0,50,50,0,0,0,50,2644.4,-955.6,53.77,187.88,0.0,0.0,0.0,0
0.36,2.0,3500.0,3700.0,0110010,0,50,50,0,0,50,0,2668.8,-931.2,50.73,199.13,1.0,0.0,0.5,82146
0.36,2.0,3500.0,3700.0,0110100,0,50,50,0,50,0,0,2530.1,-1069.9,55.4,182.34,0.0,0.0,0.0,0
0.36,2.0,3500.0,3700.0,0111000,0,50,50,50,0,0,0,2621.5,-978.5,51.31,196.86,1.0,0.0,0.5,60629
0.36,2.0,3500.0,3700.0,1000011,50,0,0,0,0,50,50,2499.9,-1100.1,50.72,199.18,1.0,0.0,0.5,160983
0.36,2.0,3500.0,3700.0,1000101,50,0,0,0,50,0,50,2618.2,-981.8,55.22,182.94,0.0,0.0,0.0,0
0.36,2.0,3500.0,3700.0,1000110,50,0,0,0,50,50,0,2693.6,-906.4,52.95,190.76,1.0,0.0,0.5,51601
0.36,2.0,3500.0,3700.0,1001001,50,0,0,50,0,0,50,2453.7,-1146.3,52.0,194.26,1.0,0.0,0.5,42856
0.36,2.0,3500.0,3700.0,1001010,50,0,0,50,0,50,0,2981.0,-619.0,50.21,201.21,1.0,0.0,0.5,55145
0.36,2.0,3500.0,3700.0,1001100,50,0,0,50,50,0,0,2680.0,-920.0,53.16,190.04,1.0,0.0,0.5,42078
0.36,2.0,3500.0,3700.0,1010001,50,0,50,0,0,0,50,2978.4,-621.6,50.32,200.76,0.0,0.0,0.0,0
0.36,2.0,3500.0,3700.0,1010010,50,0,50,0,0,50,0,3005.4,-594.6,50.47,200.16,1.0,0.0,0.5,1849
0.36,2.0,3500.0,3700.0,1010100,50,0,50,0,50,0,0,2857.6,-742.4,52.8,191.32,0.0,0.0,0.0,0
0.36,2.0,3500.0,3700.0,1011000,50,0,50,50,0,0,0,2993.4,-606.6,50.85,198.66,1.0,0.0,0.5,4513
0.36,2.0,3500.0,3700.0,1100001,50,50,0,0,0,0,50,2648.4,-951.6,53.53,188.71,0.0,0.0,0.0,0
0.36,2.0,3500.0,3700.0,1100010,50,50,0,0,0,50,0,2717.0,-883.0,50.93,198.36,1.0,0.0,0.5,267341
0.36,2.0,3500.0,3700.0,1100100,50,50,0,0,50,0,0,2603.1,-996.9,55.72,181.29,0.0,0.0,0.0,0
0.36,2.0,3500.0,3700.0,1101000,50,50,0,50,0,0,0,2711.1,-888.9,51.55,195.96,1.0,0.0,0.5,188512
0.36,2.0,3500.0,3700.0,1110000,50,50,50,0,0,0,0,2856.0,-744.0,50.65,199.45,0.0,0.0,0.0,0
0.36,2.0,3600.0,3800.0,0000111,0,0,0,0,50,50,50,2545.5,-1154.5,53.87,187.52,0.0,0.0,0.0,0
0.36,2.0,3600.0,3800.0,0001011,0,0,0,50,0,50,50,2500.5,-1199.5,52.11,193.84,1.0,0.0,0.5,38890
0.36,2.0,3600.0,3800.0,0001101,0,0,0,50,50,0,50,2550.9,-1149.1,55.3,182.68,0.0,0.0,0.0,0
0.36,2.0,3600.0,3800.0,0001110,0,0,0,50,50,50,0,2549.8,-1150.2,52.21,193.48,1.0,0.0,0.5,43074
0.36,2.0,3600.0,3800.0,0010011,0,0,50,0,0,50,50,2616.0,-1084.0,50.52,199.95,1.0,0.0,0.5,27394
0.36,2.0,3600.0,3800.0,0010110,0,0,50,0,50,50,0,2588.6,-1111.4,52.2,193.53,1.0,0.0,0.5,752
0.36,2.0,3600.0,3800.0,0011001,0,0,50,50,0,0,50,2528.6,-1171.4,52.1,193.88,1.0,0.0,0.5,43600
0.36,2.0,3600.0,3800.0,0011010,0,0,50,50,0,50,0,2784.0,-916.0,49.16,205.5,1.0,0.0,0.5,16794
0.36,2.0,3600.0,3800.0,0011100,0,0,50,50,50,0,0,2547.6,-1152.4,52.61,191.99,1.0,0.0,0.5,20018
0.36,2.0,3600.0,3800.0,0100011,0,50,0,0,0,50,50,2626.6,-1073.4,53.11,190.21,0.0,0.0,0.0,0
0.36,2.0,3600.0,3800.0,0100101,0,50,0,0,50,0,50,2555.0,-1145.0,57.06,177.03,0.0,0.0,0.0,0
0.36,2.0,3600.0,3800.0,0100110,0,50,0,0,50,50,0,2527.2,-1172.8,54.93,183.89,0.0,0.0,0.0,0
0.36,2.0,3600.0,3800.0,0101001,0,50,0,50,0,0,50,2652.9,-1047.1,54.28,186.1,0.0,0.0,0.0,0
0.36,2.0,3600.0,3800.0,0101010,0,50,0,50,0,50,0,2701.9,-998.1,51.34,196.77,1.0,0.0,0.5,70128
0.36,2.0,3600.0,3800.0,0101100,0,50,0,50,50,0,0,2549.9,-1150.1,55.42,182.26,0.0,0.0,0.0,0
0.36,2.0,3600.0,3800.0,0110001,0,50,50,0,0,0,50,2644.4,-1055.6,53.77,187.88,0.0,0.0,0.0,0
0.36,2.0,3600.0,3800.0,0110010,0,50,50,0,0,50,0,2668.8,-1031.2,50.73,199.13,1.0,0.0,0.5,82146
0.36,2.0,3600.0,3800.0,0110100,0,50,50,0,50,0,0,2530.1,-1169.9,55.4,182.34,0.0,0.0,0.0,0
0.36,2.0,3600.0,3800.0,0111000,0,50,50,50,0,0,0,2621.5,-1078.5,51.31,196.86,1.0,0.0,0.5,60629
0.36,2.0,3600.0,3800.0,1000011,50,0,0,0,0,50,50,2499.9,-1200.1,50.72,199.18,1.0,0.0,0.5,160983
0.36,2.0,3600.0,3800.0,1000101,50,0,0,0,50,0,50,2618.2,-1081.8,55.22,182.94,0.0,0.0,0.0,0
0.36,2.0,3600.0,3800.0,1000110,50,0,0,0,50,50,0,2693.6,-1006.4,52.95,190.76,1.0,0.0,0.5,51601
0.36,2.0,3600.0,3800.0,1001001,50,0,0,50,0,0,50,2453.7,-1246.3,52.0,194.26,1.0,0.0,0.5,42856
0.36,2.0,3600.0,3800.0,1001010,50,0,0,50,0,50,0,2981.0,-719.0,50.21,201.21,1.0,0.0,0.5,55145
0.36,2.0,3600.0,3800.0,1001100,50,0,0,50,50,0,0,2680.0,-1020.0,53.16,190.04,1.0,0.0,0.5,42078
0.36,2.0,3600.0,3800.0,1010001,50,0,50,0,0,0,50,2978.4,-721.6,50.32,200.76,0.0,0.0,0.0,0
0.36,2.0,3600.0,3800.0,1010010,50,0,50,0,0,50,0,3005.4,-694.6,50.47,200.16,1.0,0.0,0.5,1849
0.36,2.0,3600.0,3800.0,1010100,50,0,50,0,50,0,0,2857.6,-842.4,52.8,191.32,0.0,0.0,0.0,0
0.36,2.0,3600.0,3800.0,1011000,50,0,50,50,0,0,0,2993.4,-706.6,50.85,198.66,1.0,0.0,0.5,4513
0.36,2.0,3600.0,3800.0,1100001,50,50,0,0,0,0,50,2648.4,-1051.6,53.53,188.71,0.0,0.0,0.0,0
0.36,2.0,3600.0,3800.0,1100010,50,50,0,0,0,50,0,2717.0,-983.0,50.93,198.36,1.0,0.0,0.5,267341
0.36,2.0,3600.0,3800.0,1100100,50,50,0,0,50,0,0,2603.1,-1096.9,55.72,181.29,0.0,0.0,0.0,0
0.36,2.0,3600.0,3800.0,1101000,50,50,0,50,0,0,0,2711.1,-988.9,51.55,195.96,1.0,0.0,0.5,188512
0.36,2.0,3600.0,3800.0,1110000,50,50,50,0,0,0,0,2856.0,-844.0,50.65,199.45,0.0,0.0,0.0,0
0.36,2.0,2500.0,2700.0,0001111,0,0,0,30,47,50,50,2749.9,149.9,53.63,188.34,1.0,0.0,0.5,26833
0.36,2.0,2500.0,2700.0,0011011,0,0,30,30,0,50,50,2668.8,68.8,51.1,197.67,1.0,0.54,0.77,17354
0.36,2.0,2500.0,2700.0,0011110,0,0,30,30,50,50,0,2684.7,84.7,51.58,195.85,1.0,0.44,0.72,258
0.36,2.0,2500.0,2700.0,0100111,0,33,0,0,50,50,50,2746.1,146.1,55.19,183.03,0.0,0.03,0.01,0
0.36,2.0,2500.0,2700.0,0101011,0,39,0,30,0,50,50,2746.8,146.8,52.8,191.32,1.0,0.02,0.51,143190
0.36,2.0,2500.0,2700.0,0101101,0,50,0,30,50,0,50,2731.4,131.4,56.68,178.21,0.0,0.12,0.06,0
0.36,2.0,2500.0,2700.0,0101110,0,50,0,30,50,50,0,2749.7,149.7,53.96,187.2,1.0,0.0,0.5,25013
0.36,2.0,2500.0,2700.0,0110011,0,42,30,0,0,50,50,2743.9,143.9,52.16,193.67,1.0,0.04,0.52,75136
0.36,2.0,2500.0,2700.0,0110110,0,48,30,0,50,50,0,2744.7,144.7,53.99,187.1,1.0,0.04,0.52,165
0.36,2.0,2500.0,2700.0,0111001,0,50,30,30,0,0,50,2722.2,122.2,53.81,187.73,1.0,0.19,0.59,81293
0.36,2.0,2500.0,2700.0,0111010,0,30,30,30,0,50,0,2532.3,-67.7,50.28,200.89,1.0,0.55,0.77,735
0.36,2.0,2500.0,2700.0,0111100,0,50,30,30,50,0,0,2584.6,-15.4,55.14,183.21,0.0,0.9,0.45,0
0.36,2.0,2500.0,2700.0,1000111,30,0,0,0,49,50,50,2749.2,149.2,53.37,189.26,1.0,0.01,0.5,32229
0.36,2.0,2500.0,2700.0,1001011,30,0,0,30,0,50,50,2583.9,-16.1,51.37,196.64,1.0,0.89,0.95,104030
0.36,2.0,2500.0,2700.0,1001101,30,0,0,30,50,0,50,2647.0,47.0,54.9,184.01,1.0,0.69,0.84,33990
0.36,2.0,2500.0,2700.0,1001110,30,0,0,30,50,50,0,2684.4,84.4,51.98,194.33,1.0,0.44,0.72,4274
0.36,2.0,2500.0,2700.0,1010011,30,0,30,0,0,50,50,2730.9,130.9,50.12,201.56,1.0,0.13,0.56,5887
0.36,2.0,2500.0,2700.0,1010110,30,0,30,0,50,50,0,2737.8,137.8,51.99,194.3,0.0,0.08,0.04,0
0.36,2.0,2500.0,2700.0,1011001,30,0,30,30,0,0,50,2476.8,-123.2,52.23,193.42,1.0,0.18,0.59,8236
0.36,2.0,2500.0,2700.0,1011010,35,0,30,31,0,50,0,2749.8,149.8,49.35,204.69,0.0,0.0,0.0,0
0.36,2.0,2500.0,2700.0,1011100,30,0,30,30,50,0,0,2494.6,-105.4,53.15,190.05,0.0,0.3,0.15,0
0.36,2.0,2500.0,2700.0,1100011,30,43,0,0,0,50,50,2741.7,141.7,52.08,193.97,1.0,0.06,0.53,221713
0.36,2.0,2500.0,2700.0,1100101,30,50,0,0,50,0,50,2738.5,138.5,56.72,178.08,0.0,0.08,0.04,0
0.36,2.0,2500.0,2700.0,1100110,30,44,0,0,50,50,0,2746.7,146.7,54.13,186.63,1.0,0.02,0.51,3717
0.36,2.0,2500.0,2700.0,1101001,30,50,0,30,0,0,50,2704.3,104.3,53.6,188.46,1.0,0.3,0.65,188841
0.36,2.0,2500.0,2700.0,1101100,30,50,0,30,50,0,0,2619.9,19.9,55.24,182.88,1.0,0.87,0.93,1658
0.36,2.0,2500.0,2700.0,1110001,30,50,30,0,0,0,50,2719.0,119.0,53.46,188.97,0.0,0.21,0.1,0
0.36,2.0,2500.0,2700.0,1110010,30,39,30,0,0,50,0,2659.6,59.6,49.57,203.8,1.0,0.6,0.8,106
0.36,2.0,2500.0,2700.0,1110100,30,50,30,0,50,0,0,2628.9,28.9,55.37,182.45,0.0,0.81,0.4,0
0.36,2.0,2500.0,2700.0,1111000,30,50,30,30,0,0,0,2541.7,-58.3,51.79,195.04,1.0,0.61,0.81,437
0.36,2.0,2600.0,2800.0,0001111,0,0,0,30,50,50,50,2775.7,75.7,53.73,188.02,1.0,0.5,0.75,26833
0.36,2.0,2600.0,2800.0,0011011,0,0,30,30,0,50,50,2668.8,-31.2,51.1,197.67,1.0,0.79,0.9,17354
0.36,2.0,2600.0,2800.0,0011110,0,0,30,30,50,50,0,2684.7,-15.3,51.58,195.85,1.0,0.9,0.95,258
0.36,2.0,2600.0,2800.0,0100111,0,50,0,0,50,50,50,2839.5,139.5,55.69,181.39,0.0,0.07,0.04,0
0.36,2.0,2600.0,2800.0,0101011,0,48,0,30,0,50,50,2846.5,146.5,52.9,190.95,1.0,0.02,0.51,143190
0.36,2.0,2600.0,2800.0,0101101,0,50,0,30,50,0,50,2731.4,31.4,56.68,178.21,0.0,0.79,0.4,0
0.36,2.0,2600.0,2800.0,0101110,0,50,0,30,50,50,0,2749.7,49.7,53.96,187.2,1.0,0.67,0.83,25013
0.36,2.0,2600.0,2800.0,0110011,0,50,30,0,0,50,50,2820.7,120.7,52.49,192.46,1.0,0.2,0.6,75136
0.36,2.0,2600.0,2800.0,0110110,0,50,30,0,50,50,0,2771.1,71.1,54.03,186.97,1.0,0.53,0.76,165
0.36,2.0,2600.0,2800.0,0111001,0,50,30,30,0,0,50,2722.2,22.2,53.81,187.73,1.0,0.85,0.93,81293
0.36,2.0,2600.0,2800.0,0111010,0,33,30,30,0,50,0,2554.7,-145.3,50.25,201.01,1.0,0.03,0.52,735
0.36,2.0,2600.0,2800.0,0111100,0,50,30,30,50,0,0,2584.6,-115.4,55.14,183.21,0.0,0.23,0.12,0
0.36,2.0,2600.0,2800.0,1000111,32,0,0,0,50,50,50,2775.4,75.4,53.46,188.97,1.0,0.5,0.75,32229
0.36,2.0,2600.0,2800.0,1001011,30,0,0,30,0,50,50,2583.9,-116.1,51.37,196.64,1.0,0.23,0.61,104030
0.36,2.0,2600.0,2800.0,1001101,30,0,0,30,50,0,50,2647.0,-53.0,54.9,184.01,1.0,0.65,0.82,33990
0.36,2.0,2600.0,2800.0,1001110,30,0,0,30,50,50,0,2684.4,-15.6,51.98,194.33,1.0,0.9,0.95,4274
0.36,2.0,2600.0,2800.0,1010011,30,0,30,0,0,50,50,2730.9,30.9,50.12,201.56,1.0,0.79,0.9,5887
0.36,2.0,2600.0,2800.0,1010110,30,0,30,0,50,50,0,2737.8,37.8,51.99,194.3,0.0,0.75,0.37,0
0.36,2.0,2600.0,2800.0,1011001,30,0,37,30,0,0,50,2554.1,-145.9,51.88,194.72,1.0,0.03,0.51,8236
0.36,2.0,2600.0,2800.0,1011010,41,0,30,31,0,50,0,2843.1,143.1,49.8,202.83,0.0,0.05,0.02,0
0.36,2.0,2600.0,2800.0,1011100,34,0,30,30,50,0,0,2555.7,-144.3,53.11,190.22,0.0,0.04,0.02,0
0.36,2.0,2600.0,2800.0,1100011,30,50,0,0,0,50,50,2826.7,126.7,52.4,192.79,1.0,0.16,0.58,221713
0.36,2.0,2600.0,2800.0,1100101,30,50,0,0,50,0,50,2738.5,38.5,56.72,178.08,0.0,0.74,0.37,0
0.36,2.0,2600.0,2800.0,1100110,30,50,0,0,50,50,0,2794.8,94.8,54.21,186.35,1.0,0.37,0.68,3717
0.36,2.0,2600.0,2800.0,1101001,30,50,0,30,0,0,50,2704.3,4.3,53.6,188.46,1.0,0.97,0.99,188841
0.36,2.0,2600.0,2800.0,1101100,30,50,0,30,50,0,0,2619.9,-80.1,55.24,182.88,1.0,0.47,0.73,1658
0.36,2.0,2600.0,2800.0,1110001,30,50,30,0,0,0,50,2719.0,19.0,53.46,188.97,0.0,0.87,0.44,0
0.36,2.0,2600.0,2800.0,1110010,47,30,31,0,0,50,0,2848.8,148.8,49.86,202.62,1.0,0.01,0.5,106
0.36,2.0,2600.0,2800.0,1110100,30,50,30,0,50,0,0,2628.9,-71.1,55.37,182.45,0.0,0.53,0.26,0
0.36,2.0,2600.0,2800.0,1111000,30,50,30,31,0,0,0,2555.8,-144.2,51.76,195.16,1.0,0.04,0.52,437
0.36,2.0,2700.0,2900.0,0001111,0,0,0,30,50,50,50,2775.7,-24.3,53.73,188.02,1.0,0.84,0.92,26833
0.36,2.0,2700.0,2900.0,0011011,0,0,30,30,0,50,50,2668.8,-131.2,51.1,197.67,1.0,0.13,0.56,17354
0.36,2.0,2700.0,2900.0,0011110,0,0,30,30,50,50,0,2684.7,-115.3,51.58,195.85,1.0,0.23,0.62,258
0.36,2.0,2700.0,2900.0,0100111,0,50,0,0,50,50,50,2839.5,39.5,55.69,181.39,0.0,0.74,0.37,0
0.36,2.0,2700.0,2900.0,0101011,0,50,0,30,0,50,50,2869.3,69.3,52.93,190.84,1.0,0.54,0.77,143190
0.36,2.0,2700.0,2900.0,0101101,0,50,0,30,50,0,50,2731.4,-68.6,56.68,178.21,0.0,0.54,0.27,0
0.36,2.0,2700.0,2900.0,0101110,0,50,0,30,50,50,0,2749.7,-50.3,53.96,187.2,1.0,0.66,0.83,25013
0.36,2.0,2700.0,2900.0,0110011,0,50,30,0,0,50,50,2820.7,20.7,52.49,192.46,1.0,0.86,0.93,75136
0.36,2.0,2700.0,2900.0,0110110,0,50,30,0,50,50,0,2771.1,-28.9,54.03,186.97,1.0,0.81,0.9,165
0.36,2.0,2700.0,2900.0,0111001,0,50,30,30,0,0,50,2722.2,-77.8,53.81,187.73,1.0,0.48,0.74,81293
0.36,2.0,2700.0,2900.0,0111010,0,41,30,30,0,50,0,2651.8,-148.2,50.12,201.53,1.0,0.01,0.51,735
0.36,2.0,2700.0,2900.0,0111100,0,50,34,35,50,0,0,2650.8,-149.2,54.83,184.24,0.0,0.01,0.0,0
0.36,2.0,2700.0,2900.0,1000111,32,0,0,0,50,50,50,2775.4,-24.6,53.46,188.97,1.0,0.84,0.92,32229
0.36,2.0,2700.0,2900.0,1001011,30,0,0,35,0,50,50,2663.2,-136.8,51.23,197.19,1.0,0.09,0.54,104030
0.36,2.0,2700.0,2900.0,1001101,31,0,0,30,50,0,50,2656.4,-143.6,54.88,184.07,1.0,0.04,0.52,33990
0.36,2.0,2700.0,2900.0,1001110,30,0,0,30,50,50,0,2684.4,-115.6,51.98,194.33,1.0,0.23,0.61,4274
0.36,2.0,2700.0,2900.0,1010011,30,0,30,0,0,50,50,2730.9,-69.1,50.12,201.56,1.0,0.54,0.77,5887
0.36,2.0,2700.0,2900.0,1010110,30,0,30,0,50,50,0,2737.8,-62.2,51.99,194.3,0.0,0.59,0.29,0
0.36,2.0,2700.0,2900.0,1011001,30,0,41,32,0,0,50,2650.3,-149.7,51.55,195.96,1.0,0.0,0.5,8236
0.36,2.0,2700.0,2900.0,1011010,46,0,30,30,0,50,0,2943.7,143.7,50.34,200.68,0.0,0.04,0.02,0
0.36,2.0,2700.0,2900.0,1011100,40,0,30,30,50,0,0,2664.7,-135.3,53.08,190.31,0.0,0.1,0.05,0
0.36,2.0,2700.0,2900.0,1100011,30,50,0,0,0,50,50,2826.7,26.7,52.4,192.79,1.0,0.82,0.91,221713
0.36,2.0,2700.0,2900.0,1100101,30,50,0,0,50,0,50,2738.5,-61.5,56.72,178.08,0.0,0.59,0.29,0
0.36,2.0,2700.0,2900.0,1100110,30,50,0,0,50,50,0,2794.8,-5.2,54.21,186.35,1.0,0.97,0.98,3717
0.36,2.0,2700.0,2900.0,1101001,30,50,0,30,0,0,50,2704.3,-95.7,53.6,188.46,1.0,0.36,0.68,188841
0.36,2.0,2700.0,2900.0,1101100,33,50,0,30,50,0,0,2651.0,-149.0,55.15,183.15,1.0,0.01,0.5,1658
0.36,2.0,2700.0,2900.0,1110001,30,50,30,0,0,0,50,2719.0,-81.0,53.46,188.97,0.0,0.46,0.23,0
0.36,2.0,2700.0,2900.0,1110010,50,30,33,0,0,50,0,2948.9,148.9,50.17,201.33,1.0,0.01,0.5,106
0.36,2.0,2700.0,2900.0,1110100,36,50,30,0,50,0,0,2706.7,-93.3,55.36,182.47,0.0,0.38,0.19,0
0.36,2.0,2700.0,2900.0,1111000,34,50,30,33,0,0,0,2650.3,-149.7,51.44,196.36,1.0,0.0,0.5,437
0.36,2.0,2800.0,3000.0,0001111,0,0,0,30,50,50,50,2775.7,-124.3,53.73,188.02,1.0,0.17,0.59,26833
0.36,2.0,2800.0,3000.0,0011011,0,0,31,33,0,50,50,2755.0,-145.0,51.01,198.04,1.0,0.03,0.52,17354
0.36,2.0,2800.0,3000.0,0011110,0,0,39,30,50,50,0,2754.8,-145.2,51.27,197.02,1.0,0.03,0.52,258
0.36,2.0,2800.0,3000.0,0100111,0,50,0,0,50,50,50,2839.5,-60.5,55.69,181.39,0.0,0.6,0.3,0
0.36,2.0,2800.0,3000.0,0101011,0,50,0,30,0,50,50,2869.3,-30.7,52.93,190.84,1.0,0.8,0.9,143190
0.36,2.0,2800.0,3000.0,0101101,0,50,0,34,50,0,50,2752.4,-147.6,56.59,178.5,0.0,0.02,0.01,0
0.36,2.0,2800.0,3000.0,0101110,0,50,0,31,50,50,0,2756.0,-144.0,53.9,187.41,1.0,0.04,0.52,25013
0.36,2.0,2800.0,3000.0,0110011,0,50,30,0,0,50,50,2820.7,-79.3,52.49,192.46,1.0,0.47,0.74,75136
0.36,2.0,2800.0,3000.0,0110110,0,50,30,0,50,50,0,2771.1,-128.9,54.03,186.97,1.0,0.14,0.57,165
0.36,2.0,2800.0,3000.0,0111001,0,50,30,35,0,0,50,2753.0,-147.0,53.7,188.11,1.0,0.02,0.51,81293
0.36,2.0,2800.0,3000.0,0111010,0,49,30,30,0,50,0,2757.9,-142.1,49.99,202.05,1.0,0.05,0.53,735
0.36,2.0,2800.0,3000.0,0111100,0,50,35,45,50,0,0,2751.6,-148.4,54.31,185.99,0.0,0.01,0.01,0
0.36,2.0,2800.0,3000.0,1000111,32,0,0,0,50,50,50,2775.4,-124.6,53.46,188.97,1.0,0.17,0.58,32229
0.36,2.0,2800.0,3000.0,1001011,33,0,0,36,0,50,50,2750.7,-149.3,51.04,197.91,1.0,0.0,0.5,104030
0.36,2.0,2800.0,3000.0,1001101,41,0,0,30,50,0,50,2750.1,-149.9,54.61,184.97,1.0,0.0,0.5,33990
0.36,2.0,2800.0,3000.0,1001110,36,0,0,30,50,50,0,2752.1,-147.9,51.84,194.87,1.0,0.01,0.51,4274
0.36,2.0,2800.0,3000.0,1010011,31,0,30,0,0,50,50,2754.4,-145.6,50.07,201.76,1.0,0.03,0.51,5887
0.36,2.0,2800.0,3000.0,1010110,32,0,30,0,50,50,0,2757.9,-142.1,51.92,194.54,0.0,0.05,0.03,0
0.36,2.0,2800.0,3000.0,1011001,42,0,31,33,0,0,50,2751.7,-148.3,51.39,196.55,1.0,0.01,0.51,8236
0.36,2.0,2800.0,3000.0,1011010,49,0,30,31,0,50,0,3041.4,141.4,50.61,199.59,0.0,0.06,0.03,0
0.36,2.0,2800.0,3000.0,1011100,44,0,30,30,50,0,0,2755.3,-144.7,52.86,191.09,0.0,0.04,0.02,0
0.36,2.0,2800.0,3000.0,1100011,30,50,0,0,0,50,50,2826.7,-73.3,52.4,192.79,1.0,0.51,0.76,221713
0.36,2.0,2800.0,3000.0,1100101,32,50,0,0,50,0,50,2750.4,-149.6,56.7,178.17,0.0,0.0,0.0,0
0.36,2.0,2800.0,3000.0,1100110,30,50,0,0,50,50,0,2794.8,-105.2,54.21,186.35,1.0,0.3,0.65,3717
0.36,2.0,2800.0,3000.0,1101001,30,50,0,37,0,0,50,2754.1,-145.9,53.46,188.96,1.0,0.03,0.51,188841
0.36,2.0,2800.0,3000.0,1101100,43,50,0,30,50,0,0,2753.6,-146.4,55.06,183.45,1.0,0.02,0.51,1658
0.36,2.0,2800.0,3000.0,1110001,34,50,30,0,0,0,50,2750.4,-149.6,53.29,189.56,0.0,0.0,0.0,0
0.36,2.0,2800.0,3000.0,1110010,50,30,38,0,0,50,0,3010.6,110.6,50.23,201.12,1.0,0.26,0.63,106
0.36,2.0,2800.0,3000.0,1110100,39,50,30,0,50,0,0,2751.6,-148.4,55.34,182.55,0.0,0.01,0.01,0
0.36,2.0,2800.0,3000.0,1111000,41,50,32,30,0,0,0,2750.9,-149.1,50.95,198.27,1.0,0.01,0.5,437
0.36,2.0,2900.0,3100.0,0001111,0,0,0,41,50,50,50,2853.4,-146.6,53.38,189.24,1.0,0.02,0.51,26833
0.36,2.0,2900.0,3100.0,0011011,0,0,30,40,0,50,50,2860.0,-140.0,50.78,198.94,1.0,0.07,0.53,17354
0.36,2.0,2900.0,3100.0,0011110,0,0,50,35,50,50,0,2854.9,-145.1,50.64,199.47,1.0,0.03,0.52,258
0.36,2.0,2900.0,3100.0,0100111,0,50,0,0,50,50,50,2839.5,-160.5,55.69,181.39,0.0,0.0,0.0,0
0.36,2.0,2900.0,3100.0,0101011,0,50,0,30,0,50,50,2869.3,-130.7,52.93,190.84,1.0,0.13,0.56,143190
0.36,2.0,2900.0,3100.0,0101101,0,50,0,50,50,0,50,2852.9,-147.1,56.19,179.76,0.0,0.02,0.01,0
0.36,2.0,2900.0,3100.0,0101110,0,50,0,42,50,50,0,2860.4,-139.6,52.88,191.02,1.0,0.07,0.53,25013
0.36,2.0,2900.0,3100.0,0110011,0,50,35,0,0,50,50,2851.0,-149.0,52.26,193.28,1.0,0.01,0.5,75136
0.36,2.0,2900.0,3100.0,0110110,0,50,39,0,50,50,0,2857.8,-142.2,53.22,189.8,1.0,0.05,0.53,165
0.36,2.0,2900.0,3100.0,0111001,0,50,31,50,0,0,50,2855.8,-144.2,53.08,190.32,1.0,0.04,0.52,81293
0.36,2.0,2900.0,3100.0,0111010,0,50,30,41,0,50,0,2857.4,-142.6,49.48,204.17,1.0,0.05,0.52,735
0.36,2.0,2900.0,3100.0,0111100,0,50,44,47,50,0,0,2850.5,-149.5,53.29,189.57,0.0,0.0,0.0,0
0.36,2.0,2900.0,3100.0,1000111,44,0,0,0,50,50,50,2909.5,-90.5,53.42,189.1,1.0,0.4,0.7,32229
0.36,2.0,2900.0,3100.0,1001011,41,0,0,31,0,50,50,2855.9,-144.1,50.82,198.78,1.0,0.04,0.52,104030
0.36,2.0,2900.0,3100.0,1001101,50,0,0,33,50,0,50,2851.1,-148.9,54.23,186.26,1.0,0.01,0.5,33990
0.36,2.0,2900.0,3100.0,1001110,44,0,0,30,50,50,0,2867.3,-132.7,51.69,195.43,1.0,0.12,0.56,4274
0.36,2.0,2900.0,3100.0,1010011,47,0,31,0,0,50,50,3147.2,147.2,49.9,202.43,1.0,0.02,0.51,5887
0.36,2.0,2900.0,3100.0,1010110,50,0,35,0,50,50,0,3138.1,138.1,51.89,194.69,0.0,0.08,0.04,0
0.36,2.0,2900.0,3100.0,1011001,43,0,30,38,0,0,50,2854.1,-145.9,51.24,197.12,1.0,0.03,0.51,8236
0.36,2.0,2900.0,3100.0,1011010,50,0,32,34,0,50,0,3147.0,147.0,50.76,198.99,0.0,0.02,0.01,0
0.36,2.0,2900.0,3100.0,1011100,50,0,30,30,50,0,0,2854.8,-145.2,52.57,192.15,0.0,0.03,0.02,0
0.36,2.0,2900.0,3100.0,1100011,34,50,0,0,0,50,50,2850.7,-149.3,52.22,193.43,1.0,0.0,0.5,221713
0.36,2.0,2900.0,3100.0,1100101,48,50,0,0,50,0,50,2853.3,-146.7,56.42,179.03,0.0,0.02,0.01,0
0.36,2.0,2900.0,3100.0,1100110,35,50,0,0,50,50,0,2861.3,-138.7,53.98,187.14,1.0,0.08,0.54,3717
0.36,2.0,2900.0,3100.0,1101001,33,50,0,50,0,0,50,2853.6,-146.4,52.92,190.88,1.0,0.02,0.51,188841
0.36,2.0,2900.0,3100.0,1101100,50,50,0,33,50,0,0,2856.6,-143.4,54.64,184.88,1.0,0.04,0.52,1658
0.36,2.0,2900.0,3100.0,1110001,45,50,30,0,0,0,50,2850.7,-149.3,52.84,191.17,0.0,0.0,0.0,0
0.36,2.0,2900.0,3100.0,1110010,50,30,38,0,0,50,0,3010.6,10.6,50.23,201.12,1.0,0.93,0.96,106
0.36,2.0,2900.0,3100.0,1110100,45,50,30,0,50,0,0,2851.0,-149.0,55.19,183.05,0.0,0.01,0.0,0
0.36,2.0,2900.0,3100.0,1111000,50,30,49,50,0,0,0,3139.7,139.7,50.87,198.59,1.0,0.07,0.53,437
0.36,2.0,3000.0,3200.0,0001111,0,0,0,49,50,50,50,2950.8,-149.2,52.77,191.43,1.0,0.01,0.5,26833
0.36,2.0,3000.0,3200.0,0011011,0,0,30,46,0,50,50,2954.4,-145.6,50.51,200.0,1.0,0.03,0.51,17354
0.36,2.0,3000.0,3200.0,0011110,0,0,50,50,50,50,0,2952.5,-147.5,50.48,200.1,1.0,0.02,0.51,258
0.36,2.0,3000.0,3200.0,0100111,0,50,0,0,50,50,50,2839.5,-260.5,55.69,181.39,0.0,0.0,0.0,0
0.36,2.0,3000.0,3200.0,0101011,0,50,0,39,0,50,50,2952.0,-148.0,52.61,191.99,1.0,0.01,0.51,143190
0.36,2.0,3000.0,3200.0,0101101,0,50,0,50,50,0,50,2852.9,-247.1,56.19,179.76,0.0,0.0,0.0,0
0.36,2.0,3000.0,3200.0,0101110,0,50,0,50,50,50,0,2939.0,-161.0,51.94,194.49,1.0,0.0,0.5,25013
0.36,2.0,3000.0,3200.0,0110011,0,50,45,0,0,50,50,2964.2,-135.8,51.41,196.51,1.0,0.09,0.55,75136
0.36,2.0,3000.0,3200.0,0110110,0,50,48,0,50,50,0,2955.3,-144.7,52.21,193.48,1.0,0.04,0.52,165
0.36,2.0,3000.0,3200.0,0111001,0,50,42,50,0,0,50,2958.6,-141.4,52.43,192.68,1.0,0.06,0.53,81293
0.36,2.0,3000.0,3200.0,0111010,0,50,32,50,0,50,0,2956.0,-144.0,49.22,205.23,1.0,0.04,0.52,735
0.36,2.0,3000.0,3200.0,0111100,0,50,50,50,50,0,0,2903.7,-196.3,52.34,192.98,0.0,0.0,0.0,0
0.36,2.0,3000.0,3200.0,1000111,46,0,0,0,50,50,50,2951.8,-148.2,53.39,189.19,1.0,0.01,0.51,32229
0.36,2.0,3000.0,3200.0,1001011,50,0,0,30,0,50,50,3142.1,42.1,50.68,199.3,1.0,0.72,0.86,104030
0.36,2.0,3000.0,3200.0,1001101,50,0,0,44,50,0,50,2963.7,-136.3,53.94,187.27,1.0,0.09,0.55,33990
0.36,2.0,3000.0,3200.0,1001110,49,0,0,30,50,50,0,2961.2,-138.8,51.59,195.82,1.0,0.07,0.54,4274
0.36,2.0,3000.0,3200.0,1010011,50,0,36,0,0,50,50,3244.2,144.2,50.26,200.98,1.0,0.04,0.52,5887
0.36,2.0,3000.0,3200.0,1010110,50,0,43,0,50,50,0,3241.1,141.1,51.95,194.44,0.0,0.06,0.03,0
0.36,2.0,3000.0,3200.0,1011001,43,0,30,44,0,0,50,2956.5,-143.5,51.02,198.0,1.0,0.04,0.52,8236
0.36,2.0,3000.0,3200.0,1011010,50,0,30,41,0,50,0,3243.1,143.1,50.88,198.55,0.0,0.05,0.02,0
0.36,2.0,3000.0,3200.0,1011100,50,0,30,42,50,0,0,2954.3,-145.7,52.1,193.9,0.0,0.03,0.01,0
0.36,2.0,3000.0,3200.0,1100011,44,50,0,0,0,50,50,2951.0,-149.0,51.72,195.33,1.0,0.01,0.5,221713
0.36,2.0,3000.0,3200.0,1100101,50,50,0,0,50,0,50,2873.9,-226.1,56.36,179.24,0.0,0.0,0.0,0
0.36,2.0,3000.0,3200.0,1100110,42,49,0,0,50,50,0,2950.5,-149.5,53.47,188.92,1.0,0.0,0.5,3717
0.36,2.0,3000.0,3200.0,1101001,43,50,0,50,0,0,50,2957.7,-142.3,52.36,192.94,1.0,0.05,0.53,188841
0.36,2.0,3000.0,3200.0,1101100,50,50,0,42,50,0,0,2953.4,-146.6,53.94,187.26,1.0,0.02,0.51,1658
0.36,2.0,3000.0,3200.0,1110001,50,50,33,0,0,0,50,2960.8,-139.2,52.51,192.37,0.0,0.07,0.04,0
0.36,2.0,3000.0,3200.0,1110010,50,30,38,0,0,50,0,3010.6,-89.4,50.23,201.12,1.0,0.4,0.7,106
0.36,2.0,3000.0,3200.0,1110100,50,49,32,0,50,0,0,2952.3,-147.7,54.81,184.29,0.0,0.02,0.01,0
0.36,2.0,3000.0,3200.0,1111000,50,30,50,50,0,0,0,3153.8,53.8,50.87,198.57,1.0,0.64,0.82,437
0.36,2.0,3100.0,3300.0,0001111,0,0,0,50,50,50,50,2964.2,-235.8,52.69,191.73,1.0,0.0,0.5,26833
0.36,2.0,3100.0,3300.0,0011011,0,0,34,50,0,50,50,3056.4,-143.6,50.16,201.38,1.0,0.04,0.52,17354
0.36,2.0,3100.0,3300.0,0011110,0,0,50,50,50,50,0,2952.5,-247.5,50.48,200.1,1.0,0.0,0.5,258
0.36,2.0,3100.0,3300.0,0100111,0,50,0,0,50,50,50,2839.5,-360.5,55.69,181.39,0.0,0.0,0.0,0
0.36,2.0,3100.0,3300.0,0101011,0,50,0,45,0,50,50,3061.9,-138.1,52.18,193.59,1.0,0.08,0.54,143190
0.36,2.0,3100.0,3300.0,0101101,0,50,0,50,50,0,50,2852.9,-347.1,56.19,179.76,0.0,0.0,0.0,0
0.36,2.0,3100.0,3300.0,0101110,0,50,0,50,50,50,0,2939.0,-261.0,51.94,194.49,1.0,0.0,0.5,25013
0.36,2.0,3100.0,3300.0,0110011,0,50,50,0,0,50,50,3065.4,-134.6,50.67,199.36,1.0,0.1,0.55,75136
0.36,2.0,3100.0,3300.0,0110110,0,50,50,0,50,50,0,2977.4,-222.6,52.01,194.24,1.0,0.0,0.5,165
0.36,2.0,3100.0,3300.0,0111001,0,50,50,50,0,0,50,3040.1,-159.9,51.57,195.87,1.0,0.0,0.5,81293
0.36,2.0,3100.0,3300.0,0111010,0,50,42,50,0,50,0,3052.4,-147.6,48.81,206.94,1.0,0.02,0.51,735
0.36,2.0,3100.0,3300.0,0111100,0,50,50,50,50,0,0,2903.7,-296.3,52.34,192.98,0.0,0.0,0.0,0
0.36,2.0,3100.0,3300.0,1000111,50,0,0,0,50,50,50,3077.2,-122.8,53.21,189.86,1.0,0.18,0.59,32229
0.36,2.0,3100.0,3300.0,1001011,50,0,0,46,0,50,50,3344.9,144.9,50.75,199.05,1.0,0.03,0.52,104030
0.36,2.0,3100.0,3300.0,1001101,50,0,0,49,50,0,50,3069.8,-130.2,53.64,188.31,1.0,0.13,0.57,33990
0.36,2.0,3100.0,3300.0,1001110,50,0,0,38,50,50,0,3059.5,-140.5,51.5,196.14,1.0,0.06,0.53,4274
0.36,2.0,3100.0,3300.0,1010011,50,0,45,0,0,50,50,3344.3,144.3,50.52,199.94,1.0,0.04,0.52,5887
0.36,2.0,3100.0,3300.0,1010110,50,0,50,0,50,50,0,3332.4,132.4,52.0,194.25,0.0,0.12,0.06,0
0.36,2.0,3100.0,3300.0,1011001,50,0,45,50,0,0,50,3347.2,147.2,50.99,198.11,1.0,0.02,0.51,8236
0.36,2.0,3100.0,3300.0,1011010,50,0,30,46,0,50,0,3339.1,139.1,50.93,198.34,0.0,0.07,0.04,0
0.36,2.0,3100.0,3300.0,1011100,50,0,50,50,50,0,0,3262.0,62.0,52.02,194.2,0.0,0.59,0.29,0
0.36,2.0,3100.0,3300.0,1100011,48,49,0,0,0,50,50,3054.0,-146.0,51.27,197.02,1.0,0.03,0.51,221713
0.36,2.0,3100.0,3300.0,1100101,50,50,0,0,50,0,50,2873.9,-326.1,56.36,179.24,0.0,0.0,0.0,0
0.36,2.0,3100.0,3300.0,1100110,47,50,0,0,50,50,0,3053.0,-147.0,52.97,190.7,1.0,0.02,0.51,3717
0.36,2.0,3100.0,3300.0,1101001,50,50,0,46,0,0,50,3055.4,-144.6,52.03,194.13,1.0,0.04,0.52,188841
0.36,2.0,3100.0,3300.0,1101100,50,50,0,50,50,0,0,3047.0,-153.0,53.21,189.85,1.0,0.0,0.5,1658
0.36,2.0,3100.0,3300.0,1110001,50,49,38,0,0,0,50,3052.0,-148.0,51.96,194.4,0.0,0.01,0.01,0
0.36,2.0,3100.0,3300.0,1110010,50,30,42,0,0,50,0,3063.4,-136.6,50.2,201.24,1.0,0.09,0.54,106
0.36,2.0,3100.0,3300.0,1110100,50,50,40,0,50,0,0,3053.1,-146.9,54.01,187.03,0.0,0.02,0.01,0
0.36,2.0,3100.0,3300.0,1111000,50,30,50,50,0,0,0,3153.8,-46.2,50.87,198.57,1.0,0.69,0.85,437
0.36,2.0,3200.0,3400.0,0001111,0,0,0,50,50,50,50,2964.2,-335.8,52.69,191.73,1.0,0.0,0.5,26833
0.36,2.0,3200.0,3400.0,0011011,0,0,50,50,0,50,50,3197.9,-102.1,49.83,202.7,1.0,0.32,0.66,17354
0.36,2.0,3200.0,3400.0,0011110,0,0,50,50,50,50,0,2952.5,-347.5,50.48,200.1,1.0,0.0,0.5,258
0.36,2.0,3200.0,3400.0,0100111,0,50,0,0,50,50,50,2839.5,-460.5,55.69,181.39,0.0,0.0,0.0,0
0.36,2.0,3200.0,3400.0,0101011,0,50,0,50,0,50,50,3134.6,-165.4,51.65,195.59,1.0,0.0,0.5,143190
0.36,2.0,3200.0,3400.0,0101101,0,50,0,50,50,0,50,2852.9,-447.1,56.19,179.76,0.0,0.0,0.0,0
0.36,2.0,3200.0,3400.0,0101110,0,50,0,50,50,50,0,2939.0,-361.0,51.94,194.49,1.0,0.0,0.5,25013
0.36,2.0,3200.0,3400.0,0110011,0,50,50,0,0,50,50,3065.4,-234.6,50.67,199.36,1.0,0.0,0.5,75136
0.36,2.0,3200.0,3400.0,0110110,0,50,50,0,50,50,0,2977.4,-322.6,52.01,194.24,1.0,0.0,0.5,165
0.36,2.0,3200.0,3400.0,0111001,0,50,50,50,0,0,50,3040.1,-259.9,51.57,195.87,1.0,0.0,0.5,81293
0.36,2.0,3200.0,3400.0,0111010,0,50,50,50,0,50,0,3138.9,-161.1,48.64,207.68,1.0,0.0,0.5,735
0.36,2.0,3200.0,3400.0,0111100,0,50,50,50,50,0,0,2903.7,-396.3,52.34,192.98,0.0,0.0,0.0,0
0.36,2.0,3200.0,3400.0,1000111,50,0,0,0,50,50,50,3077.2,-222.8,53.21,189.86,1.0,0.0,0.5,32229
0.36,2.0,3200.0,3400.0,1001011,50,0,0,50,0,50,50,3400.5,100.5,50.85,198.67,1.0,0.33,0.67,104030
0.36,2.0,3200.0,3400.0,1001101,50,0,0,50,50,0,50,3088.1,-211.9,53.56,188.59,1.0,0.0,0.5,33990
0.36,2.0,3200.0,3400.0,1001110,50,0,0,46,50,50,0,3151.3,-148.7,51.43,196.42,1.0,0.01,0.5,4274
0.36,2.0,3200.0,3400.0,1010011,50,0,50,0,0,50,50,3408.2,108.2,50.65,199.45,1.0,0.28,0.64,5887
0.36,2.0,3200.0,3400.0,1010110,50,0,50,0,50,50,0,3332.4,32.4,52.0,194.25,0.0,0.78,0.39,0
0.36,2.0,3200.0,3400.0,1011001,50,0,50,50,0,0,50,3403.6,103.6,51.04,197.9,1.0,0.31,0.65,8236
0.36,2.0,3200.0,3400.0,1011010,50,0,32,50,0,50,0,3444.2,144.2,50.94,198.29,0.0,0.04,0.02,0
0.36,2.0,3200.0,3400.0,1011100,50,0,50,50,50,0,0,3262.0,-38.0,52.02,194.2,0.0,0.75,0.37,0
0.36,2.0,3200.0,3400.0,1100011,50,50,0,0,0,50,50,3126.1,-173.9,50.95,198.25,1.0,0.0,0.5,221713
0.36,2.0,3200.0,3400.0,1100101,50,50,0,0,50,0,50,2873.9,-426.1,56.36,179.24,0.0,0.0,0.0,0
0.36,2.0,3200.0,3400.0,1100110,50,50,0,0,50,50,0,3130.3,-169.7,52.72,191.62,1.0,0.0,0.5,3717
0.36,2.0,3200.0,3400.0,1101001,50,50,0,50,0,0,50,3130.3,-169.7,51.71,195.35,1.0,0.0,0.5,188841
0.36,2.0,3200.0,3400.0,1101100,50,50,0,50,50,0,0,3047.0,-253.0,53.21,189.85,1.0,0.0,0.5,1658
0.36,2.0,3200.0,3400.0,1110001,50,49,43,0,0,0,50,3155.1,-144.9,51.41,196.5,0.0,0.03,0.02,0
0.36,2.0,3200.0,3400.0,1110010,50,30,49,0,0,50,0,3162.0,-138.0,50.12,201.53,1.0,0.08,0.54,106
0.36,2.0,3200.0,3400.0,1110100,50,50,47,0,50,0,0,3153.3,-146.7,53.34,189.37,0.0,0.02,0.01,0
0.36,2.0,3200.0,3400.0,1111000,50,30,50,50,0,0,0,3153.8,-146.2,50.87,198.57,1.0,0.03,0.51,437
0.36,2.0,3300.0,3500.0,0001111,0,0,0,50,50,50,50,2964.2,-435.8,52.69,191.73,1.0,0.0,0.5,26833
0.36,2.0,3300.0,3500.0,0011011,0,0,50,50,0,50,50,3197.9,-202.1,49.83,202.7,1.0,0.0,0.5,17354
0.36,2.0,3300.0,3500.0,0011110,0,0,50,50,50,50,0,2952.5,-447.5,50.48,200.1,1.0,0.0,0.5,258
0.36,2.0,3300.0,3500.0,0100111,0,50,0,0,50,50,50,2839.5,-560.5,55.69,181.39,0.0,0.0,0.0,0
0.36,2.0,3300.0,3500.0,0101011,0,50,0,50,0,50,50,3134.6,-265.4,51.65,195.59,1.0,0.0,0.5,143190
0.36,2.0,3300.0,3500.0,0101101,0,50,0,50,50,0,50,2852.9,-547.1,56.19,179.76,0.0,0.0,0.0,0
0.36,2.0,3300.0,3500.0,0101110,0,50,0,50,50,50,0,2939.0,-461.0,51.94,194.49,1.0,0.0,0.5,25013
0.36,2.0,3300.0,3500.0,0110011,0,50,50,0,0,50,50,3065.4,-334.6,50.67,199.36,1.0,0.0,0.5,75136
0.36,2.0,3300.0,3500.0,0110110,0,50,50,0,50,50,0,2977.4,-422.6,52.01,194.24,1.0,0.0,0.5,165
0.36,2.0,3300.0,3500.0,0111001,0,50,50,50,0,0,50,3040.1,-359.9,51.57,195.87,1.0,0.0,0.5,81293
0.36,2.0,3300.0,3500.0,0111010,0,50,50,50,0,50,0,3138.9,-261.1,48.64,207.68,1.0,0.0,0.5,735
0.36,2.0,3300.0,3500.0,0111100,0,50,50,50,50,0,0,2903.7,-496.3,52.34,192.98,0.0,0.0,0.0,0
0.36,2.0,3300.0,3500.0,1000111,50,0,0,0,50,50,50,3077.2,-322.8,53.21,189.86,1.0,0.0,0.5,32229
0.36,2.0,3300.0,3500.0,1001011,50,0,0,50,0,50,50,3400.5,0.5,50.85,198.67,1.0,1.0,1.0,104030
0.36,2.0,3300.0,3500.0,1001101,50,0,0,50,50,0,50,3088.1,-311.9,53.56,188.59,1.0,0.0,0.5,33990
0.36,2.0,3300.0,3500.0,1001110,50,0,0,50,50,50,0,3204.7,-195.3,51.41,196.48,1.0,0.0,0.5,4274
0.36,2.0,3300.0,3500.0,1010011,50,0,50,0,0,50,50,3408.2,8.2,50.65,199.45,1.0,0.95,0.97,5887
0.36,2.0,3300.0,3500.0,1010110,50,0,50,0,50,50,0,3332.4,-67.6,52.0,194.25,0.0,0.55,0.27,0
0.36,2.0,3300.0,3500.0,1011001,50,0,50,50,0,0,50,3403.6,3.6,51.04,197.9,1.0,0.98,0.99,8236
0.36,2.0,3300.0,3500.0,1011010,50,0,36,50,0,50,0,3501.1,101.1,50.95,198.25,0.0,0.33,0.16,0
0.36,2.0,3300.0,3500.0,1011100,50,0,50,50,50,0,0,3262.0,-138.0,52.02,194.2,0.0,0.08,0.04,0
0.36,2.0,3300.0,3500.0,1100011,50,50,0,0,0,50,50,3126.1,-273.9,50.95,198.25,1.0,0.0,0.5,221713
0.36,2.0,3300.0,3500.0,1100101,50,50,0,0,50,0,50,2873.9,-526.1,56.36,179.24,0.0,0.0,0.0,0
0.36,2.0,3300.0,3500.0,1100110,50,50,0,0,50,50,0,3130.3,-269.7,52.72,191.62,1.0,0.0,0.5,3717
0.36,2.0,3300.0,3500.0,1101001,50,50,0,50,0,0,50,3130.3,-269.7,51.71,195.35,1.0,0.0,0.5,188841
0.36,2.0,3300.0,3500.0,1101100,50,50,0,50,50,0,0,3047.0,-353.0,53.21,189.85,1.0,0.0,0.5,1658
0.36,2.0,3300.0,3500.0,1110001,50,50,50,0,0,0,50,3262.9,-137.1,50.55,199.82,0.0,0.09,0.04,0
0.36,2.0,3300.0,3500.0,1110010,50,39,50,0,0,50,0,3257.1,-142.9,49.92,202.36,1.0,0.05,0.52,106
0.36,2.0,3300.0,3500.0,1110100,50,50,50,0,50,0,0,3208.6,-191.4,53.09,190.29,0.0,0.0,0.0,0
0.36,2.0,3300.0,3500.0,1111000,50,42,50,50,0,0,0,3256.4,-143.6,50.57,199.77,1.0,0.04,0.52,437
0.36,2.0,3400.0,3600.0,0001111,0,0,0,50,50,50,50,2964.2,-535.8,52.69,191.73,1.0,0.0,0.5,26833
0.36,2.0,3400.0,3600.0,0011011,0,0,50,50,0,50,50,3197.9,-302.1,49.83,202.7,1.0,0.0,0.5,17354
0.36,2.0,3400.0,3600.0,0011110,0,0,50,50,50,50,0,2952.5,-547.5,50.48,200.1,1.0,0.0,0.5,258
0.36,2.0,3400.0,3600.0,0100111,0,50,0,0,50,50,50,2839.5,-660.5,55.69,181.39,0.0,0.0,0.0,0
0.36,2.0,3400.0,3600.0,0101011,0,50,0,50,0,50,50,3134.6,-365.4,51.65,195.59,1.0,0.0,0.5,143190
0.36,2.0,3400.0,3600.0,0101101,0,50,0,50,50,0,50,2852.9,-647.1,56.19,179.76,0.0,0.0,0.0,0
0.36,2.0,3400.0,3600.0,0101110,0,50,0,50,50,50,0,2939.0,-561.0,51.94,194.49,1.0,0.0,0.5,25013
0.36,2.0,3400.0,3600.0,0110011,0,50,50,0,0,50,50,3065.4,-434.6,50.67,199.36,1.0,0.0,0.5,75136
0.36,2.0,3400.0,3600.0,0110110,0,50,50,0,50,50,0,2977.4,-522.6,52.01,194.24,1.0,0.0,0.5,165
0.36,2.0,3400.0,3600.0,0111001,0,50,50,50,0,0,50,3040.1,-459.9,51.57,195.87,1.0,0.0,0.5,81293
0.36,2.0,3400.0,3600.0,0111010,0,50,50,50,0,50,0,3138.9,-361.1,48.64,207.68,1.0,0.0,0.5,735
0.36,2.0,3400.0,3600.0,0111100,0,50,50,50,50,0,0,2903.7,-596.3,52.34,192.98,0.0,0.0,0.0,0
0.36,2.0,3400.0,3600.0,1000111,50,0,0,0,50,50,50,3077.2,-422.8,53.21,189.86,1.0,0.0,0.5,32229
0.36,2.0,3400.0,3600.0,1001011,50,0,0,50,0,50,50,3400.5,-99.5,50.85,198.67,1.0,0.34,0.67,104030
0.36,2.0,3400.0,3600.0,1001101,50,0,0,50,50,0,50,3088.1,-411.9,53.56,188.59,1.0,0.0,0.5,33990
0.36,2.0,3400.0,3600.0,1001110,50,0,0,50,50,50,0,3204.7,-295.3,51.41,196.48,1.0,0.0,0.5,4274
0.36,2.0,3400.0,3600.0,1010011,50,0,50,0,0,50,50,3408.2,-91.8,50.65,199.45,1.0,0.39,0.69,5887
0.36,2.0,3400.0,3600.0,1010110,50,0,50,0,50,50,0,3332.4,-167.6,52.0,194.25,0.0,0.0,0.0,0
0.36,2.0,3400.0,3600.0,1011001,50,0,50,50,0,0,50,3403.6,-96.4,51.04,197.9,1.0,0.36,0.68,8236
0.36,2.0,3400.0,3600.0,1011010,50,0,36,50,0,50,0,3501.1,1.1,50.95,198.25,0.0,0.99,0.5,0
0.36,2.0,3400.0,3600.0,1011100,50,0,50,50,50,0,0,3262.0,-238.0,52.02,194.2,0.0,0.0,0.0,0
0.36,2.0,3400.0,3600.0,1100011,50,50,0,0,0,50,50,3126.1,-373.9,50.95,198.25,1.0,0.0,0.5,221713
0.36,2.0,3400.0,3600.0,1100101,50,50,0,0,50,0,50,2873.9,-626.1,56.36,179.24,0.0,0.0,0.0,0
0.36,2.0,3400.0,3600.0,1100110,50,50,0,0,50,50,0,3130.3,-369.7,52.72,191.62,1.0,0.0,0.5,3717
0.36,2.0,3400.0,3600.0,1101001,50,50,0,50,0,0,50,3130.3,-369.7,51.71,195.35,1.0,0.0,0.5,188841
0.36,2.0,3400.0,3600.0,1101100,50,50,0,50,50,0,0,3047.0,-453.0,53.21,189.85,1.0,0.0,0.5,1658
0.36,2.0,3400.0,3600.0,1110001,50,50,50,0,0,0,50,3262.9,-237.1,50.55,199.82,0.0,0.0,0.0,0
0.36,2.0,3400.0,3600.0,1110010,50,47,50,0,0,50,0,3357.4,-142.6,49.58,203.76,1.0,0.05,0.52,106
0.36,2.0,3400.0,3600.0,1110100,50,50,50,0,50,0,0,3208.6,-291.4,53.09,190.29,0.0,0.0,0.0,0
0.36,2.0,3400.0,3600.0,1111000,50,50,50,50,0,0,0,3350.0,-150.0,50.35,200.61,1.0,0.0,0.5,437
0.36,2.0,3500.0,3700.0,0001111,0,0,0,50,50,50,50,2964.2,-635.8,52.69,191.73,1.0,0.0,0.5,26833
0.36,2.0,3500.0,3700.0,0011011,0,0,50,50,0,50,50,3197.9,-402.1,49.83,202.7,1.0,0.0,0.5,17354
0.36,2.0,3500.0,3700.0,0011110,0,0,50,50,50,50,0,2952.5,-647.5,50.48,200.1,1.0,0.0,0.5,258
0.36,2.0,3500.0,3700.0,0100111,0,50,0,0,50,50,50,2839.5,-760.5,55.69,181.39,0.0,0.0,0.0,0
0.36,2.0,3500.0,3700.0,0101011,0,50,0,50,0,50,50,3134.6,-465.4,51.65,195.59,1.0,0.0,0.5,143190
0.36,2.0,3500.0,3700.0,0101101,0,50,0,50,50,0,50,2852.9,-747.1,56.19,179.76,0.0,0.0,0.0,0
0.36,2.0,3500.0,3700.0,0101110,0,50,0,50,50,50,0,2939.0,-661.0,51.94,194.49,1.0,0.0,0.5,25013
0.36,2.0,3500.0,3700.0,0110011,0,50,50,0,0,50,50,3065.4,-534.6,50.67,199.36,1.0,0.0,0.5,75136
0.36,2.0,3500.0,3700.0,0110110,0,50,50,0,50,50,0,2977.4,-622.6,52.01,194.24,1.0,0.0,0.5,165
0.36,2.0,3500.0,3700.0,0111001,0,50,50,50,0,0,50,3040.1,-559.9,51.57,195.87,1.0,0.0,0.5,81293
0.36,2.0,3500.0,3700.0,0111010,0,50,50,50,0,50,0,3138.9,-461.1,48.64,207.68,1.0,0.0,0.5,735
0.36,2.0,3500.0,3700.0,0111100,0,50,50,50,50,0,0,2903.7,-696.3,52.34,192.98,0.0,0.0,0.0,0
0.36,2.0,3500.0,3700.0,1000111,50,0,0,0,50,50,50,3077.2,-522.8,53.21,189.86,1.0,0.0,0.5,32229
0.36,2.0,3500.0,3700.0,1001011,50,0,0,50,0,50,50,3400.5,-199.5,50.85,198.67,1.0,0.0,0.5,104030
0.36,2.0,3500.0,3700.0,1001101,50,0,0,50,50,0,50,3088.1,-511.9,53.56,188.59,1.0,0.0,0.5,33990
0.36,2.0,3500.0,3700.0,1001110,50,0,0,50,50,50,0,3204.7,-395.3,51.41,196.48,1.0,0.0,0.5,4274
0.36,2.0,3500.0,3700.0,1010011,50,0,50,0,0,50,50,3408.2,-191.8,50.65,199.45,1.0,0.0,0.5,5887
0.36,2.0,3500.0,3700.0,1010110,50,0,50,0,50,50,0,3332.4,-267.6,52.0,194.25,0.0,0.0,0.0,0
0.36,2.0,3500.0,3700.0,1011001,50,0,50,50,0,0,50,3403.6,-196.4,51.04,197.9,1.0,0.0,0.5,8236
0.36,2.0,3500.0,3700.0,1011010,50,0,36,50,0,50,0,3501.1,-98.9,50.95,198.25,0.0,0.34,0.17,0
0.36,2.0,3500.0,3700.0,1011100,50,0,50,50,50,0,0,3262.0,-338.0,52.02,194.2,0.0,0.0,0.0,0
0.36,2.0,3500.0,3700.0,1100011,50,50,0,0,0,50,50,3126.1,-473.9,50.95,198.25,1.0,0.0,0.5,221713
0.36,2.0,3500.0,3700.0,1100101,50,50,0,0,50,0,50,2873.9,-726.1,56.36,179.24,0.0,0.0,0.0,0
0.36,2.0,3500.0,3700.0,1100110,50,50,0,0,50,50,0,3130.3,-469.7,52.72,191.62,1.0,0.0,0.5,3717
0.36,2.0,3500.0,3700.0,1101001,50,50,0,50,0,0,50,3130.3,-469.7,51.71,195.35,1.0,0.0,0.5,188841
0.36,2.0,3500.0,3700.0,1101100,50,50,0,50,50,0,0,3047.0,-553.0,53.21,189.85,1.0,0.0,0.5,1658
0.36,2.0,3500.0,3700.0,1110001,50,50,50,0,0,0,50,3262.9,-337.1,50.55,199.82,0.0,0.0,0.0,0
0.36,2.0,3500.0,3700.0,1110010,50,50,50,0,0,50,0,3397.2,-202.8,49.44,204.32,1.0,0.0,0.5,106
0.36,2.0,3500.0,3700.0,1110100,50,50,50,0,50,0,0,3208.6,-391.4,53.09,190.29,0.0,0.0,0.0,0
0.36,2.0,3500.0,3700.0,1111000,50,50,50,50,0,0,0,3350.0,-250.0,50.35,200.61,1.0,0.0,0.5,437
0.36,2.0,3600.0,3800.0,0001111,0,0,0,50,50,50,50,2964.2,-735.8,52.69,191.73,1.0,0.0,0.5,26833
0.36,2.0,3600.0,3800.0,0011011,0,0,50,50,0,50,50,3197.9,-502.1,49.83,202.7,1.0,0.0,0.5,17354
0.36,2.0,3600.0,3800.0,0011110,0,0,50,50,50,50,0,2952.5,-747.5,50.48,200.1,1.0,0.0,0.5,258
0.36,2.0,3600.0,3800.0,0100111,0,50,0,0,50,50,50,2839.5,-860.5,55.69,181.39,0.0,0.0,0.0,0
0.36,2.0,3600.0,3800.0,0101011,0,50,0,50,0,50,50,3134.6,-565.4,51.65,195.59,1.0,0.0,0.5,143190
0.36,2.0,3600.0,3800.0,0101101,0,50,0,50,50,0,50,2852.9,-847.1,56.19,179.76,0.0,0.0,0.0,0
0.36,2.0,3600.0,3800.0,0101110,0,50,0,50,50,50,0,2939.0,-761.0,51.94,194.49,1.0,0.0,0.5,25013
0.36,2.0,3600.0,3800.0,0110011,0,50,50,0,0,50,50,3065.4,-634.6,50.67,199.36,1.0,0.0,0.5,75136
0.36,2.0,3600.0,3800.0,0110110,0,50,50,0,50,50,0,2977.4,-722.6,52.01,194.24,1.0,0.0,0.5,165
0.36,2.0,3600.0,3800.0,0111001,0,50,50,50,0,0,50,3040.1,-659.9,51.57,195.87,1.0,0.0,0.5,81293
0.36,2.0,3600.0,3800.0,0111010,0,50,50,50,0,50,0,3138.9,-561.1,48.64,207.68,1.0,0.0,0.5,735
0.36,2.0,3600.0,3800.0,0111100,0,50,50,50,50,0,0,2903.7,-796.3,52.34,192.98,0.0,0.0,0.0,0
0.36,2.0,3600.0,3800.0,1000111,50,0,0,0,50,50,50,3077.2,-622.8,53.21,189.86,1.0,0.0,0.5,32229
0.36,2.0,3600.0,3800.0,1001011,50,0,0,50,0,50,50,3400.5,-299.5,50.85,198.67,1.0,0.0,0.5,104030
0.36,2.0,3600.0,3800.0,1001101,50,0,0,50,50,0,50,3088.1,-611.9,53.56,188.59,1.0,0.0,0.5,33990
0.36,2.0,3600.0,3800.0,1001110,50,0,0,50,50,50,0,3204.7,-495.3,51.41,196.48,1.0,0.0,0.5,4274
0.36,2.0,3600.0,3800.0,1010011,50,0,50,0,0,50,50,3408.2,-291.8,50.65,199.45,1.0,0.0,0.5,5887
0.36,2.0,3600.0,3800.0,1010110,50,0,50,0,50,50,0,3332.4,-367.6,52.0,194.25,0.0,0.0,0.0,0
0.36,2.0,3600.0,3800.0,1011001,50,0,50,50,0,0,50,3403.6,-296.4,51.04,197.9,1.0,0.0,0.5,8236
0.36,2.0,3600.0,3800.0,1011010,50,0,40,50,0,50,0,3559.4,-140.6,50.95,198.27,0.0,0.06,0.03,0
0.36,2.0,3600.0,3800.0,1011100,50,0,50,50,50,0,0,3262.0,-438.0,52.02,194.2,0.0,0.0,0.0,0
0.36,2.0,3600.0,3800.0,1100011,50,50,0,0,0,50,50,3126.1,-573.9,50.95,198.25,1.0,0.0,0.5,221713
0.36,2.0,3600.0,3800.0,1100101,50,50,0,0,50,0,50,2873.9,-826.1,56.36,179.24,0.0,0.0,0.0,0
0.36,2.0,3600.0,3800.0,1100110,50,50,0,0,50,50,0,3130.3,-569.7,52.72,191.62,1.0,0.0,0.5,3717
0.36,2.0,3600.0,3800.0,1101001,50,50,0,50,0,0,50,3130.3,-569.7,51.71,195.35,1.0,0.0,0.5,188841
0.36,2.0,3600.0,3800.0,1101100,50,50,0,50,50,0,0,3047.0,-653.0,53.21,189.85,1.0,0.0,0.5,1658
0.36,2.0,3600.0,3800.0,1110001,50,50,50,0,0,0,50,3262.9,-437.1,50.55,199.82,0.0,0.0,0.0,0
0.36,2.0,3600.0,3800.0,1110010,50,50,50,0,0,50,0,3397.2,-302.8,49.44,204.32,1.0,0.0,0.5,106
0.36,2.0,3600.0,3800.0,1110100,50,50,50,0,50,0,0,3208.6,-491.4,53.09,190.29,0.0,0.0,0.0,0
0.36,2.0,3600.0,3800.0,1111000,50,50,50,50,0,0,0,3350.0,-350.0,50.35,200.61,1.0,0.0,0.5,437
0.36,3.0,2100.0,2300.0,0000011,0,0,0,0,0,50,50,2203.7,3.7,51.08,192.42,0.0,0.98,0.49,0
0.36,3.0,2100.0,2300.0,0000101,0,0,0,0,50,0,50,2215.3,15.3,54.26,181.13,0.0,0.9,0.45,0
0.36,3.0,2100.0,2300.0,0000110,0,0,0,0,50,50,0,2205.2,5.2,52.34,187.78,1.0,0.97,0.98,7381
0.36,3.0,2100.0,2300.0,0001001,0,0,0,50,0,0,50,2136.4,-63.6,53.11,185.08,0.0,0.58,0.29,0
0.36,3.0,2100.0,2300.0,0001010,0,0,0,47,0,50,0,2050.1,-149.9,51.45,191.05,1.0,0.0,0.5,183088
0.36,3.0,2100.0,2300.0,0001100,0,0,0,50,50,0,0,2201.0,1.0,53.8,182.69,1.0,0.99,1.0,107
0.36,3.0,2100.0,2300.0,0010001,0,0,50,0,0,0,50,2311.2,111.2,51.79,189.78,0.0,0.26,0.13,0
0.36,3.0,2100.0,2300.0,0010010,0,0,43,0,0,50,0,2082.9,-117.1,49.96,196.73,1.0,0.22,0.61,72227
0.36,3.0,2100.0,2300.0,0010100,0,0,50,0,50,0,0,2288.8,88.8,53.57,183.49,0.0,0.41,0.2,0
0.36,3.0,2100.0,2300.0,0011000,0,0,46,50,0,0,0,2054.1,-145.9,51.35,191.42,1.0,0.03,0.51,98122
0.36,3.0,2100.0,2300.0,0100001,0,50,0,0,0,0,50,2277.5,77.5,53.28,184.47,0.0,0.48,0.24,0
0.36,3.0,2100.0,2300.0,0100010,0,50,0,0,0,50,0,2299.5,99.5,51.66,190.28,0.0,0.34,0.17,0
0.36,3.0,2100.0,2300.0,0100100,0,43,0,0,50,0,0,2345.0,145.0,55.41,177.37,0.0,0.03,0.02,0
0.36,3.0,2100.0,2300.0,0101000,0,50,0,46,0,0,0,2311.0,111.0,52.85,185.99,0.0,0.26,0.13,0
0.36,3.0,2100.0,2300.0,0110000,0,50,30,0,0,0,0,2268.2,68.2,52.31,187.89,0.0,0.55,0.27,0
0.36,3.0,2100.0,2300.0,1000001,50,0,0,0,0,0,50,2197.7,-2.3,51.45,191.03,0.0,0.98,0.49,0
0.36,3.0,2100.0,2300.0,1000010,49,0,0,0,0,50,0,2066.2,-133.8,50.06,196.33,1.0,0.11,0.55,287155
0.36,3.0,2100.0,2300.0,1000100,50,0,0,0,50,0,0,2337.1,137.1,53.9,182.36,0.0,0.09,0.04,0
0.36,3.0,2100.0,2300.0,1001000,50,0,0,50,0,0,0,2061.1,-138.9,51.16,192.12,1.0,0.07,0.54,177419
0.36,3.0,2100.0,2300.0,1010000,50,0,30,0,0,0,0,2190.3,-9.7,50.76,193.65,0.0,0.94,0.47,0
0.36,3.0,2100.0,2300.0,1100000,50,50,0,0,0,0,0,2342.5,142.5,52.04,188.88,1.0,0.05,0.52,13
0.36,3.0,2200.0,2400.0,0000011,0,0,0,0,0,50,50,2203.7,-96.3,51.08,192.42,0.0,0.36,0.18,0
0.36,3.0,2200.0,2400.0,0000101,0,0,0,0,50,0,50,2215.3,-84.7,54.26,181.13,0.0,0.44,0.22,0
0.36,3.0,2200.0,2400.0,0000110,0,0,0,0,50,50,0,2205.2,-94.8,52.34,187.78,1.0,0.37,0.68,7381
0.36,3.0,2200.0,2400.0,0001001,0,0,0,50,0,0,50,2136.4,-163.6,53.11,185.08,0.0,0.0,0.0,0
0.36,3.0,2200.0,2400.0,0001010,0,0,0,50,0,50,0,2088.6,-211.4,51.3,191.61,1.0,0.0,0.5,183088
0.36,3.0,2200.0,2400.0,0001100,0,0,0,50,50,0,0,2201.0,-99.0,53.8,182.69,1.0,0.34,0.67,107
0.36,3.0,2200.0,2400.0,0010001,0,0,50,0,0,0,50,2311.2,11.2,51.79,189.78,0.0,0.93,0.46,0
0.36,3.0,2200.0,2400.0,0010010,0,0,49,0,0,50,0,2169.3,-130.7,49.84,197.2,1.0,0.13,0.56,72227
0.36,3.0,2200.0,2400.0,0010100,0,0,50,0,50,0,0,2288.8,-11.2,53.57,183.49,0.0,0.93,0.46,0
0.36,3.0,2200.0,2400.0,0011000,0,0,50,50,0,0,0,2104.5,-195.5,51.27,191.69,1.0,0.0,0.5,98122
0.36,3.0,2200.0,2400.0,0100001,0,50,0,0,0,0,50,2277.5,-22.5,53.28,184.47,0.0,0.85,0.43,0
0.36,3.0,2200.0,2400.0,0100010,0,50,0,0,0,50,0,2299.5,-0.5,51.66,190.28,0.0,1.0,0.5,0
0.36,3.0,2200.0,2400.0,0100100,0,50,0,0,50,0,0,2389.7,89.7,55.73,176.35,0.0,0.4,0.2,0
0.36,3.0,2200.0,2400.0,0101000,0,50,0,46,0,0,0,2311.0,11.0,52.85,185.99,0.0,0.93,0.46,0
0.36,3.0,2200.0,2400.0,0110000,0,50,30,0,0,0,0,2268.2,-31.8,52.31,187.89,0.0,0.79,0.39,0
0.36,3.0,2200.0,2400.0,1000001,50,0,0,0,0,0,50,2197.7,-102.3,51.45,191.03,0.0,0.32,0.16,0
0.36,3.0,2200.0,2400.0,1000010,50,0,0,0,0,50,0,2100.9,-199.1,50.0,196.6,1.0,0.0,0.5,287155
0.36,3.0,2200.0,2400.0,1000100,50,0,0,0,50,0,0,2337.1,37.1,53.9,182.36,0.0,0.75,0.38,0
0.36,3.0,2200.0,2400.0,1001000,50,0,0,50,0,0,0,2061.1,-238.9,51.16,192.12,1.0,0.0,0.5,177419
0.36,3.0,2200.0,2400.0,1010000,50,0,30,0,0,0,0,2190.3,-109.7,50.76,193.65,0.0,0.27,0.13,0
0.36,3.0,2200.0,2400.0,1100000,50,50,0,0,0,0,0,2342.5,42.5,52.04,188.88,1.0,0.72,0.86,13
0.36,3.0,2300.0,2500.0,0000011,0,0,0,0,0,50,50,2203.7,-196.3,51.08,192.42,0.0,0.0,0.0,0
0.36,3.0,2300.0,2500.0,0000101,0,0,0,0,50,0,50,2215.3,-184.7,54.26,181.13,0.0,0.0,0.0,0
0.36,3.0,2300.0,2500.0,0000110,0,0,0,0,50,50,0,2205.2,-194.8,52.34,187.78,1.0,0.0,0.5,7381
0.36,3.0,2300.0,2500.0,0001001,0,0,0,50,0,0,50,2136.4,-263.6,53.11,185.08,0.0,0.0,0.0,0
0.36,3.0,2300.0,2500.0,0001010,0,0,0,50,0,50,0,2088.6,-311.4,51.3,191.61,1.0,0.0,0.5,183088
0.36,3.0,2300.0,2500.0,0001100,0,0,0,50,50,0,0,2201.0,-199.0,53.8,182.69,1.0,0.0,0.5,107
0.36,3.0,2300.0,2500.0,0010001,0,0,50,0,0,0,50,2311.2,-88.8,51.79,189.78,0.0,0.41,0.2,0
0.36,3.0,2300.0,2500.0,0010010,0,0,50,0,0,50,0,2196.1,-203.9,49.82,197.31,1.0,0.0,0.5,72227
0.36,3.0,2300.0,2500.0,0010100,0,0,50,0,50,0,0,2288.8,-111.2,53.57,183.49,0.0,0.26,0.13,0
0.36,3.0,2300.0,2500.0,0011000,0,0,50,50,0,0,0,2104.5,-295.5,51.27,191.69,1.0,0.0,0.5,98122
0.36,3.0,2300.0,2500.0,0100001,0,50,0,0,0,0,50,2277.5,-122.5,53.28,184.47,0.0,0.18,0.09,0
0.36,3.0,2300.0,2500.0,0100010,0,50,0,0,0,50,0,2299.5,-100.5,51.66,190.28,0.0,0.33,0.16,0
0.36,3.0,2300.0,2500.0,0100100,0,50,0,0,50,0,0,2389.7,-10.3,55.73,176.35,0.0,0.93,0.47,0
0.36,3.0,2300.0,2500.0,0101000,0,50,0,46,0,0,0,2311.0,-89.0,52.85,185.99,0.0,0.41,0.2,0
0.36,3.0,2300.0,2500.0,0110000,0,50,30,0,0,0,0,2268.2,-131.8,52.31,187.89,0.0,0.12,0.06,0
0.36,3.0,2300.0,2500.0,1000001,50,0,0,0,0,0,50,2197.7,-202.3,51.45,191.03,0.0,0.0,0.0,0
0.36,3.0,2300.0,2500.0,1000010,50,0,0,0,0,50,0,2100.9,-299.1,50.0,196.6,1.0,0.0,0.5,287155
0.36,3.0,2300.0,2500.0,1000100,50,0,0,0,50,0,0,2337.1,-62.9,53.9,182.36,0.0,0.58,0.29,0
0.36,3.0,2300.0,2500.0,1001000,50,0,0,50,0,0,0,2061.1,-338.9,51.16,192.12,1.0,0.0,0.5,177419
0.36,3.0,2300.0,2500.0,1010000,50,0,38,0,0,0,0,2271.6,-128.4,50.69,193.9,0.0,0.14,0.07,0
0.36,3.0,2300.0,2500.0,1100000,50,50,0,0,0,0,0,2342.5,-57.5,52.04,188.88,1.0,0.62,0.81,13
0.36,3.0,2400.0,2600.0,0000011,0,0,0,0,0,50,50,2203.7,-296.3,51.08,192.42,0.0,0.0,0.0,0
0.36,3.0,2400.0,2600.0,0000101,0,0,0,0,50,0,50,2215.3,-284.7,54.26,181.13,0.0,0.0,0.0,0
0.36,3.0,2400.0,2600.0,0000110,0,0,0,0,50,50,0,2205.2,-294.8,52.34,187.78,1.0,0.0,0.5,7381
0.36,3.0,2400.0,2600.0,0001001,0,0,0,50,0,0,50,2136.4,-363.6,53.11,185.08,0.0,0.0,0.0,0
0.36,3.0,2400.0,2600.0,0001010,0,0,0,50,0,50,0,2088.6,-411.4,51.3,191.61,1.0,0.0,0.5,183088
0.36,3.0,2400.0,2600.0,0001100,0,0,0,50,50,0,0,2201.0,-299.0,53.8,182.69,1.0,0.0,0.5,107
0.36,3.0,2400.0,2600.0,0010001,0,0,50,0,0,0,50,2311.2,-188.8,51.79,189.78,0.0,0.0,0.0,0
0.36,3.0,2400.0,2600.0,0010010,0,0,50,0,0,50,0,2196.1,-303.9,49.82,197.31,1.0,0.0,0.5,72227
0.36,3.0,2400.0,2600.0,0010100,0,0,50,0,50,0,0,2288.8,-211.2,53.57,183.49,0.0,0.0,0.0,0
0.36,3.0,2400.0,2600.0,0011000,0,0,50,50,0,0,0,2104.5,-395.5,51.27,191.69,1.0,0.0,0.5,98122
0.36,3.0,2400.0,2600.0,0100001,0,50,0,0,0,0,50,2277.5,-222.5,53.28,184.47,0.0,0.0,0.0,0
0.36,3.0,2400.0,2600.0,0100010,0,50,0,0,0,50,0,2299.5,-200.5,51.66,190.28,0.0,0.0,0.0,0
0.36,3.0,2400.0,2600.0,0100100,0,50,0,0,50,0,0,2389.7,-110.3,55.73,176.35,0.0,0.26,0.13,0
0.36,3.0,2400.0,2600.0,0101000,0,50,0,50,0,0,0,2324.8,-175.2,52.82,186.08,0.0,0.0,0.0,0
0.36,3.0,2400.0,2600.0,0110000,0,50,50,0,0,0,0,2331.8,-168.2,52.28,188.0,0.0,0.0,0.0,0
0.36,3.0,2400.0,2600.0,1000001,50,0,0,0,0,0,50,2197.7,-302.3,51.45,191.03,0.0,0.0,0.0,0
0.36,3.0,2400.0,2600.0,1000010,50,0,0,0,0,50,0,2100.9,-399.1,50.0,196.6,1.0,0.0,0.5,287155
0.36,3.0,2400.0,2600.0,1000100,50,0,0,0,50,0,0,2337.1,-162.9,53.9,182.36,0.0,0.0,0.0,0
0.36,3.0,2400.0,2600.0,1001000,50,0,0,50,0,0,0,2061.1,-438.9,51.16,192.12,1.0,0.0,0.5,177419
0.36,3.0,2400.0,2600.0,1010000,49,0,43,0,0,0,0,2365.2,-134.8,50.48,194.72,0.0,0.1,0.05,0
0.36,3.0,2400.0,2600.0,1100000,50,50,0,0,0,0,0,2342.5,-157.5,52.04,188.88,1.0,0.0,0.5,13
0.36,3.0,2500.0,2700.0,0000011,0,0,0,0,0,50,50,2203.7,-396.3,51.08,192.42,0.0,0.0,0.0,0
0.36,3.0,2500.0,2700.0,0000101,0,0,0,0,50,0,50,2215.3,-384.7,54.26,181.13,0.0,0.0,0.0,0
0.36,3.0,2500.0,2700.0,0000110,0,0,0,0,50,50,0,2205.2,-394.8,52.34,187.78,1.0,0.0,0.5,7381
0.36,3.0,2500.0,2700.0,0001001,0,0,0,50,0,0,50,2136.4,-463.6,53.11,185.08,0.0,0.0,0.0,0
0.36,3.0,2500.0,2700.0,0001010,0,0,0,50,0,50,0,2088.6,-511.4,51.3,191.61,1.0,0.0,0.5,183088
0.36,3.0,2500.0,2700.0,0001100,0,0,0,50,50,0,0,2201.0,-399.0,53.8,182.69,1.0,0.0,0.5,107
0.36,3.0,2500.0,2700.0,0010001,0,0,50,0,0,0,50,2311.2,-288.8,51.79,189.78,0.0,0.0,0.0,0
0.36,3.0,2500.0,2700.0,0010010,0,0,50,0,0,50,0,2196.1,-403.9,49.82,197.31,1.0,0.0,0.5,72227
0.36,3.0,2500.0,2700.0,0010100,0,0,50,0,50,0,0,2288.8,-311.2,53.57,183.49,0.0,0.0,0.0,0
0.36,3.0,2500.0,2700.0,0011000,0,0,50,50,0,0,0,2104.5,-495.5,51.27,191.69,1.0,0.0,0.5,98122
0.36,3.0,2500.0,2700.0,0100001,0,50,0,0,0,0,50,2277.5,-322.5,53.28,184.47,0.0,0.0,0.0,0
0.36,3.0,2500.0,2700.0,0100010,0,50,0,0,0,50,0,2299.5,-300.5,51.66,190.28,0.0,0.0,0.0,0
0.36,3.0,2500.0,2700.0,0100100,0,50,0,0,50,0,0,2389.7,-210.3,55.73,176.35,0.0,0.0,0.0,0
0.36,3.0,2500.0,2700.0,0101000,0,50,0,50,0,0,0,2324.8,-275.2,52.82,186.08,0.0,0.0,0.0,0
0.36,3.0,2500.0,2700.0,0110000,0,50,50,0,0,0,0,2331.8,-268.2,52.28,188.0,0.0,0.0,0.0,0
0.36,3.0,2500.0,2700.0,1000001,50,0,0,0,0,0,50,2197.7,-402.3,51.45,191.03,0.0,0.0,0.0,0
0.36,3.0,2500.0,2700.0,1000010,50,0,0,0,0,50,0,2100.9,-499.1,50.0,196.6,1.0,0.0,0.5,287155
0.36,3.0,2500.0,2700.0,1000100,50,0,0,0,50,0,0,2337.1,-262.9,53.9,182.36,0.0,0.0,0.0,0
0.36,3.0,2500.0,2700.0,1001000,50,0,0,50,0,0,0,2061.1,-538.9,51.16,192.12,1.0,0.0,0.5,177419
0.36,3.0,2500.0,2700.0,1010000,50,0,46,0,0,0,0,2475.4,-124.6,49.8,197.38,0.0,0.17,0.08,0
0.36,3.0,2500.0,2700.0,1100000,50,50,0,0,0,0,0,2342.5,-257.5,52.04,188.88,1.0,0.0,0.5,13
0.36,3.0,2600.0,2800.0,0000011,0,0,0,0,0,50,50,2203.7,-496.3,51.08,192.42,0.0,0.0,0.0,0
0.36,3.0,2600.0,2800.0,0000101,0,0,0,0,50,0,50,2215.3,-484.7,54.26,181.13,0.0,0.0,0.0,0
0.36,3.0,2600.0,2800.0,0000110,0,0,0,0,50,50,0,2205.2,-494.8,52.34,187.78,1.0,0.0,0.5,7381
0.36,3.0,2600.0,2800.0,0001001,0,0,0,50,0,0,50,2136.4,-563.6,53.11,185.08,0.0,0.0,0.0,0
0.36,3.0,2600.0,2800.0,0001010,0,0,0,50,0,50,0,2088.6,-611.4,51.3,191.61,1.0,0.0,0.5,183088
0.36,3.0,2600.0,2800.0,0001100,0,0,0,50,50,0,0,2201.0,-499.0,53.8,182.69,1.0,0.0,0.5,107
0.36,3.0,2600.0,2800.0,0010001,0,0,50,0,0,0,50,2311.2,-388.8,51.79,189.78,0.0,0.0,0.0,0
0.36,3.0,2600.0,2800.0,0010010,0,0,50,0,0,50,0,2196.1,-503.9,49.82,197.31,1.0,0.0,0.5,72227
0.36,3.0,2600.0,2800.0,0010100,0,0,50,0,50,0,0,2288.8,-411.2,53.57,183.49,0.0,0.0,0.0,0
0.36,3.0,2600.0,2800.0,0011000,0,0,50,50,0,0,0,2104.5,-595.5,51.27,191.69,1.0,0.0,0.5,98122
0.36,3.0,2600.0,2800.0,0100001,0,50,0,0,0,0,50,2277.5,-422.5,53.28,184.47,0.0,0.0,0.0,0
0.36,3.0,2600.0,2800.0,0100010,0,50,0,0,0,50,0,2299.5,-400.5,51.66,190.28,0.0,0.0,0.0,0
0.36,3.0,2600.0,2800.0,0100100,0,50,0,0,50,0,0,2389.7,-310.3,55.73,176.35,0.0,0.0,0.0,0
0.36,3.0,2600.0,2800.0,0101000,0,50,0,50,0,0,0,2324.8,-375.2,52.82,186.08,0.0,0.0,0.0,0
0.36,3.0,2600.0,2800.0,0110000,0,50,50,0,0,0,0,2331.8,-368.2,52.28,188.0,0.0,0.0,0.0,0
0.36,3.0,2600.0,2800.0,1000001,50,0,0,0,0,0,50,2197.7,-502.3,51.45,191.03,0.0,0.0,0.0,0
0.36,3.0,2600.0,2800.0,1000010,50,0,0,0,0,50,0,2100.9,-599.1,50.0,196.6,1.0,0.0,0.5,287155
0.36,3.0,2600.0,2800.0,1000100,50,0,0,0,50,0,0,2337.1,-362.9,53.9,182.36,0.0,0.0,0.0,0
0.36,3.0,2600.0,2800.0,1001000,50,0,0,50,0,0,0,2061.1,-638.9,51.16,192.12,1.0,0.0,0.5,177419
0.36,3.0,2600.0,2800.0,1010000,50,0,50,0,0,0,0,2566.0,-134.0,49.18,199.86,0.0,0.11,0.05,0
0.36,3.0,2600.0,2800.0,1100000,50,50,0,0,0,0,0,2342.5,-357.5,52.04,188.88,1.0,0.0,0.5,13
0.36,3.0,2700.0,2900.0,0000011,0,0,0,0,0,50,50,2203.7,-596.3,51.08,192.42,0.0,0.0,0.0,0
0.36,3.0,2700.0,2900.0,0000101,0,0,0,0,50,0,50,2215.3,-584.7,54.26,181.13,0.0,0.0,0.0,0
0.36,3.0,2700.0,2900.0,0000110,0,0,0,0,50,50,0,2205.2,-594.8,52.34,187.78,1.0,0.0,0.5,7381
0.36,3.0,2700.0,2900.0,0001001,0,0,0,50,0,0,50,2136.4,-663.6,53.11,185.08,0.0,0.0,0.0,0
0.36,3.0,2700.0,2900.0,0001010,0,0,0,50,0,50,0,2088.6,-711.4,51.3,191.61,1.0,0.0,0.5,183088
0.36,3.0,2700.0,2900.0,0001100,0,0,0,50,50,0,0,2201.0,-599.0,53.8,182.69,1.0,0.0,0.5,107
0.36,3.0,2700.0,2900.0,0010001,0,0,50,0,0,0,50,2311.2,-488.8,51.79,189.78,0.0,0.0,0.0,0
0.36,3.0,2700.0,2900.0,0010010,0,0,50,0,0,50,0,2196.1,-603.9,49.82,197.31,1.0,0.0,0.5,72227
0.36,3.0,2700.0,2900.0,0010100,0,0,50,0,50,0,0,2288.8,-511.2,53.57,183.49,0.0,0.0,0.0,0
0.36,3.0,2700.0,2900.0,0011000,0,0,50,50,0,0,0,2104.5,-695.5,51.27,191.69,1.0,0.0,0.5,98122
0.36,3.0,2700.0,2900.0,0100001,0,50,0,0,0,0,50,2277.5,-522.5,53.28,184.47,0.0,0.0,0.0,0
0.36,3.0,2700.0,2900.0,0100010,0,50,0,0,0,50,0,2299.5,-500.5,51.66,190.28,0.0,0.0,0.0,0
0.36,3.0,2700.0,2900.0,0100100,0,50,0,0,50,0,0,2389.7,-410.3,55.73,176.35,0.0,0.0,0.0,0
0.36,3.0,2700.0,2900.0,0101000,0,50,0,50,0,0,0,2324.8,-475.2,52.82,186.08,0.0,0.0,0.0,0
0.36,3.0,2700.0,2900.0,0110000,0,50,50,0,0,0,0,2331.8,-468.2,52.28,188.0,0.0,0.0,0.0,0
0.36,3.0,2700.0,2900.0,1000001,50,0,0,0,0,0,50,2197.7,-602.3,51.45,191.03,0.0,0.0,0.0,0
0.36,3.0,2700.0,2900.0,1000010,50,0,0,0,0,50,0,2100.9,-699.1,50.0,196.6,1.0,0.0,0.5,287155
0.36,3.0,2700.0,2900.0,1000100,50,0,0,0,50,0,0,2337.1,-462.9,53.9,182.36,0.0,0.0,0.0,0
0.36,3.0,2700.0,2900.0,1001000,50,0,0,50,0,0,0,2061.1,-738.9,51.16,192.12,1.0,0.0,0.5,177419
0.36,3.0,2700.0,2900.0,1010000,50,0,50,0,0,0,0,2566.0,-234.0,49.18,199.86,0.0,0.0,0.0,0
0.36,3.0,2700.0,2900.0,1100000,50,50,0,0,0,0,0,2342.5,-457.5,52.04,188.88,1.0,0.0,0.5,13
0.36,3.0,2800.0,3000.0,0000011,0,0,0,0,0,50,50,2203.7,-696.3,51.08,192.42,0.0,0.0,0.0,0
0.36,3.0,2800.0,3000.0,0000101,0,0,0,0,50,0,50,2215.3,-684.7,54.26,181.13,0.0,0.0,0.0,0
0.36,3.0,2800.0,3000.0,0000110,0,0,0,0,50,50,0,2205.2,-694.8,52.34,187.78,1.0,0.0,0.5,7381
0.36,3.0,2800.0,3000.0,0001001,0,0,0,50,0,0,50,2136.4,-763.6,53.11,185.08,0.0,0.0,0.0,0
0.36,3.0,2800.0,3000.0,0001010,0,0,0,50,0,50,0,2088.6,-811.4,51.3,191.61,1.0,0.0,0.5,183088
0.36,3.0,2800.0,3000.0,0001100,0,0,0,50,50,0,0,2201.0,-699.0,53.8,182.69,1.0,0.0,0.5,107
0.36,3.0,2800.0,3000.0,0010001,0,0,50,0,0,0,50,2311.2,-588.8,51.79,189.78,0.0,0.0,0.0,0
0.36,3.0,2800.0,3000.0,0010010,0,0,50,0,0,50,0,2196.1,-703.9,49.82,197.31,1.0,0.0,0.5,72227
0.36,3.0,2800.0,3000.0,0010100,0,0,50,0,50,0,0,2288.8,-611.2,53.57,183.49,0.0,0.0,0.0,0
0.36,3.0,2800.0,3000.0,0011000,0,0,50,50,0,0,0,2104.5,-795.5,51.27,191.69,1.0,0.0,0.5,98122
0.36,3.0,2800.0,3000.0,0100001,0,50,0,0,0,0,50,2277.5,-622.5,53.28,184.47,0.0,0.0,0.0,0
0.36,3.0,2800.0,3000.0,0100010,0,50,0,0,0,50,0,2299.5,-600.5,51.66,190.28,0.0,0.0,0.0,0
0.36,3.0,2800.0,3000.0,0100100,0,50,0,0,50,0,0,2389.7,-510.3,55.73,176.35,0.0,0.0,0.0,0
0.36,3.0,2800.0,3000.0,0101000,0,50,0,50,0,0,0,2324.8,-575.2,52.82,186.08,0.0,0.0,0.0,0
0.36,3.0,2800.0,3000.0,0110000,0,50,50,0,0,0,0,2331.8,-568.2,52.28,188.0,0.0,0.0,0.0,0
0.36,3.0,2800.0,3000.0,1000001,50,0,0,0,0,0,50,2197.7,-702.3,51.45,191.03,0.0,0.0,0.0,0
0.36,3.0,2800.0,3000.0,1000010,50,0,0,0,0,50,0,2100.9,-799.1,50.0,196.6,1.0,0.0,0.5,287155
0.36,3.0,2800.0,3000.0,1000100,50,0,0,0,50,0,0,2337.1,-562.9,53.9,182.36,0.0,0.0,0.0,0
0.36,3.0,2800.0,3000.0,1001000,50,0,0,50,0,0,0,2061.1,-838.9,51.16,192.12,1.0,0.0,0.5,177419
0.36,3.0,2800.0,3000.0,1010000,50,0,50,0,0,0,0,2566.0,-334.0,49.18,199.86,0.0,0.0,0.0,0
0.36,3.0,2800.0,3000.0,1100000,50,50,0,0,0,0,0,2342.5,-557.5,52.04,188.88,1.0,0.0,0.5,13
0.36,3.0,2900.0,3100.0,0000011,0,0,0,0,0,50,50,2203.7,-796.3,51.08,192.42,0.0,0.0,0.0,0
0.36,3.0,2900.0,3100.0,0000101,0,0,0,0,50,0,50,2215.3,-784.7,54.26,181.13,0.0,0.0,0.0,0
0.36,3.0,2900.0,3100.0,0000110,0,0,0,0,50,50,0,2205.2,-794.8,52.34,187.78,1.0,0.0,0.5,7381
0.36,3.0,2900.0,3100.0,0001001,0,0,0,50,0,0,50,2136.4,-863.6,53.11,185.08,0.0,0.0,0.0,0
0.36,3.0,2900.0,3100.0,0001010,0,0,0,50,0,50,0,2088.6,-911.4,51.3,191.61,1.0,0.0,0.5,183088
0.36,3.0,2900.0,3100.0,0001100,0,0,0,50,50,0,0,2201.0,-799.0,53.8,182.69,1.0,0.0,0.5,107
0.36,3.0,2900.0,3100.0,0010001,0,0,50,0,0,0,50,2311.2,-688.8,51.79,189.78,0.0,0.0,0.0,0
0.36,3.0,2900.0,3100.0,0010010,0,0,50,0,0,50,0,2196.1,-803.9,49.82,197.31,1.0,0.0,0.5,72227
0.36,3.0,2900.0,3100.0,0010100,0,0,50,0,50,0,0,2288.8,-711.2,53.57,183.49,0.0,0.0,0.0,0
0.36,3.0,2900.0,3100.0,0011000,0,0,50,50,0,0,0,2104.5,-895.5,51.27,191.69,1.0,0.0,0.5,98122
0.36,3.0,2900.0,3100.0,0100001,0,50,0,0,0,0,50,2277.5,-722.5,53.28,184.47,0.0,0.0,0.0,0
0.36,3.0,2900.0,3100.0,0100010,0,50,0,0,0,50,0,2299.5,-700.5,51.66,190.28,0.0,0.0,0.0,0
0.36,3.0,2900.0,3100.0,0100100,0,50,0,0,50,0,0,2389.7,-610.3,55.73,176.35,0.0,0.0,0.0,0
0.36,3.0,2900.0,3100.0,0101000,0,50,0,50,0,0,0,2324.8,-675.2,52.82,186.08,0.0,0.0,0.0,0
0.36,3.0,2900.0,3100.0,0110000,0,50,50,0,0,0,0,2331.8,-668.2,52.28,188.0,0.0,0.0,0.0,0
0.36,3.0,2900.0,3100.0,1000001,50,0,0,0,0,0,50,2197.7,-802.3,51.45,191.03,0.0,0.0,0.0,0
0.36,3.0,2900.0,3100.0,1000010,50,0,0,0,0,50,0,2100.9,-899.1,50.0,196.6,1.0,0.0,0.5,287155
0.36,3.0,2900.0,3100.0,1000100,50,0,0,0,50,0,0,2337.1,-662.9,53.9,182.36,0.0,0.0,0.0,0
0.36,3.0,2900.0,3100.0,1001000,50,0,0,50,0,0,0,2061.1,-938.9,51.16,192.12,1.0,0.0,0.5,177419
0.36,3.0,2900.0,3100.0,1010000,50,0,50,0,0,0,0,2566.0,-434.0,49.18,199.86,0.0,0.0,0.0,0
0.36,3.0,2900.0,3100.0,1100000,50,50,0,0,0,0,0,2342.5,-657.5,52.04,188.88,1.0,0.0,0.5,13
0.36,3.0,3000.0,3200.0,0000011,0,0,0,0,0,50,50,2203.7,-896.3,51.08,192.42,0.0,0.0,0.0,0
0.36,3.0,3000.0,3200.0,0000101,0,0,0,0,50,0,50,2215.3,-884.7,54.26,181.13,0.0,0.0,0.0,0
0.36,3.0,3000.0,3200.0,0000110,0,0,0,0,50,50,0,2205.2,-894.8,52.34,187.78,1.0,0.0,0.5,7381
0.36,3.0,3000.0,3200.0,0001001,0,0,0,50,0,0,50,2136.4,-963.6,53.11,185.08,0.0,0.0,0.0,0
0.36,3.0,3000.0,3200.0,0001010,0,0,0,50,0,50,0,2088.6,-1011.4,51.3,191.61,1.0,0.0,0.5,183088
0.36,3.0,3000.0,3200.0,0001100,0,0,0,50,50,0,0,2201.0,-899.0,53.8,182.69,1.0,0.0,0.5,107
0.36,3.0,3000.0,3200.0,0010001,0,0,50,0,0,0,50,2311.2,-788.8,51.79,189.78,0.0,0.0,0.0,0
0.36,3.0,3000.0,3200.0,0010010,0,0,50,0,0,50,0,2196.1,-903.9,49.82,197.31,1.0,0.0,0.5,72227
0.36,3.0,3000.0,3200.0,0010100,0,0,50,0,50,0,0,2288.8,-811.2,53.57,183.49,0.0,0.0,0.0,0
0.36,3.0,3000.0,3200.0,0011000,0,0,50,50,0,0,0,2104.5,-995.5,51.27,191.69,1.0,0.0,0.5,98122
0.36,3.0,3000.0,3200.0,0100001,0,50,0,0,0,0,50,2277.5,-822.5,53.28,184.47,0.0,0.0,0.0,0
0.36,3.0,3000.0,3200.0,0100010,0,50,0,0,0,50,0,2299.5,-800.5,51.66,190.28,0.0,0.0,0.0,0
0.36,3.0,3000.0,3200.0,0100100,0,50,0,0,50,0,0,2389.7,-710.3,55.73,176.35,0.0,0.0,0.0,0
0.36,3.0,3000.0,3200.0,0101000,0,50,0,50,0,0,0,2324.8,-775.2,52.82,186.08,0.0,0.0,0.0,0
0.36,3.0,3000.0,3200.0,0110000,0,50,50,0,0,0,0,2331.8,-768.2,52.28,188.0,0.0,0.0,0.0,0
0.36,3.0,3000.0,3200.0,1000001,50,0,0,0,0,0,50,2197.7,-902.3,51.45,191.03,0.0,0.0,0.0,0
0.36,3.0,3000.0,3200.0,1000010,50,0,0,0,0,50,0,2100.9,-999.1,50.0,196.6,1.0,0.0,0.5,287155
0.36,3.0,3000.0,3200.0,1000100,50,0,0,0,50,0,0,2337.1,-762.9,53.9,182.36,0.0,0.0,0.0,0
0.36,3.0,3000.0,3200.0,1001000,50,0,0,50,0,0,0,2061.1,-1038.9,51.16,192.12,1.0,0.0,0.5,177419
0.36,3.0,3000.0,3200.0,1010000,50,0,50,0,0,0,0,2566.0,-534.0,49.18,199.86,0.0,0.0,0.0,0
0.36,3.0,3000.0,3200.0,1100000,50,50,0,0,0,0,0,2342.5,-757.5,52.04,188.88,1.0,0.0,0.5,13
0.36,3.0,3100.0,3300.0,0000011,0,0,0,0,0,50,50,2203.7,-996.3,51.08,192.42,0.0,0.0,0.0,0
0.36,3.0,3100.0,3300.0,0000101,0,0,0,0,50,0,50,2215.3,-984.7,54.26,181.13,0.0,0.0,0.0,0
0.36,3.0,3100.0,3300.0,0000110,0,0,0,0,50,50,0,2205.2,-994.8,52.34,187.78,1.0,0.0,0.5,7381
0.36,3.0,3100.0,3300.0,0001001,0,0,0,50,0,0,50,2136.4,-1063.6,53.11,185.08,0.0,0.0,0.0,0
0.36,3.0,3100.0,3300.0,0001010,0,0,0,50,0,50,0,2088.6,-1111.4,51.3,191.61,1.0,0.0,0.5,183088
0.36,3.0,3100.0,3300.0,0001100,0,0,0,50,50,0,0,2201.0,-999.0,53.8,182.69,1.0,0.0,0.5,107
0.36,3.0,3100.0,3300.0,0010001,0,0,50,0,0,0,50,2311.2,-888.8,51.79,189.78,0.0,0.0,0.0,0
0.36,3.0,3100.0,3300.0,0010010,0,0,50,0,0,50,0,2196.1,-1003.9,49.82,197.31,1.0,0.0,0.5,72227
0.36,3.0,3100.0,3300.0,0010100,0,0,50,0,50,0,0,2288.8,-911.2,53.57,183.49,0.0,0.0,0.0,0
0.36,3.0,3100.0,3300.0,0011000,0,0,50,50,0,0,0,2104.5,-1095.5,51.27,191.69,1.0,0.0,0.5,98122
0.36,3.0,3100.0,3300.0,0100001,0,50,0,0,0,0,50,2277.5,-922.5,53.28,184.47,0.0,0.0,0.0,0
0.36,3.0,3100.0,3300.0,0100010,0,50,0,0,0,50,0,2299.5,-900.5,51.66,190.28,0.0,0.0,0.0,0
0.36,3.0,3100.0,3300.0,0100100,0,50,0,0,50,0,0,2389.7,-810.3,55.73,176.35,0.0,0.0,0.0,0
0.36,3.0,3100.0,3300.0,0101000,0,50,0,50,0,0,0,2324.8,-875.2,52.82,186.08,0.0,0.0,0.0,0
0.36,3.0,3100.0,3300.0,0110000,0,50,50,0,0,0,0,2331.8,-868.2,52.28,188.0,0.0,0.0,0.0,0
0.36,3.0,3100.0,3300.0,1000001,50,0,0,0,0,0,50,2197.7,-1002.3,51.45,191.03,0.0,0.0,0.0,0
0.36,3.0,3100.0,3300.0,1000010,50,0,0,0,0,50,0,2100.9,-1099.1,50.0,196.6,1.0,0.0,0.5,287155
0.36,3.0,3100.0,3300.0,1000100,50,0,0,0,50,0,0,2337.1,-862.9,53.9,182.36,0.0,0.0,0.0,0
0.36,3.0,3100.0,3300.0,1001000,50,0,0,50,0,0,0,2061.1,-1138.9,51.16,192.12,1.0,0.0,0.5,177419
0.36,3.0,3100.0,3300.0,1010000,50,0,50,0,0,0,0,2566.0,-634.0,49.18,199.86,0.0,0.0,0.0,0
0.36,3.0,3100.0,3300.0,1100000,50,50,0,0,0,0,0,2342.5,-857.5,52.04,188.88,1.0,0.0,0.5,13
0.36,3.0,3200.0,3400.0,0000011,0,0,0,0,0,50,50,2203.7,-1096.3,51.08,192.42,0.0,0.0,0.0,0
0.36,3.0,3200.0,3400.0,0000101,0,0,0,0,50,0,50,2215.3,-1084.7,54.26,181.13,0.0,0.0,0.0,0
0.36,3.0,3200.0,3400.0,0000110,0,0,0,0,50,50,0,2205.2,-1094.8,52.34,187.78,1.0,0.0,0.5,7381
0.36,3.0,3200.0,3400.0,0001001,0,0,0,50,0,0,50,2136.4,-1163.6,53.11,185.08,0.0,0.0,0.0,0
0.36,3.0,3200.0,3400.0,0001010,0,0,0,50,0,50,0,2088.6,-1211.4,51.3,191.61,1.0,0.0,0.5,183088
0.36,3.0,3200.0,3400.0,0001100,0,0,0,50,50,0,0,2201.0,-1099.0,53.8,182.69,1.0,0.0,0.5,107
0.36,3.0,3200.0,3400.0,0010001,0,0,50,0,0,0,50,2311.2,-988.8,51.79,189.78,0.0,0.0,0.0,0
0.36,3.0,3200.0,3400.0,0010010,0,0,50,0,0,50,0,2196.1,-1103.9,49.82,197.31,1.0,0.0,0.5,72227
0.36,3.0,3200.0,3400.0,0010100,0,0,50,0,50,0,0,2288.8,-1011.2,53.57,183.49,0.0,0.0,0.0,0
0.36,3.0,3200.0,3400.0,0011000,0,0,50,50,0,0,0,2104.5,-1195.5,51.27,191.69,1.0,0.0,0.5,98122
0.36,3.0,3200.0,3400.0,0100001,0,50,0,0,0,0,50,2277.5,-1022.5,53.28,184.47,0.0,0.0,0.0,0
0.36,3.0,3200.0,3400.0,0100010,0,50,0,0,0,50,0,2299.5,-1000.5,51.66,190.28,0.0,0.0,0.0,0
0.36,3.0,3200.0,3400.0,0100100,0,50,0,0,50,0,0,2389.7,-910.3,55.73,176.35,0.0,0.0,0.0,0
0.36,3.0,3200.0,3400.0,0101000,0,50,0,50,0,0,0,2324.8,-975.2,52.82,186.08,0.0,0.0,0.0,0
0.36,3.0,3200.0,3400.0,0110000,0,50,50,0,0,0,0,2331.8,-968.2,52.28,188.0,0.0,0.0,0.0,0
0.36,3.0,3200.0,3400.0,1000001,50,0,0,0,0,0,50,2197.7,-1102.3,51.45,191.03,0.0,0.0,0.0,0
0.36,3.0,3200.0,3400.0,1000010,50,0,0,0,0,50,0,2100.9,-1199.1,50.0,196.6,1.0,0.0,0.5,287155
0.36,3.0,3200.0,3400.0,1000100,50,0,0,0,50,0,0,2337.1,-962.9,53.9,182.36,0.0,0.0,0.0,0
0.36,3.0,3200.0,3400.0,1001000,50,0,0,50,0,0,0,2061.1,-1238.9,51.16,192.12,1.0,0.0,0.5,177419
0.36,3.0,3200.0,3400.0,1010000,50,0,50,0,0,0,0,2566.0,-734.0,49.18,199.86,0.0,0.0,0.0,0
0.36,3.0,3200.0,3400.0,1100000,50,50,0,0,0,0,0,2342.5,-957.5,52.04,188.88,1.0,0.0,0.5,13
0.36,3.0,3300.0,3500.0,0000011,0,0,0,0,0,50,50,2203.7,-1196.3,51.08,192.42,0.0,0.0,0.0,0
0.36,3.0,3300.0,3500.0,0000101,0,0,0,0,50,0,50,2215.3,-1184.7,54.26,181.13,0.0,0.0,0.0,0
0.36,3.0,3300.0,3500.0,0000110,0,0,0,0,50,50,0,2205.2,-1194.8,52.34,187.78,1.0,0.0,0.5,7381
0.36,3.0,3300.0,3500.0,0001001,0,0,0,50,0,0,50,2136.4,-1263.6,53.11,185.08,0.0,0.0,0.0,0
0.36,3.0,3300.0,3500.0,0001010,0,0,0,50,0,50,0,2088.6,-1311.4,51.3,191.61,1.0,0.0,0.5,183088
0.36,3.0,3300.0,3500.0,0001100,0,0,0,50,50,0,0,2201.0,-1199.0,53.8,182.69,1.0,0.0,0.5,107
0.36,3.0,3300.0,3500.0,0010001,0,0,50,0,0,0,50,2311.2,-1088.8,51.79,189.78,0.0,0.0,0.0,0
0.36,3.0,3300.0,3500.0,0010010,0,0,50,0,0,50,0,2196.1,-1203.9,49.82,197.31,1.0,0.0,0.5,72227
0.36,3.0,3300.0,3500.0,0010100,0,0,50,0,50,0,0,2288.8,-1111.2,53.57,183.49,0.0,0.0,0.0,0
0.36,3.0,3300.0,3500.0,0011000,0,0,50,50,0,0,0,2104.5,-1295.5,51.27,191.69,1.0,0.0,0.5,98122
0.36,3.0,3300.0,3500.0,0100001,0,50,0,0,0,0,50,2277.5,-1122.5,53.28,184.47,0.0,0.0,0.0,0
0.36,3.0,3300.0,3500.0,0100010,0,50,0,0,0,50,0,2299.5,-1100.5,51.66,190.28,0.0,0.0,0.0,0
0.36,3.0,3300.0,3500.0,0100100,0,50,0,0,50,0,0,2389.7,-1010.3,55.73,176.35,0.0,0.0,0.0,0
0.36,3.0,3300.0,3500.0,0101000,0,50,0,50,0,0,0,2324.8,-1075.2,52.82,186.08,0.0,0.0,0.0,0
0.36,3.0,3300.0,3500.0,0110000,0,50,50,0,0,0,0,2331.8,-1068.2,52.28,188.0,0.0,0.0,0.0,0
0.36,3.0,3300.0,3500.0,1000001,50,0,0,0,0,0,50,2197.7,-1202.3,51.45,191.03,0.0,0.0,0.0,0
0.36,3.0,3300.0,3500.0,1000010,50,0,0,0,0,50,0,2100.9,-1299.1,50.0,196.6,1.0,0.0,0.5,287155
0.36,3.0,3300.0,3500.0,1000100,50,0,0,0,50,0,0,2337.1,-1062.9,53.9,182.36,0.0,0.0,0.0,0
0.36,3.0,3300.0,3500.0,1001000,50,0,0,50,0,0,0,2061.1,-1338.9,51.16,192.12,1.0,0.0,0.5,177419
0.36,3.0,3300.0,3500.0,1010000,50,0,50,0,0,0,0,2566.0,-834.0,49.18,199.86,0.0,0.0,0.0,0
0.36,3.0,3300.0,3500.0,1100000,50,50,0,0,0,0,0,2342.5,-1057.5,52.04,188.88,1.0,0.0,0.5,13
0.36,3.0,3400.0,3600.0,0000011,0,0,0,0,0,50,50,2203.7,-1296.3,51.08,192.42,0.0,0.0,0.0,0
0.36,3.0,3400.0,3600.0,0000101,0,0,0,0,50,0,50,2215.3,-1284.7,54.26,181.13,0.0,0.0,0.0,0
0.36,3.0,3400.0,3600.0,0000110,0,0,0,0,50,50,0,2205.2,-1294.8,52.34,187.78,1.0,0.0,0.5,7381
0.36,3.0,3400.0,3600.0,0001001,0,0,0,50,0,0,50,2136.4,-1363.6,53.11,185.08,0.0,0.0,0.0,0
0.36,3.0,3400.0,3600.0,0001010,0,0,0,50,0,50,0,2088.6,-1411.4,51.3,191.61,1.0,0.0,0.5,183088
0.36,3.0,3400.0,3600.0,0001100,0,0,0,50,50,0,0,2201.0,-1299.0,53.8,182.69,1.0,0.0,0.5,107
0.36,3.0,3400.0,3600.0,0010001,0,0,50,0,0,0,50,2311.2,-1188.8,51.79,189.78,0.0,0.0,0.0,0
0.36,3.0,3400.0,3600.0,0010010,0,0,50,0,0,50,0,2196.1,-1303.9,49.82,197.31,1.0,0.0,0.5,72227
0.36,3.0,3400.0,3600.0,0010100,0,0,50,0,50,0,0,2288.8,-1211.2,53.57,183.49,0.0,0.0,0.0,0
0.36,3.0,3400.0,3600.0,0011000,0,0,50,50,0,0,0,2104.5,-1395.5,51.27,191.69,1.0,0.0,0.5,98122
0.36,3.0,3400.0,3600.0,0100001,0,50,0,0,0,0,50,2277.5,-1222.5,53.28,184.47,0.0,0.0,0.0,0
0.36,3.0,3400.0,3600.0,0100010,0,50,0,0,0,50,0,2299.5,-1200.5,51.66,190.28,0.0,0.0,0.0,0
0.36,3.0,3400.0,3600.0,0100100,0,50,0,0,50,0,0,2389.7,-1110.3,55.73,176.35,0.0,0.0,0.0,0
0.36,3.0,3400.0,3600.0,0101000,0,50,0,50,0,0,0,2324.8,-1175.2,52.82,186.08,0.0,0.0,0.0,0
0.36,3.0,3400.0,3600.0,0110000,0,50,50,0,0,0,0,2331.8,-1168.2,52.28,188.0,0.0,0.0,0.0,0
0.36,3.0,3400.0,3600.0,1000001,50,0,0,0,0,0,50,2197.7,-1302.3,51.45,191.03,0.0,0.0,0.0,0
0.36,3.0,3400.0,3600.0,1000010,50,0,0,0,0,50,0,2100.9,-1399.1,50.0,196.6,1.0,0.0,0.5,287155
0.36,3.0,3400.0,3600.0,1000100,50,0,0,0,50,0,0,2337.1,-1162.9,53.9,182.36,0.0,0.0,0.0,0
0.36,3.0,3400.0,3600.0,1001000,50,0,0,50,0,0,0,2061.1,-1438.9,51.16,192.12,1.0,0.0,0.5,177419
0.36,3.0,3400.0,3600.0,1010000,50,0,50,0,0,0,0,2566.0,-934.0,49.18,199.86,0.0,0.0,0.0,0
0.36,3.0,3400.0,3600.0,1100000,50,50,0,0,0,0,0,2342.5,-1157.5,52.04,188.88,1.0,0.0,0.5,13
0.36,3.0,3500.0,3700.0,0000011,0,0,0,0,0,50,50,2203.7,-1396.3,51.08,192.42,0.0,0.0,0.0,0
0.36,3.0,3500.0,3700.0,0000101,0,0,0,0,50,0,50,2215.3,-1384.7,54.26,181.13,0.0,0.0,0.0,0
0.36,3.0,3500.0,3700.0,0000110,0,0,0,0,50,50,0,2205.2,-1394.8,52.34,187.78,1.0,0.0,0.5,7381
0.36,3.0,3500.0,3700.0,0001001,0,0,0,50,0,0,50,2136.4,-1463.6,53.11,185.08,0.0,0.0,0.0,0
0.36,3.0,3500.0,3700.0,0001010,0,0,0,50,0,50,0,2088.6,-1511.4,51.3,191.61,1.0,0.0,0.5,183088
0.36,3.0,3500.0,3700.0,0001100,0,0,0,50,50,0,0,2201.0,-1399.0,53.8,182.69,1.0,0.0,0.5,107
0.36,3.0,3500.0,3700.0,0010001,0,0,50,0,0,0,50,2311.2,-1288.8,51.79,189.78,0.0,0.0,0.0,0
0.36,3.0,3500.0,3700.0,0010010,0,0,50,0,0,50,0,2196.1,-1403.9,49.82,197.31,1.0,0.0,0.5,72227
0.36,3.0,3500.0,3700.0,0010100,0,0,50,0,50,0,0,2288.8,-1311.2,53.57,183.49,0.0,0.0,0.0,0
0.36,3.0,3500.0,3700.0,0011000,0,0,50,50,0,0,0,2104.5,-1495.5,51.27,191.69,1.0,0.0,0.5,98122
0.36,3.0,3500.0,3700.0,0100001,0,50,0,0,0,0,50,2277.5,-1322.5,53.28,184.47,0.0,0.0,0.0,0
0.36,3.0,3500.0,3700.0,0100010,0,50,0,0,0,50,0,2299.5,-1300.5,51.66,190.28,0.0,0.0,0.0,0
0.36,3.0,3500.0,3700.0,0100100,0,50,0,0,50,0,0,2389.7,-1210.3,55.73,176.35,0.0,0.0,0.0,0
0.36,3.0,3500.0,3700.0,0101000,0,50,0,50,0,0,0,2324.8,-1275.2,52.82,186.08,0.0,0.0,0.0,0
0.36,3.0,3500.0,3700.0,0110000,0,50,50,0,0,0,0,2331.8,-1268.2,52.28,188.0,0.0,0.0,0.0,0
0.36,3.0,3500.0,3700.0,1000001,50,0,0,0,0,0,50,2197.7,-1402.3,51.45,191.03,0.0,0.0,0.0,0
0.36,3.0,3500.0,3700.0,1000010,50,0,0,0,0,50,0,2100.9,-1499.1,50.0,196.6,1.0,0.0,0.5,287155
0.36,3.0,3500.0,3700.0,1000100,50,0,0,0,50,0,0,2337.1,-1262.9,53.9,182.36,0.0,0.0,0.0,0
0.36,3.0,3500.0,3700.0,1001000,50,0,0,50,0,0,0,2061.1,-1538.9,51.16,192.12,1.0,0.0,0.5,177419
0.36,3.0,3500.0,3700.0,1010000,50,0,50,0,0,0,0,2566.0,-1034.0,49.18,199.86,0.0,0.0,0.0,0
0.36,3.0,3500.0,3700.0,1100000,50,50,0,0,0,0,0,2342.5,-1257.5,52.04,188.88,1.0,0.0,0.5,13
0.36,3.0,3600.0,3800.0,0000011,0,0,0,0,0,50,50,2203.7,-1496.3,51.08,192.42,0.0,0.0,0.0,0
0.36,3.0,3600.0,3800.0,0000101,0,0,0,0,50,0,50,2215.3,-1484.7,54.26,181.13,0.0,0.0,0.0,0
0.36,3.0,3600.0,3800.0,0000110,0,0,0,0,50,50,0,2205.2,-1494.8,52.34,187.78,1.0,0.0,0.5,7381
0.36,3.0,3600.0,3800.0,0001001,0,0,0,50,0,0,50,2136.4,-1563.6,53.11,185.08,0.0,0.0,0.0,0
0.36,3.0,3600.0,3800.0,0001010,0,0,0,50,0,50,0,2088.6,-1611.4,51.3,191.61,1.0,0.0,0.5,183088
0.36,3.0,3600.0,3800.0,0001100,0,0,0,50,50,0,0,2201.0,-1499.0,53.8,182.69,1.0,0.0,0.5,107
0.36,3.0,3600.0,3800.0,0010001,0,0,50,0,0,0,50,2311.2,-1388.8,51.79,189.78,0.0,0.0,0.0,0
0.36,3.0,3600.0,3800.0,0010010,0,0,50,0,0,50,0,2196.1,-1503.9,49.82,197.31,1.0,0.0,0.5,72227
0.36,3.0,3600.0,3800.0,0010100,0,0,50,0,50,0,0,2288.8,-1411.2,53.57,183.49,0.0,0.0,0.0,0
0.36,3.0,3600.0,3800.0,0011000,0,0,50,50,0,0,0,2104.5,-1595.5,51.27,191.69,1.0,0.0,0.5,98122
0.36,3.0,3600.0,3800.0,0100001,0,50,0,0,0,0,50,2277.5,-1422.5,53.28,184.47,0.0,0.0,0.0,0
0.36,3.0,3600.0,3800.0,0100010,0,50,0,0,0,50,0,2299.5,-1400.5,51.66,190.28,0.0,0.0,0.0,0
0.36,3.0,3600.0,3800.0,0100100,0,50,0,0,50,0,0,2389.7,-1310.3,55.73,176.35,0.0,0.0,0.0,0
0.36,3.0,3600.0,3800.0,0101000,0,50,0,50,0,0,0,2324.8,-1375.2,52.82,186.08,0.0,0.0,0.0,0
0.36,3.0,3600.0,3800.0,0110000,0,50,50,0,0,0,0,2331.8,-1368.2,52.28,188.0,0.0,0.0,0.0,0
0.36,3.0,3600.0,3800.0,1000001,50,0,0,0,0,0,50,2197.7,-1502.3,51.45,191.03,0.0,0.0,0.0,0
0.36,3.0,3600.0,3800.0,1000010,50,0,0,0,0,50,0,2100.9,-1599.1,50.0,196.6,1.0,0.0,0.5,287155
0.36,3.0,3600.0,3800.0,1000100,50,0,0,0,50,0,0,2337.1,-1362.9,53.9,182.36,0.0,0.0,0.0,0
0.36,3.0,3600.0,3800.0,1001000,50,0,0,50,0,0,0,2061.1,-1638.9,51.16,192.12,1.0,0.0,0.5,177419
0.36,3.0,3600.0,3800.0,1010000,50,0,50,0,0,0,0,2566.0,-1134.0,49.18,199.86,0.0,0.0,0.0,0
0.36,3.0,3600.0,3800.0,1100000,50,50,0,0,0,0,0,2342.5,-1357.5,52.04,188.88,1.0,0.0,0.5,13
0.36,3.0,2100.0,2300.0,0000111,0,0,0,0,30,50,50,2361.2,161.2,51.95,189.19,0.0,0.0,0.0,0
0.36,3.0,2100.0,2300.0,0001011,0,0,0,30,0,50,50,2379.1,179.1,52.11,188.61,1.0,0.0,0.5,38890
0.36,3.0,2100.0,2300.0,0001101,0,0,0,30,41,0,50,2348.0,148.0,54.25,181.2,0.0,0.01,0.01,0
0.36,3.0,2100.0,2300.0,0001110,0,0,0,32,50,50,0,2342.4,142.4,52.7,186.52,1.0,0.05,0.53,43074
0.36,3.0,2100.0,2300.0,0010011,0,0,30,0,0,50,50,2408.0,208.0,50.84,193.32,1.0,0.0,0.5,27394
0.36,3.0,2100.0,2300.0,0010110,0,0,30,0,50,50,0,2329.3,129.3,52.2,188.29,1.0,0.14,0.57,752
0.36,3.0,2100.0,2300.0,0011001,0,0,30,46,0,0,50,2349.2,149.2,52.79,186.18,1.0,0.01,0.5,43600
0.36,3.0,2100.0,2300.0,0011010,0,0,30,30,0,50,0,2296.4,96.4,50.13,196.07,1.0,0.36,0.68,16794
0.36,3.0,2100.0,2300.0,0011100,0,0,30,34,50,0,0,2317.4,117.4,53.69,183.06,1.0,0.22,0.61,20018
0.36,3.0,2100.0,2300.0,0100011,0,30,0,0,0,50,50,2391.4,191.4,51.4,191.23,0.0,0.0,0.0,0
0.36,3.0,2100.0,2300.0,0100101,0,30,0,0,42,0,50,2346.9,146.9,54.87,179.12,0.0,0.02,0.01,0
0.36,3.0,2100.0,2300.0,0100110,0,30,0,0,38,50,0,2344.8,144.8,52.9,185.79,0.0,0.03,0.02,0
0.36,3.0,2100.0,2300.0,0101001,0,35,0,30,0,0,50,2347.5,147.5,53.13,185.01,0.0,0.02,0.01,0
0.36,3.0,2100.0,2300.0,0101010,0,41,0,31,0,50,0,2339.2,139.2,51.79,189.8,1.0,0.07,0.54,70128
0.36,3.0,2100.0,2300.0,0101100,0,30,0,30,46,0,0,2345.4,145.4,54.6,180.01,0.0,0.03,0.02,0
0.36,3.0,2100.0,2300.0,0110001,0,32,30,0,0,0,50,2342.8,142.8,52.27,188.05,0.0,0.05,0.02,0
0.36,3.0,2100.0,2300.0,0110010,0,44,30,0,0,50,0,2347.2,147.2,51.16,192.13,1.0,0.02,0.51,82146
0.36,3.0,2100.0,2300.0,0110100,0,30,30,0,43,0,0,2348.1,148.1,54.21,181.31,0.0,0.01,0.01,0
0.36,3.0,2100.0,2300.0,0111000,0,46,30,32,0,0,0,2348.0,148.0,52.34,187.8,1.0,0.01,0.51,60629
0.36,3.0,2100.0,2300.0,1000011,30,0,0,0,0,50,50,2352.2,152.2,50.64,194.09,1.0,0.0,0.5,160983
0.36,3.0,2100.0,2300.0,1000101,30,0,0,0,39,0,50,2342.0,142.0,53.56,183.5,0.0,0.05,0.03,0
0.36,3.0,2100.0,2300.0,1000110,31,0,0,0,49,50,0,2349.5,149.5,52.26,188.08,1.0,0.0,0.5,51601
0.36,3.0,2100.0,2300.0,1001001,30,0,0,50,0,0,50,2286.5,86.5,52.6,186.88,1.0,0.42,0.71,42856
0.36,3.0,2100.0,2300.0,1001010,30,0,0,30,0,50,0,2204.6,4.6,50.54,194.48,1.0,0.97,0.98,55145
0.36,3.0,2100.0,2300.0,1001100,30,0,0,30,50,0,0,2290.3,90.3,53.7,183.05,1.0,0.4,0.7,42078
0.36,3.0,2100.0,2300.0,1010001,30,0,30,0,0,0,50,2344.9,144.9,51.62,190.4,0.0,0.03,0.02,0
0.36,3.0,2100.0,2300.0,1010010,30,0,30,0,0,50,0,2342.4,142.4,49.21,199.75,1.0,0.05,0.53,1849
0.36,3.0,2100.0,2300.0,1010100,30,0,30,0,49,0,0,2345.6,145.6,53.68,183.1,0.0,0.03,0.01,0
0.36,3.0,2100.0,2300.0,1011000,30,0,30,41,0,0,0,2095.9,-104.1,51.14,192.2,1.0,0.31,0.65,4513
0.36,3.0,2100.0,2300.0,1100001,30,38,0,0,0,0,50,2343.0,143.0,52.15,188.48,0.0,0.05,0.02,0
0.36,3.0,2100.0,2300.0,1100010,30,45,0,0,0,50,0,2346.0,146.0,51.08,192.41,1.0,0.03,0.51,267341
0.36,3.0,2100.0,2300.0,1100100,30,30,0,0,41,0,0,2348.9,148.9,54.11,181.66,0.0,0.01,0.0,0
0.36,3.0,2100.0,2300.0,1101000,30,50,0,30,0,0,0,2340.3,140.3,52.29,187.96,1.0,0.06,0.53,188512
0.36,3.0,2100.0,2300.0,1110000,30,45,30,0,0,0,0,2349.6,149.6,51.97,189.13,0.0,0.0,0.0,0
0.36,3.0,2200.0,2400.0,0000111,0,0,0,0,41,50,50,2449.2,149.2,52.74,186.38,0.0,0.01,0.0,0
0.36,3.0,2200.0,2400.0,0001011,0,0,0,42,0,50,50,2436.0,136.0,52.32,187.86,1.0,0.09,0.55,38890
0.36,3.0,2200.0,2400.0,0001101,0,0,0,34,50,0,50,2445.6,145.6,54.84,179.22,0.0,0.03,0.01,0
0.36,3.0,2200.0,2400.0,0001110,0,0,0,32,50,50,0,2342.4,42.4,52.7,186.52,1.0,0.72,0.86,43074
0.36,3.0,2200.0,2400.0,0010011,0,0,30,0,0,50,50,2408.0,108.0,50.84,193.32,1.0,0.28,0.64,27394
0.36,3.0,2200.0,2400.0,0010110,0,0,37,0,50,50,0,2380.3,80.3,52.24,188.15,1.0,0.46,0.73,752
0.36,3.0,2200.0,2400.0,0011001,0,0,30,50,0,0,50,2362.1,62.1,52.86,185.94,1.0,0.59,0.79,43600
0.36,3.0,2200.0,2400.0,0011010,0,0,30,30,0,50,0,2296.4,-3.6,50.13,196.07,1.0,0.98,0.99,16794
0.36,3.0,2200.0,2400.0,0011100,0,0,30,34,50,0,0,2317.4,17.4,53.69,183.06,1.0,0.88,0.94,20018
0.36,3.0,2200.0,2400.0,0100011,0,35,0,0,0,50,50,2440.4,140.4,51.66,190.28,0.0,0.06,0.03,0
0.36,3.0,2200.0,2400.0,0100101,0,36,0,0,50,0,50,2446.5,146.5,55.84,176.01,0.0,0.02,0.01,0
0.36,3.0,2200.0,2400.0,0100110,0,36,0,0,50,50,0,2444.2,144.2,54.11,181.65,0.0,0.04,0.02,0
0.36,3.0,2200.0,2400.0,0101001,0,46,0,30,0,0,50,2447.5,147.5,53.62,183.3,0.0,0.02,0.01,0
0.36,3.0,2200.0,2400.0,0101010,0,48,0,30,0,50,0,2440.2,140.2,51.94,189.23,1.0,0.07,0.53,70128
0.36,3.0,2200.0,2400.0,0101100,0,42,0,30,50,0,0,2448.0,148.0,55.19,178.09,0.0,0.01,0.01,0
0.36,3.0,2200.0,2400.0,0110001,0,43,30,0,0,0,50,2446.0,146.0,52.84,186.03,0.0,0.03,0.01,0
0.36,3.0,2200.0,2400.0,0110010,0,50,30,0,0,50,0,2418.0,118.0,51.52,190.77,1.0,0.21,0.61,82146
0.36,3.0,2200.0,2400.0,0110100,0,44,30,0,50,0,0,2449.3,149.3,55.34,177.6,0.0,0.0,0.0,0
0.36,3.0,2200.0,2400.0,0111000,0,50,30,30,0,0,0,2382.2,82.2,52.56,187.02,1.0,0.45,0.73,60629
0.36,3.0,2200.0,2400.0,1000011,30,0,0,0,0,50,50,2352.2,52.2,50.64,194.09,1.0,0.65,0.83,160983
0.36,3.0,2200.0,2400.0,1000101,32,0,0,0,50,0,50,2448.1,148.1,54.53,180.25,0.0,0.01,0.01,0
0.36,3.0,2200.0,2400.0,1000110,41,0,0,0,50,50,0,2440.7,140.7,52.59,186.89,1.0,0.06,0.53,51601
0.36,3.0,2200.0,2400.0,1001001,30,0,0,50,0,0,50,2286.5,-13.5,52.6,186.88,1.0,0.91,0.95,42856
0.36,3.0,2200.0,2400.0,1001010,30,0,0,30,0,50,0,2204.6,-95.4,50.54,194.48,1.0,0.36,0.68,55145
0.36,3.0,2200.0,2400.0,1001100,30,0,0,30,50,0,0,2290.3,-9.7,53.7,183.05,1.0,0.94,0.97,42078
0.36,3.0,2200.0,2400.0,1010001,37,0,30,0,0,0,50,2411.6,111.6,51.71,190.09,0.0,0.26,0.13,0
0.36,3.0,2200.0,2400.0,1010010,30,0,30,0,0,50,0,2342.4,42.4,49.21,199.75,1.0,0.72,0.86,1849
0.36,3.0,2200.0,2400.0,1010100,33,0,30,0,50,0,0,2375.1,75.1,53.81,182.66,0.0,0.5,0.25,0
0.36,3.0,2200.0,2400.0,1011000,30,0,35,37,0,0,0,2151.1,-148.9,51.03,192.61,1.0,0.01,0.5,4513
0.36,3.0,2200.0,2400.0,1100001,30,48,0,0,0,0,50,2438.4,138.4,52.7,186.51,0.0,0.08,0.04,0
0.36,3.0,2200.0,2400.0,1100010,30,50,0,0,0,50,0,2419.6,119.6,51.41,191.19,1.0,0.2,0.6,267341
0.36,3.0,2200.0,2400.0,1100100,30,36,0,0,50,0,0,2447.6,147.6,54.99,178.74,0.0,0.02,0.01,0
0.36,3.0,2200.0,2400.0,1101000,30,50,0,30,0,0,0,2340.3,40.3,52.29,187.96,1.0,0.73,0.87,188512
0.36,3.0,2200.0,2400.0,1110000,35,50,30,0,0,0,0,2414.3,114.3,52.32,187.85,0.0,0.24,0.12,0
0.36,3.0,2300.0,2500.0,0000111,0,0,0,0,50,50,50,2528.2,128.2,53.35,184.23,0.0,0.15,0.07,0
0.36,3.0,2300.0,2500.0,0001011,0,0,0,42,0,50,50,2436.0,36.0,52.32,187.86,1.0,0.76,0.88,38890
0.36,3.0,2300.0,2500.0,0001101,0,0,0,50,50,0,50,2541.5,141.5,54.99,178.73,0.0,0.06,0.03,0
0.36,3.0,2300.0,2500.0,0001110,0,0,0,32,50,50,0,2342.4,-57.6,52.7,186.52,1.0,0.62,0.81,43074
0.36,3.0,2300.0,2500.0,0010011,0,0,30,0,0,50,50,2408.0,8.0,50.84,193.32,1.0,0.95,0.97,27394
0.36,3.0,2300.0,2500.0,0010110,0,0,37,0,50,50,0,2380.3,-19.7,52.24,188.15,1.0,0.87,0.93,752
0.36,3.0,2300.0,2500.0,0011001,0,0,30,50,0,0,50,2362.1,-37.9,52.86,185.94,1.0,0.75,0.87,43600
0.36,3.0,2300.0,2500.0,0011010,0,0,30,30,0,50,0,2296.4,-103.6,50.13,196.07,1.0,0.31,0.65,16794
0.36,3.0,2300.0,2500.0,0011100,0,0,30,34,50,0,0,2317.4,-82.6,53.69,183.06,1.0,0.45,0.72,20018
0.36,3.0,2300.0,2500.0,0100011,0,44,0,0,0,50,50,2540.8,140.8,52.19,188.33,0.0,0.06,0.03,0
0.36,3.0,2300.0,2500.0,0100101,0,49,0,0,50,0,50,2544.4,144.4,56.6,173.65,0.0,0.04,0.02,0
0.36,3.0,2300.0,2500.0,0100110,0,50,0,0,50,50,0,2520.7,120.7,54.62,179.94,0.0,0.2,0.1,0
0.36,3.0,2300.0,2500.0,0101001,0,50,0,37,0,0,50,2547.2,147.2,53.95,182.18,0.0,0.02,0.01,0
0.36,3.0,2300.0,2500.0,0101010,0,50,0,30,0,50,0,2463.2,63.2,51.98,189.08,1.0,0.58,0.79,70128
0.36,3.0,2300.0,2500.0,0101100,0,50,0,30,50,0,0,2488.2,88.2,55.41,177.38,0.0,0.41,0.21,0
0.36,3.0,2300.0,2500.0,0110001,0,50,34,0,0,0,50,2542.9,142.9,53.29,184.43,0.0,0.05,0.02,0
0.36,3.0,2300.0,2500.0,0110010,0,50,30,0,0,50,0,2418.0,18.0,51.52,190.77,1.0,0.88,0.94,82146
0.36,3.0,2300.0,2500.0,0110100,0,50,30,0,50,0,0,2476.6,76.6,55.55,176.95,0.0,0.49,0.24,0
0.36,3.0,2300.0,2500.0,0111000,0,50,30,30,0,0,0,2382.2,-17.8,52.56,187.02,1.0,0.88,0.94,60629
0.36,3.0,2300.0,2500.0,1000011,30,0,0,0,0,50,50,2352.2,-47.8,50.64,194.09,1.0,0.68,0.84,160983
0.36,3.0,2300.0,2500.0,1000101,43,0,0,0,50,0,50,2547.9,147.9,54.78,179.43,0.0,0.01,0.01,0
0.36,3.0,2300.0,2500.0,1000110,45,0,0,0,50,50,0,2527.1,127.1,52.72,186.43,1.0,0.15,0.58,51601
0.36,3.0,2300.0,2500.0,1001001,30,0,0,50,0,0,50,2286.5,-113.5,52.6,186.88,1.0,0.24,0.62,42856
0.36,3.0,2300.0,2500.0,1001010,30,0,0,33,0,50,0,2257.7,-142.3,50.35,195.21,1.0,0.05,0.53,55145
0.36,3.0,2300.0,2500.0,1001100,30,0,0,30,50,0,0,2290.3,-109.7,53.7,183.05,1.0,0.27,0.63,42078
0.36,3.0,2300.0,2500.0,1010001,37,0,30,0,0,0,50,2411.6,11.6,51.71,190.09,0.0,0.92,0.46,0
0.36,3.0,2300.0,2500.0,1010010,30,0,30,0,0,50,0,2342.4,-57.6,49.21,199.75,1.0,0.62,0.81,1849
0.36,3.0,2300.0,2500.0,1010100,33,0,30,0,50,0,0,2375.1,-24.9,53.81,182.66,0.0,0.83,0.42,0
0.36,3.0,2300.0,2500.0,1011000,30,0,42,31,0,0,0,2262.0,-138.0,50.8,193.5,1.0,0.08,0.54,4513
0.36,3.0,2300.0,2500.0,1100001,40,50,0,0,0,0,50,2547.6,147.6,52.87,185.9,0.0,0.02,0.01,0
0.36,3.0,2300.0,2500.0,1100010,30,50,0,0,0,50,0,2419.6,19.6,51.41,191.19,1.0,0.87,0.93,267341
0.36,3.0,2300.0,2500.0,1100100,40,50,0,0,50,0,0,2547.1,147.1,55.5,177.1,0.0,0.02,0.01,0
0.36,3.0,2300.0,2500.0,1101000,30,50,0,30,0,0,0,2340.3,-59.7,52.29,187.96,1.0,0.6,0.8,188512
0.36,3.0,2300.0,2500.0,1110000,35,50,30,0,0,0,0,2414.3,14.3,52.32,187.85,0.0,0.9,0.45,0
0.36,3.0,2400.0,2600.0,0000111,0,0,0,0,50,50,50,2528.2,28.2,53.35,184.23,0.0,0.81,0.41,0
0.36,3.0,2400.0,2600.0,0001011,0,0,0,42,0,50,50,2436.0,-64.0,52.32,187.86,1.0,0.57,0.79,38890
0.36,3.0,2400.0,2600.0,0001101,0,0,0,50,50,0,50,2541.5,41.5,54.99,178.73,0.0,0.72,0.36,0
0.36,3.0,2400.0,2600.0,0001110,0,0,0,34,50,50,0,2351.8,-148.2,52.66,186.67,1.0,0.01,0.51,43074
0.36,3.0,2400.0,2600.0,0010011,0,0,30,0,0,50,50,2408.0,-92.0,50.84,193.32,1.0,0.39,0.69,27394
0.36,3.0,2400.0,2600.0,0010110,0,0,37,0,50,50,0,2380.3,-119.7,52.24,188.15,1.0,0.2,0.6,752
0.36,3.0,2400.0,2600.0,0011001,0,0,30,50,0,0,50,2362.1,-137.9,52.86,185.94,1.0,0.08,0.54,43600
0.36,3.0,2400.0,2600.0,0011010,0,0,30,33,0,50,0,2357.9,-142.1,49.92,196.89,1.0,0.05,0.53,16794
0.36,3.0,2400.0,2600.0,0011100,0,0,37,34,50,0,0,2350.1,-149.9,53.47,183.82,1.0,0.0,0.5,20018
0.36,3.0,2400.0,2600.0,0100011,0,50,0,0,0,50,50,2616.0,116.0,52.62,186.79,0.0,0.23,0.11,0
0.36,3.0,2400.0,2600.0,0100101,0,50,0,0,50,0,50,2550.5,50.5,56.63,173.56,0.0,0.66,0.33,0
0.36,3.0,2400.0,2600.0,0100110,0,50,0,0,50,50,0,2520.7,20.7,54.62,179.94,0.0,0.86,0.43,0
0.36,3.0,2400.0,2600.0,0101001,0,50,0,42,0,0,50,2588.7,88.7,54.04,181.89,0.0,0.41,0.2,0
0.36,3.0,2400.0,2600.0,0101010,0,50,0,30,0,50,0,2463.2,-36.8,51.98,189.08,1.0,0.75,0.88,70128
0.36,3.0,2400.0,2600.0,0101100,0,50,0,30,50,0,0,2488.2,-11.8,55.41,177.38,0.0,0.92,0.46,0
0.36,3.0,2400.0,2600.0,0110001,0,50,40,0,0,0,50,2590.6,90.6,53.34,184.27,0.0,0.4,0.2,0
0.36,3.0,2400.0,2600.0,0110010,0,50,30,0,0,50,0,2418.0,-82.0,51.52,190.77,1.0,0.45,0.73,82146
0.36,3.0,2400.0,2600.0,0110100,0,50,30,0,50,0,0,2476.6,-23.4,55.55,176.95,0.0,0.84,0.42,0
0.36,3.0,2400.0,2600.0,0111000,0,50,30,30,0,0,0,2382.2,-117.8,52.56,187.02,1.0,0.21,0.61,60629
0.36,3.0,2400.0,2600.0,1000011,30,0,0,0,0,50,50,2352.2,-147.8,50.64,194.09,1.0,0.01,0.51,160983
0.36,3.0,2400.0,2600.0,1000101,50,0,0,0,50,0,50,2616.1,116.1,54.93,178.95,0.0,0.23,0.11,0
0.36,3.0,2400.0,2600.0,1000110,48,0,0,0,50,50,0,2624.1,124.1,52.79,186.21,1.0,0.17,0.59,51601
0.36,3.0,2400.0,2600.0,1001001,42,0,0,48,0,0,50,2350.2,-149.8,52.32,187.86,1.0,0.0,0.5,42856
0.36,3.0,2400.0,2600.0,1001010,35,0,0,32,0,50,0,2355.1,-144.9,50.01,196.53,1.0,0.03,0.52,55145
0.36,3.0,2400.0,2600.0,1001100,40,0,0,30,50,0,0,2353.1,-146.9,53.64,183.24,1.0,0.02,0.51,42078
0.36,3.0,2400.0,2600.0,1010001,37,0,30,0,0,0,50,2411.6,-88.4,51.71,190.09,0.0,0.41,0.21,0
0.36,3.0,2400.0,2600.0,1010010,30,0,31,0,0,50,0,2369.6,-130.4,49.06,200.34,1.0,0.13,0.57,1849
0.36,3.0,2400.0,2600.0,1010100,33,0,30,0,50,0,0,2375.1,-124.9,53.81,182.66,0.0,0.17,0.08,0
0.36,3.0,2400.0,2600.0,1011000,30,0,45,30,0,0,0,2350.3,-149.7,50.57,194.37,1.0,0.0,0.5,4513
0.36,3.0,2400.0,2600.0,1100001,50,50,0,0,0,0,50,2640.8,140.8,53.0,185.47,0.0,0.06,0.03,0
0.36,3.0,2400.0,2600.0,1100010,30,50,0,0,0,50,0,2419.6,-80.4,51.41,191.19,1.0,0.46,0.73,267341
0.36,3.0,2400.0,2600.0,1100100,45,50,0,0,50,0,0,2569.9,69.9,55.53,177.02,0.0,0.53,0.27,0
0.36,3.0,2400.0,2600.0,1101000,30,50,0,33,0,0,0,2350.0,-150.0,52.26,188.07,1.0,0.0,0.5,188512
0.36,3.0,2400.0,2600.0,1110000,35,50,30,0,0,0,0,2414.3,-85.7,52.32,187.85,0.0,0.43,0.21,0
0.36,3.0,2500.0,2700.0,0000111,0,0,0,0,50,50,50,2528.2,-71.8,53.35,184.23,0.0,0.52,0.26,0
0.36,3.0,2500.0,2700.0,0001011,0,0,0,45,0,50,50,2455.9,-144.1,52.23,188.2,1.0,0.04,0.52,38890
0.36,3.0,2500.0,2700.0,0001101,0,0,0,50,50,0,50,2541.5,-58.5,54.99,178.73,0.0,0.61,0.3,0
0.36,3.0,2500.0,2700.0,0001110,0,0,0,46,50,50,0,2464.9,-135.1,52.1,188.66,1.0,0.1,0.55,43074
0.36,3.0,2500.0,2700.0,0010011,0,0,36,0,0,50,50,2452.2,-147.8,50.78,193.58,1.0,0.01,0.51,27394
0.36,3.0,2500.0,2700.0,0010110,0,0,44,0,50,50,0,2459.5,-140.5,52.13,188.56,1.0,0.06,0.53,752
0.36,3.0,2500.0,2700.0,0011001,0,0,47,40,0,0,50,2454.2,-145.8,52.4,187.56,1.0,0.03,0.51,43600
0.36,3.0,2500.0,2700.0,0011010,0,0,32,35,0,50,0,2450.4,-149.6,49.65,197.97,1.0,0.0,0.5,16794
0.36,3.0,2500.0,2700.0,0011100,0,0,45,43,50,0,0,2450.7,-149.3,52.77,186.26,1.0,0.0,0.5,20018
0.36,3.0,2500.0,2700.0,0100011,0,50,0,0,0,50,50,2616.0,16.0,52.62,186.79,0.0,0.89,0.45,0
0.36,3.0,2500.0,2700.0,0100101,0,50,0,0,50,0,50,2550.5,-49.5,56.63,173.56,0.0,0.67,0.34,0
0.36,3.0,2500.0,2700.0,0100110,0,50,0,0,50,50,0,2520.7,-79.3,54.62,179.94,0.0,0.47,0.24,0
0.36,3.0,2500.0,2700.0,0101001,0,50,0,42,0,0,50,2588.7,-11.3,54.04,181.89,0.0,0.92,0.46,0
0.36,3.0,2500.0,2700.0,0101010,0,50,0,30,0,50,0,2463.2,-136.8,51.98,189.08,1.0,0.09,0.54,70128
0.36,3.0,2500.0,2700.0,0101100,0,50,0,30,50,0,0,2488.2,-111.8,55.41,177.38,0.0,0.25,0.13,0
0.36,3.0,2500.0,2700.0,0110001,0,50,40,0,0,0,50,2590.6,-9.4,53.34,184.27,0.0,0.94,0.47,0
0.36,3.0,2500.0,2700.0,0110010,0,50,37,0,0,50,0,2451.0,-149.0,51.36,191.36,1.0,0.01,0.5,82146
0.36,3.0,2500.0,2700.0,0110100,0,50,30,0,50,0,0,2476.6,-123.4,55.55,176.95,0.0,0.18,0.09,0
0.36,3.0,2500.0,2700.0,0111000,0,50,30,49,0,0,0,2451.9,-148.1,52.14,188.5,1.0,0.01,0.51,60629
0.36,3.0,2500.0,2700.0,1000011,50,0,0,0,0,50,50,2502.5,-97.5,50.24,195.65,1.0,0.35,0.68,160983
0.36,3.0,2500.0,2700.0,1000101,50,0,0,0,50,0,50,2616.1,16.1,54.93,178.95,0.0,0.89,0.45,0
0.36,3.0,2500.0,2700.0,1000110,48,0,0,0,50,50,0,2624.1,24.1,52.79,186.21,1.0,0.84,0.92,51601
0.36,3.0,2500.0,2700.0,1001001,50,0,0,49,0,0,50,2454.9,-145.1,51.87,189.51,1.0,0.03,0.52,42856
0.36,3.0,2500.0,2700.0,1001010,39,0,0,32,0,50,0,2452.0,-148.0,49.71,197.75,1.0,0.01,0.51,55145
0.36,3.0,2500.0,2700.0,1001100,50,0,0,33,50,0,0,2453.2,-146.8,53.34,184.27,1.0,0.02,0.51,42078
0.36,3.0,2500.0,2700.0,1010001,45,0,30,0,0,0,50,2497.7,-102.3,51.69,190.15,0.0,0.32,0.16,0
0.36,3.0,2500.0,2700.0,1010010,48,0,31,0,0,50,0,2749.7,149.7,49.17,199.9,1.0,0.0,0.5,1849
0.36,3.0,2500.0,2700.0,1010100,50,0,34,0,50,0,0,2595.0,-5.0,53.75,182.86,0.0,0.97,0.48,0
0.36,3.0,2500.0,2700.0,1011000,43,0,30,38,0,0,0,2460.9,-139.1,50.24,195.65,1.0,0.07,0.54,4513
0.36,3.0,2500.0,2700.0,1100001,50,50,0,0,0,0,50,2640.8,40.8,53.0,185.47,0.0,0.73,0.36,0
0.36,3.0,2500.0,2700.0,1100010,37,50,0,0,0,50,0,2452.4,-147.6,51.38,191.32,1.0,0.02,0.51,267341
0.36,3.0,2500.0,2700.0,1100100,45,50,0,0,50,0,0,2569.9,-30.1,55.53,177.02,0.0,0.8,0.4,0
0.36,3.0,2500.0,2700.0,1101000,49,50,0,30,0,0,0,2451.9,-148.1,51.95,189.19,1.0,0.01,0.51,188512
0.36,3.0,2500.0,2700.0,1110000,42,50,30,0,0,0,0,2454.3,-145.7,52.1,188.66,0.0,0.03,0.01,0
0.36,3.0,2600.0,2800.0,0000111,0,0,0,0,50,50,50,2528.2,-171.8,53.35,184.23,0.0,0.0,0.0,0
0.36,3.0,2600.0,2800.0,0001011,0,0,0,50,0,50,50,2508.0,-192.0,51.95,189.21,1.0,0.0,0.5,38890
0.36,3.0,2600.0,2800.0,0001101,0,0,0,50,50,0,50,2541.5,-158.5,54.99,178.73,0.0,0.0,0.0,0
0.36,3.0,2600.0,2800.0,0001110,0,0,0,50,50,50,0,2540.4,-159.6,51.86,189.55,1.0,0.0,0.5,43074
0.36,3.0,2600.0,2800.0,0010011,0,0,47,0,0,50,50,2556.5,-143.5,50.32,195.33,1.0,0.04,0.52,27394
0.36,3.0,2600.0,2800.0,0010110,0,0,49,0,50,50,0,2565.1,-134.9,51.98,189.09,1.0,0.1,0.55,752
0.36,3.0,2600.0,2800.0,0011001,0,0,50,50,0,0,50,2506.5,-193.5,51.96,189.17,1.0,0.0,0.5,43600
0.36,3.0,2600.0,2800.0,0011010,0,0,30,43,0,50,0,2552.4,-147.6,49.33,199.23,1.0,0.02,0.51,16794
0.36,3.0,2600.0,2800.0,0011100,0,0,50,50,50,0,0,2544.2,-155.8,52.27,188.05,1.0,0.0,0.5,20018
0.36,3.0,2600.0,2800.0,0100011,0,50,0,0,0,50,50,2616.0,-84.0,52.62,186.79,0.0,0.44,0.22,0
0.36,3.0,2600.0,2800.0,0100101,0,50,0,0,50,0,50,2550.5,-149.5,56.63,173.56,0.0,0.0,0.0,0
0.36,3.0,2600.0,2800.0,0100110,0,50,0,0,50,50,0,2520.7,-179.3,54.62,179.94,0.0,0.0,0.0,0
0.36,3.0,2600.0,2800.0,0101001,0,50,0,42,0,0,50,2588.7,-111.3,54.04,181.89,0.0,0.26,0.13,0
0.36,3.0,2600.0,2800.0,0101010,0,50,0,40,0,50,0,2558.4,-141.6,51.67,190.21,1.0,0.06,0.53,70128
0.36,3.0,2600.0,2800.0,0101100,0,50,0,50,50,0,0,2544.4,-155.6,55.11,178.37,0.0,0.0,0.0,0
0.36,3.0,2600.0,2800.0,0110001,0,50,40,0,0,0,50,2590.6,-109.4,53.34,184.27,0.0,0.27,0.14,0
0.36,3.0,2600.0,2800.0,0110010,0,50,44,0,0,50,0,2564.3,-135.7,51.06,192.49,1.0,0.1,0.55,82146
0.36,3.0,2600.0,2800.0,0110100,0,50,50,0,50,0,0,2523.1,-176.9,55.15,178.22,0.0,0.0,0.0,0
0.36,3.0,2600.0,2800.0,0111000,0,50,43,50,0,0,0,2555.8,-144.2,51.58,190.55,1.0,0.04,0.52,60629
0.36,3.0,2600.0,2800.0,1000011,50,0,0,0,0,50,50,2502.5,-197.5,50.24,195.65,1.0,0.0,0.5,160983
0.36,3.0,2600.0,2800.0,1000101,50,0,0,0,50,0,50,2616.1,-83.9,54.93,178.95,0.0,0.44,0.22,0
0.36,3.0,2600.0,2800.0,1000110,48,0,0,0,50,50,0,2624.1,-75.9,52.79,186.21,1.0,0.49,0.75,51601
0.36,3.0,2600.0,2800.0,1001001,50,0,0,50,0,0,50,2478.2,-221.8,51.81,189.73,1.0,0.0,0.5,42856
0.36,3.0,2600.0,2800.0,1001010,50,0,0,30,0,50,0,2737.4,37.4,49.64,198.02,1.0,0.75,0.88,55145
0.36,3.0,2600.0,2800.0,1001100,50,0,0,44,50,0,0,2556.0,-144.0,53.1,185.1,1.0,0.04,0.52,42078
0.36,3.0,2600.0,2800.0,1010001,49,0,30,0,0,0,50,2555.8,-144.2,51.65,190.31,0.0,0.04,0.02,0
0.36,3.0,2600.0,2800.0,1010010,50,0,36,0,0,50,0,2848.9,148.9,49.64,198.01,1.0,0.01,0.5,1849
0.36,3.0,2600.0,2800.0,1010100,50,0,34,0,50,0,0,2595.0,-105.0,53.75,182.86,0.0,0.3,0.15,0
0.36,3.0,2600.0,2800.0,1011000,50,0,37,46,0,0,0,2845.9,145.9,50.3,195.39,1.0,0.03,0.51,4513
0.36,3.0,2600.0,2800.0,1100001,50,50,0,0,0,0,50,2640.8,-59.2,53.0,185.47,0.0,0.61,0.3,0
0.36,3.0,2600.0,2800.0,1100010,45,50,0,0,0,50,0,2574.2,-125.8,51.08,192.41,1.0,0.16,0.58,267341
0.36,3.0,2600.0,2800.0,1100100,45,50,0,0,50,0,0,2569.9,-130.1,55.53,177.02,0.0,0.13,0.07,0
0.36,3.0,2600.0,2800.0,1101000,50,50,0,41,0,0,0,2550.7,-149.3,51.62,190.41,1.0,0.0,0.5,188512
0.36,3.0,2600.0,2800.0,1110000,50,50,31,0,0,0,0,2557.0,-143.0,51.99,189.06,0.0,0.05,0.02,0
0.36,3.0,2700.0,2900.0,0000111,0,0,0,0,50,50,50,2528.2,-271.8,53.35,184.23,0.0,0.0,0.0,0
0.36,3.0,2700.0,2900.0,0001011,0,0,0,50,0,50,50,2508.0,-292.0,51.95,189.21,1.0,0.0,0.5,38890
0.36,3.0,2700.0,2900.0,0001101,0,0,0,50,50,0,50,2541.5,-258.5,54.99,178.73,0.0,0.0,0.0,0
0.36,3.0,2700.0,2900.0,0001110,0,0,0,50,50,50,0,2540.4,-259.6,51.86,189.55,1.0,0.0,0.5,43074
0.36,3.0,2700.0,2900.0,0010011,0,0,50,0,0,50,50,2610.4,-189.6,50.11,196.15,1.0,0.0,0.5,27394
0.36,3.0,2700.0,2900.0,0010110,0,0,50,0,50,50,0,2587.1,-212.9,51.91,189.36,1.0,0.0,0.5,752
0.36,3.0,2700.0,2900.0,0011001,0,0,50,50,0,0,50,2506.5,-293.5,51.96,189.17,1.0,0.0,0.5,43600
0.36,3.0,2700.0,2900.0,0011010,0,0,30,50,0,50,0,2655.7,-144.3,49.06,200.34,1.0,0.04,0.52,16794
0.36,3.0,2700.0,2900.0,0011100,0,0,50,50,50,0,0,2544.2,-255.8,52.27,188.05,1.0,0.0,0.5,20018
0.36,3.0,2700.0,2900.0,0100011,0,50,0,0,0,50,50,2616.0,-184.0,52.62,186.79,0.0,0.0,0.0,0
0.36,3.0,2700.0,2900.0,0100101,0,50,0,0,50,0,50,2550.5,-249.5,56.63,173.56,0.0,0.0,0.0,0
0.36,3.0,2700.0,2900.0,0100110,0,50,0,0,50,50,0,2520.7,-279.3,54.62,179.94,0.0,0.0,0.0,0
0.36,3.0,2700.0,2900.0,0101001,0,50,0,50,0,0,50,2649.4,-150.6,53.96,182.16,0.0,0.0,0.0,0
0.36,3.0,2700.0,2900.0,0101010,0,50,0,45,0,50,0,2653.3,-146.7,51.43,191.12,1.0,0.02,0.51,70128
0.36,3.0,2700.0,2900.0,0101100,0,50,0,50,50,0,0,2544.4,-255.6,55.11,178.37,0.0,0.0,0.0,0
0.36,3.0,2700.0,2900.0,0110001,0,50,50,0,0,0,50,2644.8,-155.2,53.32,184.32,0.0,0.0,0.0,0
0.36,3.0,2700.0,2900.0,0110010,0,50,49,0,0,50,0,2660.8,-139.2,50.41,194.99,1.0,0.07,0.54,82146
0.36,3.0,2700.0,2900.0,0110100,0,50,50,0,50,0,0,2523.1,-276.9,55.15,178.22,0.0,0.0,0.0,0
0.36,3.0,2700.0,2900.0,0111000,0,50,50,50,0,0,0,2620.3,-179.7,51.05,192.55,1.0,0.0,0.5,60629
0.36,3.0,2700.0,2900.0,1000011,50,0,0,0,0,50,50,2502.5,-297.5,50.24,195.65,1.0,0.0,0.5,160983
0.36,3.0,2700.0,2900.0,1000101,50,0,0,0,50,0,50,2616.1,-183.9,54.93,178.95,0.0,0.0,0.0,0
0.36,3.0,2700.0,2900.0,1000110,49,0,0,0,50,50,0,2666.0,-134.0,52.77,186.26,1.0,0.11,0.55,51601
0.36,3.0,2700.0,2900.0,1001001,50,0,0,50,0,0,50,2478.2,-321.8,51.81,189.73,1.0,0.0,0.5,42856
0.36,3.0,2700.0,2900.0,1001010,50,0,0,46,0,50,0,2948.6,148.6,49.79,197.39,1.0,0.01,0.5,55145
0.36,3.0,2700.0,2900.0,1001100,50,0,0,49,50,0,0,2661.7,-138.3,52.95,185.63,1.0,0.08,0.54,42078
0.36,3.0,2700.0,2900.0,1010001,50,0,37,0,0,0,50,2651.2,-148.8,51.5,190.86,0.0,0.01,0.0,0
0.36,3.0,2700.0,2900.0,1010010,50,0,44,0,0,50,0,2940.3,140.3,49.83,197.24,1.0,0.06,0.53,1849
0.36,3.0,2700.0,2900.0,1010100,50,0,38,0,50,0,0,2661.6,-138.4,53.67,183.13,0.0,0.08,0.04,0
0.36,3.0,2700.0,2900.0,1011000,50,0,45,49,0,0,0,2948.8,148.8,50.54,194.48,1.0,0.01,0.5,4513
0.36,3.0,2700.0,2900.0,1100001,50,50,0,0,0,0,50,2640.8,-159.2,53.0,185.47,0.0,0.0,0.0,0
0.36,3.0,2700.0,2900.0,1100010,48,50,0,0,0,50,0,2676.7,-123.3,50.75,193.68,1.0,0.18,0.59,267341
0.36,3.0,2700.0,2900.0,1100100,50,50,0,0,50,0,0,2597.8,-202.2,55.49,177.14,0.0,0.0,0.0,0
0.36,3.0,2700.0,2900.0,1101000,49,50,0,47,0,0,0,2650.5,-149.5,51.44,191.06,1.0,0.0,0.5,188512
0.36,3.0,2700.0,2900.0,1110000,50,50,36,0,0,0,0,2650.9,-149.1,51.81,189.72,0.0,0.01,0.0,0
0.36,3.0,2800.0,3000.0,0000111,0,0,0,0,50,50,50,2528.2,-371.8,53.35,184.23,0.0,0.0,0.0,0
0.36,3.0,2800.0,3000.0,0001011,0,0,0,50,0,50,50,2508.0,-392.0,51.95,189.21,1.0,0.0,0.5,38890
0.36,3.0,2800.0,3000.0,0001101,0,0,0,50,50,0,50,2541.5,-358.5,54.99,178.73,0.0,0.0,0.0,0
0.36,3.0,2800.0,3000.0,0001110,0,0,0,50,50,50,0,2540.4,-359.6,51.86,189.55,1.0,0.0,0.5,43074
0.36,3.0,2800.0,3000.0,0010011,0,0,50,0,0,50,50,2610.4,-289.6,50.11,196.15,1.0,0.0,0.5,27394
0.36,3.0,2800.0,3000.0,0010110,0,0,50,0,50,50,0,2587.1,-312.9,51.91,189.36,1.0,0.0,0.5,752
0.36,3.0,2800.0,3000.0,0011001,0,0,50,50,0,0,50,2506.5,-393.5,51.96,189.17,1.0,0.0,0.5,43600
0.36,3.0,2800.0,3000.0,0011010,0,0,50,50,0,50,0,2780.0,-120.0,48.73,201.72,1.0,0.2,0.6,16794
0.36,3.0,2800.0,3000.0,0011100,0,0,50,50,50,0,0,2544.2,-355.8,52.27,188.05,1.0,0.0,0.5,20018
0.36,3.0,2800.0,3000.0,0100011,0,50,0,0,0,50,50,2616.0,-284.0,52.62,186.79,0.0,0.0,0.0,0
0.36,3.0,2800.0,3000.0,0100101,0,50,0,0,50,0,50,2550.5,-349.5,56.63,173.56,0.0,0.0,0.0,0
0.36,3.0,2800.0,3000.0,0100110,0,50,0,0,50,50,0,2520.7,-379.3,54.62,179.94,0.0,0.0,0.0,0
0.36,3.0,2800.0,3000.0,0101001,0,50,0,50,0,0,50,2649.4,-250.6,53.96,182.16,0.0,0.0,0.0,0
0.36,3.0,2800.0,3000.0,0101010,0,50,0,50,0,50,0,2708.1,-191.9,51.01,192.7,1.0,0.0,0.5,70128
0.36,3.0,2800.0,3000.0,0101100,0,50,0,50,50,0,0,2544.4,-355.6,55.11,178.37,0.0,0.0,0.0,0
0.36,3.0,2800.0,3000.0,0110001,0,50,50,0,0,0,50,2644.8,-255.2,53.32,184.32,0.0,0.0,0.0,0
0.36,3.0,2800.0,3000.0,0110010,0,50,50,0,0,50,0,2680.1,-219.9,50.24,195.66,1.0,0.0,0.5,82146
0.36,3.0,2800.0,3000.0,0110100,0,50,50,0,50,0,0,2523.1,-376.9,55.15,178.22,0.0,0.0,0.0,0
0.36,3.0,2800.0,3000.0,0111000,0,50,50,50,0,0,0,2620.3,-279.7,51.05,192.55,1.0,0.0,0.5,60629
0.36,3.0,2800.0,3000.0,1000011,50,0,0,0,0,50,50,2502.5,-397.5,50.24,195.65,1.0,0.0,0.5,160983
0.36,3.0,2800.0,3000.0,1000101,50,0,0,0,50,0,50,2616.1,-283.9,54.93,178.95,0.0,0.0,0.0,0
0.36,3.0,2800.0,3000.0,1000110,50,0,0,0,50,50,0,2709.8,-190.2,52.76,186.29,1.0,0.0,0.5,51601
0.36,3.0,2800.0,3000.0,1001001,50,0,0,50,0,0,50,2478.2,-421.8,51.81,189.73,1.0,0.0,0.5,42856
0.36,3.0,2800.0,3000.0,1001010,50,0,0,50,0,50,0,3003.6,103.6,49.93,196.85,1.0,0.31,0.65,55145
0.36,3.0,2800.0,3000.0,1001100,50,0,0,50,50,0,0,2678.0,-222.0,52.9,185.82,1.0,0.0,0.5,42078
0.36,3.0,2800.0,3000.0,1010001,50,0,41,0,0,0,50,2750.6,-149.4,51.16,192.12,0.0,0.0,0.0,0
0.36,3.0,2800.0,3000.0,1010010,50,0,50,0,0,50,0,3017.5,117.5,49.98,196.65,1.0,0.22,0.61,1849
0.36,3.0,2800.0,3000.0,1010100,50,0,43,0,50,0,0,2768.7,-131.3,53.41,184.02,0.0,0.12,0.06,0
0.36,3.0,2800.0,3000.0,1011000,50,0,50,50,0,0,0,3015.9,115.9,50.68,193.93,1.0,0.23,0.61,4513
0.36,3.0,2800.0,3000.0,1100001,50,50,0,0,0,0,50,2640.8,-259.2,53.0,185.47,0.0,0.0,0.0,0
0.36,3.0,2800.0,3000.0,1100010,50,50,0,0,0,50,0,2720.7,-179.3,50.36,195.16,1.0,0.0,0.5,267341
0.36,3.0,2800.0,3000.0,1100100,50,50,0,0,50,0,0,2597.8,-302.2,55.49,177.14,0.0,0.0,0.0,0
0.36,3.0,2800.0,3000.0,1101000,50,50,0,50,0,0,0,2712.1,-187.9,51.25,191.77,1.0,0.0,0.5,188512
0.36,3.0,2800.0,3000.0,1110000,50,49,42,0,0,0,0,2752.8,-147.2,51.19,191.99,0.0,0.02,0.01,0
0.36,3.0,2900.0,3100.0,0000111,0,0,0,0,50,50,50,2528.2,-471.8,53.35,184.23,0.0,0.0,0.0,0
0.36,3.0,2900.0,3100.0,0001011,0,0,0,50,0,50,50,2508.0,-492.0,51.95,189.21,1.0,0.0,0.5,38890
0.36,3.0,2900.0,3100.0,0001101,0,0,0,50,50,0,50,2541.5,-458.5,54.99,178.73,0.0,0.0,0.0,0
0.36,3.0,2900.0,3100.0,0001110,0,0,0,50,50,50,0,2540.4,-459.6,51.86,189.55,1.0,0.0,0.5,43074
0.36,3.0,2900.0,3100.0,0010011,0,0,50,0,0,50,50,2610.4,-389.6,50.11,196.15,1.0,0.0,0.5,27394
0.36,3.0,2900.0,3100.0,0010110,0,0,50,0,50,50,0,2587.1,-412.9,51.91,189.36,1.0,0.0,0.5,752
0.36,3.0,2900.0,3100.0,0011001,0,0,50,50,0,0,50,2506.5,-493.5,51.96,189.17,1.0,0.0,0.5,43600
0.36,3.0,2900.0,3100.0,0011010,0,0,50,50,0,50,0,2780.0,-220.0,48.73,201.72,1.0,0.0,0.5,16794
0.36,3.0,2900.0,3100.0,0011100,0,0,50,50,50,0,0,2544.2,-455.8,52.27,188.05,1.0,0.0,0.5,20018
0.36,3.0,2900.0,3100.0,0100011,0,50,0,0,0,50,50,2616.0,-384.0,52.62,186.79,0.0,0.0,0.0,0
0.36,3.0,2900.0,3100.0,0100101,0,50,0,0,50,0,50,2550.5,-449.5,56.63,173.56,0.0,0.0,0.0,0
0.36,3.0,2900.0,3100.0,0100110,0,50,0,0,50,50,0,2520.7,-479.3,54.62,179.94,0.0,0.0,0.0,0
0.36,3.0,2900.0,3100.0,0101001,0,50,0,50,0,0,50,2649.4,-350.6,53.96,182.16,0.0,0.0,0.0,0
0.36,3.0,2900.0,3100.0,0101010,0,50,0,50,0,50,0,2708.1,-291.9,51.01,192.7,1.0,0.0,0.5,70128
0.36,3.0,2900.0,3100.0,0101100,0,50,0,50,50,0,0,2544.4,-455.6,55.11,178.37,0.0,0.0,0.0,0
0.36,3.0,2900.0,3100.0,0110001,0,50,50,0,0,0,50,2644.8,-355.2,53.32,184.32,0.0,0.0,0.0,0
0.36,3.0,2900.0,3100.0,0110010,0,50,50,0,0,50,0,2680.1,-319.9,50.24,195.66,1.0,0.0,0.5,82146
0.36,3.0,2900.0,3100.0,0110100,0,50,50,0,50,0,0,2523.1,-476.9,55.15,178.22,0.0,0.0,0.0,0
0.36,3.0,2900.0,3100.0,0111000,0,50,50,50,0,0,0,2620.3,-379.7,51.05,192.55,1.0,0.0,0.5,60629
0.36,3.0,2900.0,3100.0,1000011,50,0,0,0,0,50,50,2502.5,-497.5,50.24,195.65,1.0,0.0,0.5,160983
0.36,3.0,2900.0,3100.0,1000101,50,0,0,0,50,0,50,2616.1,-383.9,54.93,178.95,0.0,0.0,0.0,0
0.36,3.0,2900.0,3100.0,1000110,50,0,0,0,50,50,0,2709.8,-290.2,52.76,186.29,1.0,0.0,0.5,51601
0.36,3.0,2900.0,3100.0,1001001,50,0,0,50,0,0,50,2478.2,-521.8,51.81,189.73,1.0,0.0,0.5,42856
0.36,3.0,2900.0,3100.0,1001010,50,0,0,50,0,50,0,3003.6,3.6,49.93,196.85,1.0,0.98,0.99,55145
0.36,3.0,2900.0,3100.0,1001100,50,0,0,50,50,0,0,2678.0,-322.0,52.9,185.82,1.0,0.0,0.5,42078
0.36,3.0,2900.0,3100.0,1010001,50,0,45,0,0,0,50,2852.8,-147.2,50.36,195.16,0.0,0.02,0.01,0
0.36,3.0,2900.0,3100.0,1010010,50,0,50,0,0,50,0,3017.5,17.5,49.98,196.65,1.0,0.88,0.94,1849
0.36,3.0,2900.0,3100.0,1010100,50,0,49,0,50,0,0,2852.7,-147.3,52.63,186.76,0.0,0.02,0.01,0
0.36,3.0,2900.0,3100.0,1011000,50,0,50,50,0,0,0,3015.9,15.9,50.68,193.93,1.0,0.89,0.95,4513
0.36,3.0,2900.0,3100.0,1100001,50,50,0,0,0,0,50,2640.8,-359.2,53.0,185.47,0.0,0.0,0.0,0
0.36,3.0,2900.0,3100.0,1100010,50,50,0,0,0,50,0,2720.7,-279.3,50.36,195.16,1.0,0.0,0.5,267341
0.36,3.0,2900.0,3100.0,1100100,50,50,0,0,50,0,0,2597.8,-402.2,55.49,177.14,0.0,0.0,0.0,0
0.36,3.0,2900.0,3100.0,1101000,50,50,0,50,0,0,0,2712.1,-287.9,51.25,191.77,1.0,0.0,0.5,188512
0.36,3.0,2900.0,3100.0,1110000,50,50,49,0,0,0,0,2851.1,-148.9,50.37,195.15,0.0,0.01,0.0,0
0.36,3.0,3000.0,3200.0,0000111,0,0,0,0,50,50,50,2528.2,-571.8,53.35,184.23,0.0,0.0,0.0,0
0.36,3.0,3000.0,3200.0,0001011,0,0,0,50,0,50,50,2508.0,-592.0,51.95,189.21,1.0,0.0,0.5,38890
0.36,3.0,3000.0,3200.0,0001101,0,0,0,50,50,0,50,2541.5,-558.5,54.99,178.73,0.0,0.0,0.0,0
0.36,3.0,3000.0,3200.0,0001110,0,0,0,50,50,50,0,2540.4,-559.6,51.86,189.55,1.0,0.0,0.5,43074
0.36,3.0,3000.0,3200.0,0010011,0,0,50,0,0,50,50,2610.4,-489.6,50.11,196.15,1.0,0.0,0.5,27394
0.36,3.0,3000.0,3200.0,0010110,0,0,50,0,50,50,0,2587.1,-512.9,51.91,189.36,1.0,0.0,0.5,752
0.36,3.0,3000.0,3200.0,0011001,0,0,50,50,0,0,50,2506.5,-593.5,51.96,189.17,1.0,0.0,0.5,43600
0.36,3.0,3000.0,3200.0,0011010,0,0,50,50,0,50,0,2780.0,-320.0,48.73,201.72,1.0,0.0,0.5,16794
0.36,3.0,3000.0,3200.0,0011100,0,0,50,50,50,0,0,2544.2,-555.8,52.27,188.05,1.0,0.0,0.5,20018
0.36,3.0,3000.0,3200.0,0100011,0,50,0,0,0,50,50,2616.0,-484.0,52.62,186.79,0.0,0.0,0.0,0
0.36,3.0,3000.0,3200.0,0100101,0,50,0,0,50,0,50,2550.5,-549.5,56.63,173.56,0.0,0.0,0.0,0
0.36,3.0,3000.0,3200.0,0100110,0,50,0,0,50,50,0,2520.7,-579.3,54.62,179.94,0.0,0.0,0.0,0
0.36,3.0,3000.0,3200.0,0101001,0,50,0,50,0,0,50,2649.4,-450.6,53.96,182.16,0.0,0.0,0.0,0
0.36,3.0,3000.0,3200.0,0101010,0,50,0,50,0,50,0,2708.1,-391.9,51.01,192.7,1.0,0.0,0.5,70128
0.36,3.0,3000.0,3200.0,0101100,0,50,0,50,50,0,0,2544.4,-555.6,55.11,178.37,0.0,0.0,0.0,0
0.36,3.0,3000.0,3200.0,0110001,0,50,50,0,0,0,50,2644.8,-455.2,53.32,184.32,0.0,0.0,0.0,0
0.36,3.0,3000.0,3200.0,0110010,0,50,50,0,0,50,0,2680.1,-419.9,50.24,195.66,1.0,0.0,0.5,82146
0.36,3.0,3000.0,3200.0,0110100,0,50,50,0,50,0,0,2523.1,-576.9,55.15,178.22,0.0,0.0,0.0,0
0.36,3.0,3000.0,3200.0,0111000,0,50,50,50,0,0,0,2620.3,-479.7,51.05,192.55,1.0,0.0,0.5,60629
0.36,3.0,3000.0,3200.0,1000011,50,0,0,0,0,50,50,2502.5,-597.5,50.24,195.65,1.0,0.0,0.5,160983
0.36,3.0,3000.0,3200.0,1000101,50,0,0,0,50,0,50,2616.1,-483.9,54.93,178.95,0.0,0.0,0.0,0
0.36,3.0,3000.0,3200.0,1000110,50,0,0,0,50,50,0,2709.8,-390.2,52.76,186.29,1.0,0.0,0.5,51601
0.36,3.0,3000.0,3200.0,1001001,50,0,0,50,0,0,50,2478.2,-621.8,51.81,189.73,1.0,0.0,0.5,42856
0.36,3.0,3000.0,3200.0,1001010,50,0,0,50,0,50,0,3003.6,-96.4,49.93,196.85,1.0,0.36,0.68,55145
0.36,3.0,3000.0,3200.0,1001100,50,0,0,50,50,0,0,2678.0,-422.0,52.9,185.82,1.0,0.0,0.5,42078
0.36,3.0,3000.0,3200.0,1010001,50,0,49,0,0,0,50,2960.2,-139.8,49.78,197.46,0.0,0.07,0.03,0
0.36,3.0,3000.0,3200.0,1010010,50,0,50,0,0,50,0,3017.5,-82.5,49.98,196.65,1.0,0.45,0.73,1849
0.36,3.0,3000.0,3200.0,1010100,50,0,50,0,50,0,0,2868.8,-231.2,52.5,187.22,0.0,0.0,0.0,0
0.36,3.0,3000.0,3200.0,1011000,50,0,50,50,0,0,0,3015.9,-84.1,50.68,193.93,1.0,0.44,0.72,4513
0.36,3.0,3000.0,3200.0,1100001,50,50,0,0,0,0,50,2640.8,-459.2,53.0,185.47,0.0,0.0,0.0,0
0.36,3.0,3000.0,3200.0,1100010,50,50,0,0,0,50,0,2720.7,-379.3,50.36,195.16,1.0,0.0,0.5,267341
0.36,3.0,3000.0,3200.0,1100100,50,50,0,0,50,0,0,2597.8,-502.2,55.49,177.14,0.0,0.0,0.0,0
0.36,3.0,3000.0,3200.0,1101000,50,50,0,50,0,0,0,2712.1,-387.9,51.25,191.77,1.0,0.0,0.5,188512
0.36,3.0,3000.0,3200.0,1110000,50,50,50,0,0,0,0,2865.0,-235.0,50.33,195.31,0.0,0.0,0.0,0
0.36,3.0,3100.0,3300.0,0000111,0,0,0,0,50,50,50,2528.2,-671.8,53.35,184.23,0.0,0.0,0.0,0
0.36,3.0,3100.0,3300.0,0001011,0,0,0,50,0,50,50,2508.0,-692.0,51.95,189.21,1.0,0.0,0.5,38890
0.36,3.0,3100.0,3300.0,0001101,0,0,0,50,50,0,50,2541.5,-658.5,54.99,178.73,0.0,0.0,0.0,0
0.36,3.0,3100.0,3300.0,0001110,0,0,0,50,50,50,0,2540.4,-659.6,51.86,189.55,1.0,0.0,0.5,43074
0.36,3.0,3100.0,3300.0,0010011,0,0,50,0,0,50,50,2610.4,-589.6,50.11,196.15,1.0,0.0,0.5,27394
0.36,3.0,3100.0,3300.0,0010110,0,0,50,0,50,50,0,2587.1,-612.9,51.91,189.36,1.0,0.0,0.5,752
0.36,3.0,3100.0,3300.0,0011001,0,0,50,50,0,0,50,2506.5,-693.5,51.96,189.17,1.0,0.0,0.5,43600
0.36,3.0,3100.0,3300.0,0011010,0,0,50,50,0,50,0,2780.0,-420.0,48.73,201.72,1.0,0.0,0.5,16794
0.36,3.0,3100.0,3300.0,0011100,0,0,50,50,50,0,0,2544.2,-655.8,52.27,188.05,1.0,0.0,0.5,20018
0.36,3.0,3100.0,3300.0,0100011,0,50,0,0,0,50,50,2616.0,-584.0,52.62,186.79,0.0,0.0,0.0,0
0.36,3.0,3100.0,3300.0,0100101,0,50,0,0,50,0,50,2550.5,-649.5,56.63,173.56,0.0,0.0,0.0,0
0.36,3.0,3100.0,3300.0,0100110,0,50,0,0,50,50,0,2520.7,-679.3,54.62,179.94,0.0,0.0,0.0,0
0.36,3.0,3100.0,3300.0,0101001,0,50,0,50,0,0,50,2649.4,-550.6,53.96,182.16,0.0,0.0,0.0,0
0.36,3.0,3100.0,3300.0,0101010,0,50,0,50,0,50,0,2708.1,-491.9,51.01,192.7,1.0,0.0,0.5,70128
0.36,3.0,3100.0,3300.0,0101100,0,50,0,50,50,0,0,2544.4,-655.6,55.11,178.37,0.0,0.0,0.0,0
0.36,3.0,3100.0,3300.0,0110001,0,50,50,0,0,0,50,2644.8,-555.2,53.32,184.32,0.0,0.0,0.0,0
0.36,3.0,3100.0,3300.0,0110010,0,50,50,0,0,50,0,2680.1,-519.9,50.24,195.66,1.0,0.0,0.5,82146
0.36,3.0,3100.0,3300.0,0110100,0,50,50,0,50,0,0,2523.1,-676.9,55.15,178.22,0.0,0.0,0.0,0
0.36,3.0,3100.0,3300.0,0111000,0,50,50,50,0,0,0,2620.3,-579.7,51.05,192.55,1.0,0.0,0.5,60629
0.36,3.0,3100.0,3300.0,1000011,50,0,0,0,0,50,50,2502.5,-697.5,50.24,195.65,1.0,0.0,0.5,160983
0.36,3.0,3100.0,3300.0,1000101,50,0,0,0,50,0,50,2616.1,-583.9,54.93,178.95,0.0,0.0,0.0,0
0.36,3.0,3100.0,3300.0,1000110,50,0,0,0,50,50,0,2709.8,-490.2,52.76,186.29,1.0,0.0,0.5,51601
0.36,3.0,3100.0,3300.0,1001001,50,0,0,50,0,0,50,2478.2,-721.8,51.81,189.73,1.0,0.0,0.5,42856
0.36,3.0,3100.0,3300.0,1001010,50,0,0,50,0,50,0,3003.6,-196.4,49.93,196.85,1.0,0.0,0.5,55145
0.36,3.0,3100.0,3300.0,1001100,50,0,0,50,50,0,0,2678.0,-522.0,52.9,185.82,1.0,0.0,0.5,42078
0.36,3.0,3100.0,3300.0,1010001,50,0,50,0,0,0,50,2988.1,-211.9,49.73,197.65,0.0,0.0,0.0,0
0.36,3.0,3100.0,3300.0,1010010,50,0,50,0,0,50,0,3017.5,-182.5,49.98,196.65,1.0,0.0,0.5,1849
0.36,3.0,3100.0,3300.0,1010100,50,0,50,0,50,0,0,2868.8,-331.2,52.5,187.22,0.0,0.0,0.0,0
0.36,3.0,3100.0,3300.0,1011000,50,0,50,50,0,0,0,3015.9,-184.1,50.68,193.93,1.0,0.0,0.5,4513
0.36,3.0,3100.0,3300.0,1100001,50,50,0,0,0,0,50,2640.8,-559.2,53.0,185.47,0.0,0.0,0.0,0
0.36,3.0,3100.0,3300.0,1100010,50,50,0,0,0,50,0,2720.7,-479.3,50.36,195.16,1.0,0.0,0.5,267341
0.36,3.0,3100.0,3300.0,1100100,50,50,0,0,50,0,0,2597.8,-602.2,55.49,177.14,0.0,0.0,0.0,0
0.36,3.0,3100.0,3300.0,1101000,50,50,0,50,0,0,0,2712.1,-487.9,51.25,191.77,1.0,0.0,0.5,188512
0.36,3.0,3100.0,3300.0,1110000,50,50,50,0,0,0,0,2865.0,-335.0,50.33,195.31,0.0,0.0,0.0,0
0.36,3.0,3200.0,3400.0,0000111,0,0,0,0,50,50,50,2528.2,-771.8,53.35,184.23,0.0,0.0,0.0,0
0.36,3.0,3200.0,3400.0,0001011,0,0,0,50,0,50,50,2508.0,-792.0,51.95,189.21,1.0,0.0,0.5,38890
0.36,3.0,3200.0,3400.0,0001101,0,0,0,50,50,0,50,2541.5,-758.5,54.99,178.73,0.0,0.0,0.0,0
0.36,3.0,3200.0,3400.0,0001110,0,0,0,50,50,50,0,2540.4,-759.6,51.86,189.55,1.0,0.0,0.5,43074
0.36,3.0,3200.0,3400.0,0010011,0,0,50,0,0,50,50,2610.4,-689.6,50.11,196.15,1.0,0.0,0.5,27394
0.36,3.0,3200.0,3400.0,0010110,0,0,50,0,50,50,0,2587.1,-712.9,51.91,189.36,1.0,0.0,0.5,752
0.36,3.0,3200.0,3400.0,0011001,0,0,50,50,0,0,50,2506.5,-793.5,51.96,189.17,1.0,0.0,0.5,43600
0.36,3.0,3200.0,3400.0,0011010,0,0,50,50,0,50,0,2780.0,-520.0,48.73,201.72,1.0,0.0,0.5,16794
0.36,3.0,3200.0,3400.0,0011100,0,0,50,50,50,0,0,2544.2,-755.8,52.27,188.05,1.0,0.0,0.5,20018
0.36,3.0,3200.0,3400.0,0100011,0,50,0,0,0,50,50,2616.0,-684.0,52.62,186.79,0.0,0.0,0.0,0
0.36,3.0,3200.0,3400.0,0100101,0,50,0,0,50,0,50,2550.5,-749.5,56.63,173.56,0.0,0.0,0.0,0
0.36,3.0,3200.0,3400.0,0100110,0,50,0,0,50,50,0,2520.7,-779.3,54.62,179.94,0.0,0.0,0.0,0
0.36,3.0,3200.0,3400.0,0101001,0,50,0,50,0,0,50,2649.4,-650.6,53.96,182.16,0.0,0.0,0.0,0
0.36,3.0,3200.0,3400.0,0101010,0,50,0,50,0,50,0,2708.1,-591.9,51.01,192.7,1.0,0.0,0.5,70128
0.36,3.0,3200.0,3400.0,0101100,0,50,0,50,50,0,0,2544.4,-755.6,55.11,178.37,0.0,0.0,0.0,0
0.36,3.0,3200.0,3400.0,0110001,0,50,50,0,0,0,50,2644.8,-655.2,53.32,184.32,0.0,0.0,0.0,0
0.36,3.0,3200.0,3400.0,0110010,0,50,50,0,0,50,0,2680.1,-619.9,50.24,195.66,1.0,0.0,0.5,82146
0.36,3.0,3200.0,3400.0,0110100,0,50,50,0,50,0,0,2523.1,-776.9,55.15,178.22,0.0,0.0,0.0,0
0.36,3.0,3200.0,3400.0,0111000,0,50,50,50,0,0,0,2620.3,-679.7,51.05,192.55,1.0,0.0,0.5,60629
0.36,3.0,3200.0,3400.0,1000011,50,0,0,0,0,50,50,2502.5,-797.5,50.24,195.65,1.0,0.0,0.5,160983
0.36,3.0,3200.0,3400.0,1000101,50,0,0,0,50,0,50,2616.1,-683.9,54.93,178.95,0.0,0.0,0.0,0
0.36,3.0,3200.0,3400.0,1000110,50,0,0,0,50,50,0,2709.8,-590.2,52.76,186.29,1.0,0.0,0.5,51601
0.36,3.0,3200.0,3400.0,1001001,50,0,0,50,0,0,50,2478.2,-821.8,51.81,189.73,1.0,0.0,0.5,42856
0.36,3.0,3200.0,3400.0,1001010,50,0,0,50,0,50,0,3003.6,-296.4,49.93,196.85,1.0,0.0,0.5,55145
0.36,3.0,3200.0,3400.0,1001100,50,0,0,50,50,0,0,2678.0,-622.0,52.9,185.82,1.0,0.0,0.5,42078
0.36,3.0,3200.0,3400.0,1010001,50,0,50,0,0,0,50,2988.1,-311.9,49.73,197.65,0.0,0.0,0.0,0
0.36,3.0,3200.0,3400.0,1010010,50,0,50,0,0,50,0,3017.5,-282.5,49.98,196.65,1.0,0.0,0.5,1849
0.36,3.0,3200.0,3400.0,1010100,50,0,50,0,50,0,0,2868.8,-431.2,52.5,187.22,0.0,0.0,0.0,0
0.36,3.0,3200.0,3400.0,1011000,50,0,50,50,0,0,0,3015.9,-284.1,50.68,193.93,1.0,0.0,0.5,4513
0.36,3.0,3200.0,3400.0,1100001,50,50,0,0,0,0,50,2640.8,-659.2,53.0,185.47,0.0,0.0,0.0,0
0.36,3.0,3200.0,3400.0,1100010,50,50,0,0,0,50,0,2720.7,-579.3,50.36,195.16,1.0,0.0,0.5,267341
0.36,3.0,3200.0,3400.0,1100100,50,50,0,0,50,0,0,2597.8,-702.2,55.49,177.14,0.0,0.0,0.0,0
0.36,3.0,3200.0,3400.0,1101000,50,50,0,50,0,0,0,2712.1,-587.9,51.25,191.77,1.0,0.0,0.5,188512
0.36,3.0,3200.0,3400.0,1110000,50,50,50,0,0,0,0,2865.0,-435.0,50.33,195.31,0.0,0.0,0.0,0
0.36,3.0,3300.0,3500.0,0000111,0,0,0,0,50,50,50,2528.2,-871.8,53.35,184.23,0.0,0.0,0.0,0
0.36,3.0,3300.0,3500.0,0001011,0,0,0,50,0,50,50,2508.0,-892.0,51.95,189.21,1.0,0.0,0.5,38890
0.36,3.0,3300.0,3500.0,0001101,0,0,0,50,50,0,50,2541.5,-858.5,54.99,178.73,0.0,0.0,0.0,0
0.36,3.0,3300.0,3500.0,0001110,0,0,0,50,50,50,0,2540.4,-859.6,51.86,189.55,1.0,0.0,0.5,43074
0.36,3.0,3300.0,3500.0,0010011,0,0,50,0,0,50,50,2610.4,-789.6,50.11,196.15,1.0,0.0,0.5,27394
0.36,3.0,3300.0,3500.0,0010110,0,0,50,0,50,50,0,2587.1,-812.9,51.91,189.36,1.0,0.0,0.5,752
0.36,3.0,3300.0,3500.0,0011001,0,0,50,50,0,0,50,2506.5,-893.5,51.96,189.17,1.0,0.0,0.5,43600
0.36,3.0,3300.0,3500.0,0011010,0,0,50,50,0,50,0,2780.0,-620.0,48.73,201.72,1.0,0.0,0.5,16794
0.36,3.0,3300.0,3500.0,0011100,0,0,50,50,50,0,0,2544.2,-855.8,52.27,188.05,1.0,0.0,0.5,20018
0.36,3.0,3300.0,3500.0,0100011,0,50,0,0,0,50,50,2616.0,-784.0,52.62,186.79,0.0,0.0,0.0,0
0.36,3.0,3300.0,3500.0,0100101,0,50,0,0,50,0,50,2550.5,-849.5,56.63,173.56,0.0,0.0,0.0,0
0.36,3.0,3300.0,3500.0,0100110,0,50,0,0,50,50,0,2520.7,-879.3,54.62,179.94,0.0,0.0,0.0,0
0.36,3.0,3300.0,3500.0,0101001,0,50,0,50,0,0,50,2649.4,-750.6,53.96,182.16,0.0,0.0,0.0,0
0.36,3.0,3300.0,3500.0,0101010,0,50,0,50,0,50,0,2708.1,-691.9,51.01,192.7,1.0,0.0,0.5,70128
0.36,3.0,3300.0,3500.0,0101100,0,50,0,50,50,0,0,2544.4,-855.6,55.11,178.37,0.0,0.0,0.0,0
0.36,3.0,3300.0,3500.0,0110001,0,50,50,0,0,0,50,2644.8,-755.2,53.32,184.32,0.0,0.0,0.0,0
0.36,3.0,3300.0,3500.0,0110010,0,50,50,0,0,50,0,2680.1,-719.9,50.24,195.66,1.0,0.0,0.5,82146
0.36,3.0,3300.0,3500.0,0110100,0,50,50,0,50,0,0,2523.1,-876.9,55.15,178.22,0.0,0.0,0.0,0
0.36,3.0,3300.0,3500.0,0111000,0,50,50,50,0,0,0,2620.3,-779.7,51.05,192.55,1.0,0.0,0.5,60629
0.36,3.0,3300.0,3500.0,1000011,50,0,0,0,0,50,50,2502.5,-897.5,50.24,195.65,1.0,0.0,0.5,160983
0.36,3.0,3300.0,3500.0,1000101,50,0,0,0,50,0,50,2616.1,-783.9,54.93,178.95,0.0,0.0,0.0,0
0.36,3.0,3300.0,3500.0,1000110,50,0,0,0,50,50,0,2709.8,-690.2,52.76,186.29,1.0,0.0,0.5,51601
0.36,3.0,3300.0,3500.0,1001001,50,0,0,50,0,0,50,2478.2,-921.8,51.81,189.73,1.0,0.0,0.5,42856
0.36,3.0,3300.0,3500.0,1001010,50,0,0,50,0,50,0,3003.6,-396.4,49.93,196.85,1.0,0.0,0.5,55145
0.36,3.0,3300.0,3500.0,1001100,50,0,0,50,50,0,0,2678.0,-722.0,52.9,185.82,1.0,0.0,0.5,42078
0.36,3.0,3300.0,3500.0,1010001,50,0,50,0,0,0,50,2988.1,-411.9,49.73,197.65,0.0,0.0,0.0,0
0.36,3.0,3300.0,3500.0,1010010,50,0,50,0,0,50,0,3017.5,-382.5,49.98,196.65,1.0,0.0,0.5,1849
0.36,3.0,3300.0,3500.0,1010100,50,0,50,0,50,0,0,2868.8,-531.2,52.5,187.22,0.0,0.0,0.0,0
0.36,3.0,3300.0,3500.0,1011000,50,0,50,50,0,0,0,3015.9,-384.1,50.68,193.93,1.0,0.0,0.5,4513
0.36,3.0,3300.0,3500.0,1100001,50,50,0,0,0,0,50,2640.8,-759.2,53.0,185.47,0.0,0.0,0.0,0
0.36,3.0,3300.0,3500.0,1100010,50,50,0,0,0,50,0,2720.7,-679.3,50.36,195.16,1.0,0.0,0.5,267341
0.36,3.0,3300.0,3500.0,1100100,50,50,0,0,50,0,0,2597.8,-802.2,55.49,177.14,0.0,0.0,0.0,0
0.36,3.0,3300.0,3500.0,1101000,50,50,0,50,0,0,0,2712.1,-687.9,51.25,191.77,1.0,0.0,0.5,188512
0.36,3.0,3300.0,3500.0,1110000,50,50,50,0,0,0,0,2865.0,-535.0,50.33,195.31,0.0,0.0,0.0,0
0.36,3.0,3400.0,3600.0,0000111,0,0,0,0,50,50,50,2528.2,-971.8,53.35,184.23,0.0,0.0,0.0,0
0.36,3.0,3400.0,3600.0,0001011,0,0,0,50,0,50,50,2508.0,-992.0,51.95,189.21,1.0,0.0,0.5,38890
0.36,3.0,3400.0,3600.0,0001101,0,0,0,50,50,0,50,2541.5,-958.5,54.99,178.73,0.0,0.0,0.0,0
0.36,3.0,3400.0,3600.0,0001110,0,0,0,50,50,50,0,2540.4,-959.6,51.86,189.55,1.0,0.0,0.5,43074
0.36,3.0,3400.0,3600.0,0010011,0,0,50,0,0,50,50,2610.4,-889.6,50.11,196.15,1.0,0.0,0.5,27394
0.36,3.0,3400.0,3600.0,0010110,0,0,50,0,50,50,0,2587.1,-912.9,51.91,189.36,1.0,0.0,0.5,752
0.36,3.0,3400.0,3600.0,0011001,0,0,50,50,0,0,50,2506.5,-993.5,51.96,189.17,1.0,0.0,0.5,43600
0.36,3.0,3400.0,3600.0,0011010,0,0,50,50,0,50,0,2780.0,-720.0,48.73,201.72,1.0,0.0,0.5,16794
0.36,3.0,3400.0,3600.0,0011100,0,0,50,50,50,0,0,2544.2,-955.8,52.27,188.05,1.0,0.0,0.5,20018
0.36,3.0,3400.0,3600.0,0100011,0,50,0,0,0,50,50,2616.0,-884.0,52.62,186.79,0.0,0.0,0.0,0
0.36,3.0,3400.0,3600.0,0100101,0,50,0,0,50,0,50,2550.5,-949.5,56.63,173.56,0.0,0.0,0.0,0
0.36,3.0,3400.0,3600.0,0100110,0,50,0,0,50,50,0,2520.7,-979.3,54.62,179.94,0.0,0.0,0.0,0
0.36,3.0,3400.0,3600.0,0101001,0,50,0,50,0,0,50,2649.4,-850.6,53.96,182.16,0.0,0.0,0.0,0
0.36,3.0,3400.0,3600.0,0101010,0,50,0,50,0,50,0,2708.1,-791.9,51.01,192.7,1.0,0.0,0.5,70128
0.36,3.0,3400.0,3600.0,0101100,0,50,0,50,50,0,0,2544.4,-955.6,55.11,178.37,0.0,0.0,0.0,0
0.36,3.0,3400.0,3600.0,0110001,0,50,50,0,0,0,50,2644.8,-855.2,53.32,184.32,0.0,0.0,0.0,0
0.36,3.0,3400.0,3600.0,0110010,0,50,50,0,0,50,0,2680.1,-819.9,50.24,195.66,1.0,0.0,0.5,82146
0.36,3.0,3400.0,3600.0,0110100,0,50,50,0,50,0,0,2523.1,-976.9,55.15,178.22,0.0,0.0,0.0,0
0.36,3.0,3400.0,3600.0,0111000,0,50,50,50,0,0,0,2620.3,-879.7,51.05,192.55,1.0,0.0,0.5,60629
0.36,3.0,3400.0,3600.0,1000011,50,0,0,0,0,50,50,2502.5,-997.5,50.24,195.65,1.0,0.0,0.5,160983
0.36,3.0,3400.0,3600.0,1000101,50,0,0,0,50,0,50,2616.1,-883.9,54.93,178.95,0.0,0.0,0.0,0
0.36,3.0,3400.0,3600.0,1000110,50,0,0,0,50,50,0,2709.8,-790.2,52.76,186.29,1.0,0.0,0.5,51601
0.36,3.0,3400.0,3600.0,1001001,50,0,0,50,0,0,50,2478.2,-1021.8,51.81,189.73,1.0,0.0,0.5,42856
0.36,3.0,3400.0,3600.0,1001010,50,0,0,50,0,50,0,3003.6,-496.4,49.93,196.85,1.0,0.0,0.5,55145
0.36,3.0,3400.0,3600.0,1001100,50,0,0,50,50,0,0,2678.0,-822.0,52.9,185.82,1.0,0.0,0.5,42078
0.36,3.0,3400.0,3600.0,1010001,50,0,50,0,0,0,50,2988.1,-511.9,49.73,197.65,0.0,0.0,0.0,0
0.36,3.0,3400.0,3600.0,1010010,50,0,50,0,0,50,0,3017.5,-482.5,49.98,196.65,1.0,0.0,0.5,1849
0.36,3.0,3400.0,3600.0,1010100,50,0,50,0,50,0,0,2868.8,-631.2,52.5,187.22,0.0,0.0,0.0,0
0.36,3.0,3400.0,3600.0,1011000,50,0,50,50,0,0,0,3015.9,-484.1,50.68,193.93,1.0,0.0,0.5,4513
0.36,3.0,3400.0,3600.0,1100001,50,50,0,0,0,0,50,2640.8,-859.2,53.0,185.47,0.0,0.0,0.0,0
0.36,3.0,3400.0,3600.0,1100010,50,50,0,0,0,50,0,2720.7,-779.3,50.36,195.16,1.0,0.0,0.5,267341
0.36,3.0,3400.0,3600.0,1100100,50,50,0,0,50,0,0,2597.8,-902.2,55.49,177.14,0.0,0.0,0.0,0
0.36,3.0,3400.0,3600.0,1101000,50,50,0,50,0,0,0,2712.1,-787.9,51.25,191.77,1.0,0.0,0.5,188512
0.36,3.0,3400.0,3600.0,1110000,50,50,50,0,0,0,0,2865.0,-635.0,50.33,195.31,0.0,0.0,0.0,0
0.36,3.0,3500.0,3700.0,0000111,0,0,0,0,50,50,50,2528.2,-1071.8,53.35,184.23,0.0,0.0,0.0,0
0.36,3.0,3500.0,3700.0,0001011,0,0,0,50,0,50,50,2508.0,-1092.0,51.95,189.21,1.0,0.0,0.5,38890
0.36,3.0,3500.0,3700.0,0001101,0,0,0,50,50,0,50,2541.5,-1058.5,54.99,178.73,0.0,0.0,0.0,0
0.36,3.0,3500.0,3700.0,0001110,0,0,0,50,50,50,0,2540.4,-1059.6,51.86,189.55,1.0,0.0,0.5,43074
0.36,3.0,3500.0,3700.0,0010011,0,0,50,0,0,50,50,2610.4,-989.6,50.11,196.15,1.0,0.0,0.5,27394
0.36,3.0,3500.0,3700.0,0010110,0,0,50,0,50,50,0,2587.1,-1012.9,51.91,189.36,1.0,0.0,0.5,752
0.36,3.0,3500.0,3700.0,0011001,0,0,50,50,0,0,50,2506.5,-1093.5,51.96,189.17,1.0,0.0,0.5,43600
0.36,3.0,3500.0,3700.0,0011010,0,0,50,50,0,50,0,2780.0,-820.0,48.73,201.72,1.0,0.0,0.5,16794
0.36,3.0,3500.0,3700.0,0011100,0,0,50,50,50,0,0,2544.2,-1055.8,52.27,188.05,1.0,0.0,0.5,20018
0.36,3.0,3500.0,3700.0,0100011,0,50,0,0,0,50,50,2616.0,-984.0,52.62,186.79,0.0,0.0,0.0,0
0.36,3.0,3500.0,3700.0,0100101,0,50,0,0,50,0,50,2550.5,-1049.5,56.63,173.56,0.0,0.0,0.0,0
0.36,3.0,3500.0,3700.0,0100110,0,50,0,0,50,50,0,2520.7,-1079.3,54.62,179.94,0.0,0.0,0.0,0
0.36,3.0,3500.0,3700.0,0101001,0,50,0,50,0,0,50,2649.4,-950.6,53.96,182.16,0.0,0.0,0.0,0
0.36,3.0,3500.0,3700.0,0101010,0,50,0,50,0,50,0,2708.1,-891.9,51.01,192.7,1.0,0.0,0.5,70128
0.36,3.0,3500.0,3700.0,0101100,0,50,0,50,50,0,0,2544.4,-1055.6,55.11,178.37,0.0,0.0,0.0,0
0.36,3.0,3500.0,3700.0,0110001,0,50,50,0,0,0,50,2644.8,-955.2,53.32,184.32,0.0,0.0,0.0,0
0.36,3.0,3500.0,3700.0,0110010,0,50,50,0,0,50,0,2680.1,-919.9,50.24,195.66,1.0,0.0,0.5,82146
0.36,3.0,3500.0,3700.0,0110100,0,50,50,0,50,0,0,2523.1,-1076.9,55.15,178.22,0.0,0.0,0.0,0
0.36,3.0,3500.0,3700.0,0111000,0,50,50,50,0,0,0,2620.3,-979.7,51.05,192.55,1.0,0.0,0.5,60629
0.36,3.0,3500.0,3700.0,1000011,50,0,0,0,0,50,50,2502.5,-1097.5,50.24,195.65,1.0,0.0,0.5,160983
0.36,3.0,3500.0,3700.0,1000101,50,0,0,0,50,0,50,2616.1,-983.9,54.93,178.95,0.0,0.0,0.0,0
0.36,3.0,3500.0,3700.0,1000110,50,0,0,0,50,50,0,2709.8,-890.2,52.76,186.29,1.0,0.0,0.5,51601
0.36,3.0,3500.0,3700.0,1001001,50,0,0,50,0,0,50,2478.2,-1121.8,51.81,189.73,1.0,0.0,0.5,42856
0.36,3.0,3500.0,3700.0,1001010,50,0,0,50,0,50,0,3003.6,-596.4,49.93,196.85,1.0,0.0,0.5,55145
0.36,3.0,3500.0,3700.0,1001100,50,0,0,50,50,0,0,2678.0,-922.0,52.9,185.82,1.0,0.0,0.5,42078
0.36,3.0,3500.0,3700.0,1010001,50,0,50,0,0,0,50,2988.1,-611.9,49.73,197.65,0.0,0.0,0.0,0
0.36,3.0,3500.0,3700.0,1010010,50,0,50,0,0,50,0,3017.5,-582.5,49.98,196.65,1.0,0.0,0.5,1849
0.36,3.0,3500.0,3700.0,1010100,50,0,50,0,50,0,0,2868.8,-731.2,52.5,187.22,0.0,0.0,0.0,0
0.36,3.0,3500.0,3700.0,1011000,50,0,50,50,0,0,0,3015.9,-584.1,50.68,193.93,1.0,0.0,0.5,4513
0.36,3.0,3500.0,3700.0,1100001,50,50,0,0,0,0,50,2640.8,-959.2,53.0,185.47,0.0,0.0,0.0,0
0.36,3.0,3500.0,3700.0,1100010,50,50,0,0,0,50,0,2720.7,-879.3,50.36,195.16,1.0,0.0,0.5,267341
0.36,3.0,3500.0,3700.0,1100100,50,50,0,0,50,0,0,2597.8,-1002.2,55.49,177.14,0.0,0.0,0.0,0
0.36,3.0,3500.0,3700.0,1101000,50,50,0,50,0,0,0,2712.1,-887.9,51.25,191.77,1.0,0.0,0.5,188512
0.36,3.0,3500.0,3700.0,1110000,50,50,50,0,0,0,0,2865.0,-735.0,50.33,195.31,0.0,0.0,0.0,0
0.36,3.0,3600.0,3800.0,0000111,0,0,0,0,50,50,50,2528.2,-1171.8,53.35,184.23,0.0,0.0,0.0,0
0.36,3.0,3600.0,3800.0,0001011,0,0,0,50,0,50,50,2508.0,-1192.0,51.95,189.21,1.0,0.0,0.5,38890
0.36,3.0,3600.0,3800.0,0001101,0,0,0,50,50,0,50,2541.5,-1158.5,54.99,178.73,0.0,0.0,0.0,0
0.36,3.0,3600.0,3800.0,0001110,0,0,0,50,50,50,0,2540.4,-1159.6,51.86,189.55,1.0,0.0,0.5,43074
0.36,3.0,3600.0,3800.0,0010011,0,0,50,0,0,50,50,2610.4,-1089.6,50.11,196.15,1.0,0.0,0.5,27394
0.36,3.0,3600.0,3800.0,0010110,0,0,50,0,50,50,0,2587.1,-1112.9,51.91,189.36,1.0,0.0,0.5,752
0.36,3.0,3600.0,3800.0,0011001,0,0,50,50,0,0,50,2506.5,-1193.5,51.96,189.17,1.0,0.0,0.5,43600
0.36,3.0,3600.0,3800.0,0011010,0,0,50,50,0,50,0,2780.0,-920.0,48.73,201.72,1.0,0.0,0.5,16794
0.36,3.0,3600.0,3800.0,0011100,0,0,50,50,50,0,0,2544.2,-1155.8,52.27,188.05,1.0,0.0,0.5,20018
0.36,3.0,3600.0,3800.0,0100011,0,50,0,0,0,50,50,2616.0,-1084.0,52.62,186.79,0.0,0.0,0.0,0
0.36,3.0,3600.0,3800.0,0100101,0,50,0,0,50,0,50,2550.5,-1149.5,56.63,173.56,0.0,0.0,0.0,0
0.36,3.0,3600.0,3800.0,0100110,0,50,0,0,50,50,0,2520.7,-1179.3,54.62,179.94,0.0,0.0,0.0,0
0.36,3.0,3600.0,3800.0,0101001,0,50,0,50,0,0,50,2649.4,-1050.6,53.96,182.16,0.0,0.0,0.0,0
0.36,3.0,3600.0,3800.0,0101010,0,50,0,50,0,50,0,2708.1,-991.9,51.01,192.7,1.0,0.0,0.5,70128
0.36,3.0,3600.0,3800.0,0101100,0,50,0,50,50,0,0,2544.4,-1155.6,55.11,178.37,0.0,0.0,0.0,0
0.36,3.0,3600.0,3800.0,0110001,0,50,50,0,0,0,50,2644.8,-1055.2,53.32,184.32,0.0,0.0,0.0,0
0.36,3.0,3600.0,3800.0,0110010,0,50,50,0,0,50,0,2680.1,-1019.9,50.24,195.66,1.0,0.0,0.5,82146
0.36,3.0,3600.0,3800.0,0110100,0,50,50,0,50,0,0,2523.1,-1176.9,55.15,178.22,0.0,0.0,0.0,0
0.36,3.0,3600.0,3800.0,0111000,0,50,50,50,0,0,0,2620.3,-1079.7,51.05,192.55,1.0,0.0,0.5,60629
0.36,3.0,3600.0,3800.0,1000011,50,0,0,0,0,50,50,2502.5,-1197.5,50.24,195.65,1.0,0.0,0.5,160983
0.36,3.0,3600.0,3800.0,1000101,50,0,0,0,50,0,50,2616.1,-1083.9,54.93,178.95,0.0,0.0,0.0,0
0.36,3.0,3600.0,3800.0,1000110,50,0,0,0,50,50,0,2709.8,-990.2,52.76,186.29,1.0,0.0,0.5,51601
0.36,3.0,3600.0,3800.0,1001001,50,0,0,50,0,0,50,2478.2,-1221.8,51.81,189.73,1.0,0.0,0.5,42856
0.36,3.0,3600.0,3800.0,1001010,50,0,0,50,0,50,0,3003.6,-696.4,49.93,196.85,1.0,0.0,0.5,55145
0.36,3.0,3600.0,3800.0,1001100,50,0,0,50,50,0,0,2678.0,-1022.0,52.9,185.82,1.0,0.0,0.5,42078
0.36,3.0,3600.0,3800.0,1010001,50,0,50,0,0,0,50,2988.1,-711.9,49.73,197.65,0.0,0.0,0.0,0
0.36,3.0,3600.0,3800.0,1010010,50,0,50,0,0,50,0,3017.5,-682.5,49.98,196.65,1.0,0.0,0.5,1849
0.36,3.0,3600.0,3800.0,1010100,50,0,50,0,50,0,0,2868.8,-831.2,52.5,187.22,0.0,0.0,0.0,0
0.36,3.0,3600.0,3800.0,1011000,50,0,50,50,0,0,0,3015.9,-684.1,50.68,193.93,1.0,0.0,0.5,4513
0.36,3.0,3600.0,3800.0,1100001,50,50,0,0,0,0,50,2640.8,-1059.2,53.0,185.47,0.0,0.0,0.0,0
0.36,3.0,3600.0,3800.0,1100010,50,50,0,0,0,50,0,2720.7,-979.3,50.36,195.16,1.0,0.0,0.5,267341
0.36,3.0,3600.0,3800.0,1100100,50,50,0,0,50,0,0,2597.8,-1102.2,55.49,177.14,0.0,0.0,0.0,0
0.36,3.0,3600.0,3800.0,1101000,50,50,0,50,0,0,0,2712.1,-987.9,51.25,191.77,1.0,0.0,0.5,188512
0.36,3.0,3600.0,3800.0,1110000,50,50,50,0,0,0,0,2865.0,-835.0,50.33,195.31,0.0,0.0,0.0,0
0.36,3.0,2500.0,2700.0,0001111,0,0,0,30,48,50,50,2745.3,145.3,53.42,184.01,1.0,0.03,0.52,26833
0.36,3.0,2500.0,2700.0,0011011,0,0,30,30,0,50,50,2661.3,61.3,50.93,193.01,1.0,0.59,0.8,17354
0.36,3.0,2500.0,2700.0,0011110,0,0,30,30,50,50,0,2673.4,73.4,51.3,191.6,1.0,0.51,0.76,258
0.36,3.0,2500.0,2700.0,0100111,0,34,0,0,50,50,50,2750.0,150.0,54.87,179.12,0.0,0.0,0.0,0
0.36,3.0,2500.0,2700.0,0101011,0,40,0,30,0,50,50,2747.1,147.1,52.61,186.84,1.0,0.02,0.51,143190
0.36,3.0,2500.0,2700.0,0101101,0,50,0,30,50,0,50,2737.1,137.1,56.36,174.41,0.0,0.09,0.04,0
0.36,3.0,2500.0,2700.0,0101110,0,50,0,30,50,50,0,2746.4,146.4,53.7,183.05,1.0,0.02,0.51,25013
0.36,3.0,2500.0,2700.0,0110011,0,42,30,0,0,50,50,2741.6,141.6,51.82,189.69,1.0,0.06,0.53,75136
0.36,3.0,2500.0,2700.0,0110110,0,48,30,0,50,50,0,2743.5,143.5,53.76,182.82,1.0,0.04,0.52,165
0.36,3.0,2500.0,2700.0,0111001,0,50,30,30,0,0,50,2725.0,125.0,53.53,183.6,1.0,0.17,0.58,81293
0.36,3.0,2500.0,2700.0,0111010,0,30,30,30,0,50,0,2532.1,-67.9,49.53,198.43,1.0,0.55,0.77,735
0.36,3.0,2500.0,2700.0,0111100,0,50,30,30,50,0,0,2580.2,-19.8,54.89,179.06,0.0,0.87,0.43,0
0.36,3.0,2500.0,2700.0,1000111,30,0,0,0,49,50,50,2740.9,140.9,52.99,185.5,1.0,0.06,0.53,32229
0.36,3.0,2500.0,2700.0,1001011,30,0,0,30,0,50,50,2589.7,-10.3,51.22,191.91,1.0,0.93,0.97,104030
0.36,3.0,2500.0,2700.0,1001101,30,0,0,30,50,0,50,2645.4,45.4,54.62,179.96,1.0,0.7,0.85,33990
0.36,3.0,2500.0,2700.0,1001110,30,0,0,30,50,50,0,2677.9,77.9,51.71,190.1,1.0,0.48,0.74,4274
0.36,3.0,2500.0,2700.0,1010011,30,0,30,0,0,50,50,2727.8,127.8,49.72,197.69,1.0,0.15,0.57,5887
0.36,3.0,2500.0,2700.0,1010110,30,0,30,0,50,50,0,2733.9,133.9,51.79,189.78,0.0,0.11,0.05,0
0.36,3.0,2500.0,2700.0,1011001,30,0,30,30,0,0,50,2454.7,-145.3,52.01,188.99,1.0,0.03,0.52,8236
0.36,3.0,2500.0,2700.0,1011010,36,0,30,30,0,50,0,2749.2,149.2,48.88,201.1,0.0,0.01,0.0,0
0.36,3.0,2500.0,2700.0,1011100,30,0,30,30,50,0,0,2489.6,-110.4,52.89,185.82,0.0,0.26,0.13,0
0.36,3.0,2500.0,2700.0,1100011,30,45,0,0,0,50,50,2748.0,148.0,51.75,189.92,1.0,0.01,0.51,221713
0.36,3.0,2500.0,2700.0,1100101,30,50,0,0,50,0,50,2745.9,145.9,56.41,174.23,0.0,0.03,0.01,0
0.36,3.0,2500.0,2700.0,1100110,30,44,0,0,50,50,0,2743.3,143.3,53.91,182.32,1.0,0.04,0.52,3717
0.36,3.0,2500.0,2700.0,1101001,30,50,0,30,0,0,50,2696.9,96.9,53.27,184.5,1.0,0.35,0.68,188841
0.36,3.0,2500.0,2700.0,1101100,30,50,0,30,50,0,0,2617.0,17.0,55.02,178.63,1.0,0.89,0.94,1658
0.36,3.0,2500.0,2700.0,1110001,30,50,30,0,0,0,50,2727.2,127.2,53.17,184.87,0.0,0.15,0.08,0
0.36,3.0,2500.0,2700.0,1110010,30,41,30,0,0,50,0,2685.8,85.8,48.87,201.14,1.0,0.43,0.71,106
0.36,3.0,2500.0,2700.0,1110100,36,50,30,0,50,0,0,2708.7,108.7,55.17,178.16,0.0,0.28,0.14,0
0.36,3.0,2500.0,2700.0,1111000,30,50,30,30,0,0,0,2545.2,-54.8,51.52,190.76,1.0,0.63,0.82,437
0.36,3.0,2600.0,2800.0,0001111,0,0,0,30,50,50,50,2768.9,68.9,53.5,183.72,1.0,0.54,0.77,26833
0.36,3.0,2600.0,2800.0,0011011,0,0,30,30,0,50,50,2661.3,-38.7,50.93,193.01,1.0,0.74,0.87,17354
0.36,3.0,2600.0,2800.0,0011110,0,0,30,30,50,50,0,2673.4,-26.6,51.3,191.6,1.0,0.82,0.91,258
0.36,3.0,2600.0,2800.0,0100111,0,49,0,0,50,50,50,2845.9,145.9,55.4,177.42,0.0,0.03,0.01,0
0.36,3.0,2600.0,2800.0,0101011,0,47,0,30,0,50,50,2839.8,139.8,52.7,186.52,1.0,0.07,0.53,143190
0.36,3.0,2600.0,2800.0,0101101,0,50,0,30,50,0,50,2737.1,37.1,56.36,174.41,0.0,0.75,0.38,0
0.36,3.0,2600.0,2800.0,0101110,0,50,0,30,50,50,0,2746.4,46.4,53.7,183.05,1.0,0.69,0.85,25013
0.36,3.0,2600.0,2800.0,0110011,0,50,30,0,0,50,50,2828.6,128.6,52.28,188.01,1.0,0.14,0.57,75136
0.36,3.0,2600.0,2800.0,0110110,0,50,30,0,50,50,0,2772.6,72.6,53.8,182.68,1.0,0.52,0.76,165
0.36,3.0,2600.0,2800.0,0111001,0,50,30,30,0,0,50,2725.0,25.0,53.53,183.6,1.0,0.83,0.92,81293
0.36,3.0,2600.0,2800.0,0111010,0,33,30,30,0,50,0,2553.7,-146.3,49.45,198.75,1.0,0.02,0.51,735
0.36,3.0,2600.0,2800.0,0111100,0,50,30,30,50,0,0,2580.2,-119.8,54.89,179.06,0.0,0.2,0.1,0
0.36,3.0,2600.0,2800.0,1000111,36,0,0,0,50,50,50,2807.9,107.9,53.21,184.73,1.0,0.28,0.64,32229
0.36,3.0,2600.0,2800.0,1001011,30,0,0,30,0,50,50,2589.7,-110.3,51.22,191.91,1.0,0.26,0.63,104030
0.36,3.0,2600.0,2800.0,1001101,30,0,0,30,50,0,50,2645.4,-54.6,54.62,179.96,1.0,0.64,0.82,33990
0.36,3.0,2600.0,2800.0,1001110,30,0,0,30,50,50,0,2677.9,-22.1,51.71,190.1,1.0,0.85,0.93,4274
0.36,3.0,2600.0,2800.0,1010011,30,0,30,0,0,50,50,2727.8,27.8,49.72,197.69,1.0,0.81,0.91,5887
0.36,3.0,2600.0,2800.0,1010110,30,0,30,0,50,50,0,2733.9,33.9,51.79,189.78,0.0,0.77,0.39,0
0.36,3.0,2600.0,2800.0,1011001,30,0,38,30,0,0,50,2552.7,-147.3,51.64,190.35,1.0,0.02,0.51,8236
0.36,3.0,2600.0,2800.0,1011010,41,0,30,31,0,50,0,2844.8,144.8,49.4,198.97,0.0,0.03,0.02,0
0.36,3.0,2600.0,2800.0,1011100,35,0,30,30,50,0,0,2564.6,-135.4,52.87,185.91,0.0,0.1,0.05,0
0.36,3.0,2600.0,2800.0,1100011,30,50,0,0,0,50,50,2823.4,123.4,52.07,188.77,1.0,0.18,0.59,221713
0.36,3.0,2600.0,2800.0,1100101,30,50,0,0,50,0,50,2745.9,45.9,56.41,174.23,0.0,0.69,0.35,0
0.36,3.0,2600.0,2800.0,1100110,30,50,0,0,50,50,0,2795.4,95.4,54.02,181.95,1.0,0.36,0.68,3717
0.36,3.0,2600.0,2800.0,1101001,30,50,0,30,0,0,50,2696.9,-3.1,53.27,184.5,1.0,0.98,0.99,188841
0.36,3.0,2600.0,2800.0,1101100,30,50,0,30,50,0,0,2617.0,-83.0,55.02,178.63,1.0,0.45,0.72,1658
0.36,3.0,2600.0,2800.0,1110001,30,50,30,0,0,0,50,2727.2,27.2,53.17,184.87,0.0,0.82,0.41,0
0.36,3.0,2600.0,2800.0,1110010,47,31,30,0,0,50,0,2848.0,148.0,49.23,199.65,1.0,0.01,0.51,106
0.36,3.0,2600.0,2800.0,1110100,36,50,30,0,50,0,0,2708.7,8.7,55.17,178.16,0.0,0.94,0.47,0
0.36,3.0,2600.0,2800.0,1111000,31,50,30,30,0,0,0,2563.1,-136.9,51.49,190.89,1.0,0.09,0.54,437
0.36,3.0,2700.0,2900.0,0001111,0,0,0,30,50,50,50,2768.9,-31.1,53.5,183.72,1.0,0.79,0.9,26833
0.36,3.0,2700.0,2900.0,0011011,0,0,30,30,0,50,50,2661.3,-138.7,50.93,193.01,1.0,0.08,0.54,17354
0.36,3.0,2700.0,2900.0,0011110,0,0,30,30,50,50,0,2673.4,-126.6,51.3,191.6,1.0,0.16,0.58,258
0.36,3.0,2700.0,2900.0,0100111,0,50,0,0,50,50,50,2851.7,51.7,55.44,177.3,0.0,0.66,0.33,0
0.36,3.0,2700.0,2900.0,0101011,0,50,0,30,0,50,50,2875.6,75.6,52.75,186.33,1.0,0.5,0.75,143190
0.36,3.0,2700.0,2900.0,0101101,0,50,0,30,50,0,50,2737.1,-62.9,56.36,174.41,0.0,0.58,0.29,0
0.36,3.0,2700.0,2900.0,0101110,0,50,0,30,50,50,0,2746.4,-53.6,53.7,183.05,1.0,0.64,0.82,25013
0.36,3.0,2700.0,2900.0,0110011,0,50,30,0,0,50,50,2828.6,28.6,52.28,188.01,1.0,0.81,0.9,75136
0.36,3.0,2700.0,2900.0,0110110,0,50,30,0,50,50,0,2772.6,-27.4,53.8,182.68,1.0,0.82,0.91,165
0.36,3.0,2700.0,2900.0,0111001,0,50,30,30,0,0,50,2725.0,-75.0,53.53,183.6,1.0,0.5,0.75,81293
0.36,3.0,2700.0,2900.0,0111010,0,41,30,30,0,50,0,2650.5,-149.5,49.42,198.87,1.0,0.0,0.5,735
0.36,3.0,2700.0,2900.0,0111100,0,50,30,40,50,0,0,2657.2,-142.8,54.55,180.19,0.0,0.05,0.02,0
0.36,3.0,2700.0,2900.0,1000111,44,0,0,0,50,50,50,2918.0,118.0,53.26,184.55,1.0,0.21,0.61,32229
0.36,3.0,2700.0,2900.0,1001011,30,0,0,34,0,50,50,2659.8,-140.2,51.1,192.35,1.0,0.07,0.53,104030
0.36,3.0,2700.0,2900.0,1001101,31,0,0,30,50,0,50,2654.7,-145.3,54.6,180.01,1.0,0.03,0.52,33990
0.36,3.0,2700.0,2900.0,1001110,30,0,0,30,50,50,0,2677.9,-122.1,51.71,190.1,1.0,0.19,0.59,4274
0.36,3.0,2700.0,2900.0,1010011,30,0,30,0,0,50,50,2727.8,-72.2,49.72,197.69,1.0,0.52,0.76,5887
0.36,3.0,2700.0,2900.0,1010110,30,0,30,0,50,50,0,2733.9,-66.1,51.79,189.78,0.0,0.56,0.28,0
0.36,3.0,2700.0,2900.0,1011001,31,0,31,50,0,0,50,2652.2,-147.8,51.36,191.39,1.0,0.01,0.51,8236
0.36,3.0,2700.0,2900.0,1011010,45,0,32,30,0,50,0,2949.3,149.3,49.85,197.16,0.0,0.0,0.0,0
0.36,3.0,2700.0,2900.0,1011100,40,0,30,30,50,0,0,2666.8,-133.2,52.82,186.08,0.0,0.11,0.06,0
0.36,3.0,2700.0,2900.0,1100011,30,50,0,0,0,50,50,2823.4,23.4,52.07,188.77,1.0,0.84,0.92,221713
0.36,3.0,2700.0,2900.0,1100101,30,50,0,0,50,0,50,2745.9,-54.1,56.41,174.23,0.0,0.64,0.32,0
0.36,3.0,2700.0,2900.0,1100110,30,50,0,0,50,50,0,2795.4,-4.6,54.02,181.95,1.0,0.97,0.98,3717
0.36,3.0,2700.0,2900.0,1101001,30,50,0,30,0,0,50,2696.9,-103.1,53.27,184.5,1.0,0.31,0.66,188841
0.36,3.0,2700.0,2900.0,1101100,34,50,0,30,50,0,0,2657.7,-142.3,54.91,179.01,1.0,0.05,0.53,1658
0.36,3.0,2700.0,2900.0,1110001,30,50,30,0,0,0,50,2727.2,-72.8,53.17,184.87,0.0,0.51,0.26,0
0.36,3.0,2700.0,2900.0,1110010,50,30,31,0,0,50,0,2942.6,142.6,49.61,198.13,1.0,0.05,0.52,106
0.36,3.0,2700.0,2900.0,1110100,36,50,30,0,50,0,0,2708.7,-91.3,55.17,178.16,0.0,0.39,0.2,0
0.36,3.0,2700.0,2900.0,1111000,34,50,30,33,0,0,0,2653.6,-146.4,51.17,192.09,1.0,0.02,0.51,437
0.36,3.0,2800.0,3000.0,0001111,0,0,0,30,50,50,50,2768.9,-131.1,53.5,183.72,1.0,0.13,0.56,26833
0.36,3.0,2800.0,3000.0,0011011,0,0,30,35,0,50,50,2758.7,-141.3,50.73,193.76,1.0,0.06,0.53,17354
0.36,3.0,2800.0,3000.0,0011110,0,0,40,30,50,50,0,2753.7,-146.3,50.92,193.02,1.0,0.02,0.51,258
0.36,3.0,2800.0,3000.0,0100111,0,50,0,0,50,50,50,2851.7,-48.3,55.44,177.3,0.0,0.68,0.34,0
0.36,3.0,2800.0,3000.0,0101011,0,50,0,30,0,50,50,2875.6,-24.4,52.75,186.33,1.0,0.84,0.92,143190
0.36,3.0,2800.0,3000.0,0101101,0,50,0,33,50,0,50,2754.1,-145.9,56.31,174.55,0.0,0.03,0.01,0
0.36,3.0,2800.0,3000.0,0101110,0,50,0,31,50,50,0,2755.1,-144.9,53.64,183.24,1.0,0.03,0.52,25013
0.36,3.0,2800.0,3000.0,0110011,0,50,30,0,0,50,50,2828.6,-71.4,52.28,188.01,1.0,0.52,0.76,75136
0.36,3.0,2800.0,3000.0,0110110,0,50,30,0,50,50,0,2772.6,-127.4,53.8,182.68,1.0,0.15,0.58,165
0.36,3.0,2800.0,3000.0,0111001,0,50,30,34,0,0,50,2753.4,-146.6,53.46,183.87,1.0,0.02,0.51,81293
0.36,3.0,2800.0,3000.0,0111010,0,48,30,30,0,50,0,2755.5,-144.5,49.27,199.51,1.0,0.04,0.52,735
0.36,3.0,2800.0,3000.0,0111100,0,50,35,45,50,0,0,2750.9,-149.1,54.05,181.85,0.0,0.01,0.0,0
0.36,3.0,2800.0,3000.0,1000111,44,0,0,0,50,50,50,2918.0,18.0,53.26,184.55,1.0,0.88,0.94,32229
0.36,3.0,2800.0,3000.0,1001011,33,0,0,35,0,50,50,2753.3,-146.7,50.84,193.33,1.0,0.02,0.51,104030
0.36,3.0,2800.0,3000.0,1001101,40,0,0,31,50,0,50,2750.3,-149.7,54.44,180.55,1.0,0.0,0.5,33990
0.36,3.0,2800.0,3000.0,1001110,37,0,0,30,50,50,0,2759.6,-140.4,51.59,190.53,1.0,0.06,0.53,4274
0.36,3.0,2800.0,3000.0,1010011,30,0,31,0,0,50,50,2754.8,-145.2,49.62,198.07,1.0,0.03,0.52,5887
0.36,3.0,2800.0,3000.0,1010110,32,0,30,0,50,50,0,2756.1,-143.9,51.72,190.06,0.0,0.04,0.02,0
0.36,3.0,2800.0,3000.0,1011001,30,0,38,44,0,0,50,2750.3,-149.7,51.13,192.24,1.0,0.0,0.5,8236
0.36,3.0,2800.0,3000.0,1011010,48,0,30,32,0,50,0,3047.0,147.0,50.21,195.76,0.0,0.02,0.01,0
0.36,3.0,2800.0,3000.0,1011100,44,0,30,30,50,0,0,2752.4,-147.6,52.62,186.78,0.0,0.02,0.01,0
0.36,3.0,2800.0,3000.0,1100011,30,50,0,0,0,50,50,2823.4,-76.6,52.07,188.77,1.0,0.49,0.74,221713
0.36,3.0,2800.0,3000.0,1100101,31,50,0,0,50,0,50,2753.3,-146.7,56.41,174.25,0.0,0.02,0.01,0
0.36,3.0,2800.0,3000.0,1100110,30,50,0,0,50,50,0,2795.4,-104.6,54.02,181.95,1.0,0.3,0.65,3717
0.36,3.0,2800.0,3000.0,1101001,30,50,0,37,0,0,50,2752.9,-147.1,53.18,184.82,1.0,0.02,0.51,188841
0.36,3.0,2800.0,3000.0,1101100,44,50,0,30,50,0,0,2756.1,-143.9,54.78,179.41,1.0,0.04,0.52,1658
0.36,3.0,2800.0,3000.0,1110001,34,50,30,0,0,0,50,2757.5,-142.5,53.04,185.3,0.0,0.05,0.03,0
0.36,3.0,2800.0,3000.0,1110010,50,30,32,0,0,50,0,2955.7,55.7,49.61,198.12,1.0,0.63,0.81,106
0.36,3.0,2800.0,3000.0,1110100,39,50,30,0,50,0,0,2753.3,-146.7,55.16,178.2,0.0,0.02,0.01,0
0.36,3.0,2800.0,3000.0,1111000,42,50,30,31,0,0,0,2751.3,-148.7,50.67,193.98,1.0,0.01,0.5,437
0.36,3.0,2900.0,3100.0,0001111,0,0,0,41,50,50,50,2850.3,-149.7,53.18,184.82,1.0,0.0,0.5,26833
0.36,3.0,2900.0,3100.0,0011011,0,0,31,39,0,50,50,2854.4,-145.6,50.48,194.71,1.0,0.03,0.51,17354
0.36,3.0,2900.0,3100.0,0011110,0,0,50,35,50,50,0,2852.0,-148.0,50.29,195.47,1.0,0.01,0.51,258
0.36,3.0,2900.0,3100.0,0100111,0,50,0,0,50,50,50,2851.7,-148.3,55.44,177.3,0.0,0.01,0.01,0
0.36,3.0,2900.0,3100.0,0101011,0,50,0,30,0,50,50,2875.6,-124.4,52.75,186.33,1.0,0.17,0.59,143190
0.36,3.0,2900.0,3100.0,0101101,0,50,0,48,50,0,50,2853.3,-146.7,56.02,175.45,0.0,0.02,0.01,0
0.36,3.0,2900.0,3100.0,0101110,0,50,0,41,50,50,0,2858.2,-141.8,52.69,186.54,1.0,0.05,0.53,25013
0.36,3.0,2900.0,3100.0,0110011,0,50,35,0,0,50,50,2855.1,-144.9,52.07,188.75,1.0,0.03,0.52,75136
0.36,3.0,2900.0,3100.0,0110110,0,50,38,0,50,50,0,2853.5,-146.5,53.14,184.95,1.0,0.02,0.51,165
0.36,3.0,2900.0,3100.0,0111001,0,50,30,49,0,0,50,2850.7,-149.3,52.98,185.53,1.0,0.0,0.5,81293
0.36,3.0,2900.0,3100.0,0111010,0,50,30,39,0,50,0,2857.1,-142.9,48.74,201.66,1.0,0.05,0.52,735
0.36,3.0,2900.0,3100.0,0111100,0,50,46,44,50,0,0,2851.1,-148.9,53.11,185.07,0.0,0.01,0.0,0
0.36,3.0,2900.0,3100.0,1000111,44,0,0,0,50,50,50,2918.0,-82.0,53.26,184.55,1.0,0.45,0.73,32229
0.36,3.0,2900.0,3100.0,1001011,40,0,0,32,0,50,50,2854.4,-145.6,50.57,194.37,1.0,0.03,0.51,104030
0.36,3.0,2900.0,3100.0,1001101,50,0,0,31,50,0,50,2855.4,-144.6,54.14,181.53,1.0,0.04,0.52,33990
0.36,3.0,2900.0,3100.0,1001110,44,0,0,30,50,50,0,2866.1,-133.9,51.45,191.05,1.0,0.11,0.55,4274
0.36,3.0,2900.0,3100.0,1010011,46,0,33,0,0,50,50,3149.9,149.9,49.64,198.01,1.0,0.0,0.5,5887
0.36,3.0,2900.0,3100.0,1010110,50,0,33,0,50,50,0,3145.9,145.9,51.76,189.89,0.0,0.03,0.01,0
0.36,3.0,2900.0,3100.0,1011001,40,0,30,44,0,0,50,2850.3,-149.7,50.88,193.2,1.0,0.0,0.5,8236
0.36,3.0,2900.0,3100.0,1011010,50,0,30,32,0,50,0,3137.0,137.0,50.43,194.89,0.0,0.09,0.04,0
0.36,3.0,2900.0,3100.0,1011100,50,0,30,30,50,0,0,2856.0,-144.0,52.37,187.69,0.0,0.04,0.02,0
0.36,3.0,2900.0,3100.0,1100011,34,50,0,0,0,50,50,2850.5,-149.5,52.0,189.0,1.0,0.0,0.5,221713
0.36,3.0,2900.0,3100.0,1100101,46,50,0,0,50,0,50,2853.5,-146.5,56.29,174.6,0.0,0.02,0.01,0
0.36,3.0,2900.0,3100.0,1100110,34,50,0,0,50,50,0,2853.6,-146.4,53.83,182.59,1.0,0.02,0.51,3717
0.36,3.0,2900.0,3100.0,1101001,33,50,0,50,0,0,50,2853.5,-146.5,52.74,186.36,1.0,0.02,0.51,188841
0.36,3.0,2900.0,3100.0,1101100,50,50,0,33,50,0,0,2859.0,-141.0,54.4,180.67,1.0,0.06,0.53,1658
0.36,3.0,2900.0,3100.0,1110001,44,50,30,0,0,0,50,2851.7,-148.3,52.64,186.73,0.0,0.01,0.01,0
0.36,3.0,2900.0,3100.0,1110010,50,30,32,0,0,50,0,2955.7,-44.3,49.61,198.12,1.0,0.7,0.85,106
0.36,3.0,2900.0,3100.0,1110100,45,50,30,0,50,0,0,2855.1,-144.9,55.04,178.59,0.0,0.03,0.02,0
0.36,3.0,2900.0,3100.0,1111000,50,30,46,50,0,0,0,3135.5,135.5,50.55,194.44,1.0,0.1,0.55,437
0.36,3.0,3000.0,3200.0,0001111,0,0,0,49,50,50,50,2953.3,-146.7,52.48,187.29,1.0,0.02,0.51,26833
0.36,3.0,3000.0,3200.0,0011011,0,0,30,46,0,50,50,2957.2,-142.8,50.24,195.62,1.0,0.05,0.52,17354
0.36,3.0,3000.0,3200.0,0011110,0,0,50,50,50,50,0,2949.3,-150.7,50.02,196.52,1.0,0.0,0.5,258
0.36,3.0,3000.0,3200.0,0100111,0,50,0,0,50,50,50,2851.7,-248.3,55.44,177.3,0.0,0.0,0.0,0
0.36,3.0,3000.0,3200.0,0101011,0,50,0,39,0,50,50,2962.5,-137.5,52.47,187.32,1.0,0.08,0.54,143190
0.36,3.0,3000.0,3200.0,0101101,0,50,0,50,50,0,50,2868.1,-231.9,55.97,175.62,0.0,0.0,0.0,0
0.36,3.0,3000.0,3200.0,0101110,0,50,0,50,50,50,0,2938.7,-161.3,51.58,190.57,1.0,0.0,0.5,25013
0.36,3.0,3000.0,3200.0,0110011,0,50,44,0,0,50,50,2952.9,-147.1,51.3,191.61,1.0,0.02,0.51,75136
0.36,3.0,3000.0,3200.0,0110110,0,50,47,0,50,50,0,2956.0,-144.0,52.06,188.79,1.0,0.04,0.52,165
0.36,3.0,3000.0,3200.0,0111001,0,50,41,50,0,0,50,2960.0,-140.0,52.29,187.96,1.0,0.07,0.53,81293
0.36,3.0,3000.0,3200.0,0111010,0,50,30,49,0,50,0,2952.9,-147.1,48.47,202.79,1.0,0.02,0.51,735
0.36,3.0,3000.0,3200.0,0111100,0,50,50,50,50,0,0,2906.7,-193.3,52.09,188.7,0.0,0.0,0.0,0
0.36,3.0,3000.0,3200.0,1000111,46,0,0,0,50,50,50,2962.2,-137.8,53.24,184.63,1.0,0.08,0.54,32229
0.36,3.0,3000.0,3200.0,1001011,50,0,0,30,0,50,50,3142.9,42.9,50.45,194.84,1.0,0.71,0.86,104030
0.36,3.0,3000.0,3200.0,1001101,50,0,0,43,50,0,50,2963.8,-136.2,53.83,182.58,1.0,0.09,0.55,33990
0.36,3.0,3000.0,3200.0,1001110,50,0,0,30,50,50,0,2986.4,-113.6,51.35,191.43,1.0,0.24,0.62,4274
0.36,3.0,3000.0,3200.0,1010011,50,0,34,0,0,50,50,3244.5,144.5,50.02,196.49,1.0,0.04,0.52,5887
0.36,3.0,3000.0,3200.0,1010110,50,0,41,0,50,50,0,3249.6,149.6,51.81,189.73,0.0,0.0,0.0,0
0.36,3.0,3000.0,3200.0,1011001,40,0,30,50,0,0,50,2962.7,-137.3,50.65,194.06,1.0,0.08,0.54,8236
0.36,3.0,3000.0,3200.0,1011010,50,0,30,38,0,50,0,3248.6,148.6,50.54,194.47,0.0,0.01,0.0,0
0.36,3.0,3000.0,3200.0,1011100,50,0,32,38,50,0,0,2951.0,-149.0,51.92,189.33,0.0,0.01,0.0,0
0.36,3.0,3000.0,3200.0,1100011,44,50,0,0,0,50,50,2950.7,-149.3,51.44,191.06,1.0,0.0,0.5,221713
0.36,3.0,3000.0,3200.0,1100101,50,50,0,0,50,0,50,2892.6,-207.4,56.21,174.86,0.0,0.0,0.0,0
0.36,3.0,3000.0,3200.0,1100110,41,50,0,0,50,50,0,2957.3,-142.7,53.34,184.27,1.0,0.05,0.52,3717
0.36,3.0,3000.0,3200.0,1101001,42,50,0,50,0,0,50,2950.9,-149.1,52.25,188.1,1.0,0.01,0.5,188841
0.36,3.0,3000.0,3200.0,1101100,50,50,0,42,50,0,0,2956.4,-143.6,53.7,183.05,1.0,0.04,0.52,1658
0.36,3.0,3000.0,3200.0,1110001,50,50,32,0,0,0,50,2956.2,-143.8,52.35,187.75,0.0,0.04,0.02,0
0.36,3.0,3000.0,3200.0,1110010,50,30,32,0,0,50,0,2955.7,-144.3,49.61,198.12,1.0,0.04,0.52,106
0.36,3.0,3000.0,3200.0,1110100,50,50,30,0,50,0,0,2950.4,-149.6,54.83,179.26,0.0,0.0,0.0,0
0.36,3.0,3000.0,3200.0,1111000,50,30,46,50,0,0,0,3135.5,35.5,50.55,194.44,1.0,0.76,0.88,437
0.36,3.0,3100.0,3300.0,0001111,0,0,0,50,50,50,50,2963.6,-236.4,52.36,187.71,1.0,0.0,0.5,26833
0.36,3.0,3100.0,3300.0,0011011,0,0,33,50,0,50,50,3054.6,-145.4,49.92,196.9,1.0,0.03,0.52,17354
0.36,3.0,3100.0,3300.0,0011110,0,0,50,50,50,50,0,2949.3,-250.7,50.02,196.52,1.0,0.0,0.5,258
0.36,3.0,3100.0,3300.0,0100111,0,50,0,0,50,50,50,2851.7,-348.3,55.44,177.3,0.0,0.0,0.0,0
0.36,3.0,3100.0,3300.0,0101011,0,50,0,44,0,50,50,3061.2,-138.8,52.07,188.76,1.0,0.07,0.54,143190
0.36,3.0,3100.0,3300.0,0101101,0,50,0,50,50,0,50,2868.1,-331.9,55.97,175.62,0.0,0.0,0.0,0
0.36,3.0,3100.0,3300.0,0101110,0,50,0,50,50,50,0,2938.7,-261.3,51.58,190.57,1.0,0.0,0.5,25013
0.36,3.0,3100.0,3300.0,0110011,0,50,49,0,0,50,50,3057.7,-142.3,50.46,194.8,1.0,0.05,0.53,75136
0.36,3.0,3100.0,3300.0,0110110,0,50,50,0,50,50,0,2995.4,-204.6,51.55,190.68,1.0,0.0,0.5,165
0.36,3.0,3100.0,3300.0,0111001,0,50,50,50,0,0,50,3044.6,-155.4,51.3,191.59,1.0,0.0,0.5,81293
0.36,3.0,3100.0,3300.0,0111010,0,50,40,50,0,50,0,3057.1,-142.9,48.12,204.24,1.0,0.05,0.52,735
0.36,3.0,3100.0,3300.0,0111100,0,50,50,50,50,0,0,2906.7,-293.3,52.09,188.7,0.0,0.0,0.0,0
0.36,3.0,3100.0,3300.0,1000111,49,0,0,0,50,50,50,3073.1,-126.9,53.14,184.97,1.0,0.15,0.58,32229
0.36,3.0,3100.0,3300.0,1001011,50,0,0,44,0,50,50,3349.0,149.0,50.57,194.35,1.0,0.01,0.5,104030
0.36,3.0,3100.0,3300.0,1001101,50,0,0,48,50,0,50,3074.2,-125.8,53.53,183.61,1.0,0.16,0.58,33990
0.36,3.0,3100.0,3300.0,1001110,50,0,0,37,50,50,0,3058.6,-141.4,51.29,191.63,1.0,0.06,0.53,4274
0.36,3.0,3100.0,3300.0,1010011,50,0,42,0,0,50,50,3338.0,138.0,50.29,195.46,1.0,0.08,0.54,5887
0.36,3.0,3100.0,3300.0,1010110,50,0,44,0,50,50,0,3289.4,89.4,51.82,189.69,0.0,0.4,0.2,0
0.36,3.0,3100.0,3300.0,1011001,50,0,42,50,0,0,50,3349.7,149.7,50.85,193.31,1.0,0.0,0.5,8236
0.36,3.0,3100.0,3300.0,1011010,50,0,30,43,0,50,0,3348.1,148.1,50.57,194.37,0.0,0.01,0.01,0
0.36,3.0,3100.0,3300.0,1011100,50,0,50,50,50,0,0,3296.4,96.4,51.88,189.46,0.0,0.36,0.18,0
0.36,3.0,3100.0,3300.0,1100011,47,50,0,0,0,50,50,3058.0,-142.0,51.03,192.6,1.0,0.05,0.53,221713
0.36,3.0,3100.0,3300.0,1100101,50,50,0,0,50,0,50,2892.6,-307.4,56.21,174.86,0.0,0.0,0.0,0
0.36,3.0,3100.0,3300.0,1100110,46,50,0,0,50,50,0,3052.1,-147.9,52.85,185.98,1.0,0.01,0.51,3717
0.36,3.0,3100.0,3300.0,1101001,47,50,0,49,0,0,50,3051.3,-148.7,51.86,189.53,1.0,0.01,0.5,188841
0.36,3.0,3100.0,3300.0,1101100,50,50,0,50,50,0,0,3047.2,-152.8,52.97,185.54,1.0,0.0,0.5,1658
0.36,3.0,3100.0,3300.0,1110001,50,50,37,0,0,0,50,3056.9,-143.1,51.78,189.84,0.0,0.05,0.02,0
0.36,3.0,3100.0,3300.0,1110010,50,30,40,0,0,50,0,3062.9,-137.1,49.59,198.22,1.0,0.09,0.54,106
0.36,3.0,3100.0,3300.0,1110100,50,50,39,0,50,0,0,3052.7,-147.3,53.95,182.2,0.0,0.02,0.01,0
0.36,3.0,3100.0,3300.0,1111000,50,30,46,50,0,0,0,3135.5,-64.5,50.55,194.44,1.0,0.57,0.78,437
0.36,3.0,3200.0,3400.0,0001111,0,0,0,50,50,50,50,2963.6,-336.4,52.36,187.71,1.0,0.0,0.5,26833
0.36,3.0,3200.0,3400.0,0011011,0,0,50,50,0,50,50,3209.2,-90.8,49.63,198.07,1.0,0.39,0.7,17354
0.36,3.0,3200.0,3400.0,0011110,0,0,50,50,50,50,0,2949.3,-350.7,50.02,196.52,1.0,0.0,0.5,258
0.36,3.0,3200.0,3400.0,0100111,0,50,0,0,50,50,50,2851.7,-448.3,55.44,177.3,0.0,0.0,0.0,0
0.36,3.0,3200.0,3400.0,0101011,0,50,0,50,0,50,50,3154.1,-145.9,51.43,191.13,1.0,0.03,0.51,143190
0.36,3.0,3200.0,3400.0,0101101,0,50,0,50,50,0,50,2868.1,-431.9,55.97,175.62,0.0,0.0,0.0,0
0.36,3.0,3200.0,3400.0,0101110,0,50,0,50,50,50,0,2938.7,-361.3,51.58,190.57,1.0,0.0,0.5,25013
0.36,3.0,3200.0,3400.0,0110011,0,50,50,0,0,50,50,3079.7,-220.3,50.32,195.31,1.0,0.0,0.5,75136
0.36,3.0,3200.0,3400.0,0110110,0,50,50,0,50,50,0,2995.4,-304.6,51.55,190.68,1.0,0.0,0.5,165
0.36,3.0,3200.0,3400.0,0111001,0,50,50,50,0,0,50,3044.6,-255.4,51.3,191.59,1.0,0.0,0.5,81293
0.36,3.0,3200.0,3400.0,0111010,0,50,49,50,0,50,0,3155.4,-144.6,47.91,205.14,1.0,0.04,0.52,735
0.36,3.0,3200.0,3400.0,0111100,0,50,50,50,50,0,0,2906.7,-393.3,52.09,188.7,0.0,0.0,0.0,0
0.36,3.0,3200.0,3400.0,1000111,50,0,0,0,50,50,50,3112.3,-187.7,53.05,185.26,1.0,0.0,0.5,32229
0.36,3.0,3200.0,3400.0,1001011,50,0,0,50,0,50,50,3443.7,143.7,50.72,193.81,1.0,0.04,0.52,104030
0.36,3.0,3200.0,3400.0,1001101,50,0,0,50,50,0,50,3112.4,-187.6,53.33,184.29,1.0,0.0,0.5,33990
0.36,3.0,3200.0,3400.0,1001110,50,0,0,50,50,50,0,3240.1,-59.9,51.26,191.73,1.0,0.6,0.8,4274
0.36,3.0,3200.0,3400.0,1010011,50,0,50,0,0,50,50,3447.8,147.8,50.52,194.55,1.0,0.01,0.51,5887
0.36,3.0,3200.0,3400.0,1010110,50,0,44,0,50,50,0,3289.4,-10.6,51.82,189.69,0.0,0.93,0.46,0
0.36,3.0,3200.0,3400.0,1011001,50,0,50,50,0,0,50,3442.3,142.3,50.94,192.96,1.0,0.05,0.53,8236
0.36,3.0,3200.0,3400.0,1011010,50,0,30,48,0,50,0,3441.4,141.4,50.61,194.2,0.0,0.06,0.03,0
0.36,3.0,3200.0,3400.0,1011100,50,0,50,50,50,0,0,3296.4,-3.6,51.88,189.46,0.0,0.98,0.49,0
0.36,3.0,3200.0,3400.0,1100011,50,50,0,0,0,50,50,3142.8,-157.2,50.54,194.5,1.0,0.0,0.5,221713
0.36,3.0,3200.0,3400.0,1100101,50,50,0,0,50,0,50,2892.6,-407.4,56.21,174.86,0.0,0.0,0.0,0
0.36,3.0,3200.0,3400.0,1100110,50,50,0,0,50,50,0,3154.1,-145.9,52.49,187.24,1.0,0.03,0.51,3717
0.36,3.0,3200.0,3400.0,1101001,50,50,0,50,0,0,50,3149.0,-151.0,51.45,191.05,1.0,0.0,0.5,188841
0.36,3.0,3200.0,3400.0,1101100,50,50,0,50,50,0,0,3047.2,-252.8,52.97,185.54,1.0,0.0,0.5,1658
0.36,3.0,3200.0,3400.0,1110001,50,49,42,0,0,0,50,3153.8,-146.2,51.16,192.11,0.0,0.03,0.01,0
0.36,3.0,3200.0,3400.0,1110010,50,30,47,0,0,50,0,3161.1,-138.9,49.54,198.4,1.0,0.07,0.54,106
0.36,3.0,3200.0,3400.0,1110100,50,50,46,0,50,0,0,3154.1,-145.9,53.24,184.61,0.0,0.03,0.01,0
0.36,3.0,3200.0,3400.0,1111000,50,30,48,50,0,0,0,3163.0,-137.0,50.52,194.54,1.0,0.09,0.54,437
0.36,3.0,3300.0,3500.0,0001111,0,0,0,50,50,50,50,2963.6,-436.4,52.36,187.71,1.0,0.0,0.5,26833
0.36,3.0,3300.0,3500.0,0011011,0,0,50,50,0,50,50,3209.2,-190.8,49.63,198.07,1.0,0.0,0.5,17354
0.36,3.0,3300.0,3500.0,0011110,0,0,50,50,50,50,0,2949.3,-450.7,50.02,196.52,1.0,0.0,0.5,258
0.36,3.0,3300.0,3500.0,0100111,0,50,0,0,50,50,50,2851.7,-548.3,55.44,177.3,0.0,0.0,0.0,0
0.36,3.0,3300.0,3500.0,0101011,0,50,0,50,0,50,50,3154.1,-245.9,51.43,191.13,1.0,0.0,0.5,143190
0.36,3.0,3300.0,3500.0,0101101,0,50,0,50,50,0,50,2868.1,-531.9,55.97,175.62,0.0,0.0,0.0,0
0.36,3.0,3300.0,3500.0,0101110,0,50,0,50,50,50,0,2938.7,-461.3,51.58,190.57,1.0,0.0,0.5,25013
0.36,3.0,3300.0,3500.0,0110011,0,50,50,0,0,50,50,3079.7,-320.3,50.32,195.31,1.0,0.0,0.5,75136
0.36,3.0,3300.0,3500.0,0110110,0,50,50,0,50,50,0,2995.4,-404.6,51.55,190.68,1.0,0.0,0.5,165
0.36,3.0,3300.0,3500.0,0111001,0,50,50,50,0,0,50,3044.6,-355.4,51.3,191.59,1.0,0.0,0.5,81293
0.36,3.0,3300.0,3500.0,0111010,0,50,50,50,0,50,0,3167.5,-232.5,47.89,205.22,1.0,0.0,0.5,735
0.36,3.0,3300.0,3500.0,0111100,0,50,50,50,50,0,0,2906.7,-493.3,52.09,188.7,0.0,0.0,0.0,0
0.36,3.0,3300.0,3500.0,1000111,50,0,0,0,50,50,50,3112.3,-287.7,53.05,185.26,1.0,0.0,0.5,32229
0.36,3.0,3300.0,3500.0,1001011,50,0,0,50,0,50,50,3443.7,43.7,50.72,193.81,1.0,0.71,0.85,104030
0.36,3.0,3300.0,3500.0,1001101,50,0,0,50,50,0,50,3112.4,-287.6,53.33,184.29,1.0,0.0,0.5,33990
0.36,3.0,3300.0,3500.0,1001110,50,0,0,50,50,50,0,3240.1,-159.9,51.26,191.73,1.0,0.0,0.5,4274
0.36,3.0,3300.0,3500.0,1010011,50,0,50,0,0,50,50,3447.8,47.8,50.52,194.55,1.0,0.68,0.84,5887
0.36,3.0,3300.0,3500.0,1010110,50,0,44,0,50,50,0,3289.4,-110.6,51.82,189.69,0.0,0.26,0.13,0
0.36,3.0,3300.0,3500.0,1011001,50,0,50,50,0,0,50,3442.3,42.3,50.94,192.96,1.0,0.72,0.86,8236
0.36,3.0,3300.0,3500.0,1011010,50,0,31,50,0,50,0,3492.3,92.3,50.63,194.14,0.0,0.38,0.19,0
0.36,3.0,3300.0,3500.0,1011100,50,0,50,50,50,0,0,3296.4,-103.6,51.88,189.46,0.0,0.31,0.15,0
0.36,3.0,3300.0,3500.0,1100011,50,50,0,0,0,50,50,3142.8,-257.2,50.54,194.5,1.0,0.0,0.5,221713
0.36,3.0,3300.0,3500.0,1100101,50,50,0,0,50,0,50,2892.6,-507.4,56.21,174.86,0.0,0.0,0.0,0
0.36,3.0,3300.0,3500.0,1100110,50,50,0,0,50,50,0,3154.1,-245.9,52.49,187.24,1.0,0.0,0.5,3717
0.36,3.0,3300.0,3500.0,1101001,50,50,0,50,0,0,50,3149.0,-251.0,51.45,191.05,1.0,0.0,0.5,188841
0.36,3.0,3300.0,3500.0,1101100,50,50,0,50,50,0,0,3047.2,-352.8,52.97,185.54,1.0,0.0,0.5,1658
0.36,3.0,3300.0,3500.0,1110001,50,50,49,0,0,0,50,3264.2,-135.8,50.31,195.37,0.0,0.09,0.05,0
0.36,3.0,3300.0,3500.0,1110010,50,36,50,0,0,50,0,3259.6,-140.4,49.3,199.36,1.0,0.06,0.53,106
0.36,3.0,3300.0,3500.0,1110100,50,50,50,0,50,0,0,3235.7,-164.3,52.87,185.9,0.0,0.0,0.0,0
0.36,3.0,3300.0,3500.0,1111000,50,38,50,50,0,0,0,3252.8,-147.2,50.24,195.63,1.0,0.02,0.51,437
0.36,3.0,3400.0,3600.0,0001111,0,0,0,50,50,50,50,2963.6,-536.4,52.36,187.71,1.0,0.0,0.5,26833
0.36,3.0,3400.0,3600.0,0011011,0,0,50,50,0,50,50,3209.2,-290.8,49.63,198.07,1.0,0.0,0.5,17354
0.36,3.0,3400.0,3600.0,0011110,0,0,50,50,50,50,0,2949.3,-550.7,50.02,196.52,1.0,0.0,0.5,258
0.36,3.0,3400.0,3600.0,0100111,0,50,0,0,50,50,50,2851.7,-648.3,55.44,177.3,0.0,0.0,0.0,0
0.36,3.0,3400.0,3600.0,0101011,0,50,0,50,0,50,50,3154.1,-345.9,51.43,191.13,1.0,0.0,0.5,143190
0.36,3.0,3400.0,3600.0,0101101,0,50,0,50,50,0,50,2868.1,-631.9,55.97,175.62,0.0,0.0,0.0,0
0.36,3.0,3400.0,3600.0,0101110,0,50,0,50,50,50,0,2938.7,-561.3,51.58,190.57,1.0,0.0,0.5,25013
0.36,3.0,3400.0,3600.0,0110011,0,50,50,0,0,50,50,3079.7,-420.3,50.32,195.31,1.0,0.0,0.5,75136
0.36,3.0,3400.0,3600.0,0110110,0,50,50,0,50,50,0,2995.4,-504.6,51.55,190.68,1.0,0.0,0.5,165
0.36,3.0,3400.0,3600.0,0111001,0,50,50,50,0,0,50,3044.6,-455.4,51.3,191.59,1.0,0.0,0.5,81293
0.36,3.0,3400.0,3600.0,0111010,0,50,50,50,0,50,0,3167.5,-332.5,47.89,205.22,1.0,0.0,0.5,735
0.36,3.0,3400.0,3600.0,0111100,0,50,50,50,50,0,0,2906.7,-593.3,52.09,188.7,0.0,0.0,0.0,0
0.36,3.0,3400.0,3600.0,1000111,50,0,0,0,50,50,50,3112.3,-387.7,53.05,185.26,1.0,0.0,0.5,32229
0.36,3.0,3400.0,3600.0,1001011,50,0,0,50,0,50,50,3443.7,-56.3,50.72,193.81,1.0,0.62,0.81,104030
0.36,3.0,3400.0,3600.0,1001101,50,0,0,50,50,0,50,3112.4,-387.6,53.33,184.29,1.0,0.0,0.5,33990
0.36,3.0,3400.0,3600.0,1001110,50,0,0,50,50,50,0,3240.1,-259.9,51.26,191.73,1.0,0.0,0.5,4274
0.36,3.0,3400.0,3600.0,1010011,50,0,50,0,0,50,50,3447.8,-52.2,50.52,194.55,1.0,0.65,0.83,5887
0.36,3.0,3400.0,3600.0,1010110,50,0,49,0,50,50,0,3357.1,-142.9,51.76,189.91,0.0,0.05,0.02,0
0.36,3.0,3400.0,3600.0,1011001,50,0,50,50,0,0,50,3442.3,-57.7,50.94,192.96,1.0,0.62,0.81,8236
0.36,3.0,3400.0,3600.0,1011010,50,0,31,50,0,50,0,3492.3,-7.7,50.63,194.14,0.0,0.95,0.47,0
0.36,3.0,3400.0,3600.0,1011100,50,0,50,50,50,0,0,3296.4,-203.6,51.88,189.46,0.0,0.0,0.0,0
0.36,3.0,3400.0,3600.0,1100011,50,50,0,0,0,50,50,3142.8,-357.2,50.54,194.5,1.0,0.0,0.5,221713
0.36,3.0,3400.0,3600.0,1100101,50,50,0,0,50,0,50,2892.6,-607.4,56.21,174.86,0.0,0.0,0.0,0
0.36,3.0,3400.0,3600.0,1100110,50,50,0,0,50,50,0,3154.1,-345.9,52.49,187.24,1.0,0.0,0.5,3717
0.36,3.0,3400.0,3600.0,1101001,50,50,0,50,0,0,50,3149.0,-351.0,51.45,191.05,1.0,0.0,0.5,188841
0.36,3.0,3400.0,3600.0,1101100,50,50,0,50,50,0,0,3047.2,-452.8,52.97,185.54,1.0,0.0,0.5,1658
0.36,3.0,3400.0,3600.0,1110001,50,50,50,0,0,0,50,3281.0,-219.0,50.3,195.41,0.0,0.0,0.0,0
0.36,3.0,3400.0,3600.0,1110010,50,44,50,0,0,50,0,3359.3,-140.7,48.97,200.72,1.0,0.06,0.53,106
0.36,3.0,3400.0,3600.0,1110100,50,50,50,0,50,0,0,3235.7,-264.3,52.87,185.9,0.0,0.0,0.0,0
0.36,3.0,3400.0,3600.0,1111000,50,47,50,50,0,0,0,3359.5,-140.5,50.03,196.47,1.0,0.06,0.53,437
0.36,3.0,3500.0,3700.0,0001111,0,0,0,50,50,50,50,2963.6,-636.4,52.36,187.71,1.0,0.0,0.5,26833
0.36,3.0,3500.0,3700.0,0011011,0,0,50,50,0,50,50,3209.2,-390.8,49.63,198.07,1.0,0.0,0.5,17354
0.36,3.0,3500.0,3700.0,0011110,0,0,50,50,50,50,0,2949.3,-650.7,50.02,196.52,1.0,0.0,0.5,258
0.36,3.0,3500.0,3700.0,0100111,0,50,0,0,50,50,50,2851.7,-748.3,55.44,177.3,0.0,0.0,0.0,0
0.36,3.0,3500.0,3700.0,0101011,0,50,0,50,0,50,50,3154.1,-445.9,51.43,191.13,1.0,0.0,0.5,143190
0.36,3.0,3500.0,3700.0,0101101,0,50,0,50,50,0,50,2868.1,-731.9,55.97,175.62,0.0,0.0,0.0,0
0.36,3.0,3500.0,3700.0,0101110,0,50,0,50,50,50,0,2938.7,-661.3,51.58,190.57,1.0,0.0,0.5,25013
0.36,3.0,3500.0,3700.0,0110011,0,50,50,0,0,50,50,3079.7,-520.3,50.32,195.31,1.0,0.0,0.5,75136
0.36,3.0,3500.0,3700.0,0110110,0,50,50,0,50,50,0,2995.4,-604.6,51.55,190.68,1.0,0.0,0.5,165
0.36,3.0,3500.0,3700.0,0111001,0,50,50,50,0,0,50,3044.6,-555.4,51.3,191.59,1.0,0.0,0.5,81293
0.36,3.0,3500.0,3700.0,0111010,0,50,50,50,0,50,0,3167.5,-432.5,47.89,205.22,1.0,0.0,0.5,735
0.36,3.0,3500.0,3700.0,0111100,0,50,50,50,50,0,0,2906.7,-693.3,52.09,188.7,0.0,0.0,0.0,0
0.36,3.0,3500.0,3700.0,1000111,50,0,0,0,50,50,50,3112.3,-487.7,53.05,185.26,1.0,0.0,0.5,32229
0.36,3.0,3500.0,3700.0,1001011,50,0,0,50,0,50,50,3443.7,-156.3,50.72,193.81,1.0,0.0,0.5,104030
0.36,3.0,3500.0,3700.0,1001101,50,0,0,50,50,0,50,3112.4,-487.6,53.33,184.29,1.0,0.0,0.5,33990
0.36,3.0,3500.0,3700.0,1001110,50,0,0,50,50,50,0,3240.1,-359.9,51.26,191.73,1.0,0.0,0.5,4274
0.36,3.0,3500.0,3700.0,1010011,50,0,50,0,0,50,50,3447.8,-152.2,50.52,194.55,1.0,0.0,0.5,5887
0.36,3.0,3500.0,3700.0,1010110,50,0,50,0,50,50,0,3371.6,-228.4,51.74,189.96,0.0,0.0,0.0,0
0.36,3.0,3500.0,3700.0,1011001,50,0,50,50,0,0,50,3442.3,-157.7,50.94,192.96,1.0,0.0,0.5,8236
0.36,3.0,3500.0,3700.0,1011010,50,0,31,50,0,50,0,3492.3,-107.7,50.63,194.14,0.0,0.28,0.14,0
0.36,3.0,3500.0,3700.0,1011100,50,0,50,50,50,0,0,3296.4,-303.6,51.88,189.46,0.0,0.0,0.0,0
0.36,3.0,3500.0,3700.0,1100011,50,50,0,0,0,50,50,3142.8,-457.2,50.54,194.5,1.0,0.0,0.5,221713
0.36,3.0,3500.0,3700.0,1100101,50,50,0,0,50,0,50,2892.6,-707.4,56.21,174.86,0.0,0.0,0.0,0
0.36,3.0,3500.0,3700.0,1100110,50,50,0,0,50,50,0,3154.1,-445.9,52.49,187.24,1.0,0.0,0.5,3717
0.36,3.0,3500.0,3700.0,1101001,50,50,0,50,0,0,50,3149.0,-451.0,51.45,191.05,1.0,0.0,0.5,188841
0.36,3.0,3500.0,3700.0,1101100,50,50,0,50,50,0,0,3047.2,-552.8,52.97,185.54,1.0,0.0,0.5,1658
0.36,3.0,3500.0,3700.0,1110001,50,50,50,0,0,0,50,3281.0,-319.0,50.3,195.41,0.0,0.0,0.0,0
0.36,3.0,3500.0,3700.0,1110010,50,50,50,0,0,50,0,3443.4,-156.6,48.69,201.87,1.0,0.0,0.5,106
0.36,3.0,3500.0,3700.0,1110100,50,50,50,0,50,0,0,3235.7,-364.3,52.87,185.9,0.0,0.0,0.0,0
0.36,3.0,3500.0,3700.0,1111000,50,50,50,50,0,0,0,3399.7,-200.3,49.88,197.06,1.0,0.0,0.5,437
0.36,3.0,3600.0,3800.0,0001111,0,0,0,50,50,50,50,2963.6,-736.4,52.36,187.71,1.0,0.0,0.5,26833
0.36,3.0,3600.0,3800.0,0011011,0,0,50,50,0,50,50,3209.2,-490.8,49.63,198.07,1.0,0.0,0.5,17354
0.36,3.0,3600.0,3800.0,0011110,0,0,50,50,50,50,0,2949.3,-750.7,50.02,196.52,1.0,0.0,0.5,258
0.36,3.0,3600.0,3800.0,0100111,0,50,0,0,50,50,50,2851.7,-848.3,55.44,177.3,0.0,0.0,0.0,0
0.36,3.0,3600.0,3800.0,0101011,0,50,0,50,0,50,50,3154.1,-545.9,51.43,191.13,1.0,0.0,0.5,143190
0.36,3.0,3600.0,3800.0,0101101,0,50,0,50,50,0,50,2868.1,-831.9,55.97,175.62,0.0,0.0,0.0,0
0.36,3.0,3600.0,3800.0,0101110,0,50,0,50,50,50,0,2938.7,-761.3,51.58,190.57,1.0,0.0,0.5,25013
0.36,3.0,3600.0,3800.0,0110011,0,50,50,0,0,50,50,3079.7,-620.3,50.32,195.31,1.0,0.0,0.5,75136
0.36,3.0,3600.0,3800.0,0110110,0,50,50,0,50,50,0,2995.4,-704.6,51.55,190.68,1.0,0.0,0.5,165
0.36,3.0,3600.0,3800.0,0111001,0,50,50,50,0,0,50,3044.6,-655.4,51.3,191.59,1.0,0.0,0.5,81293
0.36,3.0,3600.0,3800.0,0111010,0,50,50,50,0,50,0,3167.5,-532.5,47.89,205.22,1.0,0.0,0.5,735
0.36,3.0,3600.0,3800.0,0111100,0,50,50,50,50,0,0,2906.7,-793.3,52.09,188.7,0.0,0.0,0.0,0
0.36,3.0,3600.0,3800.0,1000111,50,0,0,0,50,50,50,3112.3,-587.7,53.05,185.26,1.0,0.0,0.5,32229
0.36,3.0,3600.0,3800.0,1001011,50,0,0,50,0,50,50,3443.7,-256.3,50.72,193.81,1.0,0.0,0.5,104030
0.36,3.0,3600.0,3800.0,1001101,50,0,0,50,50,0,50,3112.4,-587.6,53.33,184.29,1.0,0.0,0.5,33990
0.36,3.0,3600.0,3800.0,1001110,50,0,0,50,50,50,0,3240.1,-459.9,51.26,191.73,1.0,0.0,0.5,4274
0.36,3.0,3600.0,3800.0,1010011,50,0,50,0,0,50,50,3447.8,-252.2,50.52,194.55,1.0,0.0,0.5,5887
0.36,3.0,3600.0,3800.0,1010110,50,0,50,0,50,50,0,3371.6,-328.4,51.74,189.96,0.0,0.0,0.0,0
0.36,3.0,3600.0,3800.0,1011001,50,0,50,50,0,0,50,3442.3,-257.7,50.94,192.96,1.0,0.0,0.5,8236
0.36,3.0,3600.0,3800.0,1011010,50,0,36,50,0,50,0,3564.0,-136.0,50.62,194.18,0.0,0.09,0.05,0
0.36,3.0,3600.0,3800.0,1011100,50,0,50,50,50,0,0,3296.4,-403.6,51.88,189.46,0.0,0.0,0.0,0
0.36,3.0,3600.0,3800.0,1100011,50,50,0,0,0,50,50,3142.8,-557.2,50.54,194.5,1.0,0.0,0.5,221713
0.36,3.0,3600.0,3800.0,1100101,50,50,0,0,50,0,50,2892.6,-807.4,56.21,174.86,0.0,0.0,0.0,0
0.36,3.0,3600.0,3800.0,1100110,50,50,0,0,50,50,0,3154.1,-545.9,52.49,187.24,1.0,0.0,0.5,3717
0.36,3.0,3600.0,3800.0,1101001,50,50,0,50,0,0,50,3149.0,-551.0,51.45,191.05,1.0,0.0,0.5,188841
0.36,3.0,3600.0,3800.0,1101100,50,50,0,50,50,0,0,3047.2,-652.8,52.97,185.54,1.0,0.0,0.5,1658
0.36,3.0,3600.0,3800.0,1110001,50,50,50,0,0,0,50,3281.0,-419.0,50.3,195.41,0.0,0.0,0.0,0
0.36,3.0,3600.0,3800.0,1110010,50,50,50,0,0,50,0,3443.4,-256.6,48.69,201.87,1.0,0.0,0.5,106
0.36,3.0,3600.0,3800.0,1110100,50,50,50,0,50,0,0,3235.7,-464.3,52.87,185.9,0.0,0.0,0.0,0
0.36,3.0,3600.0,3800.0,1111000,50,50,50,50,0,0,0,3399.7,-300.3,49.88,197.06,1.0,0.0,0.5,437
