泵组状态,频率组合,输出列,样本数,MAE,RMSE,R2,MAPE(%)
0000110,0.0|0.0|0.0|0.0|44.7|48.8|0.0,170:1_瞬时流量,58,12.84,15.52,-2.9304,1.13
0000110,0.0|0.0|0.0|0.0|44.7|48.8|0.0,170:2_瞬时流量,58,1.78,2.15,-3.1019,0.48
0000110,0.0|0.0|0.0|0.0|44.7|48.8|0.0,70:3_瞬时流量,58,0.0,0.0,1.0,
0000110,0.0|0.0|0.0|0.0|44.7|48.8|0.0,总管效率_pct,58,2.58,2.71,-2.9273,5.43
0000110,0.0|0.0|0.0|0.0|45.8|48.1|0.0,170:1_瞬时流量,74,22.16,26.82,-0.2008,1.84
0000110,0.0|0.0|0.0|0.0|45.8|48.1|0.0,170:2_瞬时流量,74,4.69,5.23,-0.8003,1.24
0000110,0.0|0.0|0.0|0.0|45.8|48.1|0.0,70:3_瞬时流量,74,0.0,0.0,1.0,
0000110,0.0|0.0|0.0|0.0|45.8|48.1|0.0,总管效率_pct,74,2.41,2.85,-0.0562,4.8
0000110,0.0|0.0|0.0|0.0|46.8|49.2|0.0,170:1_瞬时流量,90,20.2,31.83,-0.3827,1.59
0000110,0.0|0.0|0.0|0.0|46.8|49.2|0.0,170:2_瞬时流量,90,2.13,2.36,-0.8104,0.54
0000110,0.0|0.0|0.0|0.0|46.8|49.2|0.0,70:3_瞬时流量,90,0.0,0.0,0.0,
0000110,0.0|0.0|0.0|0.0|46.8|49.2|0.0,总管效率_pct,90,2.02,3.0,-0.3621,3.73
0000110,0.0|0.0|0.0|0.0|47.9|49.4|0.0,170:1_瞬时流量,55,26.38,27.54,-0.5864,2.15
0000110,0.0|0.0|0.0|0.0|47.9|49.4|0.0,170:2_瞬时流量,55,2.37,2.68,-0.3889,0.59
0000110,0.0|0.0|0.0|0.0|47.9|49.4|0.0,70:3_瞬时流量,55,0.0,0.0,0.0,
0000110,0.0|0.0|0.0|0.0|47.9|49.4|0.0,总管效率_pct,55,3.27,3.93,-1.901,7.31
0001010,0.0|0.0|0.0|40.1|0.0|50.0|0.0,170:1_瞬时流量,314,34.78,36.78,-12.5647,2.46
0001010,0.0|0.0|0.0|40.1|0.0|50.0|0.0,170:2_瞬时流量,314,5.07,6.24,-1.5259,1.63
0001010,0.0|0.0|0.0|40.1|0.0|50.0|0.0,70:3_瞬时流量,314,0.0,0.0,0.0,
0001010,0.0|0.0|0.0|40.1|0.0|50.0|0.0,总管效率_pct,314,4.48,6.16,-0.013,9.42
0001010,0.0|0.0|0.0|40.2|0.0|50.0|0.0,170:1_瞬时流量,414,27.67,30.54,-5.0359,1.94
0001010,0.0|0.0|0.0|40.2|0.0|50.0|0.0,170:2_瞬时流量,414,4.43,5.57,-0.6904,1.41
0001010,0.0|0.0|0.0|40.2|0.0|50.0|0.0,70:3_瞬时流量,414,0.0,0.0,0.0,
0001010,0.0|0.0|0.0|40.2|0.0|50.0|0.0,总管效率_pct,414,3.45,4.41,0.018,7.41
0001010,0.0|0.0|0.0|40.5|0.0|50.0|0.0,170:1_瞬时流量,406,28.97,34.32,-1.8972,2.03
0001010,0.0|0.0|0.0|40.5|0.0|50.0|0.0,170:2_瞬时流量,406,7.56,9.11,-1.877,2.44
0001010,0.0|0.0|0.0|40.5|0.0|50.0|0.0,70:3_瞬时流量,406,0.0,0.0,0.0,
0001010,0.0|0.0|0.0|40.5|0.0|50.0|0.0,总管效率_pct,406,2.79,3.3,0.0499,5.89
0001010,0.0|0.0|0.0|41.2|0.0|50.0|0.0,170:1_瞬时流量,979,12.96,18.47,0.2936,0.88
0001010,0.0|0.0|0.0|41.2|0.0|50.0|0.0,170:2_瞬时流量,979,4.33,5.52,-0.1549,1.35
0001010,0.0|0.0|0.0|41.2|0.0|50.0|0.0,70:3_瞬时流量,979,0.0,0.0,0.0,
0001010,0.0|0.0|0.0|41.2|0.0|50.0|0.0,总管效率_pct,979,2.51,2.79,0.0318,5.3
0001010,0.0|0.0|0.0|41.3|0.0|50.0|0.0,170:1_瞬时流量,1066,15.02,19.27,0.3265,1.02
0001010,0.0|0.0|0.0|41.3|0.0|50.0|0.0,170:2_瞬时流量,1066,4.26,5.33,-0.1504,1.33
0001010,0.0|0.0|0.0|41.3|0.0|50.0|0.0,70:3_瞬时流量,1066,0.0,0.0,0.0,
0001010,0.0|0.0|0.0|41.3|0.0|50.0|0.0,总管效率_pct,1066,2.6,2.95,0.0038,5.45
0001010,0.0|0.0|0.0|41.4|0.0|50.0|0.0,170:1_瞬时流量,1494,17.31,21.82,0.2866,1.18
0001010,0.0|0.0|0.0|41.4|0.0|50.0|0.0,170:2_瞬时流量,1494,4.97,6.42,-0.1381,1.55
0001010,0.0|0.0|0.0|41.4|0.0|50.0|0.0,70:3_瞬时流量,1494,0.0,0.0,1.0,
0001010,0.0|0.0|0.0|41.4|0.0|50.0|0.0,总管效率_pct,1494,2.86,3.33,0.0283,5.94
0001010,0.0|0.0|0.0|41.6|0.0|50.0|0.0,170:1_瞬时流量,1942,22.89,26.83,-0.4598,1.55
0001010,0.0|0.0|0.0|41.6|0.0|50.0|0.0,170:2_瞬时流量,1942,6.41,7.92,-0.0465,2.02
0001010,0.0|0.0|0.0|41.6|0.0|50.0|0.0,70:3_瞬时流量,1942,0.0,0.0,0.0,
0001010,0.0|0.0|0.0|41.6|0.0|50.0|0.0,总管效率_pct,1942,3.19,3.91,-0.0298,6.62
0001010,0.0|0.0|0.0|41.9|0.0|50.0|0.0,170:1_瞬时流量,2158,25.29,28.83,-0.4016,1.69
0001010,0.0|0.0|0.0|41.9|0.0|50.0|0.0,170:2_瞬时流量,2158,6.51,8.12,0.0006,2.01
0001010,0.0|0.0|0.0|41.9|0.0|50.0|0.0,70:3_瞬时流量,2158,0.0,0.0,0.0,
0001010,0.0|0.0|0.0|41.9|0.0|50.0|0.0,总管效率_pct,2158,2.96,3.51,-0.0054,6.35
0001010,0.0|0.0|0.0|42.7|0.0|50.0|0.0,170:1_瞬时流量,1737,20.68,24.81,0.1573,1.33
0001010,0.0|0.0|0.0|42.7|0.0|50.0|0.0,170:2_瞬时流量,1737,5.48,6.79,0.1179,1.65
0001010,0.0|0.0|0.0|42.7|0.0|50.0|0.0,70:3_瞬时流量,1737,0.0,0.0,0.0,
0001010,0.0|0.0|0.0|42.7|0.0|50.0|0.0,总管效率_pct,1737,2.45,3.54,-0.0016,5.0
0001010,0.0|0.0|0.0|42.9|0.0|50.0|0.0,170:1_瞬时流量,1583,19.85,26.93,0.1962,1.29
0001010,0.0|0.0|0.0|42.9|0.0|50.0|0.0,170:2_瞬时流量,1583,6.15,7.51,0.0659,1.83
0001010,0.0|0.0|0.0|42.9|0.0|50.0|0.0,70:3_瞬时流量,1583,0.0,0.0,0.0,
0001010,0.0|0.0|0.0|42.9|0.0|50.0|0.0,总管效率_pct,1583,2.78,3.66,0.0211,5.92
0001010,0.0|0.0|0.0|43.6|0.0|50.0|0.0,170:1_瞬时流量,1985,20.38,27.86,0.0019,1.28
0001010,0.0|0.0|0.0|43.6|0.0|50.0|0.0,170:2_瞬时流量,1985,6.41,7.9,0.2006,1.88
0001010,0.0|0.0|0.0|43.6|0.0|50.0|0.0,70:3_瞬时流量,1985,0.0,0.0,0.0,
0001010,0.0|0.0|0.0|43.6|0.0|50.0|0.0,总管效率_pct,1985,3.26,4.24,-0.0018,6.82
0001010,0.0|0.0|0.0|43.9|0.0|50.0|0.0,170:1_瞬时流量,2775,21.66,28.78,0.5729,1.37
0001010,0.0|0.0|0.0|43.9|0.0|50.0|0.0,170:2_瞬时流量,2775,5.94,7.16,0.3887,1.76
0001010,0.0|0.0|0.0|43.9|0.0|50.0|0.0,70:3_瞬时流量,2775,0.0,0.01,0.0,
0001010,0.0|0.0|0.0|43.9|0.0|50.0|0.0,总管效率_pct,2775,2.52,3.05,0.005,5.27
0001010,0.0|0.0|0.0|44.3|0.0|50.0|0.0,170:1_瞬时流量,3085,25.64,32.71,0.5436,1.61
0001010,0.0|0.0|0.0|44.3|0.0|50.0|0.0,170:2_瞬时流量,3085,6.35,8.09,0.4387,1.9
0001010,0.0|0.0|0.0|44.3|0.0|50.0|0.0,70:3_瞬时流量,3085,0.0,0.01,0.0,
0001010,0.0|0.0|0.0|44.3|0.0|50.0|0.0,总管效率_pct,3085,2.76,3.36,0.1161,5.77
0001010,0.0|0.0|0.0|44.6|0.0|50.0|0.0,170:1_瞬时流量,2390,23.01,30.7,0.5131,1.42
0001010,0.0|0.0|0.0|44.6|0.0|50.0|0.0,170:2_瞬时流量,2390,6.56,8.38,0.3568,1.93
0001010,0.0|0.0|0.0|44.6|0.0|50.0|0.0,70:3_瞬时流量,2390,0.0,0.0,0.0,
0001010,0.0|0.0|0.0|44.6|0.0|50.0|0.0,总管效率_pct,2390,2.27,2.89,-0.0282,4.84
0001010,0.0|0.0|0.0|45.0|0.0|50.0|0.0,170:1_瞬时流量,3336,24.21,35.2,0.4264,1.48
0001010,0.0|0.0|0.0|45.0|0.0|50.0|0.0,170:2_瞬时流量,3336,6.66,8.24,0.363,1.94
0001010,0.0|0.0|0.0|45.0|0.0|50.0|0.0,70:3_瞬时流量,3336,0.0,0.0,0.0,
0001010,0.0|0.0|0.0|45.0|0.0|50.0|0.0,总管效率_pct,3336,2.54,3.39,-0.0463,5.09
0001010,0.0|0.0|0.0|47.1|0.0|50.0|0.0,170:1_瞬时流量,830,19.09,27.37,0.4101,1.09
0001010,0.0|0.0|0.0|47.1|0.0|50.0|0.0,170:2_瞬时流量,830,5.12,6.56,0.3304,1.42
0001010,0.0|0.0|0.0|47.1|0.0|50.0|0.0,70:3_瞬时流量,830,0.0,0.0,0.0,
0001010,0.0|0.0|0.0|47.1|0.0|50.0|0.0,总管效率_pct,830,2.98,3.73,0.0376,6.13
0001010,0.0|0.0|0.0|47.5|0.0|50.0|0.0,170:1_瞬时流量,726,18.09,24.08,0.709,1.01
0001010,0.0|0.0|0.0|47.5|0.0|50.0|0.0,170:2_瞬时流量,726,5.84,7.03,0.351,1.61
0001010,0.0|0.0|0.0|47.5|0.0|50.0|0.0,70:3_瞬时流量,726,0.0,0.0,0.0,
0001010,0.0|0.0|0.0|47.5|0.0|50.0|0.0,总管效率_pct,726,2.67,3.63,-0.0252,5.47
0001010,0.0|0.0|0.0|48.5|0.0|50.0|0.0,170:1_瞬时流量,656,19.86,27.69,0.4471,1.08
0001010,0.0|0.0|0.0|48.5|0.0|50.0|0.0,170:2_瞬时流量,656,5.96,7.06,0.3729,1.63
0001010,0.0|0.0|0.0|48.5|0.0|50.0|0.0,70:3_瞬时流量,656,0.0,0.0,0.0,
0001010,0.0|0.0|0.0|48.5|0.0|50.0|0.0,总管效率_pct,656,3.03,3.66,-0.0021,6.47
0001010,0.0|0.0|0.0|49.7|0.0|50.0|0.0,170:1_瞬时流量,647,31.26,35.16,0.0594,1.67
0001010,0.0|0.0|0.0|49.7|0.0|50.0|0.0,170:2_瞬时流量,647,7.13,8.77,0.187,1.97
0001010,0.0|0.0|0.0|49.7|0.0|50.0|0.0,70:3_瞬时流量,647,0.0,0.01,0.0,
0001010,0.0|0.0|0.0|49.7|0.0|50.0|0.0,总管效率_pct,647,2.41,2.87,0.2066,5.1
0001010,0.0|0.0|0.0|49.8|0.0|50.0|0.0,170:1_瞬时流量,660,32.45,37.85,0.2141,1.73
0001010,0.0|0.0|0.0|49.8|0.0|50.0|0.0,170:2_瞬时流量,660,6.85,9.02,0.2565,1.87
0001010,0.0|0.0|0.0|49.8|0.0|50.0|0.0,70:3_瞬时流量,660,0.0,0.01,0.0,
0001010,0.0|0.0|0.0|49.8|0.0|50.0|0.0,总管效率_pct,660,2.47,2.86,0.0014,4.99
0001011,0.0|0.0|0.0|46.5|0.0|50.0|50.0,170:1_瞬时流量,305,21.29,27.06,-2.8499,1.23
0001011,0.0|0.0|0.0|46.5|0.0|50.0|50.0,170:2_瞬时流量,305,3.74,4.64,0.2888,1.1
0001011,0.0|0.0|0.0|46.5|0.0|50.0|50.0,70:3_瞬时流量,305,7.34,9.08,0.9068,1.49
0001011,0.0|0.0|0.0|46.5|0.0|50.0|50.0,总管效率_pct,305,2.42,2.93,0.0492,4.51
0001011,0.0|0.0|0.0|47.3|0.0|50.0|50.0,170:1_瞬时流量,614,12.52,18.04,0.0699,0.7
0001011,0.0|0.0|0.0|47.3|0.0|50.0|50.0,170:2_瞬时流量,614,4.64,6.53,0.0358,1.38
0001011,0.0|0.0|0.0|47.3|0.0|50.0|50.0,70:3_瞬时流量,614,5.53,7.16,0.7552,1.11
0001011,0.0|0.0|0.0|47.3|0.0|50.0|50.0,总管效率_pct,614,1.52,2.17,-0.0846,2.8
0001011,0.0|0.0|0.0|47.6|0.0|50.0|50.0,170:1_瞬时流量,439,15.53,18.58,0.1991,0.86
0001011,0.0|0.0|0.0|47.6|0.0|50.0|50.0,170:2_瞬时流量,439,4.22,5.39,-0.288,1.22
0001011,0.0|0.0|0.0|47.6|0.0|50.0|50.0,70:3_瞬时流量,439,6.12,7.76,0.8543,1.24
0001011,0.0|0.0|0.0|47.6|0.0|50.0|50.0,总管效率_pct,439,2.06,2.76,-0.0209,3.84
0001011,0.0|0.0|0.0|47.9|0.0|50.0|50.0,170:1_瞬时流量,341,10.06,12.93,0.3995,0.55
0001011,0.0|0.0|0.0|47.9|0.0|50.0|50.0,170:2_瞬时流量,341,4.93,6.24,0.1336,1.45
0001011,0.0|0.0|0.0|47.9|0.0|50.0|50.0,70:3_瞬时流量,341,5.55,7.02,0.9032,1.14
0001011,0.0|0.0|0.0|47.9|0.0|50.0|50.0,总管效率_pct,341,2.65,3.42,-0.0494,5.12
0001011,0.0|0.0|0.0|48.6|0.0|50.0|50.0,170:1_瞬时流量,353,14.4,17.18,0.3376,0.77
0001011,0.0|0.0|0.0|48.6|0.0|50.0|50.0,170:2_瞬时流量,353,4.86,6.7,-0.0551,1.43
0001011,0.0|0.0|0.0|48.6|0.0|50.0|50.0,70:3_瞬时流量,353,6.38,8.07,0.8894,1.3
0001011,0.0|0.0|0.0|48.6|0.0|50.0|50.0,总管效率_pct,353,3.59,4.56,-0.1763,6.62
0001011,0.0|0.0|0.0|48.7|0.0|50.0|50.0,170:1_瞬时流量,447,7.18,9.4,0.5623,0.39
0001011,0.0|0.0|0.0|48.7|0.0|50.0|50.0,170:2_瞬时流量,447,5.33,6.9,-0.2426,1.57
0001011,0.0|0.0|0.0|48.7|0.0|50.0|50.0,70:3_瞬时流量,447,6.67,8.93,0.8748,1.39
0001011,0.0|0.0|0.0|48.7|0.0|50.0|50.0,总管效率_pct,447,1.93,2.31,-0.1268,3.82
0001011,0.0|0.0|0.0|49.1|0.0|50.0|50.0,170:1_瞬时流量,301,11.1,14.35,-0.5654,0.6
0001011,0.0|0.0|0.0|49.1|0.0|50.0|50.0,170:2_瞬时流量,301,3.52,4.81,0.0376,1.01
0001011,0.0|0.0|0.0|49.1|0.0|50.0|50.0,70:3_瞬时流量,301,5.96,7.3,0.8427,1.2
0001011,0.0|0.0|0.0|49.1|0.0|50.0|50.0,总管效率_pct,301,1.46,1.5,0.018,2.84
0001011,0.0|0.0|0.0|49.9|0.0|50.0|50.0,170:1_瞬时流量,622,11.27,14.36,0.6332,0.59
0001011,0.0|0.0|0.0|49.9|0.0|50.0|50.0,170:2_瞬时流量,622,4.49,6.02,-0.0023,1.29
0001011,0.0|0.0|0.0|49.9|0.0|50.0|50.0,70:3_瞬时流量,622,7.05,9.12,0.8544,1.42
0001011,0.0|0.0|0.0|49.9|0.0|50.0|50.0,总管效率_pct,622,1.86,2.15,-0.0432,3.6
0001110,0.0|0.0|0.0|48.4|42.9|50.0|0.0,170:1_瞬时流量,68,16.31,16.77,-0.8638,0.84
0001110,0.0|0.0|0.0|48.4|42.9|50.0|0.0,170:2_瞬时流量,68,6.72,6.94,-26.3271,1.43
0001110,0.0|0.0|0.0|48.4|42.9|50.0|0.0,70:3_瞬时流量,68,0.0,0.0,1.0,
0001110,0.0|0.0|0.0|48.4|42.9|50.0|0.0,总管效率_pct,68,3.97,4.18,-0.2676,7.54
0001110,0.0|0.0|0.0|49.0|44.9|50.0|0.0,170:1_瞬时流量,68,18.22,23.5,-0.4124,0.96
0001110,0.0|0.0|0.0|49.0|44.9|50.0|0.0,170:2_瞬时流量,68,9.21,9.52,0.0217,1.86
0001110,0.0|0.0|0.0|49.0|44.9|50.0|0.0,70:3_瞬时流量,68,0.0,0.0,1.0,
0001110,0.0|0.0|0.0|49.0|44.9|50.0|0.0,总管效率_pct,68,2.24,2.68,0.0302,4.55
0001110,0.0|0.0|0.0|49.1|45.7|50.0|0.0,170:1_瞬时流量,54,21.09,24.17,-0.0746,1.11
0001110,0.0|0.0|0.0|49.1|45.7|50.0|0.0,170:2_瞬时流量,54,12.2,13.91,-1.3467,2.46
0001110,0.0|0.0|0.0|49.1|45.7|50.0|0.0,70:3_瞬时流量,54,0.0,0.0,1.0,
0001110,0.0|0.0|0.0|49.1|45.7|50.0|0.0,总管效率_pct,54,1.53,1.71,-0.0343,3.16
0001110,0.0|0.0|0.0|49.2|45.7|50.0|0.0,170:1_瞬时流量,70,12.34,15.83,0.5754,0.64
0001110,0.0|0.0|0.0|49.2|45.7|50.0|0.0,170:2_瞬时流量,70,10.66,12.75,0.0859,2.11
0001110,0.0|0.0|0.0|49.2|45.7|50.0|0.0,70:3_瞬时流量,70,0.0,0.0,1.0,
0001110,0.0|0.0|0.0|49.2|45.7|50.0|0.0,总管效率_pct,70,1.31,1.41,-1.3124,2.73
0001110,0.0|0.0|0.0|49.4|46.7|50.0|0.0,170:1_瞬时流量,89,36.78,44.42,-2.3211,1.96
0001110,0.0|0.0|0.0|49.4|46.7|50.0|0.0,170:2_瞬时流量,89,3.85,4.54,-0.4114,0.73
0001110,0.0|0.0|0.0|49.4|46.7|50.0|0.0,70:3_瞬时流量,89,0.0,0.0,1.0,
0001110,0.0|0.0|0.0|49.4|46.7|50.0|0.0,总管效率_pct,89,2.72,2.97,-0.1037,5.58
0001110,0.0|0.0|0.0|49.4|46.9|50.0|0.0,170:1_瞬时流量,105,40.82,49.08,-0.4536,2.17
0001110,0.0|0.0|0.0|49.4|46.9|50.0|0.0,170:2_瞬时流量,105,3.54,4.21,0.2809,0.66
0001110,0.0|0.0|0.0|49.4|46.9|50.0|0.0,70:3_瞬时流量,105,0.0,0.0,1.0,
0001110,0.0|0.0|0.0|49.4|46.9|50.0|0.0,总管效率_pct,105,1.84,2.37,-0.0843,3.66
0001110,0.0|0.0|0.0|49.4|47.1|50.0|0.0,170:1_瞬时流量,68,26.19,31.68,-0.1056,1.35
0001110,0.0|0.0|0.0|49.4|47.1|50.0|0.0,170:2_瞬时流量,68,7.36,8.59,-0.0995,1.37
0001110,0.0|0.0|0.0|49.4|47.1|50.0|0.0,70:3_瞬时流量,68,0.0,0.0,1.0,
0001110,0.0|0.0|0.0|49.4|47.1|50.0|0.0,总管效率_pct,68,1.47,1.63,-0.3823,2.93
0001110,0.0|0.0|0.0|49.6|47.6|50.0|0.0,170:1_瞬时流量,196,35.68,42.93,0.0965,1.86
0001110,0.0|0.0|0.0|49.6|47.6|50.0|0.0,170:2_瞬时流量,196,5.7,8.52,-0.2402,1.06
0001110,0.0|0.0|0.0|49.6|47.6|50.0|0.0,70:3_瞬时流量,196,0.0,0.0,0.0,
0001110,0.0|0.0|0.0|49.6|47.6|50.0|0.0,总管效率_pct,196,3.61,4.41,-0.0655,7.95
0001110,0.0|0.0|0.0|49.6|47.7|50.0|0.0,170:1_瞬时流量,160,32.24,37.76,-0.2072,1.68
0001110,0.0|0.0|0.0|49.6|47.7|50.0|0.0,170:2_瞬时流量,160,4.33,6.25,-1.053,0.8
0001110,0.0|0.0|0.0|49.6|47.7|50.0|0.0,70:3_瞬时流量,160,0.0,0.0,0.0,
0001110,0.0|0.0|0.0|49.6|47.7|50.0|0.0,总管效率_pct,160,2.13,2.68,-0.1779,4.28
0001110,0.0|0.0|0.0|49.7|47.3|50.0|0.0,170:1_瞬时流量,113,42.26,60.41,0.1574,2.14
0001110,0.0|0.0|0.0|49.7|47.3|50.0|0.0,170:2_瞬时流量,113,4.51,6.54,-0.7962,0.86
0001110,0.0|0.0|0.0|49.7|47.3|50.0|0.0,70:3_瞬时流量,113,0.0,0.0,1.0,
0001110,0.0|0.0|0.0|49.7|47.3|50.0|0.0,总管效率_pct,113,3.71,4.6,-0.2339,8.53
0001110,0.0|0.0|0.0|49.7|47.7|50.0|0.0,170:1_瞬时流量,78,35.44,47.21,-0.1738,1.79
0001110,0.0|0.0|0.0|49.7|47.7|50.0|0.0,170:2_瞬时流量,78,6.64,8.27,-0.2461,1.24
0001110,0.0|0.0|0.0|49.7|47.7|50.0|0.0,70:3_瞬时流量,78,0.0,0.0,0.0,
0001110,0.0|0.0|0.0|49.7|47.7|50.0|0.0,总管效率_pct,78,1.77,2.25,-0.3831,3.51
0001110,0.0|0.0|0.0|49.7|47.8|50.0|0.0,170:1_瞬时流量,87,50.72,70.58,-0.0447,2.54
0001110,0.0|0.0|0.0|49.7|47.8|50.0|0.0,170:2_瞬时流量,87,7.61,11.01,-0.1944,1.42
0001110,0.0|0.0|0.0|49.7|47.8|50.0|0.0,70:3_瞬时流量,87,0.0,0.0,0.0,
0001110,0.0|0.0|0.0|49.7|47.8|50.0|0.0,总管效率_pct,87,1.88,2.5,-0.4228,3.7
0001110,0.0|0.0|0.0|49.7|48.4|50.0|0.0,170:1_瞬时流量,307,31.34,39.89,-0.147,1.63
0001110,0.0|0.0|0.0|49.7|48.4|50.0|0.0,170:2_瞬时流量,307,6.66,7.95,-0.1323,1.22
0001110,0.0|0.0|0.0|49.7|48.4|50.0|0.0,70:3_瞬时流量,307,0.0,0.0,1.0,
0001110,0.0|0.0|0.0|49.7|48.4|50.0|0.0,总管效率_pct,307,2.02,2.43,-0.0289,4.25
0001110,0.0|0.0|0.0|49.7|48.9|50.0|0.0,170:1_瞬时流量,59,17.41,21.89,0.0467,0.89
0001110,0.0|0.0|0.0|49.7|48.9|50.0|0.0,170:2_瞬时流量,59,3.87,4.38,-0.6408,0.7
0001110,0.0|0.0|0.0|49.7|48.9|50.0|0.0,70:3_瞬时流量,59,0.0,0.0,0.0,
0001110,0.0|0.0|0.0|49.7|48.9|50.0|0.0,总管效率_pct,59,2.27,2.67,-0.515,4.47
0001110,0.0|0.0|0.0|49.8|44.2|50.0|0.0,170:1_瞬时流量,70,10.73,18.27,0.5298,0.52
0001110,0.0|0.0|0.0|49.8|44.2|50.0|0.0,170:2_瞬时流量,70,8.43,10.63,-1.1616,1.7
0001110,0.0|0.0|0.0|49.8|44.2|50.0|0.0,70:3_瞬时流量,70,0.0,0.0,1.0,
0001110,0.0|0.0|0.0|49.8|44.2|50.0|0.0,总管效率_pct,70,2.12,2.33,-2.3427,3.96
0001110,0.0|0.0|0.0|49.8|48.1|50.0|0.0,170:1_瞬时流量,54,61.65,85.58,-0.0237,3.05
0001110,0.0|0.0|0.0|49.8|48.1|50.0|0.0,170:2_瞬时流量,54,8.42,9.56,-0.5908,1.56
0001110,0.0|0.0|0.0|49.8|48.1|50.0|0.0,70:3_瞬时流量,54,0.0,0.0,0.0,
0001110,0.0|0.0|0.0|49.8|48.1|50.0|0.0,总管效率_pct,54,2.74,3.35,-0.0922,5.48
0001110,0.0|0.0|0.0|49.8|48.5|50.0|0.0,170:1_瞬时流量,183,29.51,34.38,-0.1852,1.52
0001110,0.0|0.0|0.0|49.8|48.5|50.0|0.0,170:2_瞬时流量,183,5.85,7.32,-0.3269,1.07
0001110,0.0|0.0|0.0|49.8|48.5|50.0|0.0,70:3_瞬时流量,183,0.0,0.0,0.0,
0001110,0.0|0.0|0.0|49.8|48.5|50.0|0.0,总管效率_pct,183,2.47,2.87,0.0155,5.16
0001110,0.0|0.0|0.0|49.8|48.7|50.0|0.0,170:1_瞬时流量,286,29.23,36.14,0.0067,1.5
0001110,0.0|0.0|0.0|49.8|48.7|50.0|0.0,170:2_瞬时流量,286,5.63,6.89,-0.0401,1.02
0001110,0.0|0.0|0.0|49.8|48.7|50.0|0.0,70:3_瞬时流量,286,0.0,0.0,0.0,
0001110,0.0|0.0|0.0|49.8|48.7|50.0|0.0,总管效率_pct,286,2.27,2.95,0.0118,4.74
0001110,0.0|0.0|0.0|49.9|44.9|50.0|0.0,170:1_瞬时流量,61,12.3,15.09,-1.3611,0.6
0001110,0.0|0.0|0.0|49.9|44.9|50.0|0.0,170:2_瞬时流量,61,5.24,6.6,-0.5573,1.04
0001110,0.0|0.0|0.0|49.9|44.9|50.0|0.0,70:3_瞬时流量,61,0.0,0.0,1.0,
0001110,0.0|0.0|0.0|49.9|44.9|50.0|0.0,总管效率_pct,61,2.81,3.13,-0.1815,5.42
0001110,0.0|0.0|0.0|49.9|45.0|50.0|0.0,170:1_瞬时流量,50,13.12,15.6,-4.0656,0.63
0001110,0.0|0.0|0.0|49.9|45.0|50.0|0.0,170:2_瞬时流量,50,4.57,5.9,-0.9421,0.9
0001110,0.0|0.0|0.0|49.9|45.0|50.0|0.0,70:3_瞬时流量,50,0.0,0.0,1.0,
0001110,0.0|0.0|0.0|49.9|45.0|50.0|0.0,总管效率_pct,50,1.97,2.17,-0.1283,3.86
0001110,0.0|0.0|0.0|49.9|47.3|50.0|0.0,170:1_瞬时流量,69,35.32,37.35,-0.4728,1.85
0001110,0.0|0.0|0.0|49.9|47.3|50.0|0.0,170:2_瞬时流量,69,12.7,14.64,-2.805,2.5
0001110,0.0|0.0|0.0|49.9|47.3|50.0|0.0,70:3_瞬时流量,69,0.0,0.0,1.0,
0001110,0.0|0.0|0.0|49.9|47.3|50.0|0.0,总管效率_pct,69,1.18,1.36,0.0406,2.45
0001110,0.0|0.0|0.0|49.9|48.9|50.0|0.0,170:1_瞬时流量,121,27.01,28.98,-0.1201,1.37
0001110,0.0|0.0|0.0|49.9|48.9|50.0|0.0,170:2_瞬时流量,121,4.34,5.89,-0.0726,0.79
0001110,0.0|0.0|0.0|49.9|48.9|50.0|0.0,70:3_瞬时流量,121,0.0,0.0,0.0,
0001110,0.0|0.0|0.0|49.9|48.9|50.0|0.0,总管效率_pct,121,2.0,2.61,-0.0229,4.29
0001110,0.0|0.0|0.0|49.9|49.6|50.0|0.0,170:1_瞬时流量,167,31.43,37.4,0.0115,1.6
0001110,0.0|0.0|0.0|49.9|49.6|50.0|0.0,170:2_瞬时流量,167,4.65,6.93,-0.012,0.84
0001110,0.0|0.0|0.0|49.9|49.6|50.0|0.0,70:3_瞬时流量,167,0.0,0.0,0.0,
0001110,0.0|0.0|0.0|49.9|49.6|50.0|0.0,总管效率_pct,167,3.22,3.65,-0.0195,6.93
0001110,0.0|0.0|0.0|49.9|50.0|50.0|0.0,170:1_瞬时流量,161,56.48,59.82,-0.1239,2.95
0001110,0.0|0.0|0.0|49.9|50.0|50.0|0.0,170:2_瞬时流量,161,16.78,17.43,-0.5953,3.09
0001110,0.0|0.0|0.0|49.9|50.0|50.0|0.0,70:3_瞬时流量,161,0.01,0.01,0.0,
0001110,0.0|0.0|0.0|49.9|50.0|50.0|0.0,总管效率_pct,161,3.31,3.67,-0.1106,7.25
0001110,0.0|0.0|0.0|50.0|34.0|50.0|0.0,170:1_瞬时流量,106,42.94,50.77,0.0549,2.26
0001110,0.0|0.0|0.0|50.0|34.0|50.0|0.0,170:2_瞬时流量,106,36.68,47.68,-0.2395,8.38
0001110,0.0|0.0|0.0|50.0|34.0|50.0|0.0,70:3_瞬时流量,106,0.0,0.02,0.0,
0001110,0.0|0.0|0.0|50.0|34.0|50.0|0.0,总管效率_pct,106,1.37,1.95,-1.2451,2.94
0001110,0.0|0.0|0.0|50.0|34.2|50.0|0.0,170:1_瞬时流量,345,33.78,39.56,-2.1363,1.81
0001110,0.0|0.0|0.0|50.0|34.2|50.0|0.0,170:2_瞬时流量,345,24.28,25.99,-15.7681,6.71
0001110,0.0|0.0|0.0|50.0|34.2|50.0|0.0,70:3_瞬时流量,345,0.0,0.0,1.0,
0001110,0.0|0.0|0.0|50.0|34.2|50.0|0.0,总管效率_pct,345,1.45,1.78,0.5816,3.14
0001110,0.0|0.0|0.0|50.0|41.8|50.0|0.0,170:1_瞬时流量,114,26.85,37.93,0.0096,1.33
0001110,0.0|0.0|0.0|50.0|41.8|50.0|0.0,170:2_瞬时流量,114,15.4,17.84,-0.4464,3.78
0001110,0.0|0.0|0.0|50.0|41.8|50.0|0.0,70:3_瞬时流量,114,0.01,0.01,0.0,
0001110,0.0|0.0|0.0|50.0|41.8|50.0|0.0,总管效率_pct,114,3.26,4.19,0.0992,6.5
0001110,0.0|0.0|0.0|50.0|44.1|50.0|0.0,170:1_瞬时流量,75,42.23,52.53,-0.1234,2.09
0001110,0.0|0.0|0.0|50.0|44.1|50.0|0.0,170:2_瞬时流量,75,21.51,31.51,-0.7844,4.52
0001110,0.0|0.0|0.0|50.0|44.1|50.0|0.0,70:3_瞬时流量,75,0.0,0.0,1.0,
0001110,0.0|0.0|0.0|50.0|44.1|50.0|0.0,总管效率_pct,75,3.12,4.06,0.0463,5.91
0001110,0.0|0.0|0.0|50.0|44.4|50.0|0.0,170:1_瞬时流量,73,37.0,44.15,0.0207,1.83
0001110,0.0|0.0|0.0|50.0|44.4|50.0|0.0,170:2_瞬时流量,73,17.99,23.18,-0.4275,3.75
0001110,0.0|0.0|0.0|50.0|44.4|50.0|0.0,70:3_瞬时流量,73,0.0,0.0,1.0,
0001110,0.0|0.0|0.0|50.0|44.4|50.0|0.0,总管效率_pct,73,2.14,3.12,0.0127,4.25
0001110,0.0|0.0|0.0|50.0|45.9|50.0|0.0,170:1_瞬时流量,52,28.1,33.14,0.2952,1.39
0001110,0.0|0.0|0.0|50.0|45.9|50.0|0.0,170:2_瞬时流量,52,13.67,20.94,0.3613,2.93
0001110,0.0|0.0|0.0|50.0|45.9|50.0|0.0,70:3_瞬时流量,52,0.0,0.0,0.0,
0001110,0.0|0.0|0.0|50.0|45.9|50.0|0.0,总管效率_pct,52,1.43,1.78,-0.0415,2.86
0001110,0.0|0.0|0.0|50.0|47.3|50.0|0.0,170:1_瞬时流量,66,14.36,21.28,0.2564,0.72
0001110,0.0|0.0|0.0|50.0|47.3|50.0|0.0,170:2_瞬时流量,66,9.99,12.01,-0.2936,1.96
0001110,0.0|0.0|0.0|50.0|47.3|50.0|0.0,70:3_瞬时流量,66,0.0,0.0,0.0,
0001110,0.0|0.0|0.0|50.0|47.3|50.0|0.0,总管效率_pct,66,3.22,3.86,-0.3261,7.16
0001110,0.0|0.0|0.0|50.0|47.6|50.0|0.0,170:1_瞬时流量,99,24.59,32.32,0.4752,1.26
0001110,0.0|0.0|0.0|50.0|47.6|50.0|0.0,170:2_瞬时流量,99,8.45,10.55,-0.9087,1.62
0001110,0.0|0.0|0.0|50.0|47.6|50.0|0.0,70:3_瞬时流量,99,0.0,0.0,0.0,
0001110,0.0|0.0|0.0|50.0|47.6|50.0|0.0,总管效率_pct,99,3.02,3.17,-0.0367,6.43
0001110,0.0|0.0|0.0|50.0|48.5|50.0|0.0,170:1_瞬时流量,254,22.1,29.97,0.2867,1.12
0001110,0.0|0.0|0.0|50.0|48.5|50.0|0.0,170:2_瞬时流量,254,5.32,8.91,-0.2007,0.99
0001110,0.0|0.0|0.0|50.0|48.5|50.0|0.0,70:3_瞬时流量,254,0.0,0.0,0.0,
0001110,0.0|0.0|0.0|50.0|48.5|50.0|0.0,总管效率_pct,254,1.89,2.15,-0.0217,4.0
0001110,0.0|0.0|0.0|50.0|48.7|50.0|0.0,170:1_瞬时流量,116,36.22,44.6,0.1472,1.8
0001110,0.0|0.0|0.0|50.0|48.7|50.0|0.0,170:2_瞬时流量,116,8.15,11.14,-0.4475,1.51
0001110,0.0|0.0|0.0|50.0|48.7|50.0|0.0,70:3_瞬时流量,116,0.0,0.0,0.0,
0001110,0.0|0.0|0.0|50.0|48.7|50.0|0.0,总管效率_pct,116,2.75,2.96,-0.0154,5.67
0001110,0.0|0.0|0.0|50.0|49.8|50.0|0.0,170:1_瞬时流量,327,26.67,34.02,0.1017,1.36
0001110,0.0|0.0|0.0|50.0|49.8|50.0|0.0,170:2_瞬时流量,327,5.3,7.39,0.069,0.95
0001110,0.0|0.0|0.0|50.0|49.8|50.0|0.0,70:3_瞬时流量,327,0.0,0.0,0.0,
0001110,0.0|0.0|0.0|50.0|49.8|50.0|0.0,总管效率_pct,327,2.51,2.93,-0.0242,5.19
0001111,0.0|0.0|0.0|44.3|43.2|50.0|50.0,170:1_瞬时流量,168,18.51,24.24,-1.058,1.13
0001111,0.0|0.0|0.0|44.3|43.2|50.0|50.0,170:2_瞬时流量,168,6.77,8.56,-1.0835,1.5
0001111,0.0|0.0|0.0|44.3|43.2|50.0|50.0,70:3_瞬时流量,168,5.03,6.34,0.1115,0.99
0001111,0.0|0.0|0.0|44.3|43.2|50.0|50.0,总管效率_pct,168,1.49,1.75,-0.1364,2.83
0001111,0.0|0.0|0.0|44.3|43.3|50.0|50.0,170:1_瞬时流量,88,11.97,14.43,-0.2913,0.72
0001111,0.0|0.0|0.0|44.3|43.3|50.0|50.0,170:2_瞬时流量,88,4.73,5.06,-6.8096,1.03
0001111,0.0|0.0|0.0|44.3|43.3|50.0|50.0,70:3_瞬时流量,88,5.15,6.89,0.3385,1.02
0001111,0.0|0.0|0.0|44.3|43.3|50.0|50.0,总管效率_pct,88,1.86,2.15,0.0295,3.67
0001111,0.0|0.0|0.0|44.4|43.3|50.0|50.0,170:1_瞬时流量,106,10.44,15.17,-0.1267,0.63
0001111,0.0|0.0|0.0|44.4|43.3|50.0|50.0,170:2_瞬时流量,106,6.73,7.22,-6.4962,1.48
0001111,0.0|0.0|0.0|44.4|43.3|50.0|50.0,70:3_瞬时流量,106,4.45,5.59,-0.2646,0.87
0001111,0.0|0.0|0.0|44.4|43.3|50.0|50.0,总管效率_pct,106,1.69,1.9,-0.0059,3.3
0001111,0.0|0.0|0.0|44.7|45.3|50.0|50.0,170:1_瞬时流量,111,16.69,23.11,-0.7809,0.98
0001111,0.0|0.0|0.0|44.7|45.3|50.0|50.0,170:2_瞬时流量,111,3.81,4.32,-3.462,0.78
0001111,0.0|0.0|0.0|44.7|45.3|50.0|50.0,70:3_瞬时流量,111,5.76,7.06,-0.408,1.14
0001111,0.0|0.0|0.0|44.7|45.3|50.0|50.0,总管效率_pct,111,4.87,6.54,-0.2078,8.45
0001111,0.0|0.0|0.0|44.7|45.4|50.0|50.0,170:1_瞬时流量,72,19.57,26.37,-1.1865,1.15
0001111,0.0|0.0|0.0|44.7|45.4|50.0|50.0,170:2_瞬时流量,72,2.81,3.52,-0.9937,0.58
0001111,0.0|0.0|0.0|44.7|45.4|50.0|50.0,70:3_瞬时流量,72,4.86,6.23,-0.3439,0.96
0001111,0.0|0.0|0.0|44.7|45.4|50.0|50.0,总管效率_pct,72,2.83,4.32,-0.0983,5.09
0001111,0.0|0.0|0.0|44.8|45.5|50.0|50.0,170:1_瞬时流量,100,25.84,27.35,0.037,1.49
0001111,0.0|0.0|0.0|44.8|45.5|50.0|50.0,170:2_瞬时流量,100,5.02,5.66,0.0234,1.04
0001111,0.0|0.0|0.0|44.8|45.5|50.0|50.0,70:3_瞬时流量,100,5.46,6.94,-0.022,1.07
0001111,0.0|0.0|0.0|44.8|45.5|50.0|50.0,总管效率_pct,100,2.9,3.72,-0.0363,5.5
0001111,0.0|0.0|0.0|45.3|48.3|50.0|50.0,170:1_瞬时流量,80,29.4,32.69,-0.2401,1.57
0001111,0.0|0.0|0.0|45.3|48.3|50.0|50.0,170:2_瞬时流量,80,5.74,6.4,-4.3572,1.1
0001111,0.0|0.0|0.0|45.3|48.3|50.0|50.0,70:3_瞬时流量,80,4.53,6.13,0.2441,0.9
0001111,0.0|0.0|0.0|45.3|48.3|50.0|50.0,总管效率_pct,80,1.15,1.63,-0.0332,2.18
0001111,0.0|0.0|0.0|45.4|48.6|50.0|50.0,170:1_瞬时流量,142,26.37,30.59,-0.0071,1.38
0001111,0.0|0.0|0.0|45.4|48.6|50.0|50.0,170:2_瞬时流量,142,5.85,6.93,-0.0559,1.13
0001111,0.0|0.0|0.0|45.4|48.6|50.0|50.0,70:3_瞬时流量,142,5.19,6.47,0.3197,1.02
0001111,0.0|0.0|0.0|45.4|48.6|50.0|50.0,总管效率_pct,142,1.41,2.33,-0.0,2.61
0001111,0.0|0.0|0.0|45.4|48.7|50.0|50.0,170:1_瞬时流量,93,23.59,27.79,-0.0726,1.24
0001111,0.0|0.0|0.0|45.4|48.7|50.0|50.0,170:2_瞬时流量,93,6.13,6.88,-0.0165,1.19
0001111,0.0|0.0|0.0|45.4|48.7|50.0|50.0,70:3_瞬时流量,93,4.71,5.63,0.2228,0.93
0001111,0.0|0.0|0.0|45.4|48.7|50.0|50.0,总管效率_pct,93,1.99,3.71,-0.3797,3.34
0001111,0.0|0.0|0.0|45.4|48.9|50.0|50.0,170:1_瞬时流量,50,11.74,21.38,-0.4175,0.6
0001111,0.0|0.0|0.0|45.4|48.9|50.0|50.0,170:2_瞬时流量,50,2.84,3.07,-0.7693,0.55
0001111,0.0|0.0|0.0|45.4|48.9|50.0|50.0,70:3_瞬时流量,50,6.8,8.3,-0.1963,1.37
0001111,0.0|0.0|0.0|45.4|48.9|50.0|50.0,总管效率_pct,50,2.37,2.66,-0.709,4.7
0001111,0.0|0.0|0.0|45.4|49.1|50.0|50.0,170:1_瞬时流量,58,7.36,11.15,-0.1541,0.38
0001111,0.0|0.0|0.0|45.4|49.1|50.0|50.0,170:2_瞬时流量,58,7.95,10.63,-0.0094,1.52
0001111,0.0|0.0|0.0|45.4|49.1|50.0|50.0,70:3_瞬时流量,58,5.18,6.68,-0.4022,1.05
0001111,0.0|0.0|0.0|45.4|49.1|50.0|50.0,总管效率_pct,58,3.05,3.31,-5.6361,5.39
0001111,0.0|0.0|0.0|48.5|43.0|50.0|50.0,170:1_瞬时流量,243,12.63,14.67,0.1535,0.63
0001111,0.0|0.0|0.0|48.5|43.0|50.0|50.0,170:2_瞬时流量,243,5.63,7.24,0.3914,1.18
0001111,0.0|0.0|0.0|48.5|43.0|50.0|50.0,70:3_瞬时流量,243,5.14,6.63,0.2826,1.04
0001111,0.0|0.0|0.0|48.5|43.0|50.0|50.0,总管效率_pct,243,2.33,3.1,-0.0067,4.35
0001111,0.0|0.0|0.0|48.6|43.2|50.0|50.0,170:1_瞬时流量,337,13.47,17.94,0.0562,0.67
0001111,0.0|0.0|0.0|48.6|43.2|50.0|50.0,170:2_瞬时流量,337,6.27,9.41,0.0037,1.32
0001111,0.0|0.0|0.0|48.6|43.2|50.0|50.0,70:3_瞬时流量,337,5.89,7.55,0.3265,1.17
0001111,0.0|0.0|0.0|48.6|43.2|50.0|50.0,总管效率_pct,337,2.06,2.96,-0.0933,3.81
0001111,0.0|0.0|0.0|48.7|43.3|50.0|50.0,170:1_瞬时流量,82,8.94,10.63,0.4413,0.44
0001111,0.0|0.0|0.0|48.7|43.3|50.0|50.0,170:2_瞬时流量,82,12.29,14.49,-0.2472,2.6
0001111,0.0|0.0|0.0|48.7|43.3|50.0|50.0,70:3_瞬时流量,82,5.94,6.86,0.2042,1.16
0001111,0.0|0.0|0.0|48.7|43.3|50.0|50.0,总管效率_pct,82,3.28,4.3,-0.029,5.83
0001111,0.0|0.0|0.0|48.7|43.9|50.0|50.0,170:1_瞬时流量,61,23.2,28.3,-0.0481,1.15
0001111,0.0|0.0|0.0|48.7|43.9|50.0|50.0,170:2_瞬时流量,61,4.77,6.04,-0.7988,0.94
0001111,0.0|0.0|0.0|48.7|43.9|50.0|50.0,70:3_瞬时流量,61,6.41,7.5,-1.2759,1.29
0001111,0.0|0.0|0.0|48.7|43.9|50.0|50.0,总管效率_pct,61,0.95,1.14,-1.6752,1.75
0001111,0.0|0.0|0.0|48.7|44.1|50.0|50.0,170:1_瞬时流量,116,29.26,35.46,-0.023,1.47
0001111,0.0|0.0|0.0|48.7|44.1|50.0|50.0,170:2_瞬时流量,116,3.55,4.69,0.1661,0.7
0001111,0.0|0.0|0.0|48.7|44.1|50.0|50.0,70:3_瞬时流量,116,7.71,9.05,-0.1454,1.56
0001111,0.0|0.0|0.0|48.7|44.1|50.0|50.0,总管效率_pct,116,1.41,1.71,-0.0454,2.74
0001111,0.0|0.0|0.0|48.7|44.2|50.0|50.0,170:1_瞬时流量,67,21.27,23.89,0.5511,1.06
0001111,0.0|0.0|0.0|48.7|44.2|50.0|50.0,170:2_瞬时流量,67,2.24,3.66,0.504,0.44
0001111,0.0|0.0|0.0|48.7|44.2|50.0|50.0,70:3_瞬时流量,67,6.15,7.55,0.1699,1.25
0001111,0.0|0.0|0.0|48.7|44.2|50.0|50.0,总管效率_pct,67,1.48,1.65,-0.0711,2.87
0001111,0.0|0.0|0.0|48.8|43.8|50.0|50.0,170:1_瞬时流量,53,6.79,7.54,-0.5708,0.33
0001111,0.0|0.0|0.0|48.8|43.8|50.0|50.0,170:2_瞬时流量,53,3.85,5.47,-0.4437,0.77
0001111,0.0|0.0|0.0|48.8|43.8|50.0|50.0,70:3_瞬时流量,53,5.13,6.58,0.3491,1.0
0001111,0.0|0.0|0.0|48.8|43.8|50.0|50.0,总管效率_pct,53,1.36,1.39,-0.8495,2.6
0001111,0.0|0.0|0.0|48.8|44.3|50.0|50.0,170:1_瞬时流量,74,22.45,25.13,0.3196,1.11
0001111,0.0|0.0|0.0|48.8|44.3|50.0|50.0,170:2_瞬时流量,74,3.27,3.65,-0.0513,0.64
0001111,0.0|0.0|0.0|48.8|44.3|50.0|50.0,70:3_瞬时流量,74,6.13,7.46,0.5058,1.2
0001111,0.0|0.0|0.0|48.8|44.3|50.0|50.0,总管效率_pct,74,2.82,3.26,-0.2695,5.14
0001111,0.0|0.0|0.0|48.9|45.1|50.0|50.0,170:1_瞬时流量,59,38.8,50.5,-0.4078,2.03
0001111,0.0|0.0|0.0|48.9|45.1|50.0|50.0,170:2_瞬时流量,59,5.71,5.91,-0.8,1.13
0001111,0.0|0.0|0.0|48.9|45.1|50.0|50.0,70:3_瞬时流量,59,4.23,5.85,0.5156,0.87
0001111,0.0|0.0|0.0|48.9|45.1|50.0|50.0,总管效率_pct,59,4.51,5.2,-0.6482,9.52
0001111,0.0|0.0|0.0|49.0|45.6|50.0|50.0,170:1_瞬时流量,128,16.81,20.49,0.2005,0.87
0001111,0.0|0.0|0.0|49.0|45.6|50.0|50.0,170:2_瞬时流量,128,2.72,3.37,-0.3378,0.53
0001111,0.0|0.0|0.0|49.0|45.6|50.0|50.0,70:3_瞬时流量,128,4.95,6.39,0.0489,1.01
0001111,0.0|0.0|0.0|49.0|45.6|50.0|50.0,总管效率_pct,128,1.44,1.58,0.1338,2.83
0001111,0.0|0.0|0.0|49.1|46.0|50.0|50.0,170:1_瞬时流量,71,19.04,24.88,-2.1785,0.98
0001111,0.0|0.0|0.0|49.1|46.0|50.0|50.0,170:2_瞬时流量,71,4.37,4.93,-7.0424,0.85
0001111,0.0|0.0|0.0|49.1|46.0|50.0|50.0,70:3_瞬时流量,71,4.53,5.86,0.3313,0.93
0001111,0.0|0.0|0.0|49.1|46.0|50.0|50.0,总管效率_pct,71,1.19,1.33,0.0043,2.34
0001111,0.0|0.0|0.0|49.2|41.4|50.0|50.0,170:1_瞬时流量,190,12.15,16.21,-0.3238,0.6
0001111,0.0|0.0|0.0|49.2|41.4|50.0|50.0,170:2_瞬时流量,190,9.4,11.05,-0.2651,2.26
0001111,0.0|0.0|0.0|49.2|41.4|50.0|50.0,70:3_瞬时流量,190,7.15,8.69,-0.905,1.5
0001111,0.0|0.0|0.0|49.2|41.4|50.0|50.0,总管效率_pct,190,1.69,1.78,-0.6262,3.28
0001111,0.0|0.0|0.0|49.2|46.4|50.0|50.0,170:1_瞬时流量,86,8.49,11.06,0.7152,0.44
0001111,0.0|0.0|0.0|49.2|46.4|50.0|50.0,170:2_瞬时流量,86,3.83,4.64,0.3583,0.73
0001111,0.0|0.0|0.0|49.2|46.4|50.0|50.0,70:3_瞬时流量,86,4.41,5.31,0.4841,0.9
0001111,0.0|0.0|0.0|49.2|46.4|50.0|50.0,总管效率_pct,86,1.94,2.31,-0.2663,3.99
0001111,0.0|0.0|0.0|49.2|46.7|50.0|50.0,170:1_瞬时流量,152,15.17,18.44,-1.1128,0.79
0001111,0.0|0.0|0.0|49.2|46.7|50.0|50.0,170:2_瞬时流量,152,4.57,5.45,-0.2445,0.87
0001111,0.0|0.0|0.0|49.2|46.7|50.0|50.0,70:3_瞬时流量,152,6.95,8.44,-0.2354,1.41
0001111,0.0|0.0|0.0|49.2|46.7|50.0|50.0,总管效率_pct,152,1.29,1.36,-1.1558,2.5
0001111,0.0|0.0|0.0|49.3|46.7|50.0|50.0,170:1_瞬时流量,93,26.62,31.15,-0.0881,1.38
0001111,0.0|0.0|0.0|49.3|46.7|50.0|50.0,170:2_瞬时流量,93,6.32,7.1,-0.1294,1.2
0001111,0.0|0.0|0.0|49.3|46.7|50.0|50.0,70:3_瞬时流量,93,7.42,10.45,0.3148,1.52
0001111,0.0|0.0|0.0|49.3|46.7|50.0|50.0,总管效率_pct,93,1.48,1.59,-2.512,2.86
0001111,0.0|0.0|0.0|49.7|48.5|50.0|50.0,170:1_瞬时流量,70,27.53,39.31,-0.004,1.47
0001111,0.0|0.0|0.0|49.7|48.5|50.0|50.0,170:2_瞬时流量,70,9.67,11.13,-0.7395,1.88
0001111,0.0|0.0|0.0|49.7|48.5|50.0|50.0,70:3_瞬时流量,70,14.86,16.83,0.5269,3.33
0001111,0.0|0.0|0.0|49.7|48.5|50.0|50.0,总管效率_pct,70,1.77,1.94,-1.1398,3.74
0001111,0.0|0.0|0.0|49.8|49.5|50.0|50.0,170:1_瞬时流量,95,28.59,32.8,0.2264,1.42
0001111,0.0|0.0|0.0|49.8|49.5|50.0|50.0,170:2_瞬时流量,95,11.97,13.05,-1.4152,2.13
0001111,0.0|0.0|0.0|49.8|49.5|50.0|50.0,70:3_瞬时流量,95,9.32,13.03,0.5765,1.86
0001111,0.0|0.0|0.0|49.8|49.5|50.0|50.0,总管效率_pct,95,1.82,2.09,-0.2716,3.54
0001111,0.0|0.0|0.0|49.8|49.7|50.0|50.0,170:1_瞬时流量,50,44.52,53.53,-7.704,2.19
0001111,0.0|0.0|0.0|49.8|49.7|50.0|50.0,170:2_瞬时流量,50,16.69,17.31,-4.1199,2.97
0001111,0.0|0.0|0.0|49.8|49.7|50.0|50.0,70:3_瞬时流量,50,14.79,18.53,-0.5882,2.94
0001111,0.0|0.0|0.0|49.8|49.7|50.0|50.0,总管效率_pct,50,0.86,1.48,-0.3096,1.66
0010010,0.0|0.0|42.5|0.0|0.0|50.0|0.0,170:1_瞬时流量,170,10.61,13.09,-0.3448,0.8
0010010,0.0|0.0|42.5|0.0|0.0|50.0|0.0,170:2_瞬时流量,170,7.02,7.68,-0.3534,1.73
0010010,0.0|0.0|42.5|0.0|0.0|50.0|0.0,70:3_瞬时流量,170,0.0,0.01,0.0,
0010010,0.0|0.0|42.5|0.0|0.0|50.0|0.0,总管效率_pct,170,3.69,4.3,0.0008,8.58
0010010,0.0|0.0|43.2|0.0|0.0|50.0|0.0,170:1_瞬时流量,4561,14.87,19.53,0.5385,1.09
0010010,0.0|0.0|43.2|0.0|0.0|50.0|0.0,170:2_瞬时流量,4561,7.43,9.69,0.5226,1.77
0010010,0.0|0.0|43.2|0.0|0.0|50.0|0.0,70:3_瞬时流量,4561,0.0,0.0,1.0,
0010010,0.0|0.0|43.2|0.0|0.0|50.0|0.0,总管效率_pct,4561,2.92,3.55,-0.0062,6.47
0010010,0.0|0.0|44.4|0.0|0.0|50.0|0.0,170:1_瞬时流量,1525,17.22,22.5,0.3746,1.16
0010010,0.0|0.0|44.4|0.0|0.0|50.0|0.0,170:2_瞬时流量,1525,5.54,7.01,0.5596,1.19
0010010,0.0|0.0|44.4|0.0|0.0|50.0|0.0,70:3_瞬时流量,1525,0.0,0.0,0.0,
0010010,0.0|0.0|44.4|0.0|0.0|50.0|0.0,总管效率_pct,1525,3.17,4.1,-0.032,6.74
0010010,0.0|0.0|44.6|0.0|0.0|50.0|0.0,170:1_瞬时流量,696,21.73,28.26,0.3124,1.47
0010010,0.0|0.0|44.6|0.0|0.0|50.0|0.0,170:2_瞬时流量,696,4.78,6.02,0.711,1.01
0010010,0.0|0.0|44.6|0.0|0.0|50.0|0.0,70:3_瞬时流量,696,0.0,0.0,0.0,
0010010,0.0|0.0|44.6|0.0|0.0|50.0|0.0,总管效率_pct,696,2.01,2.72,-0.1889,4.42
0010010,0.0|0.0|45.6|0.0|0.0|50.0|0.0,170:1_瞬时流量,124,18.44,29.27,0.662,1.23
0010010,0.0|0.0|45.6|0.0|0.0|50.0|0.0,170:2_瞬时流量,124,5.78,6.93,0.806,1.16
0010010,0.0|0.0|45.6|0.0|0.0|50.0|0.0,70:3_瞬时流量,124,0.0,0.0,1.0,
0010010,0.0|0.0|45.6|0.0|0.0|50.0|0.0,总管效率_pct,124,4.29,5.45,-0.0334,9.11
0010010,0.0|0.0|47.0|0.0|0.0|50.0|0.0,170:1_瞬时流量,290,33.89,40.91,0.4851,2.08
0010010,0.0|0.0|47.0|0.0|0.0|50.0|0.0,170:2_瞬时流量,290,4.11,5.03,0.9472,0.8
0010010,0.0|0.0|47.0|0.0|0.0|50.0|0.0,70:3_瞬时流量,290,0.0,0.0,0.0,
0010010,0.0|0.0|47.0|0.0|0.0|50.0|0.0,总管效率_pct,290,2.59,3.17,0.0835,5.53
0010010,0.0|0.0|47.1|0.0|0.0|50.0|0.0,170:1_瞬时流量,192,28.91,34.19,0.4199,1.78
0010010,0.0|0.0|47.1|0.0|0.0|50.0|0.0,170:2_瞬时流量,192,5.56,7.19,0.8676,1.09
0010010,0.0|0.0|47.1|0.0|0.0|50.0|0.0,70:3_瞬时流量,192,0.0,0.0,0.0,
0010010,0.0|0.0|47.1|0.0|0.0|50.0|0.0,总管效率_pct,192,2.31,2.67,0.2153,4.9
0010010,0.0|0.0|47.3|0.0|0.0|50.0|0.0,170:1_瞬时流量,188,28.18,31.85,0.6909,1.81
0010010,0.0|0.0|47.3|0.0|0.0|50.0|0.0,170:2_瞬时流量,188,6.33,8.34,0.8612,1.26
0010010,0.0|0.0|47.3|0.0|0.0|50.0|0.0,70:3_瞬时流量,188,0.0,0.0,0.0,
0010010,0.0|0.0|47.3|0.0|0.0|50.0|0.0,总管效率_pct,188,2.75,3.68,-0.109,5.98
0010010,0.0|0.0|47.5|0.0|0.0|50.0|0.0,170:1_瞬时流量,227,31.36,36.06,0.5883,1.98
0010010,0.0|0.0|47.5|0.0|0.0|50.0|0.0,170:2_瞬时流量,227,6.1,7.36,0.7865,1.19
0010010,0.0|0.0|47.5|0.0|0.0|50.0|0.0,70:3_瞬时流量,227,0.0,0.0,0.0,
0010010,0.0|0.0|47.5|0.0|0.0|50.0|0.0,总管效率_pct,227,2.85,3.79,0.0819,6.16
0010010,0.0|0.0|47.7|0.0|0.0|50.0|0.0,170:1_瞬时流量,337,22.09,29.3,0.6034,1.39
0010010,0.0|0.0|47.7|0.0|0.0|50.0|0.0,170:2_瞬时流量,337,4.59,5.46,0.9138,0.88
0010010,0.0|0.0|47.7|0.0|0.0|50.0|0.0,70:3_瞬时流量,337,0.0,0.0,0.0,
0010010,0.0|0.0|47.7|0.0|0.0|50.0|0.0,总管效率_pct,337,2.36,2.91,0.0964,4.99
0010010,0.0|0.0|47.8|0.0|0.0|50.0|0.0,170:1_瞬时流量,466,15.45,22.41,0.4935,0.98
0010010,0.0|0.0|47.8|0.0|0.0|50.0|0.0,170:2_瞬时流量,466,6.03,7.7,0.5805,1.19
0010010,0.0|0.0|47.8|0.0|0.0|50.0|0.0,70:3_瞬时流量,466,0.0,0.0,0.0,
0010010,0.0|0.0|47.8|0.0|0.0|50.0|0.0,总管效率_pct,466,2.58,3.15,0.1028,5.55
0010010,0.0|0.0|49.0|0.0|0.0|50.0|0.0,170:1_瞬时流量,109,38.29,44.71,-0.154,2.42
0010010,0.0|0.0|49.0|0.0|0.0|50.0|0.0,170:2_瞬时流量,109,4.61,6.93,0.4293,0.84
0010010,0.0|0.0|49.0|0.0|0.0|50.0|0.0,70:3_瞬时流量,109,0.0,0.0,1.0,
0010010,0.0|0.0|49.0|0.0|0.0|50.0|0.0,总管效率_pct,109,1.63,2.15,-0.1794,3.31
0010010,0.0|0.0|49.4|0.0|0.0|50.0|0.0,170:1_瞬时流量,343,37.01,44.89,-0.0293,2.3
0010010,0.0|0.0|49.4|0.0|0.0|50.0|0.0,170:2_瞬时流量,343,7.48,8.63,0.2531,1.37
0010010,0.0|0.0|49.4|0.0|0.0|50.0|0.0,70:3_瞬时流量,343,0.0,0.0,0.0,
0010010,0.0|0.0|49.4|0.0|0.0|50.0|0.0,总管效率_pct,343,3.2,3.8,0.0001,6.91
0010010,0.0|0.0|49.6|0.0|0.0|50.0|0.0,170:1_瞬时流量,316,22.45,30.26,0.0675,1.39
0010010,0.0|0.0|49.6|0.0|0.0|50.0|0.0,170:2_瞬时流量,316,4.58,6.06,-0.4716,0.83
0010010,0.0|0.0|49.6|0.0|0.0|50.0|0.0,70:3_瞬时流量,316,0.0,0.0,0.0,
0010010,0.0|0.0|49.6|0.0|0.0|50.0|0.0,总管效率_pct,316,2.88,3.55,0.0205,6.18
0010010,0.0|0.0|49.8|0.0|0.0|50.0|0.0,170:1_瞬时流量,385,34.33,42.12,-0.0957,2.09
0010010,0.0|0.0|49.8|0.0|0.0|50.0|0.0,170:2_瞬时流量,385,7.43,8.89,-0.1006,1.35
0010010,0.0|0.0|49.8|0.0|0.0|50.0|0.0,70:3_瞬时流量,385,0.0,0.0,0.0,
0010010,0.0|0.0|49.8|0.0|0.0|50.0|0.0,总管效率_pct,385,1.71,2.01,-0.031,3.63
0010011,0.0|0.0|47.4|0.0|0.0|50.0|50.0,170:1_瞬时流量,63,29.11,38.88,-1.2142,1.88
0010011,0.0|0.0|47.4|0.0|0.0|50.0|50.0,170:2_瞬时流量,63,3.16,3.43,-1.086,0.62
0010011,0.0|0.0|47.4|0.0|0.0|50.0|50.0,70:3_瞬时流量,63,4.45,5.31,0.8283,0.87
0010011,0.0|0.0|47.4|0.0|0.0|50.0|50.0,总管效率_pct,63,0.7,0.85,-1.5181,1.38
0010011,0.0|0.0|48.2|0.0|0.0|50.0|50.0,170:1_瞬时流量,146,37.6,40.47,0.0661,2.29
0010011,0.0|0.0|48.2|0.0|0.0|50.0|50.0,170:2_瞬时流量,146,5.82,6.85,-0.0646,1.12
0010011,0.0|0.0|48.2|0.0|0.0|50.0|50.0,70:3_瞬时流量,146,6.86,8.36,0.5794,1.31
0010011,0.0|0.0|48.2|0.0|0.0|50.0|50.0,总管效率_pct,146,2.15,2.39,-1.825,4.13
0010011,0.0|0.0|48.4|0.0|0.0|50.0|50.0,170:1_瞬时流量,195,39.6,47.93,-0.953,2.51
0010011,0.0|0.0|48.4|0.0|0.0|50.0|50.0,170:2_瞬时流量,195,8.19,11.45,-0.2426,1.6
0010011,0.0|0.0|48.4|0.0|0.0|50.0|50.0,70:3_瞬时流量,195,8.11,9.59,0.6522,1.62
0010011,0.0|0.0|48.4|0.0|0.0|50.0|50.0,总管效率_pct,195,2.95,3.33,-0.9438,6.35
0010011,0.0|0.0|48.9|0.0|0.0|50.0|50.0,170:1_瞬时流量,168,34.17,36.47,-0.6438,2.02
0010011,0.0|0.0|48.9|0.0|0.0|50.0|50.0,170:2_瞬时流量,168,4.76,5.26,0.1151,0.89
0010011,0.0|0.0|48.9|0.0|0.0|50.0|50.0,70:3_瞬时流量,168,4.84,6.0,0.4484,0.93
0010011,0.0|0.0|48.9|0.0|0.0|50.0|50.0,总管效率_pct,168,1.51,2.22,-0.0146,2.98
0010011,0.0|0.0|49.7|0.0|0.0|50.0|50.0,170:1_瞬时流量,293,13.97,19.95,0.1019,0.84
0010011,0.0|0.0|49.7|0.0|0.0|50.0|50.0,170:2_瞬时流量,293,4.91,5.69,-0.0595,0.9
0010011,0.0|0.0|49.7|0.0|0.0|50.0|50.0,70:3_瞬时流量,293,5.07,6.4,0.7527,1.02
0010011,0.0|0.0|49.7|0.0|0.0|50.0|50.0,总管效率_pct,293,1.97,2.29,-0.0408,4.02
0101010,0.0|40.7|0.0|49.6|0.0|50.0|0.0,170:1_瞬时流量,107,43.64,44.74,-19.9881,2.26
0101010,0.0|40.7|0.0|49.6|0.0|50.0|0.0,170:2_瞬时流量,107,7.63,8.33,-5.0989,1.9
0101010,0.0|40.7|0.0|49.6|0.0|50.0|0.0,70:3_瞬时流量,107,0.0,0.0,0.0,
0101010,0.0|40.7|0.0|49.6|0.0|50.0|0.0,总管效率_pct,107,2.54,2.95,-0.085,5.52
0101010,0.0|40.8|0.0|49.6|0.0|50.0|0.0,170:1_瞬时流量,78,50.0,51.19,-22.0669,2.6
0101010,0.0|40.8|0.0|49.6|0.0|50.0|0.0,170:2_瞬时流量,78,9.38,9.79,-9.5575,2.34
0101010,0.0|40.8|0.0|49.6|0.0|50.0|0.0,70:3_瞬时流量,78,0.0,0.0,1.0,
0101010,0.0|40.8|0.0|49.6|0.0|50.0|0.0,总管效率_pct,78,2.63,3.41,-0.1383,5.84
0101010,0.0|41.4|0.0|49.7|0.0|50.0|0.0,170:1_瞬时流量,54,18.98,24.28,-1.4026,0.97
0101010,0.0|41.4|0.0|49.7|0.0|50.0|0.0,170:2_瞬时流量,54,4.11,5.48,-0.0452,0.99
0101010,0.0|41.4|0.0|49.7|0.0|50.0|0.0,70:3_瞬时流量,54,0.0,0.0,0.0,
0101010,0.0|41.4|0.0|49.7|0.0|50.0|0.0,总管效率_pct,54,1.22,1.5,-0.0208,2.54
0101010,0.0|41.9|0.0|49.8|0.0|50.0|0.0,170:1_瞬时流量,65,20.06,21.55,-1.0758,1.01
0101010,0.0|41.9|0.0|49.8|0.0|50.0|0.0,170:2_瞬时流量,65,7.8,8.88,-1.014,1.89
0101010,0.0|41.9|0.0|49.8|0.0|50.0|0.0,70:3_瞬时流量,65,0.0,0.0,0.0,
0101010,0.0|41.9|0.0|49.8|0.0|50.0|0.0,总管效率_pct,65,1.28,1.7,-0.1212,2.66
0101010,0.0|42.0|0.0|49.6|0.0|50.0|0.0,170:1_瞬时流量,72,10.88,14.64,0.0025,0.54
0101010,0.0|42.0|0.0|49.6|0.0|50.0|0.0,170:2_瞬时流量,72,3.39,3.67,-0.125,0.8
0101010,0.0|42.0|0.0|49.6|0.0|50.0|0.0,70:3_瞬时流量,72,0.0,0.01,0.0,
0101010,0.0|42.0|0.0|49.6|0.0|50.0|0.0,总管效率_pct,72,3.28,4.08,-0.2745,7.26
0101010,0.0|42.3|0.0|49.7|0.0|50.0|0.0,170:1_瞬时流量,71,7.56,9.36,-1.3757,0.37
0101010,0.0|42.3|0.0|49.7|0.0|50.0|0.0,170:2_瞬时流量,71,4.21,5.23,-0.3107,1.0
0101010,0.0|42.3|0.0|49.7|0.0|50.0|0.0,70:3_瞬时流量,71,0.0,0.0,0.0,
0101010,0.0|42.3|0.0|49.7|0.0|50.0|0.0,总管效率_pct,71,2.57,3.18,-0.0771,5.15
0101010,0.0|42.9|0.0|50.0|0.0|50.0|0.0,170:1_瞬时流量,63,23.11,27.36,-0.0348,1.12
0101010,0.0|42.9|0.0|50.0|0.0|50.0|0.0,170:2_瞬时流量,63,4.07,6.6,0.3488,0.95
0101010,0.0|42.9|0.0|50.0|0.0|50.0|0.0,70:3_瞬时流量,63,0.0,0.0,1.0,
0101010,0.0|42.9|0.0|50.0|0.0|50.0|0.0,总管效率_pct,63,1.72,2.25,0.0323,3.64
0101010,0.0|43.3|0.0|50.0|0.0|50.0|0.0,170:1_瞬时流量,140,16.67,21.13,-0.598,0.81
0101010,0.0|43.3|0.0|50.0|0.0|50.0|0.0,170:2_瞬时流量,140,5.71,6.94,-0.6104,1.32
0101010,0.0|43.3|0.0|50.0|0.0|50.0|0.0,70:3_瞬时流量,140,0.0,0.0,1.0,
0101010,0.0|43.3|0.0|50.0|0.0|50.0|0.0,总管效率_pct,140,1.39,1.74,0.0542,2.87
0101010,0.0|43.4|0.0|50.0|0.0|50.0|0.0,170:1_瞬时流量,100,12.02,17.09,-0.8502,0.58
0101010,0.0|43.4|0.0|50.0|0.0|50.0|0.0,170:2_瞬时流量,100,7.19,7.99,-1.489,1.65
0101010,0.0|43.4|0.0|50.0|0.0|50.0|0.0,70:3_瞬时流量,100,0.0,0.0,1.0,
0101010,0.0|43.4|0.0|50.0|0.0|50.0|0.0,总管效率_pct,100,1.78,2.33,-0.499,3.91
0101010,0.0|43.5|0.0|48.7|0.0|50.0|0.0,170:1_瞬时流量,110,29.62,34.72,0.3118,1.45
0101010,0.0|43.5|0.0|48.7|0.0|50.0|0.0,170:2_瞬时流量,110,2.55,2.91,0.7787,0.57
0101010,0.0|43.5|0.0|48.7|0.0|50.0|0.0,70:3_瞬时流量,110,0.0,0.0,0.0,
0101010,0.0|43.5|0.0|48.7|0.0|50.0|0.0,总管效率_pct,110,1.14,1.58,-0.2068,2.37
0101010,0.0|43.6|0.0|48.7|0.0|50.0|0.0,170:1_瞬时流量,79,19.14,21.99,0.8696,0.93
0101010,0.0|43.6|0.0|48.7|0.0|50.0|0.0,170:2_瞬时流量,79,3.68,4.21,0.7288,0.82
0101010,0.0|43.6|0.0|48.7|0.0|50.0|0.0,70:3_瞬时流量,79,0.0,0.0,0.0,
0101010,0.0|43.6|0.0|48.7|0.0|50.0|0.0,总管效率_pct,79,1.98,2.62,-0.5198,4.26
0101010,0.0|43.9|0.0|49.7|0.0|50.0|0.0,170:1_瞬时流量,51,17.61,22.28,-0.0415,0.86
0101010,0.0|43.9|0.0|49.7|0.0|50.0|0.0,170:2_瞬时流量,51,5.88,6.54,-3.4658,1.34
0101010,0.0|43.9|0.0|49.7|0.0|50.0|0.0,70:3_瞬时流量,51,0.0,0.0,1.0,
0101010,0.0|43.9|0.0|49.7|0.0|50.0|0.0,总管效率_pct,51,1.51,1.57,-0.2107,3.12
0101010,0.0|44.0|0.0|48.9|0.0|50.0|0.0,170:1_瞬时流量,80,29.42,37.0,-0.4066,1.43
0101010,0.0|44.0|0.0|48.9|0.0|50.0|0.0,170:2_瞬时流量,80,6.59,8.26,-0.3308,1.49
0101010,0.0|44.0|0.0|48.9|0.0|50.0|0.0,70:3_瞬时流量,80,0.0,0.0,1.0,
0101010,0.0|44.0|0.0|48.9|0.0|50.0|0.0,总管效率_pct,80,3.8,4.26,-1.2989,7.02
0101010,0.0|44.2|0.0|48.9|0.0|50.0|0.0,170:1_瞬时流量,86,16.44,20.86,0.1382,0.79
0101010,0.0|44.2|0.0|48.9|0.0|50.0|0.0,170:2_瞬时流量,86,8.07,9.51,-0.1909,1.82
0101010,0.0|44.2|0.0|48.9|0.0|50.0|0.0,70:3_瞬时流量,86,0.0,0.0,0.0,
0101010,0.0|44.2|0.0|48.9|0.0|50.0|0.0,总管效率_pct,86,1.47,1.77,-0.3594,3.04
0101010,0.0|44.4|0.0|49.8|0.0|50.0|0.0,170:1_瞬时流量,63,13.97,16.42,0.0708,0.67
0101010,0.0|44.4|0.0|49.8|0.0|50.0|0.0,170:2_瞬时流量,63,4.19,5.21,0.0773,0.91
0101010,0.0|44.4|0.0|49.8|0.0|50.0|0.0,70:3_瞬时流量,63,0.0,0.0,1.0,
0101010,0.0|44.4|0.0|49.8|0.0|50.0|0.0,总管效率_pct,63,3.06,3.82,-0.3417,5.81
0101010,0.0|44.5|0.0|49.0|0.0|50.0|0.0,170:1_瞬时流量,155,18.7,22.82,0.5612,0.9
0101010,0.0|44.5|0.0|49.0|0.0|50.0|0.0,170:2_瞬时流量,155,4.25,6.34,-0.0819,0.95
0101010,0.0|44.5|0.0|49.0|0.0|50.0|0.0,70:3_瞬时流量,155,0.0,0.0,0.0,
0101010,0.0|44.5|0.0|49.0|0.0|50.0|0.0,总管效率_pct,155,2.32,2.77,-0.0698,4.81
0101010,0.0|44.5|0.0|50.0|0.0|50.0|0.0,170:1_瞬时流量,66,20.88,24.94,0.1532,0.98
0101010,0.0|44.5|0.0|50.0|0.0|50.0|0.0,170:2_瞬时流量,66,5.68,7.54,0.3121,1.28
0101010,0.0|44.5|0.0|50.0|0.0|50.0|0.0,70:3_瞬时流量,66,0.0,0.0,1.0,
0101010,0.0|44.5|0.0|50.0|0.0|50.0|0.0,总管效率_pct,66,1.55,1.73,0.2634,3.16
0101010,0.0|44.8|0.0|49.1|0.0|50.0|0.0,170:1_瞬时流量,103,26.0,31.2,0.5903,1.25
0101010,0.0|44.8|0.0|49.1|0.0|50.0|0.0,170:2_瞬时流量,103,6.12,9.39,0.0957,1.36
0101010,0.0|44.8|0.0|49.1|0.0|50.0|0.0,70:3_瞬时流量,103,0.0,0.0,1.0,
0101010,0.0|44.8|0.0|49.1|0.0|50.0|0.0,总管效率_pct,103,1.1,1.36,-1.0111,2.16
0101010,0.0|45.0|0.0|49.1|0.0|50.0|0.0,170:1_瞬时流量,248,21.73,28.41,0.6085,1.05
0101010,0.0|45.0|0.0|49.1|0.0|50.0|0.0,170:2_瞬时流量,248,5.03,6.25,0.0074,1.08
0101010,0.0|45.0|0.0|49.1|0.0|50.0|0.0,70:3_瞬时流量,248,0.0,0.0,0.0,
0101010,0.0|45.0|0.0|49.1|0.0|50.0|0.0,总管效率_pct,248,2.31,2.93,-0.2324,4.9
0101010,0.0|45.1|0.0|49.0|0.0|50.0|0.0,170:1_瞬时流量,230,13.5,16.42,0.7589,0.64
0101010,0.0|45.1|0.0|49.0|0.0|50.0|0.0,170:2_瞬时流量,230,4.78,5.71,0.236,1.03
0101010,0.0|45.1|0.0|49.0|0.0|50.0|0.0,70:3_瞬时流量,230,0.0,0.0,0.0,
0101010,0.0|45.1|0.0|49.0|0.0|50.0|0.0,总管效率_pct,230,2.68,3.23,0.0459,5.47
0101010,0.0|45.1|0.0|49.6|0.0|50.0|0.0,170:1_瞬时流量,73,13.04,16.57,-1.972,0.61
0101010,0.0|45.1|0.0|49.6|0.0|50.0|0.0,170:2_瞬时流量,73,6.21,9.5,-0.5841,1.39
0101010,0.0|45.1|0.0|49.6|0.0|50.0|0.0,70:3_瞬时流量,73,0.0,0.0,1.0,
0101010,0.0|45.1|0.0|49.6|0.0|50.0|0.0,总管效率_pct,73,1.82,2.46,-0.386,3.9
0101010,0.0|45.3|0.0|49.1|0.0|50.0|0.0,170:1_瞬时流量,357,16.02,22.03,0.7453,0.75
0101010,0.0|45.3|0.0|49.1|0.0|50.0|0.0,170:2_瞬时流量,357,4.75,6.07,0.1291,1.02
0101010,0.0|45.3|0.0|49.1|0.0|50.0|0.0,70:3_瞬时流量,357,0.0,0.0,0.0,
0101010,0.0|45.3|0.0|49.1|0.0|50.0|0.0,总管效率_pct,357,3.0,3.74,-0.1492,5.81
0101010,0.0|45.4|0.0|49.1|0.0|50.0|0.0,170:1_瞬时流量,418,17.58,23.59,0.56,0.82
0101010,0.0|45.4|0.0|49.1|0.0|50.0|0.0,170:2_瞬时流量,418,4.39,5.43,0.0157,0.94
0101010,0.0|45.4|0.0|49.1|0.0|50.0|0.0,70:3_瞬时流量,418,0.0,0.0,0.0,
0101010,0.0|45.4|0.0|49.1|0.0|50.0|0.0,总管效率_pct,418,2.73,3.17,-0.0125,5.51
0101010,0.0|45.4|0.0|49.2|0.0|50.0|0.0,170:1_瞬时流量,269,19.9,24.88,0.6987,0.94
0101010,0.0|45.4|0.0|49.2|0.0|50.0|0.0,170:2_瞬时流量,269,4.33,5.69,0.092,0.94
0101010,0.0|45.4|0.0|49.2|0.0|50.0|0.0,70:3_瞬时流量,269,0.0,0.0,0.0,
0101010,0.0|45.4|0.0|49.2|0.0|50.0|0.0,总管效率_pct,269,2.49,2.92,-0.0081,5.04
0101010,0.0|45.4|0.0|49.8|0.0|50.0|0.0,170:1_瞬时流量,71,32.65,35.6,-21.1275,1.5
0101010,0.0|45.4|0.0|49.8|0.0|50.0|0.0,170:2_瞬时流量,71,9.43,10.3,-4.7162,2.09
0101010,0.0|45.4|0.0|49.8|0.0|50.0|0.0,70:3_瞬时流量,71,0.0,0.0,1.0,
0101010,0.0|45.4|0.0|49.8|0.0|50.0|0.0,总管效率_pct,71,1.32,1.54,0.0948,2.66
0101010,0.0|45.6|0.0|50.0|0.0|50.0|0.0,170:1_瞬时流量,54,16.48,19.74,0.5995,0.77
0101010,0.0|45.6|0.0|50.0|0.0|50.0|0.0,170:2_瞬时流量,54,4.78,5.74,0.0159,1.03
0101010,0.0|45.6|0.0|50.0|0.0|50.0|0.0,70:3_瞬时流量,54,0.0,0.0,0.0,
0101010,0.0|45.6|0.0|50.0|0.0|50.0|0.0,总管效率_pct,54,1.59,2.01,-0.5758,3.38
0101010,0.0|45.7|0.0|50.0|0.0|50.0|0.0,170:1_瞬时流量,59,18.71,26.12,0.3654,0.87
0101010,0.0|45.7|0.0|50.0|0.0|50.0|0.0,170:2_瞬时流量,59,3.94,5.08,-0.3917,0.85
0101010,0.0|45.7|0.0|50.0|0.0|50.0|0.0,70:3_瞬时流量,59,0.0,0.0,0.0,
0101010,0.0|45.7|0.0|50.0|0.0|50.0|0.0,总管效率_pct,59,1.33,1.66,-0.063,2.77
0101010,0.0|45.9|0.0|49.2|0.0|50.0|0.0,170:1_瞬时流量,265,17.6,21.49,0.7415,0.81
0101010,0.0|45.9|0.0|49.2|0.0|50.0|0.0,170:2_瞬时流量,265,5.43,7.07,0.1467,1.16
0101010,0.0|45.9|0.0|49.2|0.0|50.0|0.0,70:3_瞬时流量,265,0.0,0.0,0.0,
0101010,0.0|45.9|0.0|49.2|0.0|50.0|0.0,总管效率_pct,265,2.2,2.66,-0.0334,4.59
0101010,0.0|46.4|0.0|50.0|0.0|50.0|0.0,170:1_瞬时流量,71,22.45,24.55,-0.8689,1.02
0101010,0.0|46.4|0.0|50.0|0.0|50.0|0.0,170:2_瞬时流量,71,5.87,6.42,-0.1755,1.26
0101010,0.0|46.4|0.0|50.0|0.0|50.0|0.0,70:3_瞬时流量,71,0.0,0.0,0.0,
0101010,0.0|46.4|0.0|50.0|0.0|50.0|0.0,总管效率_pct,71,3.76,4.21,0.0572,7.53
0101010,0.0|46.5|0.0|49.2|0.0|50.0|0.0,170:1_瞬时流量,69,10.43,13.62,0.9177,0.48
0101010,0.0|46.5|0.0|49.2|0.0|50.0|0.0,170:2_瞬时流量,69,4.69,5.72,0.1159,0.97
0101010,0.0|46.5|0.0|49.2|0.0|50.0|0.0,70:3_瞬时流量,69,0.0,0.0,0.0,
0101010,0.0|46.5|0.0|49.2|0.0|50.0|0.0,总管效率_pct,69,2.88,3.18,-0.0239,5.81
0101010,0.0|46.5|0.0|49.4|0.0|50.0|0.0,170:1_瞬时流量,257,21.35,27.9,0.4208,0.97
0101010,0.0|46.5|0.0|49.4|0.0|50.0|0.0,170:2_瞬时流量,257,5.75,7.22,0.3678,1.22
0101010,0.0|46.5|0.0|49.4|0.0|50.0|0.0,70:3_瞬时流量,257,0.0,0.0,0.0,
0101010,0.0|46.5|0.0|49.4|0.0|50.0|0.0,总管效率_pct,257,1.71,2.12,-0.0246,3.52
0101010,0.0|46.7|0.0|49.4|0.0|50.0|0.0,170:1_瞬时流量,245,20.76,24.77,0.6149,0.95
0101010,0.0|46.7|0.0|49.4|0.0|50.0|0.0,170:2_瞬时流量,245,6.42,7.87,0.2403,1.36
0101010,0.0|46.7|0.0|49.4|0.0|50.0|0.0,70:3_瞬时流量,245,0.0,0.0,0.0,
0101010,0.0|46.7|0.0|49.4|0.0|50.0|0.0,总管效率_pct,245,2.24,2.85,-0.008,4.42
0101010,0.0|46.9|0.0|49.4|0.0|50.0|0.0,170:1_瞬时流量,319,12.06,15.14,0.8225,0.55
0101010,0.0|46.9|0.0|49.4|0.0|50.0|0.0,170:2_瞬时流量,319,5.2,6.16,-0.0865,1.09
0101010,0.0|46.9|0.0|49.4|0.0|50.0|0.0,70:3_瞬时流量,319,0.0,0.0,1.0,
0101010,0.0|46.9|0.0|49.4|0.0|50.0|0.0,总管效率_pct,319,2.42,2.76,-0.033,4.87
0101010,0.0|46.9|0.0|50.0|0.0|50.0|0.0,170:1_瞬时流量,60,16.97,23.37,0.1894,0.77
0101010,0.0|46.9|0.0|50.0|0.0|50.0|0.0,170:2_瞬时流量,60,3.06,3.59,-0.0883,0.64
0101010,0.0|46.9|0.0|50.0|0.0|50.0|0.0,70:3_瞬时流量,60,0.0,0.0,1.0,
0101010,0.0|46.9|0.0|50.0|0.0|50.0|0.0,总管效率_pct,60,1.21,1.69,-0.0793,2.57
0101010,0.0|47.0|0.0|49.9|0.0|50.0|0.0,170:1_瞬时流量,66,10.64,12.03,-1.4036,0.49
0101010,0.0|47.0|0.0|49.9|0.0|50.0|0.0,170:2_瞬时流量,66,2.73,3.1,-0.1393,0.58
0101010,0.0|47.0|0.0|49.9|0.0|50.0|0.0,70:3_瞬时流量,66,0.0,0.0,1.0,
0101010,0.0|47.0|0.0|49.9|0.0|50.0|0.0,总管效率_pct,66,2.31,3.01,-0.3245,4.41
0101010,0.0|47.3|0.0|49.4|0.0|50.0|0.0,170:1_瞬时流量,137,16.93,20.57,0.8214,0.77
0101010,0.0|47.3|0.0|49.4|0.0|50.0|0.0,170:2_瞬时流量,137,6.48,7.96,-0.0403,1.32
0101010,0.0|47.3|0.0|49.4|0.0|50.0|0.0,70:3_瞬时流量,137,0.0,0.0,0.0,
0101010,0.0|47.3|0.0|49.4|0.0|50.0|0.0,总管效率_pct,137,2.75,3.38,-0.0463,5.5
0101010,0.0|47.3|0.0|49.6|0.0|50.0|0.0,170:1_瞬时流量,51,27.57,31.83,0.7743,1.25
0101010,0.0|47.3|0.0|49.6|0.0|50.0|0.0,170:2_瞬时流量,51,8.85,9.64,0.5093,1.81
0101010,0.0|47.3|0.0|49.6|0.0|50.0|0.0,70:3_瞬时流量,51,0.0,0.0,0.0,
0101010,0.0|47.3|0.0|49.6|0.0|50.0|0.0,总管效率_pct,51,1.81,2.26,-0.2165,3.91
0101010,0.0|47.3|0.0|50.0|0.0|50.0|0.0,170:1_瞬时流量,58,23.41,25.95,-0.0524,1.06
0101010,0.0|47.3|0.0|50.0|0.0|50.0|0.0,170:2_瞬时流量,58,5.57,6.02,-8.6577,1.18
0101010,0.0|47.3|0.0|50.0|0.0|50.0|0.0,70:3_瞬时流量,58,0.0,0.0,1.0,
0101010,0.0|47.3|0.0|50.0|0.0|50.0|0.0,总管效率_pct,58,1.94,2.95,-0.1219,3.77
0101010,0.0|47.4|0.0|49.4|0.0|50.0|0.0,170:1_瞬时流量,106,18.53,22.85,0.8095,0.84
0101010,0.0|47.4|0.0|49.4|0.0|50.0|0.0,170:2_瞬时流量,106,7.29,8.33,0.1437,1.48
0101010,0.0|47.4|0.0|49.4|0.0|50.0|0.0,70:3_瞬时流量,106,0.0,0.0,0.0,
0101010,0.0|47.4|0.0|49.4|0.0|50.0|0.0,总管效率_pct,106,2.57,3.19,-0.4398,4.91
0101010,0.0|47.9|0.0|49.7|0.0|50.0|0.0,170:1_瞬时流量,68,18.5,23.87,0.7076,0.84
0101010,0.0|47.9|0.0|49.7|0.0|50.0|0.0,170:2_瞬时流量,68,5.75,7.8,0.1989,1.19
0101010,0.0|47.9|0.0|49.7|0.0|50.0|0.0,70:3_瞬时流量,68,0.0,0.0,0.0,
0101010,0.0|47.9|0.0|49.7|0.0|50.0|0.0,总管效率_pct,68,2.09,2.64,0.0346,4.27
0101010,0.0|48.0|0.0|49.6|0.0|50.0|0.0,170:1_瞬时流量,192,20.42,25.66,0.8269,0.93
0101010,0.0|48.0|0.0|49.6|0.0|50.0|0.0,170:2_瞬时流量,192,8.31,11.35,0.4558,1.74
0101010,0.0|48.0|0.0|49.6|0.0|50.0|0.0,70:3_瞬时流量,192,0.0,0.0,0.0,
0101010,0.0|48.0|0.0|49.6|0.0|50.0|0.0,总管效率_pct,192,2.7,3.18,-0.0025,5.55
0101010,0.0|48.1|0.0|50.0|0.0|50.0|0.0,170:1_瞬时流量,57,19.65,23.51,-0.7611,0.88
0101010,0.0|48.1|0.0|50.0|0.0|50.0|0.0,170:2_瞬时流量,57,7.63,9.55,-0.6391,1.61
0101010,0.0|48.1|0.0|50.0|0.0|50.0|0.0,70:3_瞬时流量,57,0.0,0.0,0.0,
0101010,0.0|48.1|0.0|50.0|0.0|50.0|0.0,总管效率_pct,57,1.77,2.2,-0.0988,3.74
0101010,0.0|48.2|0.0|49.7|0.0|50.0|0.0,170:1_瞬时流量,127,16.24,19.82,-0.006,0.72
0101010,0.0|48.2|0.0|49.7|0.0|50.0|0.0,170:2_瞬时流量,127,9.95,11.22,-0.114,2.02
0101010,0.0|48.2|0.0|49.7|0.0|50.0|0.0,70:3_瞬时流量,127,0.0,0.0,0.0,
0101010,0.0|48.2|0.0|49.7|0.0|50.0|0.0,总管效率_pct,127,2.11,2.56,-0.1045,4.47
0101010,0.0|48.6|0.0|49.7|0.0|50.0|0.0,170:1_瞬时流量,259,13.75,17.69,-0.4209,0.61
0101010,0.0|48.6|0.0|49.7|0.0|50.0|0.0,170:2_瞬时流量,259,3.34,4.22,0.0572,0.67
0101010,0.0|48.6|0.0|49.7|0.0|50.0|0.0,70:3_瞬时流量,259,0.0,0.01,0.0,
0101010,0.0|48.6|0.0|49.7|0.0|50.0|0.0,总管效率_pct,259,2.86,3.37,0.0015,5.96
0101010,0.0|48.7|0.0|49.8|0.0|50.0|0.0,170:1_瞬时流量,244,14.7,18.25,-0.2453,0.65
0101010,0.0|48.7|0.0|49.8|0.0|50.0|0.0,170:2_瞬时流量,244,3.66,4.85,-0.207,0.73
0101010,0.0|48.7|0.0|49.8|0.0|50.0|0.0,70:3_瞬时流量,244,0.0,0.0,0.0,
0101010,0.0|48.7|0.0|49.8|0.0|50.0|0.0,总管效率_pct,244,2.68,3.27,0.046,5.65
0101010,0.0|48.9|0.0|49.7|0.0|50.0|0.0,170:1_瞬时流量,112,15.62,20.57,-0.0707,0.68
0101010,0.0|48.9|0.0|49.7|0.0|50.0|0.0,170:2_瞬时流量,112,6.21,7.88,-0.0224,1.24
0101010,0.0|48.9|0.0|49.7|0.0|50.0|0.0,70:3_瞬时流量,112,0.0,0.0,0.0,
0101010,0.0|48.9|0.0|49.7|0.0|50.0|0.0,总管效率_pct,112,1.95,2.3,-0.0329,4.0
0101010,0.0|49.0|0.0|50.0|0.0|50.0|0.0,170:1_瞬时流量,55,29.53,37.59,-0.7713,1.32
0101010,0.0|49.0|0.0|50.0|0.0|50.0|0.0,170:2_瞬时流量,55,7.03,8.12,-0.5422,1.44
0101010,0.0|49.0|0.0|50.0|0.0|50.0|0.0,70:3_瞬时流量,55,0.0,0.0,0.0,
0101010,0.0|49.0|0.0|50.0|0.0|50.0|0.0,总管效率_pct,55,1.64,1.91,0.1368,3.4
0101010,0.0|49.3|0.0|49.8|0.0|50.0|0.0,170:1_瞬时流量,382,14.74,20.64,0.6374,0.65
0101010,0.0|49.3|0.0|49.8|0.0|50.0|0.0,170:2_瞬时流量,382,6.15,7.91,0.1832,1.24
0101010,0.0|49.3|0.0|49.8|0.0|50.0|0.0,70:3_瞬时流量,382,0.0,0.0,0.0,
0101010,0.0|49.3|0.0|49.8|0.0|50.0|0.0,总管效率_pct,382,2.09,2.45,-0.0012,4.35
0101010,0.0|49.7|0.0|50.0|0.0|50.0|0.0,170:1_瞬时流量,226,17.5,22.05,0.3145,0.76
0101010,0.0|49.7|0.0|50.0|0.0|50.0|0.0,170:2_瞬时流量,226,6.97,8.72,-0.1567,1.4
0101010,0.0|49.7|0.0|50.0|0.0|50.0|0.0,70:3_瞬时流量,226,0.0,0.0,0.0,
0101010,0.0|49.7|0.0|50.0|0.0|50.0|0.0,总管效率_pct,226,1.64,1.9,-0.0945,3.5
0101010,0.0|49.8|0.0|49.9|0.0|50.0|0.0,170:1_瞬时流量,242,18.91,22.53,-0.2292,0.82
0101010,0.0|49.8|0.0|49.9|0.0|50.0|0.0,170:2_瞬时流量,242,7.08,8.71,-0.2345,1.43
0101010,0.0|49.8|0.0|49.9|0.0|50.0|0.0,70:3_瞬时流量,242,0.0,0.0,0.0,
0101010,0.0|49.8|0.0|49.9|0.0|50.0|0.0,总管效率_pct,242,1.81,2.4,0.035,3.72
0101010,0.0|49.9|0.0|50.0|0.0|50.0|0.0,170:1_瞬时流量,726,14.38,19.32,0.1971,0.62
0101010,0.0|49.9|0.0|50.0|0.0|50.0|0.0,170:2_瞬时流量,726,6.21,7.82,0.0287,1.24
0101010,0.0|49.9|0.0|50.0|0.0|50.0|0.0,70:3_瞬时流量,726,0.0,0.0,0.0,
0101010,0.0|49.9|0.0|50.0|0.0|50.0|0.0,总管效率_pct,726,1.61,2.11,-0.0475,3.39
0101011,0.0|39.6|0.0|48.0|0.0|50.0|50.0,170:1_瞬时流量,67,35.21,35.24,0.0,1.84
0101011,0.0|39.6|0.0|48.0|0.0|50.0|50.0,170:2_瞬时流量,67,9.13,10.06,-3.8908,2.35
0101011,0.0|39.6|0.0|48.0|0.0|50.0|50.0,70:3_瞬时流量,67,4.1,5.73,-0.1015,0.78
0101011,0.0|39.6|0.0|48.0|0.0|50.0|50.0,总管效率_pct,67,3.69,3.74,-0.2274,7.48
0101011,0.0|39.6|0.0|49.3|0.0|50.0|50.0,170:1_瞬时流量,50,31.62,43.26,-0.2055,1.64
0101011,0.0|39.6|0.0|49.3|0.0|50.0|50.0,170:2_瞬时流量,50,8.58,11.82,0.0116,2.28
0101011,0.0|39.6|0.0|49.3|0.0|50.0|50.0,70:3_瞬时流量,50,5.66,8.31,0.1431,1.18
0101011,0.0|39.6|0.0|49.3|0.0|50.0|50.0,总管效率_pct,50,2.19,2.57,-0.2932,4.13
0101011,0.0|39.6|0.0|49.4|0.0|50.0|50.0,170:1_瞬时流量,147,22.39,27.56,-0.5185,1.15
0101011,0.0|39.6|0.0|49.4|0.0|50.0|50.0,170:2_瞬时流量,147,8.43,9.69,-1.6103,2.23
0101011,0.0|39.6|0.0|49.4|0.0|50.0|50.0,70:3_瞬时流量,147,5.17,6.45,0.0741,1.04
0101011,0.0|39.6|0.0|49.4|0.0|50.0|50.0,总管效率_pct,147,1.57,1.71,-0.147,3.05
0101011,0.0|40.1|0.0|48.7|0.0|50.0|50.0,170:1_瞬时流量,51,10.39,12.87,-0.3139,0.53
0101011,0.0|40.1|0.0|48.7|0.0|50.0|50.0,170:2_瞬时流量,51,3.13,4.42,-1.0782,0.8
0101011,0.0|40.1|0.0|48.7|0.0|50.0|50.0,70:3_瞬时流量,51,5.39,6.49,-0.333,1.08
0101011,0.0|40.1|0.0|48.7|0.0|50.0|50.0,总管效率_pct,51,1.81,2.61,-0.2001,3.84
0101011,0.0|40.4|0.0|48.2|0.0|50.0|50.0,170:1_瞬时流量,65,20.48,24.28,-0.2077,1.06
0101011,0.0|40.4|0.0|48.2|0.0|50.0|50.0,170:2_瞬时流量,65,4.47,5.78,0.3835,1.12
0101011,0.0|40.4|0.0|48.2|0.0|50.0|50.0,70:3_瞬时流量,65,6.59,8.2,0.7838,1.28
0101011,0.0|40.4|0.0|48.2|0.0|50.0|50.0,总管效率_pct,65,1.87,2.6,-0.0748,3.69
0101011,0.0|40.4|0.0|48.8|0.0|50.0|50.0,170:1_瞬时流量,149,11.87,13.81,-0.4991,0.6
0101011,0.0|40.4|0.0|48.8|0.0|50.0|50.0,170:2_瞬时流量,149,4.22,5.16,0.0462,1.05
0101011,0.0|40.4|0.0|48.8|0.0|50.0|50.0,70:3_瞬时流量,149,5.63,6.94,0.077,1.12
0101011,0.0|40.4|0.0|48.8|0.0|50.0|50.0,总管效率_pct,149,1.64,1.81,-0.2895,3.17
0101011,0.0|40.5|0.0|48.1|0.0|50.0|50.0,170:1_瞬时流量,115,8.73,9.93,0.4222,0.45
0101011,0.0|40.5|0.0|48.1|0.0|50.0|50.0,170:2_瞬时流量,115,3.99,5.24,0.31,0.99
0101011,0.0|40.5|0.0|48.1|0.0|50.0|50.0,70:3_瞬时流量,115,6.58,8.47,0.8529,1.37
0101011,0.0|40.5|0.0|48.1|0.0|50.0|50.0,总管效率_pct,115,1.14,1.55,0.0114,2.25
0101011,0.0|40.6|0.0|49.5|0.0|50.0|50.0,170:1_瞬时流量,127,10.91,14.02,-0.9737,0.53
0101011,0.0|40.6|0.0|49.5|0.0|50.0|50.0,170:2_瞬时流量,127,4.47,7.11,-0.2315,1.07
0101011,0.0|40.6|0.0|49.5|0.0|50.0|50.0,70:3_瞬时流量,127,5.06,6.21,-0.11,1.04
0101011,0.0|40.6|0.0|49.5|0.0|50.0|50.0,总管效率_pct,127,1.87,2.34,-0.234,3.58
0101011,0.0|40.6|0.0|49.9|0.0|50.0|50.0,170:1_瞬时流量,75,13.88,16.13,-0.3458,0.68
0101011,0.0|40.6|0.0|49.9|0.0|50.0|50.0,170:2_瞬时流量,75,2.05,2.34,-1.2896,0.51
0101011,0.0|40.6|0.0|49.9|0.0|50.0|50.0,70:3_瞬时流量,75,7.0,8.61,-1.7848,1.46
0101011,0.0|40.6|0.0|49.9|0.0|50.0|50.0,总管效率_pct,75,1.44,1.68,0.1375,2.87
0101011,0.0|40.7|0.0|49.5|0.0|50.0|50.0,170:1_瞬时流量,64,11.89,14.79,0.1214,0.58
0101011,0.0|40.7|0.0|49.5|0.0|50.0|50.0,170:2_瞬时流量,64,5.64,7.08,-0.0823,1.36
0101011,0.0|40.7|0.0|49.5|0.0|50.0|50.0,70:3_瞬时流量,64,4.86,6.22,0.5405,1.0
0101011,0.0|40.7|0.0|49.5|0.0|50.0|50.0,总管效率_pct,64,2.07,2.53,-0.0929,4.16
0101011,0.0|40.8|0.0|50.0|0.0|50.0|50.0,170:1_瞬时流量,113,9.19,12.78,-0.6519,0.45
0101011,0.0|40.8|0.0|50.0|0.0|50.0|50.0,170:2_瞬时流量,113,5.08,5.47,0.1114,1.26
0101011,0.0|40.8|0.0|50.0|0.0|50.0|50.0,70:3_瞬时流量,113,6.09,7.64,0.3976,1.25
0101011,0.0|40.8|0.0|50.0|0.0|50.0|50.0,总管效率_pct,113,1.52,1.8,0.0385,3.01
0101011,0.0|40.9|0.0|48.2|0.0|50.0|50.0,170:1_瞬时流量,356,15.73,18.11,0.1035,0.8
0101011,0.0|40.9|0.0|48.2|0.0|50.0|50.0,170:2_瞬时流量,356,5.77,6.99,0.4737,1.43
0101011,0.0|40.9|0.0|48.2|0.0|50.0|50.0,70:3_瞬时流量,356,7.2,8.92,0.729,1.45
0101011,0.0|40.9|0.0|48.2|0.0|50.0|50.0,总管效率_pct,356,1.67,2.5,-0.1253,3.38
0101011,0.0|40.9|0.0|48.3|0.0|50.0|50.0,170:1_瞬时流量,203,16.24,18.45,0.269,0.83
0101011,0.0|40.9|0.0|48.3|0.0|50.0|50.0,170:2_瞬时流量,203,5.61,7.05,0.5417,1.38
0101011,0.0|40.9|0.0|48.3|0.0|50.0|50.0,70:3_瞬时流量,203,6.81,8.11,0.7688,1.35
0101011,0.0|40.9|0.0|48.3|0.0|50.0|50.0,总管效率_pct,203,1.59,2.21,0.0015,3.14
0101011,0.0|41.2|0.0|48.2|0.0|50.0|50.0,170:1_瞬时流量,60,19.93,23.4,0.4253,1.01
0101011,0.0|41.2|0.0|48.2|0.0|50.0|50.0,170:2_瞬时流量,60,4.68,5.86,-0.2577,1.13
0101011,0.0|41.2|0.0|48.2|0.0|50.0|50.0,70:3_瞬时流量,60,6.28,7.75,0.8013,1.27
0101011,0.0|41.2|0.0|48.2|0.0|50.0|50.0,总管效率_pct,60,2.16,2.81,-0.2797,4.41
0101011,0.0|41.2|0.0|48.4|0.0|50.0|50.0,170:1_瞬时流量,112,22.61,26.98,-0.5765,1.14
0101011,0.0|41.2|0.0|48.4|0.0|50.0|50.0,170:2_瞬时流量,112,5.1,5.91,0.3759,1.24
0101011,0.0|41.2|0.0|48.4|0.0|50.0|50.0,70:3_瞬时流量,112,6.5,7.69,0.8789,1.29
0101011,0.0|41.2|0.0|48.4|0.0|50.0|50.0,总管效率_pct,112,3.36,4.01,-0.3659,7.09
0101011,0.0|41.5|0.0|48.3|0.0|50.0|50.0,170:1_瞬时流量,190,16.28,17.84,0.31,0.81
0101011,0.0|41.5|0.0|48.3|0.0|50.0|50.0,170:2_瞬时流量,190,5.34,6.66,0.0789,1.28
0101011,0.0|41.5|0.0|48.3|0.0|50.0|50.0,70:3_瞬时流量,190,8.99,11.11,0.4031,1.81
0101011,0.0|41.5|0.0|48.3|0.0|50.0|50.0,总管效率_pct,190,2.56,2.92,-0.1949,5.1
0101011,0.0|41.6|0.0|48.3|0.0|50.0|50.0,170:1_瞬时流量,182,16.2,18.39,0.1513,0.8
0101011,0.0|41.6|0.0|48.3|0.0|50.0|50.0,170:2_瞬时流量,182,5.33,7.07,-0.9027,1.26
0101011,0.0|41.6|0.0|48.3|0.0|50.0|50.0,70:3_瞬时流量,182,9.19,10.87,0.6839,1.83
0101011,0.0|41.6|0.0|48.3|0.0|50.0|50.0,总管效率_pct,182,3.11,3.38,-0.0299,6.0
0101011,0.0|41.8|0.0|48.5|0.0|50.0|50.0,170:1_瞬时流量,383,12.45,15.92,0.042,0.62
0101011,0.0|41.8|0.0|48.5|0.0|50.0|50.0,170:2_瞬时流量,383,3.74,4.57,0.1957,0.89
0101011,0.0|41.8|0.0|48.5|0.0|50.0|50.0,70:3_瞬时流量,383,7.91,9.81,0.5041,1.57
0101011,0.0|41.8|0.0|48.5|0.0|50.0|50.0,总管效率_pct,383,1.9,2.45,-0.0193,3.69
0101011,0.0|42.0|0.0|48.4|0.0|50.0|50.0,170:1_瞬时流量,151,12.95,15.9,-0.1228,0.63
0101011,0.0|42.0|0.0|48.4|0.0|50.0|50.0,170:2_瞬时流量,151,4.91,5.43,-0.1793,1.16
0101011,0.0|42.0|0.0|48.4|0.0|50.0|50.0,70:3_瞬时流量,151,7.57,9.13,0.6378,1.51
0101011,0.0|42.0|0.0|48.4|0.0|50.0|50.0,总管效率_pct,151,1.1,1.49,0.0025,2.13
0101011,0.0|42.0|0.0|49.1|0.0|50.0|50.0,170:1_瞬时流量,68,15.71,15.87,0.0152,0.76
0101011,0.0|42.0|0.0|49.1|0.0|50.0|50.0,170:2_瞬时流量,68,3.57,4.41,-0.1306,0.84
0101011,0.0|42.0|0.0|49.1|0.0|50.0|50.0,70:3_瞬时流量,68,4.08,5.52,0.1537,0.82
0101011,0.0|42.0|0.0|49.1|0.0|50.0|50.0,总管效率_pct,68,1.77,2.05,0.0208,3.45
0101011,0.0|42.1|0.0|49.5|0.0|50.0|50.0,170:1_瞬时流量,118,8.98,11.02,-2.2404,0.43
0101011,0.0|42.1|0.0|49.5|0.0|50.0|50.0,170:2_瞬时流量,118,4.47,6.25,-0.2539,1.06
0101011,0.0|42.1|0.0|49.5|0.0|50.0|50.0,70:3_瞬时流量,118,5.29,6.54,0.0852,1.06
0101011,0.0|42.1|0.0|49.5|0.0|50.0|50.0,总管效率_pct,118,1.92,2.14,-0.0089,3.83
0101011,0.0|42.2|0.0|48.5|0.0|50.0|50.0,170:1_瞬时流量,218,11.1,14.13,-0.259,0.54
0101011,0.0|42.2|0.0|48.5|0.0|50.0|50.0,170:2_瞬时流量,218,4.79,5.94,-0.3684,1.13
0101011,0.0|42.2|0.0|48.5|0.0|50.0|50.0,70:3_瞬时流量,218,5.28,6.65,0.5885,1.06
0101011,0.0|42.2|0.0|48.5|0.0|50.0|50.0,总管效率_pct,218,1.82,2.24,0.0079,3.52
0101011,0.0|42.3|0.0|48.5|0.0|50.0|50.0,170:1_瞬时流量,211,11.08,14.22,-0.3432,0.54
0101011,0.0|42.3|0.0|48.5|0.0|50.0|50.0,170:2_瞬时流量,211,3.29,4.42,-0.7573,0.77
0101011,0.0|42.3|0.0|48.5|0.0|50.0|50.0,70:3_瞬时流量,211,5.49,6.98,0.5783,1.12
0101011,0.0|42.3|0.0|48.5|0.0|50.0|50.0,总管效率_pct,211,2.46,2.78,0.014,4.7
0101011,0.0|42.3|0.0|49.5|0.0|50.0|50.0,170:1_瞬时流量,76,14.26,16.47,-1.654,0.69
0101011,0.0|42.3|0.0|49.5|0.0|50.0|50.0,170:2_瞬时流量,76,1.94,2.49,-0.091,0.45
0101011,0.0|42.3|0.0|49.5|0.0|50.0|50.0,70:3_瞬时流量,76,5.7,7.08,0.4923,1.13
0101011,0.0|42.3|0.0|49.5|0.0|50.0|50.0,总管效率_pct,76,1.78,1.85,-0.41,3.42
0101011,0.0|42.4|0.0|49.3|0.0|50.0|50.0,170:1_瞬时流量,54,19.56,23.13,-0.0545,0.94
0101011,0.0|42.4|0.0|49.3|0.0|50.0|50.0,170:2_瞬时流量,54,6.59,7.05,-0.6957,1.55
0101011,0.0|42.4|0.0|49.3|0.0|50.0|50.0,70:3_瞬时流量,54,5.31,6.72,0.7406,1.05
0101011,0.0|42.4|0.0|49.3|0.0|50.0|50.0,总管效率_pct,54,1.86,2.27,-0.1247,3.78
0101011,0.0|42.4|0.0|50.0|0.0|50.0|50.0,170:1_瞬时流量,52,21.62,26.64,-0.2353,1.02
0101011,0.0|42.4|0.0|50.0|0.0|50.0|50.0,170:2_瞬时流量,52,5.12,7.74,0.4848,1.23
0101011,0.0|42.4|0.0|50.0|0.0|50.0|50.0,70:3_瞬时流量,52,7.38,9.2,0.8561,1.5
0101011,0.0|42.4|0.0|50.0|0.0|50.0|50.0,总管效率_pct,52,1.43,1.77,-0.1925,2.72
0101011,0.0|42.5|0.0|48.6|0.0|50.0|50.0,170:1_瞬时流量,143,13.22,18.02,-0.0206,0.65
0101011,0.0|42.5|0.0|48.6|0.0|50.0|50.0,170:2_瞬时流量,143,3.77,4.38,0.337,0.88
0101011,0.0|42.5|0.0|48.6|0.0|50.0|50.0,70:3_瞬时流量,143,6.29,8.37,0.6793,1.27
0101011,0.0|42.5|0.0|48.6|0.0|50.0|50.0,总管效率_pct,143,2.04,2.35,0.0061,3.99
0101011,0.0|42.6|0.0|50.0|0.0|50.0|50.0,170:1_瞬时流量,64,19.66,21.95,-0.0255,0.93
0101011,0.0|42.6|0.0|50.0|0.0|50.0|50.0,170:2_瞬时流量,64,5.61,7.12,-0.2003,1.28
0101011,0.0|42.6|0.0|50.0|0.0|50.0|50.0,70:3_瞬时流量,64,7.15,8.36,0.7564,1.47
0101011,0.0|42.6|0.0|50.0|0.0|50.0|50.0,总管效率_pct,64,2.48,2.75,0.0112,4.97
0101011,0.0|42.7|0.0|48.5|0.0|50.0|50.0,170:1_瞬时流量,85,17.39,20.28,0.1685,0.84
0101011,0.0|42.7|0.0|48.5|0.0|50.0|50.0,170:2_瞬时流量,85,4.14,5.73,0.3723,0.97
0101011,0.0|42.7|0.0|48.5|0.0|50.0|50.0,70:3_瞬时流量,85,4.85,5.99,0.7103,1.0
0101011,0.0|42.7|0.0|48.5|0.0|50.0|50.0,总管效率_pct,85,2.26,2.62,0.0429,4.35
0101011,0.0|43.1|0.0|48.6|0.0|50.0|50.0,170:1_瞬时流量,186,17.37,23.19,0.3179,0.82
0101011,0.0|43.1|0.0|48.6|0.0|50.0|50.0,170:2_瞬时流量,186,3.2,3.91,0.4379,0.73
0101011,0.0|43.1|0.0|48.6|0.0|50.0|50.0,70:3_瞬时流量,186,5.28,7.17,0.8154,1.08
0101011,0.0|43.1|0.0|48.6|0.0|50.0|50.0,总管效率_pct,186,3.04,3.77,-0.1187,5.65
0101011,0.0|43.1|0.0|49.4|0.0|50.0|50.0,170:1_瞬时流量,85,11.44,14.22,0.0768,0.54
0101011,0.0|43.1|0.0|49.4|0.0|50.0|50.0,170:2_瞬时流量,85,4.48,4.71,0.0492,1.03
0101011,0.0|43.1|0.0|49.4|0.0|50.0|50.0,70:3_瞬时流量,85,5.93,7.15,0.6534,1.18
0101011,0.0|43.1|0.0|49.4|0.0|50.0|50.0,总管效率_pct,85,2.54,3.1,-0.0625,4.8
0101011,0.0|43.2|0.0|49.3|0.0|50.0|50.0,170:1_瞬时流量,144,12.24,14.0,0.1539,0.58
0101011,0.0|43.2|0.0|49.3|0.0|50.0|50.0,170:2_瞬时流量,144,5.45,6.89,-0.3702,1.22
0101011,0.0|43.2|0.0|49.3|0.0|50.0|50.0,70:3_瞬时流量,144,5.4,6.88,0.847,1.08
0101011,0.0|43.2|0.0|49.3|0.0|50.0|50.0,总管效率_pct,144,1.28,1.4,-0.0654,2.47
0101011,0.0|43.2|0.0|49.4|0.0|50.0|50.0,170:1_瞬时流量,94,12.06,13.8,0.1583,0.57
0101011,0.0|43.2|0.0|49.4|0.0|50.0|50.0,170:2_瞬时流量,94,5.53,5.72,0.1023,1.26
0101011,0.0|43.2|0.0|49.4|0.0|50.0|50.0,70:3_瞬时流量,94,4.97,6.14,0.6671,0.96
0101011,0.0|43.2|0.0|49.4|0.0|50.0|50.0,总管效率_pct,94,2.1,2.67,-0.0218,4.03
0101011,0.0|43.3|0.0|49.4|0.0|50.0|50.0,170:1_瞬时流量,139,10.71,12.15,0.5913,0.51
0101011,0.0|43.3|0.0|49.4|0.0|50.0|50.0,170:2_瞬时流量,139,5.78,6.22,0.4632,1.31
0101011,0.0|43.3|0.0|49.4|0.0|50.0|50.0,70:3_瞬时流量,139,4.89,6.63,0.9329,1.01
0101011,0.0|43.3|0.0|49.4|0.0|50.0|50.0,总管效率_pct,139,1.32,1.68,0.0475,2.65
0101011,0.0|43.4|0.0|49.3|0.0|50.0|50.0,170:1_瞬时流量,61,13.61,15.66,-3.2448,0.64
0101011,0.0|43.4|0.0|49.3|0.0|50.0|50.0,170:2_瞬时流量,61,3.96,4.42,-2.0802,0.89
0101011,0.0|43.4|0.0|49.3|0.0|50.0|50.0,70:3_瞬时流量,61,4.83,6.28,0.6442,0.97
0101011,0.0|43.4|0.0|49.3|0.0|50.0|50.0,总管效率_pct,61,1.27,1.31,-0.3066,2.47
0101011,0.0|43.5|0.0|48.7|0.0|50.0|50.0,170:1_瞬时流量,388,15.21,18.05,0.3618,0.72
0101011,0.0|43.5|0.0|48.7|0.0|50.0|50.0,170:2_瞬时流量,388,3.74,4.83,0.327,0.85
0101011,0.0|43.5|0.0|48.7|0.0|50.0|50.0,70:3_瞬时流量,388,6.05,7.57,0.5612,1.23
0101011,0.0|43.5|0.0|48.7|0.0|50.0|50.0,总管效率_pct,388,1.86,2.29,0.032,3.6
0101011,0.0|43.8|0.0|48.9|0.0|50.0|50.0,170:1_瞬时流量,98,9.55,12.08,0.3058,0.45
0101011,0.0|43.8|0.0|48.9|0.0|50.0|50.0,170:2_瞬时流量,98,4.46,5.97,-0.0601,1.03
0101011,0.0|43.8|0.0|48.9|0.0|50.0|50.0,70:3_瞬时流量,98,5.79,6.97,0.8544,1.16
0101011,0.0|43.8|0.0|48.9|0.0|50.0|50.0,总管效率_pct,98,1.35,1.8,-0.1118,2.59
0101011,0.0|43.8|0.0|49.5|0.0|50.0|50.0,170:1_瞬时流量,111,19.15,24.04,-0.0849,0.9
0101011,0.0|43.8|0.0|49.5|0.0|50.0|50.0,170:2_瞬时流量,111,6.62,7.49,-0.0213,1.51
0101011,0.0|43.8|0.0|49.5|0.0|50.0|50.0,70:3_瞬时流量,111,5.58,6.82,0.8985,1.13
0101011,0.0|43.8|0.0|49.5|0.0|50.0|50.0,总管效率_pct,111,1.7,2.18,-0.0641,3.45
0101011,0.0|43.8|0.0|49.7|0.0|50.0|50.0,170:1_瞬时流量,63,14.6,15.99,-0.19,0.68
0101011,0.0|43.8|0.0|49.7|0.0|50.0|50.0,170:2_瞬时流量,63,3.46,4.35,-0.17,0.79
0101011,0.0|43.8|0.0|49.7|0.0|50.0|50.0,70:3_瞬时流量,63,4.77,5.88,0.1649,0.96
0101011,0.0|43.8|0.0|49.7|0.0|50.0|50.0,总管效率_pct,63,2.5,3.17,-0.4247,5.27
0101011,0.0|43.9|0.0|48.8|0.0|50.0|50.0,170:1_瞬时流量,464,10.53,13.59,0.2651,0.49
0101011,0.0|43.9|0.0|48.8|0.0|50.0|50.0,170:2_瞬时流量,464,2.87,4.44,0.1338,0.64
0101011,0.0|43.9|0.0|48.8|0.0|50.0|50.0,70:3_瞬时流量,464,5.92,7.78,0.6105,1.2
0101011,0.0|43.9|0.0|48.8|0.0|50.0|50.0,总管效率_pct,464,1.51,1.84,0.0281,2.91
0101011,0.0|44.0|0.0|48.8|0.0|50.0|50.0,170:1_瞬时流量,355,11.48,14.22,0.5768,0.54
0101011,0.0|44.0|0.0|48.8|0.0|50.0|50.0,170:2_瞬时流量,355,3.31,4.45,0.3974,0.75
0101011,0.0|44.0|0.0|48.8|0.0|50.0|50.0,70:3_瞬时流量,355,5.55,7.21,0.7708,1.13
0101011,0.0|44.0|0.0|48.8|0.0|50.0|50.0,总管效率_pct,355,1.88,2.34,-0.0055,3.66
0101011,0.0|44.0|0.0|48.9|0.0|50.0|50.0,170:1_瞬时流量,258,11.74,15.13,0.0329,0.55
0101011,0.0|44.0|0.0|48.9|0.0|50.0|50.0,170:2_瞬时流量,258,3.05,4.01,0.3253,0.69
0101011,0.0|44.0|0.0|48.9|0.0|50.0|50.0,70:3_瞬时流量,258,6.22,7.66,0.6656,1.23
0101011,0.0|44.0|0.0|48.9|0.0|50.0|50.0,总管效率_pct,258,1.4,1.71,-0.0284,2.7
0101011,0.0|44.0|0.0|49.6|0.0|50.0|50.0,170:1_瞬时流量,76,22.74,27.82,0.2817,1.06
0101011,0.0|44.0|0.0|49.6|0.0|50.0|50.0,170:2_瞬时流量,76,4.11,6.19,-0.0269,0.94
0101011,0.0|44.0|0.0|49.6|0.0|50.0|50.0,70:3_瞬时流量,76,7.03,8.39,0.8642,1.39
0101011,0.0|44.0|0.0|49.6|0.0|50.0|50.0,总管效率_pct,76,1.67,1.85,-0.8153,3.18
0101011,0.0|44.1|0.0|49.6|0.0|50.0|50.0,170:1_瞬时流量,67,26.39,28.44,0.1903,1.23
0101011,0.0|44.1|0.0|49.6|0.0|50.0|50.0,170:2_瞬时流量,67,3.95,5.52,0.3118,0.9
0101011,0.0|44.1|0.0|49.6|0.0|50.0|50.0,70:3_瞬时流量,67,7.23,8.36,0.83,1.41
0101011,0.0|44.1|0.0|49.6|0.0|50.0|50.0,总管效率_pct,67,1.94,2.38,0.0282,3.82
0101011,0.0|44.3|0.0|49.6|0.0|50.0|50.0,170:1_瞬时流量,176,17.3,21.56,0.3212,0.8
0101011,0.0|44.3|0.0|49.6|0.0|50.0|50.0,170:2_瞬时流量,176,5.15,6.15,-0.242,1.16
0101011,0.0|44.3|0.0|49.6|0.0|50.0|50.0,70:3_瞬时流量,176,5.84,7.03,0.7313,1.14
0101011,0.0|44.3|0.0|49.6|0.0|50.0|50.0,总管效率_pct,176,2.13,2.45,-0.0098,4.29
0101011,0.0|44.4|0.0|48.8|0.0|50.0|50.0,170:1_瞬时流量,68,20.47,23.95,0.2217,0.95
0101011,0.0|44.4|0.0|48.8|0.0|50.0|50.0,170:2_瞬时流量,68,6.5,8.26,-0.2974,1.45
0101011,0.0|44.4|0.0|48.8|0.0|50.0|50.0,70:3_瞬时流量,68,8.18,9.88,0.4204,1.75
0101011,0.0|44.4|0.0|48.8|0.0|50.0|50.0,总管效率_pct,68,1.54,1.79,-0.3476,2.93
0101011,0.0|44.5|0.0|49.0|0.0|50.0|50.0,170:1_瞬时流量,216,12.34,14.24,0.4543,0.58
0101011,0.0|44.5|0.0|49.0|0.0|50.0|50.0,170:2_瞬时流量,216,3.8,5.38,-0.186,0.86
0101011,0.0|44.5|0.0|49.0|0.0|50.0|50.0,70:3_瞬时流量,216,6.27,7.74,0.8213,1.26
0101011,0.0|44.5|0.0|49.0|0.0|50.0|50.0,总管效率_pct,216,2.01,2.65,-0.1674,3.79
0101011,0.0|44.5|0.0|49.7|0.0|50.0|50.0,170:1_瞬时流量,109,19.12,25.21,0.3093,0.89
0101011,0.0|44.5|0.0|49.7|0.0|50.0|50.0,170:2_瞬时流量,109,7.0,8.16,-0.1838,1.56
0101011,0.0|44.5|0.0|49.7|0.0|50.0|50.0,70:3_瞬时流量,109,6.38,7.93,0.806,1.24
0101011,0.0|44.5|0.0|49.7|0.0|50.0|50.0,总管效率_pct,109,2.45,2.9,0.0488,5.04
0101011,0.0|44.6|0.0|49.6|0.0|50.0|50.0,170:1_瞬时流量,195,9.7,12.24,0.6787,0.44
0101011,0.0|44.6|0.0|49.6|0.0|50.0|50.0,170:2_瞬时流量,195,5.32,5.95,-0.0982,1.18
0101011,0.0|44.6|0.0|49.6|0.0|50.0|50.0,70:3_瞬时流量,195,5.34,6.5,0.7873,1.06
0101011,0.0|44.6|0.0|49.6|0.0|50.0|50.0,总管效率_pct,195,2.34,2.62,-0.2481,4.76
0101011,0.0|44.6|0.0|49.8|0.0|50.0|50.0,170:1_瞬时流量,78,10.69,12.8,0.2769,0.49
0101011,0.0|44.6|0.0|49.8|0.0|50.0|50.0,170:2_瞬时流量,78,6.71,7.0,-2.1251,1.5
0101011,0.0|44.6|0.0|49.8|0.0|50.0|50.0,70:3_瞬时流量,78,4.19,5.43,0.7391,0.83
0101011,0.0|44.6|0.0|49.8|0.0|50.0|50.0,总管效率_pct,78,1.28,1.55,0.0068,2.55
0101011,0.0|44.7|0.0|49.1|0.0|50.0|50.0,170:1_瞬时流量,108,10.44,12.65,0.5986,0.49
0101011,0.0|44.7|0.0|49.1|0.0|50.0|50.0,170:2_瞬时流量,108,4.14,4.94,0.4865,0.94
0101011,0.0|44.7|0.0|49.1|0.0|50.0|50.0,70:3_瞬时流量,108,6.62,7.76,0.8453,1.4
0101011,0.0|44.7|0.0|49.1|0.0|50.0|50.0,总管效率_pct,108,2.23,2.74,-0.0558,4.58
0101011,0.0|44.7|0.0|49.8|0.0|50.0|50.0,170:1_瞬时流量,85,25.65,29.94,-0.0211,1.17
0101011,0.0|44.7|0.0|49.8|0.0|50.0|50.0,170:2_瞬时流量,85,5.56,7.09,-0.3031,1.24
0101011,0.0|44.7|0.0|49.8|0.0|50.0|50.0,70:3_瞬时流量,85,7.91,9.35,0.625,1.6
0101011,0.0|44.7|0.0|49.8|0.0|50.0|50.0,总管效率_pct,85,1.2,1.76,0.1327,2.41
0101011,0.0|44.9|0.0|48.9|0.0|50.0|50.0,170:1_瞬时流量,76,13.68,18.1,0.2409,0.64
0101011,0.0|44.9|0.0|48.9|0.0|50.0|50.0,170:2_瞬时流量,76,4.87,5.75,-0.2018,1.08
0101011,0.0|44.9|0.0|48.9|0.0|50.0|50.0,70:3_瞬时流量,76,6.22,8.02,0.4203,1.31
0101011,0.0|44.9|0.0|48.9|0.0|50.0|50.0,总管效率_pct,76,1.87,2.29,-0.0292,3.65
0101011,0.0|44.9|0.0|49.7|0.0|50.0|50.0,170:1_瞬时流量,340,14.1,18.53,0.0966,0.65
0101011,0.0|44.9|0.0|49.7|0.0|50.0|50.0,170:2_瞬时流量,340,5.3,6.44,0.4577,1.18
0101011,0.0|44.9|0.0|49.7|0.0|50.0|50.0,70:3_瞬时流量,340,6.22,7.75,0.8439,1.29
0101011,0.0|44.9|0.0|49.7|0.0|50.0|50.0,总管效率_pct,340,1.74,2.02,-0.0143,3.35
0101011,0.0|45.0|0.0|50.0|0.0|50.0|50.0,170:1_瞬时流量,111,19.64,22.22,0.1165,0.89
0101011,0.0|45.0|0.0|50.0|0.0|50.0|50.0,170:2_瞬时流量,111,3.34,4.03,-0.5354,0.73
0101011,0.0|45.0|0.0|50.0|0.0|50.0|50.0,70:3_瞬时流量,111,5.88,8.0,0.3363,1.18
0101011,0.0|45.0|0.0|50.0|0.0|50.0|50.0,总管效率_pct,111,1.35,1.69,-0.0325,2.63
0101011,0.0|45.1|0.0|49.7|0.0|50.0|50.0,170:1_瞬时流量,221,12.21,15.0,0.5836,0.56
0101011,0.0|45.1|0.0|49.7|0.0|50.0|50.0,170:2_瞬时流量,221,5.0,5.56,0.471,1.11
0101011,0.0|45.1|0.0|49.7|0.0|50.0|50.0,70:3_瞬时流量,221,5.93,7.07,0.8908,1.21
0101011,0.0|45.1|0.0|49.7|0.0|50.0|50.0,总管效率_pct,221,1.55,1.94,-0.1265,2.98
0101011,0.0|45.1|0.0|50.0|0.0|50.0|50.0,170:1_瞬时流量,138,8.46,11.55,0.2885,0.38
0101011,0.0|45.1|0.0|50.0|0.0|50.0|50.0,170:2_瞬时流量,138,6.11,7.04,-0.0373,1.33
0101011,0.0|45.1|0.0|50.0|0.0|50.0|50.0,70:3_瞬时流量,138,7.26,9.36,0.5148,1.45
0101011,0.0|45.1|0.0|50.0|0.0|50.0|50.0,总管效率_pct,138,1.15,1.52,-0.2281,2.19
0101011,0.0|45.2|0.0|50.0|0.0|50.0|50.0,170:1_瞬时流量,142,9.65,12.22,-0.0801,0.44
0101011,0.0|45.2|0.0|50.0|0.0|50.0|50.0,170:2_瞬时流量,142,6.16,7.11,0.1903,1.35
0101011,0.0|45.2|0.0|50.0|0.0|50.0|50.0,70:3_瞬时流量,142,7.25,9.24,0.5454,1.43
0101011,0.0|45.2|0.0|50.0|0.0|50.0|50.0,总管效率_pct,142,1.48,1.79,-0.2332,2.85
0101011,0.0|45.3|0.0|49.7|0.0|50.0|50.0,170:1_瞬时流量,203,13.2,14.94,0.7444,0.6
0101011,0.0|45.3|0.0|49.7|0.0|50.0|50.0,170:2_瞬时流量,203,5.08,5.89,0.5363,1.1
0101011,0.0|45.3|0.0|49.7|0.0|50.0|50.0,70:3_瞬时流量,203,4.94,6.27,0.9289,1.01
0101011,0.0|45.3|0.0|49.7|0.0|50.0|50.0,总管效率_pct,203,2.23,2.63,-0.0443,4.38
0101011,0.0|45.4|0.0|49.8|0.0|50.0|50.0,170:1_瞬时流量,292,12.11,15.59,0.5814,0.55
0101011,0.0|45.4|0.0|49.8|0.0|50.0|50.0,170:2_瞬时流量,292,4.77,5.86,0.3019,1.04
0101011,0.0|45.4|0.0|49.8|0.0|50.0|50.0,70:3_瞬时流量,292,6.26,7.72,0.8677,1.24
0101011,0.0|45.4|0.0|49.8|0.0|50.0|50.0,总管效率_pct,292,1.49,1.76,-0.0192,2.97
0101011,0.0|45.5|0.0|49.8|0.0|50.0|50.0,170:1_瞬时流量,450,9.97,13.48,0.5583,0.45
0101011,0.0|45.5|0.0|49.8|0.0|50.0|50.0,170:2_瞬时流量,450,4.11,5.02,0.3155,0.88
0101011,0.0|45.5|0.0|49.8|0.0|50.0|50.0,70:3_瞬时流量,450,5.95,7.36,0.8278,1.17
0101011,0.0|45.5|0.0|49.8|0.0|50.0|50.0,总管效率_pct,450,1.92,2.26,-0.0154,3.84
0101011,0.0|45.6|0.0|49.3|0.0|50.0|50.0,170:1_瞬时流量,97,12.66,15.9,-0.0527,0.58
0101011,0.0|45.6|0.0|49.3|0.0|50.0|50.0,170:2_瞬时流量,97,3.44,4.47,-0.055,0.76
0101011,0.0|45.6|0.0|49.3|0.0|50.0|50.0,70:3_瞬时流量,97,8.99,10.52,0.5266,1.89
0101011,0.0|45.6|0.0|49.3|0.0|50.0|50.0,总管效率_pct,97,1.9,2.2,0.0435,3.75
0101011,0.0|45.7|0.0|49.2|0.0|50.0|50.0,170:1_瞬时流量,463,15.79,19.19,0.4348,0.73
0101011,0.0|45.7|0.0|49.2|0.0|50.0|50.0,170:2_瞬时流量,463,6.07,8.34,0.3028,1.36
0101011,0.0|45.7|0.0|49.2|0.0|50.0|50.0,70:3_瞬时流量,463,6.1,7.66,0.7026,1.24
0101011,0.0|45.7|0.0|49.2|0.0|50.0|50.0,总管效率_pct,463,1.68,2.08,-0.0258,3.29
0101011,0.0|45.7|0.0|49.9|0.0|50.0|50.0,170:1_瞬时流量,89,22.4,28.83,0.0052,1.0
0101011,0.0|45.7|0.0|49.9|0.0|50.0|50.0,170:2_瞬时流量,89,6.64,8.54,0.345,1.48
0101011,0.0|45.7|0.0|49.9|0.0|50.0|50.0,70:3_瞬时流量,89,6.29,8.15,0.8909,1.23
0101011,0.0|45.7|0.0|49.9|0.0|50.0|50.0,总管效率_pct,89,1.27,1.53,-1.0597,2.59
0101011,0.0|45.8|0.0|49.2|0.0|50.0|50.0,170:1_瞬时流量,798,14.42,17.54,0.4198,0.66
0101011,0.0|45.8|0.0|49.2|0.0|50.0|50.0,170:2_瞬时流量,798,5.62,7.22,0.3909,1.23
0101011,0.0|45.8|0.0|49.2|0.0|50.0|50.0,70:3_瞬时流量,798,7.28,9.13,0.6061,1.48
0101011,0.0|45.8|0.0|49.2|0.0|50.0|50.0,总管效率_pct,798,1.91,2.39,-0.0416,3.89
0101011,0.0|45.9|0.0|49.9|0.0|50.0|50.0,170:1_瞬时流量,184,19.51,24.57,0.1034,0.87
0101011,0.0|45.9|0.0|49.9|0.0|50.0|50.0,170:2_瞬时流量,184,4.44,5.35,0.3732,0.96
0101011,0.0|45.9|0.0|49.9|0.0|50.0|50.0,70:3_瞬时流量,184,6.08,7.47,0.8593,1.2
0101011,0.0|45.9|0.0|49.9|0.0|50.0|50.0,总管效率_pct,184,1.97,2.2,0.0184,3.88
0101011,0.0|45.9|0.0|50.0|0.0|50.0|50.0,170:1_瞬时流量,169,25.81,28.19,-0.3812,1.14
0101011,0.0|45.9|0.0|50.0|0.0|50.0|50.0,170:2_瞬时流量,169,7.57,9.77,-0.0739,1.67
0101011,0.0|45.9|0.0|50.0|0.0|50.0|50.0,70:3_瞬时流量,169,7.01,9.14,0.5937,1.41
0101011,0.0|45.9|0.0|50.0|0.0|50.0|50.0,总管效率_pct,169,2.15,2.4,-0.4294,4.1
0101011,0.0|46.0|0.0|49.1|0.0|50.0|50.0,170:1_瞬时流量,96,8.23,11.34,0.5775,0.38
0101011,0.0|46.0|0.0|49.1|0.0|50.0|50.0,170:2_瞬时流量,96,6.66,7.72,0.1269,1.43
0101011,0.0|46.0|0.0|49.1|0.0|50.0|50.0,70:3_瞬时流量,96,7.87,9.74,0.4177,1.66
0101011,0.0|46.0|0.0|49.1|0.0|50.0|50.0,总管效率_pct,96,2.26,2.91,0.024,4.6
0101011,0.0|46.2|0.0|49.8|0.0|50.0|50.0,170:1_瞬时流量,56,15.18,18.36,-5.4518,0.68
0101011,0.0|46.2|0.0|49.8|0.0|50.0|50.0,170:2_瞬时流量,56,6.14,7.65,-0.1511,1.29
0101011,0.0|46.2|0.0|49.8|0.0|50.0|50.0,70:3_瞬时流量,56,4.59,6.05,0.7899,0.9
0101011,0.0|46.2|0.0|49.8|0.0|50.0|50.0,总管效率_pct,56,1.6,1.67,0.0413,3.11
0101011,0.0|46.3|0.0|49.4|0.0|50.0|50.0,170:1_瞬时流量,124,13.29,16.03,-0.245,0.61
0101011,0.0|46.3|0.0|49.4|0.0|50.0|50.0,170:2_瞬时流量,124,8.57,9.52,0.0722,1.86
0101011,0.0|46.3|0.0|49.4|0.0|50.0|50.0,70:3_瞬时流量,124,8.01,10.3,0.6985,1.6
0101011,0.0|46.3|0.0|49.4|0.0|50.0|50.0,总管效率_pct,124,1.13,1.33,0.0926,2.23
0101011,0.0|46.4|0.0|49.3|0.0|50.0|50.0,170:1_瞬时流量,544,14.25,19.05,0.2896,0.64
0101011,0.0|46.4|0.0|49.3|0.0|50.0|50.0,170:2_瞬时流量,544,5.06,6.2,0.0079,1.09
0101011,0.0|46.4|0.0|49.3|0.0|50.0|50.0,70:3_瞬时流量,544,7.99,10.18,0.6177,1.63
0101011,0.0|46.4|0.0|49.3|0.0|50.0|50.0,总管效率_pct,544,1.9,2.38,-0.0123,3.76
0101011,0.0|46.4|0.0|49.4|0.0|50.0|50.0,170:1_瞬时流量,272,14.29,17.6,0.2809,0.65
0101011,0.0|46.4|0.0|49.4|0.0|50.0|50.0,170:2_瞬时流量,272,7.0,8.32,-0.0314,1.51
0101011,0.0|46.4|0.0|49.4|0.0|50.0|50.0,70:3_瞬时流量,272,8.07,9.92,0.5809,1.61
0101011,0.0|46.4|0.0|49.4|0.0|50.0|50.0,总管效率_pct,272,1.18,1.42,0.0171,2.35
0101011,0.0|46.5|0.0|50.0|0.0|50.0|50.0,170:1_瞬时流量,241,7.88,11.01,0.8261,0.35
0101011,0.0|46.5|0.0|50.0|0.0|50.0|50.0,170:2_瞬时流量,241,6.53,8.01,0.4303,1.41
0101011,0.0|46.5|0.0|50.0|0.0|50.0|50.0,70:3_瞬时流量,241,6.31,7.76,0.9324,1.28
0101011,0.0|46.5|0.0|50.0|0.0|50.0|50.0,总管效率_pct,241,1.53,1.72,-0.1331,2.98
0101011,0.0|46.6|0.0|49.2|0.0|50.0|50.0,170:1_瞬时流量,75,14.88,16.38,0.5373,0.67
0101011,0.0|46.6|0.0|49.2|0.0|50.0|50.0,170:2_瞬时流量,75,5.02,6.32,0.083,1.06
0101011,0.0|46.6|0.0|49.2|0.0|50.0|50.0,70:3_瞬时流量,75,10.76,13.45,0.3853,2.27
0101011,0.0|46.6|0.0|49.2|0.0|50.0|50.0,总管效率_pct,75,1.44,1.52,-0.8963,2.75
0101011,0.0|46.7|0.0|49.5|0.0|50.0|50.0,170:1_瞬时流量,120,12.95,17.25,-0.192,0.59
0101011,0.0|46.7|0.0|49.5|0.0|50.0|50.0,170:2_瞬时流量,120,9.74,11.29,-0.0134,2.14
0101011,0.0|46.7|0.0|49.5|0.0|50.0|50.0,70:3_瞬时流量,120,7.86,9.73,0.8272,1.61
0101011,0.0|46.7|0.0|49.5|0.0|50.0|50.0,总管效率_pct,120,1.55,1.67,-0.543,3.12
0101011,0.0|46.8|0.0|49.3|0.0|50.0|50.0,170:1_瞬时流量,255,16.96,20.77,0.3321,0.76
0101011,0.0|46.8|0.0|49.3|0.0|50.0|50.0,170:2_瞬时流量,255,5.66,6.78,0.0106,1.19
0101011,0.0|46.8|0.0|49.3|0.0|50.0|50.0,70:3_瞬时流量,255,7.29,9.18,0.62,1.51
0101011,0.0|46.8|0.0|49.3|0.0|50.0|50.0,总管效率_pct,255,1.69,2.02,-0.0319,3.23
0101011,0.0|46.9|0.0|50.0|0.0|50.0|50.0,170:1_瞬时流量,170,13.27,18.35,0.4076,0.59
0101011,0.0|46.9|0.0|50.0|0.0|50.0|50.0,170:2_瞬时流量,170,7.91,9.62,0.2537,1.66
0101011,0.0|46.9|0.0|50.0|0.0|50.0|50.0,70:3_瞬时流量,170,5.89,7.37,0.8027,1.14
0101011,0.0|46.9|0.0|50.0|0.0|50.0|50.0,总管效率_pct,170,2.26,2.49,-0.0203,4.56
0101011,0.0|47.0|0.0|49.3|0.0|50.0|50.0,170:1_瞬时流量,202,14.54,17.98,0.453,0.65
0101011,0.0|47.0|0.0|49.3|0.0|50.0|50.0,170:2_瞬时流量,202,4.25,5.17,0.1793,0.9
0101011,0.0|47.0|0.0|49.3|0.0|50.0|50.0,70:3_瞬时流量,202,7.17,9.31,0.4923,1.5
0101011,0.0|47.0|0.0|49.3|0.0|50.0|50.0,总管效率_pct,202,1.56,1.71,0.0151,3.06
0101011,0.0|47.0|0.0|49.5|0.0|50.0|50.0,170:1_瞬时流量,289,19.9,24.01,0.1164,0.9
0101011,0.0|47.0|0.0|49.5|0.0|50.0|50.0,170:2_瞬时流量,289,5.72,7.72,0.1795,1.23
0101011,0.0|47.0|0.0|49.5|0.0|50.0|50.0,70:3_瞬时流量,289,7.77,9.53,0.7241,1.54
0101011,0.0|47.0|0.0|49.5|0.0|50.0|50.0,总管效率_pct,289,1.57,1.73,0.0246,3.13
0101011,0.0|47.1|0.0|49.4|0.0|50.0|50.0,170:1_瞬时流量,405,14.29,16.8,0.5639,0.64
0101011,0.0|47.1|0.0|49.4|0.0|50.0|50.0,170:2_瞬时流量,405,5.92,7.39,0.2573,1.24
0101011,0.0|47.1|0.0|49.4|0.0|50.0|50.0,70:3_瞬时流量,405,6.48,7.96,0.7802,1.31
0101011,0.0|47.1|0.0|49.4|0.0|50.0|50.0,总管效率_pct,405,1.68,1.98,-0.0671,3.36
0101011,0.0|47.1|0.0|50.0|0.0|50.0|50.0,170:1_瞬时流量,51,8.27,12.45,0.7726,0.36
0101011,0.0|47.1|0.0|50.0|0.0|50.0|50.0,170:2_瞬时流量,51,5.52,7.39,0.4648,1.17
0101011,0.0|47.1|0.0|50.0|0.0|50.0|50.0,70:3_瞬时流量,51,8.14,9.89,0.7192,1.59
0101011,0.0|47.1|0.0|50.0|0.0|50.0|50.0,总管效率_pct,51,1.41,1.64,-0.7678,2.89
0101011,0.0|47.2|0.0|49.3|0.0|50.0|50.0,170:1_瞬时流量,75,17.47,22.73,0.3716,0.78
0101011,0.0|47.2|0.0|49.3|0.0|50.0|50.0,170:2_瞬时流量,75,5.69,6.51,-0.0978,1.19
0101011,0.0|47.2|0.0|49.3|0.0|50.0|50.0,70:3_瞬时流量,75,9.24,11.61,0.4364,1.93
0101011,0.0|47.2|0.0|49.3|0.0|50.0|50.0,总管效率_pct,75,1.57,1.79,-0.063,3.07
0101011,0.0|47.4|0.0|49.4|0.0|50.0|50.0,170:1_瞬时流量,205,16.03,21.3,0.2395,0.71
0101011,0.0|47.4|0.0|49.4|0.0|50.0|50.0,170:2_瞬时流量,205,6.87,8.63,0.2474,1.44
0101011,0.0|47.4|0.0|49.4|0.0|50.0|50.0,70:3_瞬时流量,205,7.64,9.67,0.6489,1.59
0101011,0.0|47.4|0.0|49.4|0.0|50.0|50.0,总管效率_pct,205,2.29,2.71,-0.382,4.32
0101011,0.0|47.5|0.0|49.5|0.0|50.0|50.0,170:1_瞬时流量,847,14.22,17.31,0.3045,0.64
0101011,0.0|47.5|0.0|49.5|0.0|50.0|50.0,170:2_瞬时流量,847,5.27,7.05,0.2655,1.11
0101011,0.0|47.5|0.0|49.5|0.0|50.0|50.0,70:3_瞬时流量,847,5.71,7.22,0.7347,1.16
0101011,0.0|47.5|0.0|49.5|0.0|50.0|50.0,总管效率_pct,847,2.13,2.58,-0.0021,4.27
0101011,0.0|47.7|0.0|49.5|0.0|50.0|50.0,170:1_瞬时流量,552,12.16,16.33,0.4579,0.54
0101011,0.0|47.7|0.0|49.5|0.0|50.0|50.0,170:2_瞬时流量,552,5.93,6.99,0.0001,1.22
0101011,0.0|47.7|0.0|49.5|0.0|50.0|50.0,70:3_瞬时流量,552,6.49,8.35,0.6247,1.32
0101011,0.0|47.7|0.0|49.5|0.0|50.0|50.0,总管效率_pct,552,2.43,2.82,0.0241,4.85
0101011,0.0|47.8|0.0|49.5|0.0|50.0|50.0,170:1_瞬时流量,510,14.64,18.35,0.3865,0.65
0101011,0.0|47.8|0.0|49.5|0.0|50.0|50.0,170:2_瞬时流量,510,5.62,6.78,0.136,1.16
0101011,0.0|47.8|0.0|49.5|0.0|50.0|50.0,70:3_瞬时流量,510,6.72,8.15,0.6536,1.37
0101011,0.0|47.8|0.0|49.5|0.0|50.0|50.0,总管效率_pct,510,2.32,2.78,-0.0351,4.57
0101011,0.0|47.8|0.0|49.7|0.0|50.0|50.0,170:1_瞬时流量,144,17.31,21.3,0.3343,0.77
0101011,0.0|47.8|0.0|49.7|0.0|50.0|50.0,170:2_瞬时流量,144,5.47,6.99,-0.423,1.16
0101011,0.0|47.8|0.0|49.7|0.0|50.0|50.0,70:3_瞬时流量,144,8.52,10.6,0.8214,1.69
0101011,0.0|47.8|0.0|49.7|0.0|50.0|50.0,总管效率_pct,144,1.83,2.21,-0.0119,3.74
0101011,0.0|48.0|0.0|49.6|0.0|50.0|50.0,170:1_瞬时流量,407,13.56,17.92,0.2991,0.6
0101011,0.0|48.0|0.0|49.6|0.0|50.0|50.0,170:2_瞬时流量,407,6.6,8.04,0.0298,1.35
0101011,0.0|48.0|0.0|49.6|0.0|50.0|50.0,70:3_瞬时流量,407,6.14,7.68,0.5906,1.24
0101011,0.0|48.0|0.0|49.6|0.0|50.0|50.0,总管效率_pct,407,1.78,2.13,0.0709,3.57
0101011,0.0|48.0|0.0|49.8|0.0|50.0|50.0,170:1_瞬时流量,93,18.41,21.69,0.0966,0.81
0101011,0.0|48.0|0.0|49.8|0.0|50.0|50.0,170:2_瞬时流量,93,7.54,9.36,-0.3891,1.56
0101011,0.0|48.0|0.0|49.8|0.0|50.0|50.0,70:3_瞬时流量,93,11.05,13.2,0.282,2.29
0101011,0.0|48.0|0.0|49.8|0.0|50.0|50.0,总管效率_pct,93,1.89,2.08,-0.0858,3.74
0101011,0.0|48.1|0.0|49.8|0.0|50.0|50.0,170:1_瞬时流量,210,21.0,23.49,-0.4707,0.92
0101011,0.0|48.1|0.0|49.8|0.0|50.0|50.0,170:2_瞬时流量,210,4.69,6.68,-0.3827,0.98
0101011,0.0|48.1|0.0|49.8|0.0|50.0|50.0,70:3_瞬时流量,210,10.6,12.59,0.258,2.18
0101011,0.0|48.1|0.0|49.8|0.0|50.0|50.0,总管效率_pct,210,2.11,2.59,0.0003,4.27
0101011,0.0|48.1|0.0|50.0|0.0|50.0|50.0,170:1_瞬时流量,90,24.69,34.56,0.3893,1.06
0101011,0.0|48.1|0.0|50.0|0.0|50.0|50.0,170:2_瞬时流量,90,6.76,7.81,0.5442,1.43
0101011,0.0|48.1|0.0|50.0|0.0|50.0|50.0,70:3_瞬时流量,90,5.64,7.53,0.9004,1.14
0101011,0.0|48.1|0.0|50.0|0.0|50.0|50.0,总管效率_pct,90,1.33,1.49,-0.0322,2.68
0101011,0.0|48.2|0.0|49.6|0.0|50.0|50.0,170:1_瞬时流量,491,16.03,19.64,0.3347,0.7
0101011,0.0|48.2|0.0|49.6|0.0|50.0|50.0,170:2_瞬时流量,491,4.71,6.34,0.1363,0.97
0101011,0.0|48.2|0.0|49.6|0.0|50.0|50.0,70:3_瞬时流量,491,5.54,7.02,0.6964,1.13
0101011,0.0|48.2|0.0|49.6|0.0|50.0|50.0,总管效率_pct,491,1.58,1.87,0.0703,3.1
0101011,0.0|48.2|0.0|49.7|0.0|50.0|50.0,170:1_瞬时流量,425,20.48,25.75,0.1192,0.9
0101011,0.0|48.2|0.0|49.7|0.0|50.0|50.0,170:2_瞬时流量,425,6.47,8.91,-0.0076,1.35
0101011,0.0|48.2|0.0|49.7|0.0|50.0|50.0,70:3_瞬时流量,425,6.72,8.26,0.5857,1.34
0101011,0.0|48.2|0.0|49.7|0.0|50.0|50.0,总管效率_pct,425,1.67,1.96,-0.1501,3.26
0101011,0.0|48.3|0.0|49.5|0.0|50.0|50.0,170:1_瞬时流量,67,8.54,10.93,0.228,0.38
0101011,0.0|48.3|0.0|49.5|0.0|50.0|50.0,170:2_瞬时流量,67,8.71,9.93,0.2183,1.8
0101011,0.0|48.3|0.0|49.5|0.0|50.0|50.0,70:3_瞬时流量,67,8.25,9.64,0.6418,1.74
0101011,0.0|48.3|0.0|49.5|0.0|50.0|50.0,总管效率_pct,67,2.16,2.52,-0.8366,4.04
0101011,0.0|48.3|0.0|49.6|0.0|50.0|50.0,170:1_瞬时流量,457,11.23,14.44,0.4803,0.49
0101011,0.0|48.3|0.0|49.6|0.0|50.0|50.0,170:2_瞬时流量,457,4.73,6.26,0.1393,0.97
0101011,0.0|48.3|0.0|49.6|0.0|50.0|50.0,70:3_瞬时流量,457,6.06,8.02,0.5593,1.25
0101011,0.0|48.3|0.0|49.6|0.0|50.0|50.0,总管效率_pct,457,1.99,2.29,-0.0438,3.9
0101011,0.0|48.4|0.0|49.6|0.0|50.0|50.0,170:1_瞬时流量,275,12.63,14.88,0.4492,0.55
0101011,0.0|48.4|0.0|49.6|0.0|50.0|50.0,170:2_瞬时流量,275,5.02,6.92,0.3052,1.03
0101011,0.0|48.4|0.0|49.6|0.0|50.0|50.0,70:3_瞬时流量,275,6.52,8.11,0.6849,1.36
0101011,0.0|48.4|0.0|49.6|0.0|50.0|50.0,总管效率_pct,275,2.42,2.84,-0.1953,4.61
0101011,0.0|48.6|0.0|49.7|0.0|50.0|50.0,170:1_瞬时流量,470,13.97,16.87,0.2401,0.61
0101011,0.0|48.6|0.0|49.7|0.0|50.0|50.0,170:2_瞬时流量,470,5.68,7.78,0.2506,1.17
0101011,0.0|48.6|0.0|49.7|0.0|50.0|50.0,70:3_瞬时流量,470,6.44,8.03,0.5956,1.31
0101011,0.0|48.6|0.0|49.7|0.0|50.0|50.0,总管效率_pct,470,1.85,2.19,0.0202,3.72
0101011,0.0|48.6|0.0|49.8|0.0|50.0|50.0,170:1_瞬时流量,317,14.71,19.61,0.0853,0.65
0101011,0.0|48.6|0.0|49.8|0.0|50.0|50.0,170:2_瞬时流量,317,3.81,4.98,0.1422,0.78
0101011,0.0|48.6|0.0|49.8|0.0|50.0|50.0,70:3_瞬时流量,317,6.05,7.87,0.6627,1.21
0101011,0.0|48.6|0.0|49.8|0.0|50.0|50.0,总管效率_pct,317,2.02,2.27,0.0045,4.09
0101011,0.0|48.7|0.0|49.8|0.0|50.0|50.0,170:1_瞬时流量,375,14.82,20.06,0.2009,0.65
0101011,0.0|48.7|0.0|49.8|0.0|50.0|50.0,170:2_瞬时流量,375,4.11,5.49,0.4192,0.85
0101011,0.0|48.7|0.0|49.8|0.0|50.0|50.0,70:3_瞬时流量,375,6.75,8.57,0.7111,1.36
0101011,0.0|48.7|0.0|49.8|0.0|50.0|50.0,总管效率_pct,375,1.89,2.14,-0.04,3.78
0101011,0.0|48.8|0.0|49.6|0.0|50.0|50.0,170:1_瞬时流量,52,5.81,12.02,0.1537,0.25
0101011,0.0|48.8|0.0|49.6|0.0|50.0|50.0,170:2_瞬时流量,52,2.62,3.3,0.2299,0.54
0101011,0.0|48.8|0.0|49.6|0.0|50.0|50.0,70:3_瞬时流量,52,7.5,9.58,0.4466,1.62
0101011,0.0|48.8|0.0|49.6|0.0|50.0|50.0,总管效率_pct,52,1.62,1.73,0.0519,3.2
0101011,0.0|48.8|0.0|49.7|0.0|50.0|50.0,170:1_瞬时流量,365,16.32,20.0,0.2264,0.71
0101011,0.0|48.8|0.0|49.7|0.0|50.0|50.0,170:2_瞬时流量,365,5.46,6.91,0.0353,1.11
0101011,0.0|48.8|0.0|49.7|0.0|50.0|50.0,70:3_瞬时流量,365,8.2,10.19,0.4987,1.66
0101011,0.0|48.8|0.0|49.7|0.0|50.0|50.0,总管效率_pct,365,1.87,2.21,0.0402,3.76
0101011,0.0|48.8|0.0|50.0|0.0|50.0|50.0,170:1_瞬时流量,75,18.93,22.57,0.5133,0.82
0101011,0.0|48.8|0.0|50.0|0.0|50.0|50.0,170:2_瞬时流量,75,8.67,10.12,0.1756,1.8
0101011,0.0|48.8|0.0|50.0|0.0|50.0|50.0,70:3_瞬时流量,75,6.88,8.46,0.8556,1.38
0101011,0.0|48.8|0.0|50.0|0.0|50.0|50.0,总管效率_pct,75,1.8,1.95,-0.2817,3.55
0101011,0.0|49.2|0.0|49.8|0.0|50.0|50.0,170:1_瞬时流量,463,11.13,13.68,0.3863,0.48
0101011,0.0|49.2|0.0|49.8|0.0|50.0|50.0,170:2_瞬时流量,463,5.53,6.82,0.1219,1.13
0101011,0.0|49.2|0.0|49.8|0.0|50.0|50.0,70:3_瞬时流量,463,7.61,9.39,0.5252,1.55
0101011,0.0|49.2|0.0|49.8|0.0|50.0|50.0,总管效率_pct,463,1.58,1.96,0.0085,3.1
0101011,0.0|49.3|0.0|50.0|0.0|50.0|50.0,170:1_瞬时流量,240,15.59,18.12,0.4719,0.68
0101011,0.0|49.3|0.0|50.0|0.0|50.0|50.0,170:2_瞬时流量,240,5.71,7.28,0.0053,1.18
0101011,0.0|49.3|0.0|50.0|0.0|50.0|50.0,70:3_瞬时流量,240,9.64,11.71,0.7471,1.97
0101011,0.0|49.3|0.0|50.0|0.0|50.0|50.0,总管效率_pct,240,1.31,1.73,-0.0059,2.67
0101011,0.0|49.7|0.0|49.8|0.0|50.0|50.0,170:1_瞬时流量,59,17.19,25.41,0.2175,0.73
0101011,0.0|49.7|0.0|49.8|0.0|50.0|50.0,170:2_瞬时流量,59,4.63,6.0,0.2403,0.94
0101011,0.0|49.7|0.0|49.8|0.0|50.0|50.0,70:3_瞬时流量,59,8.15,11.74,0.5895,1.72
0101011,0.0|49.7|0.0|49.8|0.0|50.0|50.0,总管效率_pct,59,1.74,1.97,-0.213,3.4
0101011,0.0|49.7|0.0|49.9|0.0|50.0|50.0,170:1_瞬时流量,462,16.81,21.38,0.1862,0.72
0101011,0.0|49.7|0.0|49.9|0.0|50.0|50.0,170:2_瞬时流量,462,6.27,7.58,0.1451,1.26
0101011,0.0|49.7|0.0|49.9|0.0|50.0|50.0,70:3_瞬时流量,462,8.35,10.65,0.4678,1.68
0101011,0.0|49.7|0.0|49.9|0.0|50.0|50.0,总管效率_pct,462,2.19,2.69,-0.1008,4.53
0101011,0.0|49.9|0.0|50.0|0.0|50.0|50.0,170:1_瞬时流量,1033,11.56,16.1,0.5489,0.5
0101011,0.0|49.9|0.0|50.0|0.0|50.0|50.0,170:2_瞬时流量,1033,7.24,8.6,-0.0286,1.44
0101011,0.0|49.9|0.0|50.0|0.0|50.0|50.0,70:3_瞬时流量,1033,9.8,12.24,0.5298,1.93
0101011,0.0|49.9|0.0|50.0|0.0|50.0|50.0,总管效率_pct,1033,1.55,1.83,-0.0578,3.15
0101110,0.0|40.1|0.0|49.8|49.0|50.0|0.0,170:1_瞬时流量,55,38.25,44.77,-1.6429,1.91
0101110,0.0|40.1|0.0|49.8|49.0|50.0|0.0,170:2_瞬时流量,55,16.96,19.06,-3.8274,3.02
0101110,0.0|40.1|0.0|49.8|49.0|50.0|0.0,70:3_瞬时流量,55,0.0,0.0,0.0,
0101110,0.0|40.1|0.0|49.8|49.0|50.0|0.0,总管效率_pct,55,1.37,1.58,-0.0945,3.0
0101110,0.0|42.1|0.0|50.0|49.9|50.0|0.0,170:1_瞬时流量,57,26.6,31.1,-0.7748,1.22
0101110,0.0|42.1|0.0|50.0|49.9|50.0|0.0,170:2_瞬时流量,57,8.46,10.02,-1.16,1.37
0101110,0.0|42.1|0.0|50.0|49.9|50.0|0.0,70:3_瞬时流量,57,0.0,0.0,1.0,
0101110,0.0|42.1|0.0|50.0|49.9|50.0|0.0,总管效率_pct,57,1.49,1.69,-0.577,3.24
0101110,0.0|43.9|0.0|48.9|43.9|50.0|0.0,170:1_瞬时流量,66,15.27,16.69,-0.5518,0.68
0101110,0.0|43.9|0.0|48.9|43.9|50.0|0.0,170:2_瞬时流量,66,9.61,11.63,-0.2748,1.75
0101110,0.0|43.9|0.0|48.9|43.9|50.0|0.0,70:3_瞬时流量,66,0.0,0.0,1.0,
0101110,0.0|43.9|0.0|48.9|43.9|50.0|0.0,总管效率_pct,66,1.64,2.19,-0.3193,3.36
0101110,0.0|44.0|0.0|48.9|43.9|50.0|0.0,170:1_瞬时流量,153,13.23,15.51,-0.9524,0.59
0101110,0.0|44.0|0.0|48.9|43.9|50.0|0.0,170:2_瞬时流量,153,10.47,12.36,-0.0766,1.9
0101110,0.0|44.0|0.0|48.9|43.9|50.0|0.0,70:3_瞬时流量,153,0.0,0.0,1.0,
0101110,0.0|44.0|0.0|48.9|43.9|50.0|0.0,总管效率_pct,153,1.71,2.38,-0.0099,3.43
0101110,0.0|44.1|0.0|48.9|44.0|50.0|0.0,170:1_瞬时流量,99,13.68,15.27,-0.0993,0.6
0101110,0.0|44.1|0.0|48.9|44.0|50.0|0.0,170:2_瞬时流量,99,6.98,8.56,-0.3143,1.27
0101110,0.0|44.1|0.0|48.9|44.0|50.0|0.0,70:3_瞬时流量,99,0.0,0.0,1.0,
0101110,0.0|44.1|0.0|48.9|44.0|50.0|0.0,总管效率_pct,99,1.25,1.82,0.0068,2.37
0101110,0.0|44.3|0.0|50.0|49.8|50.0|0.0,170:1_瞬时流量,61,69.8,83.28,-1.305,3.13
0101110,0.0|44.3|0.0|50.0|49.8|50.0|0.0,170:2_瞬时流量,61,6.58,8.12,-0.9042,1.02
0101110,0.0|44.3|0.0|50.0|49.8|50.0|0.0,70:3_瞬时流量,61,0.0,0.0,1.0,
0101110,0.0|44.3|0.0|50.0|49.8|50.0|0.0,总管效率_pct,61,3.69,4.03,0.0163,7.41
0101110,0.0|44.4|0.0|50.0|49.9|50.0|0.0,170:1_瞬时流量,62,44.77,67.04,-0.4312,2.0
0101110,0.0|44.4|0.0|50.0|49.9|50.0|0.0,170:2_瞬时流量,62,5.51,6.26,-2.3428,0.86
0101110,0.0|44.4|0.0|50.0|49.9|50.0|0.0,70:3_瞬时流量,62,0.0,0.0,0.0,
0101110,0.0|44.4|0.0|50.0|49.9|50.0|0.0,总管效率_pct,62,3.99,4.22,-0.538,8.76
0101110,0.0|44.6|0.0|50.0|49.9|50.0|0.0,170:1_瞬时流量,55,53.24,67.06,-0.1686,2.34
0101110,0.0|44.6|0.0|50.0|49.9|50.0|0.0,170:2_瞬时流量,55,4.52,5.35,0.1014,0.71
0101110,0.0|44.6|0.0|50.0|49.9|50.0|0.0,70:3_瞬时流量,55,0.0,0.0,1.0,
0101110,0.0|44.6|0.0|50.0|49.9|50.0|0.0,总管效率_pct,55,2.22,2.79,-0.0448,4.6
0110010,0.0|34.1|50.0|0.0|0.0|50.0|0.0,170:1_瞬时流量,318,37.7,41.25,-0.2202,2.22
0110010,0.0|34.1|50.0|0.0|0.0|50.0|0.0,170:2_瞬时流量,318,9.2,10.63,-0.5093,1.57
0110010,0.0|34.1|50.0|0.0|0.0|50.0|0.0,70:3_瞬时流量,318,0.0,0.0,1.0,
0110010,0.0|34.1|50.0|0.0|0.0|50.0|0.0,总管效率_pct,318,1.51,1.73,-0.0901,3.41
0110010,0.0|40.4|48.2|0.0|0.0|50.0|0.0,170:1_瞬时流量,165,56.31,62.02,-4.5551,3.39
0110010,0.0|40.4|48.2|0.0|0.0|50.0|0.0,170:2_瞬时流量,165,8.39,9.32,-3.1327,1.47
0110010,0.0|40.4|48.2|0.0|0.0|50.0|0.0,70:3_瞬时流量,165,0.0,0.0,0.0,
0110010,0.0|40.4|48.2|0.0|0.0|50.0|0.0,总管效率_pct,165,2.61,3.17,-0.5613,6.06
0110010,0.0|40.7|48.4|0.0|0.0|50.0|0.0,170:1_瞬时流量,95,21.76,32.03,-0.2032,1.27
0110010,0.0|40.7|48.4|0.0|0.0|50.0|0.0,170:2_瞬时流量,95,7.13,9.54,-0.3211,1.24
0110010,0.0|40.7|48.4|0.0|0.0|50.0|0.0,70:3_瞬时流量,95,0.0,0.0,0.0,
0110010,0.0|40.7|48.4|0.0|0.0|50.0|0.0,总管效率_pct,95,1.71,2.32,-0.0231,3.82
0110010,0.0|40.9|48.4|0.0|0.0|50.0|0.0,170:1_瞬时流量,101,17.94,27.29,-0.2615,1.04
0110010,0.0|40.9|48.4|0.0|0.0|50.0|0.0,170:2_瞬时流量,101,10.71,13.53,-0.4961,1.86
0110010,0.0|40.9|48.4|0.0|0.0|50.0|0.0,70:3_瞬时流量,101,0.0,0.0,0.0,
0110010,0.0|40.9|48.4|0.0|0.0|50.0|0.0,总管效率_pct,101,2.65,3.15,-0.0163,5.59
0110010,0.0|41.6|48.4|0.0|0.0|50.0|0.0,170:1_瞬时流量,184,20.88,26.1,-0.0662,1.18
0110010,0.0|41.6|48.4|0.0|0.0|50.0|0.0,170:2_瞬时流量,184,6.26,7.18,-0.0513,1.06
0110010,0.0|41.6|48.4|0.0|0.0|50.0|0.0,70:3_瞬时流量,184,0.0,0.0,1.0,
0110010,0.0|41.6|48.4|0.0|0.0|50.0|0.0,总管效率_pct,184,3.91,4.27,-0.1377,8.05
0110010,0.0|41.7|48.4|0.0|0.0|50.0|0.0,170:1_瞬时流量,113,22.19,27.91,-0.6281,1.26
0110010,0.0|41.7|48.4|0.0|0.0|50.0|0.0,170:2_瞬时流量,113,5.96,7.21,-0.0644,1.0
0110010,0.0|41.7|48.4|0.0|0.0|50.0|0.0,70:3_瞬时流量,113,0.0,0.0,1.0,
0110010,0.0|41.7|48.4|0.0|0.0|50.0|0.0,总管效率_pct,113,2.36,2.84,-0.123,4.85
0110010,0.0|41.8|48.5|0.0|0.0|50.0|0.0,170:1_瞬时流量,251,21.43,25.06,0.0147,1.2
0110010,0.0|41.8|48.5|0.0|0.0|50.0|0.0,170:2_瞬时流量,251,7.1,8.86,-0.1039,1.2
0110010,0.0|41.8|48.5|0.0|0.0|50.0|0.0,70:3_瞬时流量,251,0.0,0.0,1.0,
0110010,0.0|41.8|48.5|0.0|0.0|50.0|0.0,总管效率_pct,251,1.93,2.47,0.0003,4.08
0110010,0.0|41.8|48.6|0.0|0.0|50.0|0.0,170:1_瞬时流量,85,28.86,31.54,-0.0094,1.6
0110010,0.0|41.8|48.6|0.0|0.0|50.0|0.0,170:2_瞬时流量,85,5.92,7.58,-1.9871,1.0
0110010,0.0|41.8|48.6|0.0|0.0|50.0|0.0,70:3_瞬时流量,85,0.0,0.0,0.0,
0110010,0.0|41.8|48.6|0.0|0.0|50.0|0.0,总管效率_pct,85,2.55,3.16,-0.1244,5.79
0110010,0.0|42.0|48.5|0.0|0.0|50.0|0.0,170:1_瞬时流量,263,24.02,28.88,-0.2273,1.35
0110010,0.0|42.0|48.5|0.0|0.0|50.0|0.0,170:2_瞬时流量,263,6.55,8.46,-0.0155,1.11
0110010,0.0|42.0|48.5|0.0|0.0|50.0|0.0,70:3_瞬时流量,263,0.0,0.0,1.0,
0110010,0.0|42.0|48.5|0.0|0.0|50.0|0.0,总管效率_pct,263,2.78,3.23,-0.267,6.14
0110010,0.0|42.2|48.7|0.0|0.0|50.0|0.0,170:1_瞬时流量,111,31.91,44.37,-0.0858,1.81
0110010,0.0|42.2|48.7|0.0|0.0|50.0|0.0,170:2_瞬时流量,111,4.73,5.82,0.1832,0.78
0110010,0.0|42.2|48.7|0.0|0.0|50.0|0.0,70:3_瞬时流量,111,0.0,0.0,0.0,
0110010,0.0|42.2|48.7|0.0|0.0|50.0|0.0,总管效率_pct,111,2.59,2.97,-0.0406,5.7
0110010,0.0|42.3|48.5|0.0|0.0|50.0|0.0,170:1_瞬时流量,105,18.9,26.3,0.0283,1.04
0110010,0.0|42.3|48.5|0.0|0.0|50.0|0.0,170:2_瞬时流量,105,5.93,7.28,-0.16,0.97
0110010,0.0|42.3|48.5|0.0|0.0|50.0|0.0,70:3_瞬时流量,105,0.0,0.0,1.0,
0110010,0.0|42.3|48.5|0.0|0.0|50.0|0.0,总管效率_pct,105,2.72,3.27,-0.0581,5.63
0110010,0.0|42.3|48.6|0.0|0.0|50.0|0.0,170:1_瞬时流量,337,25.51,29.73,-0.1249,1.4
0110010,0.0|42.3|48.6|0.0|0.0|50.0|0.0,170:2_瞬时流量,337,5.12,6.25,0.1084,0.85
0110010,0.0|42.3|48.6|0.0|0.0|50.0|0.0,70:3_瞬时流量,337,0.0,0.0,1.0,
0110010,0.0|42.3|48.6|0.0|0.0|50.0|0.0,总管效率_pct,337,2.55,3.13,-0.0164,5.44
0110010,0.0|42.6|48.6|0.0|0.0|50.0|0.0,170:1_瞬时流量,147,24.28,28.42,0.0968,1.32
0110010,0.0|42.6|48.6|0.0|0.0|50.0|0.0,170:2_瞬时流量,147,4.76,5.85,0.3749,0.79
0110010,0.0|42.6|48.6|0.0|0.0|50.0|0.0,70:3_瞬时流量,147,0.0,0.0,1.0,
0110010,0.0|42.6|48.6|0.0|0.0|50.0|0.0,总管效率_pct,147,2.96,3.39,-0.1228,6.45
0110010,0.0|42.8|48.6|0.0|0.0|50.0|0.0,170:1_瞬时流量,155,26.19,32.97,0.024,1.42
0110010,0.0|42.8|48.6|0.0|0.0|50.0|0.0,170:2_瞬时流量,155,6.25,7.89,-0.0594,1.03
0110010,0.0|42.8|48.6|0.0|0.0|50.0|0.0,70:3_瞬时流量,155,0.0,0.0,1.0,
0110010,0.0|42.8|48.6|0.0|0.0|50.0|0.0,总管效率_pct,155,2.15,2.55,-0.0306,4.56
0110010,0.0|42.8|48.7|0.0|0.0|50.0|0.0,170:1_瞬时流量,424,23.26,30.46,-0.0327,1.28
0110010,0.0|42.8|48.7|0.0|0.0|50.0|0.0,170:2_瞬时流量,424,5.76,6.86,0.3653,0.94
0110010,0.0|42.8|48.7|0.0|0.0|50.0|0.0,70:3_瞬时流量,424,0.0,0.0,0.0,
0110010,0.0|42.8|48.7|0.0|0.0|50.0|0.0,总管效率_pct,424,2.51,2.87,-0.0238,5.29
0110010,0.0|42.8|49.8|0.0|0.0|50.0|0.0,170:1_瞬时流量,172,19.58,22.64,-0.6761,1.08
0110010,0.0|42.8|49.8|0.0|0.0|50.0|0.0,170:2_瞬时流量,172,3.12,4.1,-0.2217,0.5
0110010,0.0|42.8|49.8|0.0|0.0|50.0|0.0,70:3_瞬时流量,172,0.0,0.0,0.0,
0110010,0.0|42.8|49.8|0.0|0.0|50.0|0.0,总管效率_pct,172,2.26,2.66,-0.1516,4.76
0110010,0.0|43.2|48.8|0.0|0.0|50.0|0.0,170:1_瞬时流量,676,22.85,29.62,0.1025,1.22
0110010,0.0|43.2|48.8|0.0|0.0|50.0|0.0,170:2_瞬时流量,676,5.56,6.82,0.123,0.9
0110010,0.0|43.2|48.8|0.0|0.0|50.0|0.0,70:3_瞬时流量,676,0.0,0.0,0.0,
0110010,0.0|43.2|48.8|0.0|0.0|50.0|0.0,总管效率_pct,676,1.63,2.4,-0.0892,3.7
0110010,0.0|43.5|48.9|0.0|0.0|50.0|0.0,170:1_瞬时流量,182,31.05,43.51,0.0892,1.7
0110010,0.0|43.5|48.9|0.0|0.0|50.0|0.0,170:2_瞬时流量,182,5.62,6.8,0.3824,0.91
0110010,0.0|43.5|48.9|0.0|0.0|50.0|0.0,70:3_瞬时流量,182,0.0,0.0,0.0,
0110010,0.0|43.5|48.9|0.0|0.0|50.0|0.0,总管效率_pct,182,1.5,2.01,-0.4376,3.38
0110010,0.0|43.8|48.9|0.0|0.0|50.0|0.0,170:1_瞬时流量,580,20.71,26.75,0.1246,1.1
0110010,0.0|43.8|48.9|0.0|0.0|50.0|0.0,170:2_瞬时流量,580,5.83,7.69,0.3704,0.94
0110010,0.0|43.8|48.9|0.0|0.0|50.0|0.0,70:3_瞬时流量,580,0.0,0.0,0.0,
0110010,0.0|43.8|48.9|0.0|0.0|50.0|0.0,总管效率_pct,580,2.05,2.6,0.0068,4.44
0110010,0.0|44.0|49.0|0.0|0.0|50.0|0.0,170:1_瞬时流量,163,37.45,45.35,-0.0132,1.98
0110010,0.0|44.0|49.0|0.0|0.0|50.0|0.0,170:2_瞬时流量,163,4.45,5.48,0.4763,0.72
0110010,0.0|44.0|49.0|0.0|0.0|50.0|0.0,70:3_瞬时流量,163,0.0,0.0,0.0,
0110010,0.0|44.0|49.0|0.0|0.0|50.0|0.0,总管效率_pct,163,1.88,2.44,-0.1692,3.99
0110010,0.0|44.2|48.9|0.0|0.0|50.0|0.0,170:1_瞬时流量,515,28.01,36.08,-0.0037,1.47
0110010,0.0|44.2|48.9|0.0|0.0|50.0|0.0,170:2_瞬时流量,515,7.19,8.96,0.0708,1.16
0110010,0.0|44.2|48.9|0.0|0.0|50.0|0.0,70:3_瞬时流量,515,0.0,0.0,1.0,
0110010,0.0|44.2|48.9|0.0|0.0|50.0|0.0,总管效率_pct,515,2.56,3.08,0.0204,5.5
0110010,0.0|44.3|49.0|0.0|0.0|50.0|0.0,170:1_瞬时流量,455,31.86,37.93,-0.0123,1.65
0110010,0.0|44.3|49.0|0.0|0.0|50.0|0.0,170:2_瞬时流量,455,4.42,6.09,0.4448,0.71
0110010,0.0|44.3|49.0|0.0|0.0|50.0|0.0,70:3_瞬时流量,455,0.0,0.0,0.0,
0110010,0.0|44.3|49.0|0.0|0.0|50.0|0.0,总管效率_pct,455,1.97,2.54,0.0837,4.25
0110010,0.0|44.3|50.0|0.0|0.0|50.0|0.0,170:1_瞬时流量,91,40.64,43.78,0.0319,2.14
0110010,0.0|44.3|50.0|0.0|0.0|50.0|0.0,170:2_瞬时流量,91,7.89,9.34,0.0873,1.23
0110010,0.0|44.3|50.0|0.0|0.0|50.0|0.0,70:3_瞬时流量,91,0.0,0.0,0.0,
0110010,0.0|44.3|50.0|0.0|0.0|50.0|0.0,总管效率_pct,91,1.67,2.27,0.1789,3.68
0110010,0.0|44.8|49.0|0.0|0.0|50.0|0.0,170:1_瞬时流量,461,29.06,36.03,-0.0251,1.49
0110010,0.0|44.8|49.0|0.0|0.0|50.0|0.0,170:2_瞬时流量,461,6.41,8.07,0.3598,1.02
0110010,0.0|44.8|49.0|0.0|0.0|50.0|0.0,70:3_瞬时流量,461,0.0,0.0,1.0,
0110010,0.0|44.8|49.0|0.0|0.0|50.0|0.0,总管效率_pct,461,2.4,4.24,-0.009,6.3
0110010,0.0|44.9|49.0|0.0|0.0|50.0|0.0,170:1_瞬时流量,352,35.11,41.26,-0.0533,1.8
0110010,0.0|44.9|49.0|0.0|0.0|50.0|0.0,170:2_瞬时流量,352,5.86,7.2,0.3748,0.93
0110010,0.0|44.9|49.0|0.0|0.0|50.0|0.0,70:3_瞬时流量,352,0.0,0.0,1.0,
0110010,0.0|44.9|49.0|0.0|0.0|50.0|0.0,总管效率_pct,352,3.11,5.1,0.0364,8.03
0110010,0.0|44.9|49.9|0.0|0.0|50.0|0.0,170:1_瞬时流量,70,13.79,24.16,0.0867,0.72
0110010,0.0|44.9|49.9|0.0|0.0|50.0|0.0,170:2_瞬时流量,70,8.41,9.77,-2.2472,1.35
0110010,0.0|44.9|49.9|0.0|0.0|50.0|0.0,70:3_瞬时流量,70,0.0,0.0,0.0,
0110010,0.0|44.9|49.9|0.0|0.0|50.0|0.0,总管效率_pct,70,3.83,3.93,-0.0829,8.45
0110010,0.0|45.0|49.1|0.0|0.0|50.0|0.0,170:1_瞬时流量,588,33.42,41.95,-0.0664,1.73
0110010,0.0|45.0|49.1|0.0|0.0|50.0|0.0,170:2_瞬时流量,588,5.65,6.91,0.1641,0.89
0110010,0.0|45.0|49.1|0.0|0.0|50.0|0.0,70:3_瞬时流量,588,0.0,0.0,1.0,
0110010,0.0|45.0|49.1|0.0|0.0|50.0|0.0,总管效率_pct,588,3.65,6.53,0.0124,10.96
0110010,0.0|45.1|49.0|0.0|0.0|50.0|0.0,170:1_瞬时流量,219,26.99,37.62,-0.0095,1.37
0110010,0.0|45.1|49.0|0.0|0.0|50.0|0.0,170:2_瞬时流量,219,6.83,8.35,0.4671,1.08
0110010,0.0|45.1|49.0|0.0|0.0|50.0|0.0,70:3_瞬时流量,219,0.0,0.0,1.0,
0110010,0.0|45.1|49.0|0.0|0.0|50.0|0.0,总管效率_pct,219,1.98,2.8,-0.0791,4.36
0110010,0.0|45.2|49.0|0.0|0.0|50.0|0.0,170:1_瞬时流量,151,27.2,34.44,-0.1366,1.36
0110010,0.0|45.2|49.0|0.0|0.0|50.0|0.0,170:2_瞬时流量,151,7.14,8.99,0.3539,1.15
0110010,0.0|45.2|49.0|0.0|0.0|50.0|0.0,70:3_瞬时流量,151,0.0,0.0,1.0,
0110010,0.0|45.2|49.0|0.0|0.0|50.0|0.0,总管效率_pct,151,1.65,2.16,-0.012,3.49
0110010,0.0|45.5|49.0|0.0|0.0|50.0|0.0,170:1_瞬时流量,74,17.42,23.42,0.0661,0.88
0110010,0.0|45.5|49.0|0.0|0.0|50.0|0.0,170:2_瞬时流量,74,5.64,7.81,0.2185,0.91
0110010,0.0|45.5|49.0|0.0|0.0|50.0|0.0,70:3_瞬时流量,74,0.0,0.0,1.0,
0110010,0.0|45.5|49.0|0.0|0.0|50.0|0.0,总管效率_pct,74,0.94,1.11,-0.1397,1.98
0110010,0.0|45.6|49.1|0.0|0.0|50.0|0.0,170:1_瞬时流量,229,22.25,27.59,0.25,1.1
0110010,0.0|45.6|49.1|0.0|0.0|50.0|0.0,170:2_瞬时流量,229,5.52,6.9,-0.0396,0.88
0110010,0.0|45.6|49.1|0.0|0.0|50.0|0.0,70:3_瞬时流量,229,0.0,0.0,1.0,
0110010,0.0|45.6|49.1|0.0|0.0|50.0|0.0,总管效率_pct,229,1.75,2.16,0.016,3.73
0110010,0.0|45.7|49.2|0.0|0.0|50.0|0.0,170:1_瞬时流量,430,24.0,30.68,0.0663,1.2
0110010,0.0|45.7|49.2|0.0|0.0|50.0|0.0,170:2_瞬时流量,430,6.78,9.32,0.4076,1.08
0110010,0.0|45.7|49.2|0.0|0.0|50.0|0.0,70:3_瞬时流量,430,0.0,0.0,1.0,
0110010,0.0|45.7|49.2|0.0|0.0|50.0|0.0,总管效率_pct,430,1.54,2.07,0.0688,3.32
0110010,0.0|45.7|50.0|0.0|0.0|50.0|0.0,170:1_瞬时流量,221,23.49,25.9,0.1112,1.19
0110010,0.0|45.7|50.0|0.0|0.0|50.0|0.0,170:2_瞬时流量,221,5.79,7.34,-0.1534,0.9
0110010,0.0|45.7|50.0|0.0|0.0|50.0|0.0,70:3_瞬时流量,221,0.01,0.01,0.0,
0110010,0.0|45.7|50.0|0.0|0.0|50.0|0.0,总管效率_pct,221,1.89,2.23,0.0229,4.16
0110010,0.0|45.8|49.1|0.0|0.0|50.0|0.0,170:1_瞬时流量,139,31.87,38.12,-0.0025,1.57
0110010,0.0|45.8|49.1|0.0|0.0|50.0|0.0,170:2_瞬时流量,139,7.85,9.19,0.3459,1.23
0110010,0.0|45.8|49.1|0.0|0.0|50.0|0.0,70:3_瞬时流量,139,0.0,0.0,1.0,
0110010,0.0|45.8|49.1|0.0|0.0|50.0|0.0,总管效率_pct,139,1.86,2.28,-0.0169,3.92
0110010,0.0|45.8|50.0|0.0|0.0|50.0|0.0,170:1_瞬时流量,248,21.09,27.13,0.1495,1.07
0110010,0.0|45.8|50.0|0.0|0.0|50.0|0.0,170:2_瞬时流量,248,4.5,6.59,-0.3477,0.7
0110010,0.0|45.8|50.0|0.0|0.0|50.0|0.0,70:3_瞬时流量,248,0.01,0.01,0.0,
0110010,0.0|45.8|50.0|0.0|0.0|50.0|0.0,总管效率_pct,248,1.59,1.88,-0.0383,3.42
0110010,0.0|45.9|50.0|0.0|0.0|50.0|0.0,170:1_瞬时流量,134,19.64,21.97,-1.0612,1.0
0110010,0.0|45.9|50.0|0.0|0.0|50.0|0.0,170:2_瞬时流量,134,5.98,7.12,-0.4398,0.93
0110010,0.0|45.9|50.0|0.0|0.0|50.0|0.0,70:3_瞬时流量,134,0.01,0.01,0.0,
0110010,0.0|45.9|50.0|0.0|0.0|50.0|0.0,总管效率_pct,134,1.24,1.48,-0.262,2.69
0110010,0.0|46.0|49.0|0.0|0.0|50.0|0.0,170:1_瞬时流量,56,24.04,29.08,-0.1818,1.19
0110010,0.0|46.0|49.0|0.0|0.0|50.0|0.0,170:2_瞬时流量,56,7.4,8.4,-3.8067,1.2
0110010,0.0|46.0|49.0|0.0|0.0|50.0|0.0,70:3_瞬时流量,56,0.0,0.01,0.0,
0110010,0.0|46.0|49.0|0.0|0.0|50.0|0.0,总管效率_pct,56,2.43,3.37,0.0413,4.8
0110010,0.0|46.1|49.1|0.0|0.0|50.0|0.0,170:1_瞬时流量,86,26.88,31.36,-0.2057,1.35
0110010,0.0|46.1|49.1|0.0|0.0|50.0|0.0,170:2_瞬时流量,86,7.56,10.07,-4.6271,1.22
0110010,0.0|46.1|49.1|0.0|0.0|50.0|0.0,70:3_瞬时流量,86,0.0,0.0,1.0,
0110010,0.0|46.1|49.1|0.0|0.0|50.0|0.0,总管效率_pct,86,3.31,4.11,-0.3113,6.39
0110010,0.0|46.3|49.2|0.0|0.0|50.0|0.0,170:1_瞬时流量,206,21.26,30.07,0.07,1.04
0110010,0.0|46.3|49.2|0.0|0.0|50.0|0.0,170:2_瞬时流量,206,5.23,6.8,0.5627,0.81
0110010,0.0|46.3|49.2|0.0|0.0|50.0|0.0,70:3_瞬时流量,206,0.0,0.0,1.0,
0110010,0.0|46.3|49.2|0.0|0.0|50.0|0.0,总管效率_pct,206,2.1,2.59,-0.3038,4.24
0110010,0.0|46.4|49.3|0.0|0.0|50.0|0.0,170:1_瞬时流量,357,26.03,30.55,-0.1465,1.26
0110010,0.0|46.4|49.3|0.0|0.0|50.0|0.0,170:2_瞬时流量,357,3.75,5.06,0.6638,0.58
0110010,0.0|46.4|49.3|0.0|0.0|50.0|0.0,70:3_瞬时流量,357,0.0,0.0,0.0,
0110010,0.0|46.4|49.3|0.0|0.0|50.0|0.0,总管效率_pct,357,2.05,2.48,-0.0335,4.27
0110010,0.0|46.5|49.3|0.0|0.0|50.0|0.0,170:1_瞬时流量,280,21.44,26.93,0.0977,1.05
0110010,0.0|46.5|49.3|0.0|0.0|50.0|0.0,170:2_瞬时流量,280,4.95,6.67,0.6738,0.78
0110010,0.0|46.5|49.3|0.0|0.0|50.0|0.0,70:3_瞬时流量,280,0.0,0.0,0.0,
0110010,0.0|46.5|49.3|0.0|0.0|50.0|0.0,总管效率_pct,280,2.18,2.58,0.0177,4.53
0110010,0.0|46.5|49.4|0.0|0.0|50.0|0.0,170:1_瞬时流量,120,23.15,28.39,-0.0703,1.13
0110010,0.0|46.5|49.4|0.0|0.0|50.0|0.0,170:2_瞬时流量,120,3.5,4.07,0.5887,0.54
0110010,0.0|46.5|49.4|0.0|0.0|50.0|0.0,70:3_瞬时流量,120,0.0,0.0,0.0,
0110010,0.0|46.5|49.4|0.0|0.0|50.0|0.0,总管效率_pct,120,2.69,3.04,-0.018,5.65
0110010,0.0|46.6|49.8|0.0|0.0|50.0|0.0,170:1_瞬时流量,54,13.37,16.17,-0.8569,0.65
0110010,0.0|46.6|49.8|0.0|0.0|50.0|0.0,170:2_瞬时流量,54,2.83,3.77,-0.5958,0.44
0110010,0.0|46.6|49.8|0.0|0.0|50.0|0.0,70:3_瞬时流量,54,0.0,0.0,1.0,
0110010,0.0|46.6|49.8|0.0|0.0|50.0|0.0,总管效率_pct,54,2.45,3.09,-0.0397,5.09
0110010,0.0|46.8|49.3|0.0|0.0|50.0|0.0,170:1_瞬时流量,134,25.27,35.67,0.166,1.24
0110010,0.0|46.8|49.3|0.0|0.0|50.0|0.0,170:2_瞬时流量,134,7.66,10.17,0.4207,1.17
0110010,0.0|46.8|49.3|0.0|0.0|50.0|0.0,70:3_瞬时流量,134,0.0,0.0,1.0,
0110010,0.0|46.8|49.3|0.0|0.0|50.0|0.0,总管效率_pct,134,1.85,2.16,0.0204,3.84
0110010,0.0|46.9|49.4|0.0|0.0|50.0|0.0,170:1_瞬时流量,395,18.88,22.87,0.0801,0.94
0110010,0.0|46.9|49.4|0.0|0.0|50.0|0.0,170:2_瞬时流量,395,5.35,6.81,0.2244,0.84
0110010,0.0|46.9|49.4|0.0|0.0|50.0|0.0,70:3_瞬时流量,395,0.0,0.0,0.0,
0110010,0.0|46.9|49.4|0.0|0.0|50.0|0.0,总管效率_pct,395,1.23,1.58,-0.088,2.53
0110010,0.0|47.1|49.2|0.0|0.0|50.0|0.0,170:1_瞬时流量,59,23.03,27.98,-3.7276,1.15
0110010,0.0|47.1|49.2|0.0|0.0|50.0|0.0,170:2_瞬时流量,59,2.86,3.22,-1.8234,0.45
0110010,0.0|47.1|49.2|0.0|0.0|50.0|0.0,70:3_瞬时流量,59,0.0,0.0,1.0,
0110010,0.0|47.1|49.2|0.0|0.0|50.0|0.0,总管效率_pct,59,1.72,2.11,-0.8012,3.49
0110010,0.0|47.1|49.3|0.0|0.0|50.0|0.0,170:1_瞬时流量,110,31.96,38.12,0.0421,1.58
0110010,0.0|47.1|49.3|0.0|0.0|50.0|0.0,170:2_瞬时流量,110,7.37,9.47,0.1022,1.14
0110010,0.0|47.1|49.3|0.0|0.0|50.0|0.0,70:3_瞬时流量,110,0.0,0.0,1.0,
0110010,0.0|47.1|49.3|0.0|0.0|50.0|0.0,总管效率_pct,110,2.24,3.05,-0.1349,4.98
0110010,0.0|47.1|49.4|0.0|0.0|50.0|0.0,170:1_瞬时流量,135,28.08,32.82,0.5888,1.38
0110010,0.0|47.1|49.4|0.0|0.0|50.0|0.0,170:2_瞬时流量,135,6.5,7.29,0.7173,1.01
0110010,0.0|47.1|49.4|0.0|0.0|50.0|0.0,70:3_瞬时流量,135,0.0,0.0,1.0,
0110010,0.0|47.1|49.4|0.0|0.0|50.0|0.0,总管效率_pct,135,2.62,2.98,-0.1202,5.7
0110010,0.0|47.4|49.5|0.0|0.0|50.0|0.0,170:1_瞬时流量,159,29.77,34.95,0.1997,1.43
0110010,0.0|47.4|49.5|0.0|0.0|50.0|0.0,170:2_瞬时流量,159,6.07,7.62,0.2875,0.93
0110010,0.0|47.4|49.5|0.0|0.0|50.0|0.0,70:3_瞬时流量,159,0.0,0.0,0.0,
0110010,0.0|47.4|49.5|0.0|0.0|50.0|0.0,总管效率_pct,159,1.91,2.35,-0.0427,3.91
0110010,0.0|47.6|49.5|0.0|0.0|50.0|0.0,170:1_瞬时流量,217,29.72,38.48,0.5738,1.44
0110010,0.0|47.6|49.5|0.0|0.0|50.0|0.0,170:2_瞬时流量,217,9.32,10.79,0.2623,1.43
0110010,0.0|47.6|49.5|0.0|0.0|50.0|0.0,70:3_瞬时流量,217,0.0,0.0,0.0,
0110010,0.0|47.6|49.5|0.0|0.0|50.0|0.0,总管效率_pct,217,1.97,2.6,-0.0085,4.16
0110010,0.0|47.9|49.7|0.0|0.0|50.0|0.0,170:1_瞬时流量,50,27.52,37.86,-0.1552,1.34
0110010,0.0|47.9|49.7|0.0|0.0|50.0|0.0,170:2_瞬时流量,50,6.55,7.12,-0.1131,0.99
0110010,0.0|47.9|49.7|0.0|0.0|50.0|0.0,70:3_瞬时流量,50,0.0,0.0,0.0,
0110010,0.0|47.9|49.7|0.0|0.0|50.0|0.0,总管效率_pct,50,2.06,2.72,-0.1182,4.64
0110010,0.0|48.1|49.7|0.0|0.0|50.0|0.0,170:1_瞬时流量,72,22.33,33.52,0.4334,1.08
0110010,0.0|48.1|49.7|0.0|0.0|50.0|0.0,170:2_瞬时流量,72,7.56,9.03,0.1126,1.16
0110010,0.0|48.1|49.7|0.0|0.0|50.0|0.0,70:3_瞬时流量,72,0.0,0.0,0.0,
0110010,0.0|48.1|49.7|0.0|0.0|50.0|0.0,总管效率_pct,72,1.9,2.39,-0.3638,4.25
0110010,0.0|48.2|49.8|0.0|0.0|50.0|0.0,170:1_瞬时流量,60,24.7,30.09,-0.7031,1.19
0110010,0.0|48.2|49.8|0.0|0.0|50.0|0.0,170:2_瞬时流量,60,8.47,9.19,-0.3892,1.29
0110010,0.0|48.2|49.8|0.0|0.0|50.0|0.0,70:3_瞬时流量,60,0.0,0.0,0.0,
0110010,0.0|48.2|49.8|0.0|0.0|50.0|0.0,总管效率_pct,60,1.48,1.93,-0.2331,3.26
0110010,0.0|48.2|50.0|0.0|0.0|50.0|0.0,170:1_瞬时流量,63,29.84,48.17,0.1073,1.46
0110010,0.0|48.2|50.0|0.0|0.0|50.0|0.0,170:2_瞬时流量,63,8.29,9.77,0.1496,1.24
0110010,0.0|48.2|50.0|0.0|0.0|50.0|0.0,70:3_瞬时流量,63,0.0,0.0,0.0,
0110010,0.0|48.2|50.0|0.0|0.0|50.0|0.0,总管效率_pct,63,1.71,1.76,0.1832,3.59
0110010,0.0|48.4|49.8|0.0|0.0|50.0|0.0,170:1_瞬时流量,67,22.87,27.94,0.1843,1.09
0110010,0.0|48.4|49.8|0.0|0.0|50.0|0.0,170:2_瞬时流量,67,5.84,7.45,0.1592,0.89
0110010,0.0|48.4|49.8|0.0|0.0|50.0|0.0,70:3_瞬时流量,67,0.0,0.0,0.0,
0110010,0.0|48.4|49.8|0.0|0.0|50.0|0.0,总管效率_pct,67,0.89,1.58,-0.1819,1.82
0110010,0.0|48.7|49.6|0.0|0.0|50.0|0.0,170:1_瞬时流量,71,37.66,41.09,0.3183,1.78
0110010,0.0|48.7|49.6|0.0|0.0|50.0|0.0,170:2_瞬时流量,71,6.78,8.55,0.1922,1.03
0110010,0.0|48.7|49.6|0.0|0.0|50.0|0.0,70:3_瞬时流量,71,0.0,0.0,0.0,
0110010,0.0|48.7|49.6|0.0|0.0|50.0|0.0,总管效率_pct,71,2.6,3.14,-0.262,5.2
0110010,0.0|48.7|49.8|0.0|0.0|50.0|0.0,170:1_瞬时流量,150,26.31,35.79,0.0365,1.26
0110010,0.0|48.7|49.8|0.0|0.0|50.0|0.0,170:2_瞬时流量,150,5.67,7.34,0.0272,0.86
0110010,0.0|48.7|49.8|0.0|0.0|50.0|0.0,70:3_瞬时流量,150,0.0,0.0,0.0,
0110010,0.0|48.7|49.8|0.0|0.0|50.0|0.0,总管效率_pct,150,1.67,2.15,0.0107,3.51
0110010,0.0|48.9|50.0|0.0|0.0|50.0|0.0,170:1_瞬时流量,52,20.15,28.71,0.043,0.95
0110010,0.0|48.9|50.0|0.0|0.0|50.0|0.0,170:2_瞬时流量,52,7.64,8.41,0.069,1.14
0110010,0.0|48.9|50.0|0.0|0.0|50.0|0.0,70:3_瞬时流量,52,0.0,0.0,0.0,
0110010,0.0|48.9|50.0|0.0|0.0|50.0|0.0,总管效率_pct,52,1.29,1.49,0.0366,2.72
0110010,0.0|49.1|49.8|0.0|0.0|50.0|0.0,170:1_瞬时流量,242,21.41,29.03,0.2165,1.03
0110010,0.0|49.1|49.8|0.0|0.0|50.0|0.0,170:2_瞬时流量,242,7.13,8.59,-0.223,1.09
0110010,0.0|49.1|49.8|0.0|0.0|50.0|0.0,70:3_瞬时流量,242,0.01,0.01,0.0,
0110010,0.0|49.1|49.8|0.0|0.0|50.0|0.0,总管效率_pct,242,2.32,2.64,-0.1307,4.96
0110010,0.0|49.2|49.7|0.0|0.0|50.0|0.0,170:1_瞬时流量,93,31.42,36.31,0.5012,1.47
0110010,0.0|49.2|49.7|0.0|0.0|50.0|0.0,170:2_瞬时流量,93,5.91,7.68,0.23,0.88
0110010,0.0|49.2|49.7|0.0|0.0|50.0|0.0,70:3_瞬时流量,93,0.01,0.01,0.0,
0110010,0.0|49.2|49.7|0.0|0.0|50.0|0.0,总管效率_pct,93,2.06,2.6,-0.082,4.26
0110011,0.0|40.7|49.0|0.0|0.0|50.0|50.0,170:1_瞬时流量,98,51.15,57.08,-1.9975,3.1
0110011,0.0|40.7|49.0|0.0|0.0|50.0|50.0,170:2_瞬时流量,98,10.05,11.37,-3.7504,1.82
0110011,0.0|40.7|49.0|0.0|0.0|50.0|50.0,70:3_瞬时流量,98,4.02,5.24,0.1943,0.89
0110011,0.0|40.7|49.0|0.0|0.0|50.0|50.0,总管效率_pct,98,1.47,1.89,-0.0121,3.13
0110011,0.0|42.3|48.5|0.0|0.0|50.0|50.0,170:1_瞬时流量,72,40.53,41.37,-0.45,2.27
0110011,0.0|42.3|48.5|0.0|0.0|50.0|50.0,170:2_瞬时流量,72,4.11,5.09,0.3063,0.7
0110011,0.0|42.3|48.5|0.0|0.0|50.0|50.0,70:3_瞬时流量,72,4.76,6.17,0.4146,1.0
0110011,0.0|42.3|48.5|0.0|0.0|50.0|50.0,总管效率_pct,72,1.57,1.8,-0.2353,3.13
0110011,0.0|42.6|48.6|0.0|0.0|50.0|50.0,170:1_瞬时流量,412,39.98,43.77,-0.1642,2.22
0110011,0.0|42.6|48.6|0.0|0.0|50.0|50.0,170:2_瞬时流量,412,7.2,8.53,-0.0204,1.23
0110011,0.0|42.6|48.6|0.0|0.0|50.0|50.0,70:3_瞬时流量,412,5.5,6.86,0.2977,1.15
0110011,0.0|42.6|48.6|0.0|0.0|50.0|50.0,总管效率_pct,412,2.04,2.6,0.0284,4.07
0110011,0.0|42.6|48.7|0.0|0.0|50.0|50.0,170:1_瞬时流量,724,33.55,37.07,0.2063,1.85
0110011,0.0|42.6|48.7|0.0|0.0|50.0|50.0,170:2_瞬时流量,724,6.0,7.56,0.4927,1.02
0110011,0.0|42.6|48.7|0.0|0.0|50.0|50.0,70:3_瞬时流量,724,5.88,7.47,0.8189,1.22
0110011,0.0|42.6|48.7|0.0|0.0|50.0|50.0,总管效率_pct,724,2.23,2.64,-0.0178,4.64
0110011,0.0|42.7|48.7|0.0|0.0|50.0|50.0,170:1_瞬时流量,698,25.96,30.51,0.1539,1.42
0110011,0.0|42.7|48.7|0.0|0.0|50.0|50.0,170:2_瞬时流量,698,5.35,6.68,0.4705,0.91
0110011,0.0|42.7|48.7|0.0|0.0|50.0|50.0,70:3_瞬时流量,698,5.93,7.53,0.8243,1.22
0110011,0.0|42.7|48.7|0.0|0.0|50.0|50.0,总管效率_pct,698,1.68,1.97,-0.0216,3.42
0110011,0.0|42.9|48.7|0.0|0.0|50.0|50.0,170:1_瞬时流量,631,30.9,39.88,0.0688,1.71
0110011,0.0|42.9|48.7|0.0|0.0|50.0|50.0,170:2_瞬时流量,631,5.4,6.77,0.3628,0.92
0110011,0.0|42.9|48.7|0.0|0.0|50.0|50.0,70:3_瞬时流量,631,5.91,7.4,0.6167,1.23
0110011,0.0|42.9|48.7|0.0|0.0|50.0|50.0,总管效率_pct,631,1.93,2.47,0.0252,4.04
0110011,0.0|43.0|48.7|0.0|0.0|50.0|50.0,170:1_瞬时流量,481,28.69,37.49,0.2034,1.56
0110011,0.0|43.0|48.7|0.0|0.0|50.0|50.0,170:2_瞬时流量,481,7.18,8.71,0.4793,1.21
0110011,0.0|43.0|48.7|0.0|0.0|50.0|50.0,70:3_瞬时流量,481,6.25,7.68,0.736,1.29
0110011,0.0|43.0|48.7|0.0|0.0|50.0|50.0,总管效率_pct,481,2.09,2.51,0.0317,4.2
0110011,0.0|43.2|48.3|0.0|0.0|50.0|50.0,170:1_瞬时流量,61,27.52,30.51,-2.6967,1.51
0110011,0.0|43.2|48.3|0.0|0.0|50.0|50.0,170:2_瞬时流量,61,16.13,16.2,-64.6365,2.83
0110011,0.0|43.2|48.3|0.0|0.0|50.0|50.0,70:3_瞬时流量,61,6.27,7.34,-0.5715,1.31
0110011,0.0|43.2|48.3|0.0|0.0|50.0|50.0,总管效率_pct,61,1.06,1.3,-1.9918,2.09
0110011,0.0|43.6|49.5|0.0|0.0|50.0|50.0,170:1_瞬时流量,126,12.2,15.87,-0.0379,0.65
0110011,0.0|43.6|49.5|0.0|0.0|50.0|50.0,170:2_瞬时流量,126,6.28,6.87,-0.1092,1.04
0110011,0.0|43.6|49.5|0.0|0.0|50.0|50.0,70:3_瞬时流量,126,6.84,8.54,-1.0506,1.49
0110011,0.0|43.6|49.5|0.0|0.0|50.0|50.0,总管效率_pct,126,1.35,1.68,-0.1242,2.81
0110011,0.0|43.7|49.5|0.0|0.0|50.0|50.0,170:1_瞬时流量,62,14.0,15.67,0.285,0.74
0110011,0.0|43.7|49.5|0.0|0.0|50.0|50.0,170:2_瞬时流量,62,9.2,9.31,-1.7437,1.51
0110011,0.0|43.7|49.5|0.0|0.0|50.0|50.0,70:3_瞬时流量,62,8.57,9.91,-0.7061,1.88
0110011,0.0|43.7|49.5|0.0|0.0|50.0|50.0,总管效率_pct,62,1.12,1.46,-0.0779,2.33
0110011,0.0|43.9|49.0|0.0|0.0|50.0|50.0,170:1_瞬时流量,112,39.23,45.25,-0.3393,2.11
0110011,0.0|43.9|49.0|0.0|0.0|50.0|50.0,170:2_瞬时流量,112,6.38,7.83,0.3393,1.06
0110011,0.0|43.9|49.0|0.0|0.0|50.0|50.0,70:3_瞬时流量,112,7.4,8.9,0.7271,1.53
0110011,0.0|43.9|49.0|0.0|0.0|50.0|50.0,总管效率_pct,112,2.69,3.05,-0.8278,5.78
0110011,0.0|44.2|48.9|0.0|0.0|50.0|50.0,170:1_瞬时流量,354,25.8,31.53,0.1072,1.35
0110011,0.0|44.2|48.9|0.0|0.0|50.0|50.0,170:2_瞬时流量,354,7.93,9.42,-0.0165,1.32
0110011,0.0|44.2|48.9|0.0|0.0|50.0|50.0,70:3_瞬时流量,354,5.91,7.46,0.5878,1.22
0110011,0.0|44.2|48.9|0.0|0.0|50.0|50.0,总管效率_pct,354,1.75,2.07,-0.0226,3.57
0110011,0.0|44.2|49.0|0.0|0.0|50.0|50.0,170:1_瞬时流量,282,32.86,38.75,-0.2994,1.69
0110011,0.0|44.2|49.0|0.0|0.0|50.0|50.0,170:2_瞬时流量,282,8.59,9.78,-0.1817,1.41
0110011,0.0|44.2|49.0|0.0|0.0|50.0|50.0,70:3_瞬时流量,282,6.32,8.09,0.7335,1.31
0110011,0.0|44.2|49.0|0.0|0.0|50.0|50.0,总管效率_pct,282,2.3,2.63,-0.001,4.55
0110011,0.0|44.4|49.0|0.0|0.0|50.0|50.0,170:1_瞬时流量,261,29.03,39.14,0.0664,1.52
0110011,0.0|44.4|49.0|0.0|0.0|50.0|50.0,170:2_瞬时流量,261,6.69,8.07,0.5889,1.11
0110011,0.0|44.4|49.0|0.0|0.0|50.0|50.0,70:3_瞬时流量,261,5.72,7.35,0.8202,1.16
0110011,0.0|44.4|49.0|0.0|0.0|50.0|50.0,总管效率_pct,261,1.51,2.05,-0.0162,3.12
0110011,0.0|44.8|49.1|0.0|0.0|50.0|50.0,170:1_瞬时流量,350,27.67,32.77,-0.0341,1.41
0110011,0.0|44.8|49.1|0.0|0.0|50.0|50.0,170:2_瞬时流量,350,6.07,7.39,0.6035,1.0
0110011,0.0|44.8|49.1|0.0|0.0|50.0|50.0,70:3_瞬时流量,350,6.33,7.88,0.8051,1.3
0110011,0.0|44.8|49.1|0.0|0.0|50.0|50.0,总管效率_pct,350,1.42,1.97,0.0142,2.9
0110011,0.0|44.8|49.2|0.0|0.0|50.0|50.0,170:1_瞬时流量,68,23.01,27.69,-0.0881,1.19
0110011,0.0|44.8|49.2|0.0|0.0|50.0|50.0,170:2_瞬时流量,68,5.67,7.33,0.2646,0.93
0110011,0.0|44.8|49.2|0.0|0.0|50.0|50.0,70:3_瞬时流量,68,6.3,7.47,0.6714,1.25
0110011,0.0|44.8|49.2|0.0|0.0|50.0|50.0,总管效率_pct,68,2.07,2.37,0.0682,4.2
0110011,0.0|45.0|49.2|0.0|0.0|50.0|50.0,170:1_瞬时流量,101,22.58,27.29,-0.3698,1.15
0110011,0.0|45.0|49.2|0.0|0.0|50.0|50.0,170:2_瞬时流量,101,6.45,7.8,0.2533,1.04
0110011,0.0|45.0|49.2|0.0|0.0|50.0|50.0,70:3_瞬时流量,101,6.41,7.91,0.6583,1.28
0110011,0.0|45.0|49.2|0.0|0.0|50.0|50.0,总管效率_pct,101,2.42,2.85,-0.274,4.78
0110011,0.0|45.3|49.0|0.0|0.0|50.0|50.0,170:1_瞬时流量,73,17.64,25.32,-0.0914,0.88
0110011,0.0|45.3|49.0|0.0|0.0|50.0|50.0,170:2_瞬时流量,73,4.77,5.17,-0.1831,0.78
0110011,0.0|45.3|49.0|0.0|0.0|50.0|50.0,70:3_瞬时流量,73,6.46,9.48,0.5164,1.43
0110011,0.0|45.3|49.0|0.0|0.0|50.0|50.0,总管效率_pct,73,1.81,2.83,-0.3697,3.35
0110011,0.0|45.4|49.2|0.0|0.0|50.0|50.0,170:1_瞬时流量,165,22.11,29.07,-0.4459,1.13
0110011,0.0|45.4|49.2|0.0|0.0|50.0|50.0,170:2_瞬时流量,165,7.51,9.06,0.5396,1.23
0110011,0.0|45.4|49.2|0.0|0.0|50.0|50.0,70:3_瞬时流量,165,5.92,7.25,0.8581,1.23
0110011,0.0|45.4|49.2|0.0|0.0|50.0|50.0,总管效率_pct,165,1.72,2.0,-0.0465,3.52
0110011,0.0|45.5|49.2|0.0|0.0|50.0|50.0,170:1_瞬时流量,211,22.31,29.84,-0.5824,1.14
0110011,0.0|45.5|49.2|0.0|0.0|50.0|50.0,170:2_瞬时流量,211,6.83,8.52,0.5371,1.12
0110011,0.0|45.5|49.2|0.0|0.0|50.0|50.0,70:3_瞬时流量,211,5.57,7.14,0.8475,1.17
0110011,0.0|45.5|49.2|0.0|0.0|50.0|50.0,总管效率_pct,211,1.46,1.79,0.0037,2.96
0110011,0.0|45.6|49.1|0.0|0.0|50.0|50.0,170:1_瞬时流量,266,18.47,24.27,0.19,0.93
0110011,0.0|45.6|49.1|0.0|0.0|50.0|50.0,170:2_瞬时流量,266,6.26,7.68,0.1701,1.02
0110011,0.0|45.6|49.1|0.0|0.0|50.0|50.0,70:3_瞬时流量,266,5.88,7.35,0.5782,1.25
0110011,0.0|45.6|49.1|0.0|0.0|50.0|50.0,总管效率_pct,266,1.3,1.7,0.0357,2.62
0110011,0.0|46.0|49.2|0.0|0.0|50.0|50.0,170:1_瞬时流量,258,22.84,25.58,0.0243,1.14
0110011,0.0|46.0|49.2|0.0|0.0|50.0|50.0,170:2_瞬时流量,258,8.8,10.96,0.2044,1.44
0110011,0.0|46.0|49.2|0.0|0.0|50.0|50.0,70:3_瞬时流量,258,5.9,7.41,0.7076,1.26
0110011,0.0|46.0|49.2|0.0|0.0|50.0|50.0,总管效率_pct,258,2.05,2.57,-0.1433,3.99
0110011,0.0|46.0|49.3|0.0|0.0|50.0|50.0,170:1_瞬时流量,167,20.72,24.23,0.4479,1.03
0110011,0.0|46.0|49.3|0.0|0.0|50.0|50.0,170:2_瞬时流量,167,6.68,8.28,0.653,1.1
0110011,0.0|46.0|49.3|0.0|0.0|50.0|50.0,70:3_瞬时流量,167,5.07,6.37,0.8825,1.05
0110011,0.0|46.0|49.3|0.0|0.0|50.0|50.0,总管效率_pct,167,1.64,2.64,-0.0777,3.12
0110011,0.0|46.2|49.4|0.0|0.0|50.0|50.0,170:1_瞬时流量,87,21.89,26.54,0.4261,1.08
0110011,0.0|46.2|49.4|0.0|0.0|50.0|50.0,170:2_瞬时流量,87,5.82,8.83,0.5101,0.95
0110011,0.0|46.2|49.4|0.0|0.0|50.0|50.0,70:3_瞬时流量,87,5.92,7.83,0.7548,1.21
0110011,0.0|46.2|49.4|0.0|0.0|50.0|50.0,总管效率_pct,87,0.78,0.98,-0.0949,1.58
0110011,0.0|46.4|49.3|0.0|0.0|50.0|50.0,170:1_瞬时流量,229,29.3,34.26,0.1081,1.47
0110011,0.0|46.4|49.3|0.0|0.0|50.0|50.0,170:2_瞬时流量,229,6.79,7.85,0.5649,1.1
0110011,0.0|46.4|49.3|0.0|0.0|50.0|50.0,70:3_瞬时流量,229,9.01,10.61,0.7187,1.96
0110011,0.0|46.4|49.3|0.0|0.0|50.0|50.0,总管效率_pct,229,2.09,2.77,-0.0055,4.27
0110011,0.0|46.5|49.4|0.0|0.0|50.0|50.0,170:1_瞬时流量,225,23.52,29.7,0.504,1.17
0110011,0.0|46.5|49.4|0.0|0.0|50.0|50.0,170:2_瞬时流量,225,6.82,8.78,0.6103,1.1
0110011,0.0|46.5|49.4|0.0|0.0|50.0|50.0,70:3_瞬时流量,225,6.38,7.81,0.8536,1.31
0110011,0.0|46.5|49.4|0.0|0.0|50.0|50.0,总管效率_pct,225,1.42,1.84,-0.0353,2.87
0110011,0.0|46.5|49.5|0.0|0.0|50.0|50.0,170:1_瞬时流量,50,28.02,30.46,0.3481,1.36
0110011,0.0|46.5|49.5|0.0|0.0|50.0|50.0,170:2_瞬时流量,50,10.58,10.94,-0.4414,1.69
0110011,0.0|46.5|49.5|0.0|0.0|50.0|50.0,70:3_瞬时流量,50,8.16,9.37,0.6859,1.63
0110011,0.0|46.5|49.5|0.0|0.0|50.0|50.0,总管效率_pct,50,0.93,1.22,-0.9806,1.84
0110011,0.0|46.8|49.4|0.0|0.0|50.0|50.0,170:1_瞬时流量,94,15.18,19.58,0.4695,0.74
0110011,0.0|46.8|49.4|0.0|0.0|50.0|50.0,170:2_瞬时流量,94,4.21,5.63,0.4183,0.67
0110011,0.0|46.8|49.4|0.0|0.0|50.0|50.0,70:3_瞬时流量,94,5.25,6.9,0.648,1.09
0110011,0.0|46.8|49.4|0.0|0.0|50.0|50.0,总管效率_pct,94,2.36,2.77,-0.0388,4.96
0110011,0.0|47.0|49.4|0.0|0.0|50.0|50.0,170:1_瞬时流量,180,18.82,26.06,0.3263,0.93
0110011,0.0|47.0|49.4|0.0|0.0|50.0|50.0,170:2_瞬时流量,180,6.85,8.52,0.3865,1.09
0110011,0.0|47.0|49.4|0.0|0.0|50.0|50.0,70:3_瞬时流量,180,5.96,7.33,0.7433,1.25
0110011,0.0|47.0|49.4|0.0|0.0|50.0|50.0,总管效率_pct,180,1.38,1.8,0.0514,2.77
0110011,0.0|47.2|49.4|0.0|0.0|50.0|50.0,170:1_瞬时流量,103,25.62,36.09,-0.0767,1.28
0110011,0.0|47.2|49.4|0.0|0.0|50.0|50.0,170:2_瞬时流量,103,8.99,9.65,-0.8347,1.45
0110011,0.0|47.2|49.4|0.0|0.0|50.0|50.0,70:3_瞬时流量,103,5.29,6.61,0.3792,1.13
0110011,0.0|47.2|49.4|0.0|0.0|50.0|50.0,总管效率_pct,103,2.07,2.59,-0.0573,4.1
0110011,0.0|47.2|49.6|0.0|0.0|50.0|50.0,170:1_瞬时流量,56,27.61,31.61,-0.5141,1.34
0110011,0.0|47.2|49.6|0.0|0.0|50.0|50.0,170:2_瞬时流量,56,9.41,11.02,-0.2924,1.5
0110011,0.0|47.2|49.6|0.0|0.0|50.0|50.0,70:3_瞬时流量,56,8.56,11.09,0.613,1.67
0110011,0.0|47.2|49.6|0.0|0.0|50.0|50.0,总管效率_pct,56,2.14,2.52,-0.7141,4.6
0110011,0.0|47.3|49.4|0.0|0.0|50.0|50.0,170:1_瞬时流量,90,26.7,30.88,-0.0504,1.31
0110011,0.0|47.3|49.4|0.0|0.0|50.0|50.0,170:2_瞬时流量,90,8.61,9.53,-0.2377,1.39
0110011,0.0|47.3|49.4|0.0|0.0|50.0|50.0,70:3_瞬时流量,90,5.45,6.62,0.6151,1.15
0110011,0.0|47.3|49.4|0.0|0.0|50.0|50.0,总管效率_pct,90,1.44,1.84,-0.0026,2.82
0110011,0.0|47.3|50.0|0.0|0.0|50.0|50.0,170:1_瞬时流量,52,17.58,29.38,0.0575,0.84
0110011,0.0|47.3|50.0|0.0|0.0|50.0|50.0,170:2_瞬时流量,52,6.73,7.05,-1.1807,1.02
0110011,0.0|47.3|50.0|0.0|0.0|50.0|50.0,70:3_瞬时流量,52,11.65,13.36,-1.0595,2.36
0110011,0.0|47.3|50.0|0.0|0.0|50.0|50.0,总管效率_pct,52,1.21,1.45,-0.0683,2.52
0110011,0.0|47.4|49.9|0.0|0.0|50.0|50.0,170:1_瞬时流量,76,24.79,27.86,-3.0428,1.15
0110011,0.0|47.4|49.9|0.0|0.0|50.0|50.0,170:2_瞬时流量,76,2.47,3.4,-0.8697,0.38
0110011,0.0|47.4|49.9|0.0|0.0|50.0|50.0,70:3_瞬时流量,76,8.03,10.34,-1.1863,1.65
0110011,0.0|47.4|49.9|0.0|0.0|50.0|50.0,总管效率_pct,76,1.65,2.02,-1.409,3.23
0110011,0.0|47.5|49.6|0.0|0.0|50.0|50.0,170:1_瞬时流量,52,41.92,48.06,0.2092,2.03
0110011,0.0|47.5|49.6|0.0|0.0|50.0|50.0,170:2_瞬时流量,52,7.4,9.1,-1.0033,1.15
0110011,0.0|47.5|49.6|0.0|0.0|50.0|50.0,70:3_瞬时流量,52,7.2,8.65,0.8499,1.44
0110011,0.0|47.5|49.6|0.0|0.0|50.0|50.0,总管效率_pct,52,0.99,1.44,-0.4059,2.09
0110011,0.0|47.9|49.6|0.0|0.0|50.0|50.0,170:1_瞬时流量,108,28.26,36.59,0.0324,1.37
0110011,0.0|47.9|49.6|0.0|0.0|50.0|50.0,170:2_瞬时流量,108,8.5,10.02,-0.1001,1.32
0110011,0.0|47.9|49.6|0.0|0.0|50.0|50.0,70:3_瞬时流量,108,4.26,5.58,0.8345,0.87
0110011,0.0|47.9|49.6|0.0|0.0|50.0|50.0,总管效率_pct,108,1.13,1.53,0.0001,2.35
0110011,0.0|48.0|49.7|0.0|0.0|50.0|50.0,170:1_瞬时流量,104,16.42,24.58,0.4034,0.78
0110011,0.0|48.0|49.7|0.0|0.0|50.0|50.0,170:2_瞬时流量,104,7.82,9.31,-1.2238,1.22
0110011,0.0|48.0|49.7|0.0|0.0|50.0|50.0,70:3_瞬时流量,104,5.38,6.67,0.7935,1.09
0110011,0.0|48.0|49.7|0.0|0.0|50.0|50.0,总管效率_pct,104,0.94,1.14,-0.0345,1.94
0110011,0.0|48.2|49.7|0.0|0.0|50.0|50.0,170:1_瞬时流量,123,36.02,43.19,0.2776,1.74
0110011,0.0|48.2|49.7|0.0|0.0|50.0|50.0,170:2_瞬时流量,123,8.52,10.69,-0.3279,1.33
0110011,0.0|48.2|49.7|0.0|0.0|50.0|50.0,70:3_瞬时流量,123,6.19,7.64,0.7854,1.27
0110011,0.0|48.2|49.7|0.0|0.0|50.0|50.0,总管效率_pct,123,1.22,1.72,-0.0464,2.55
0110011,0.0|48.4|49.2|0.0|0.0|50.0|50.0,170:1_瞬时流量,124,14.89,21.5,-0.0997,0.72
0110011,0.0|48.4|49.2|0.0|0.0|50.0|50.0,170:2_瞬时流量,124,10.69,11.57,-10.4119,1.72
0110011,0.0|48.4|49.2|0.0|0.0|50.0|50.0,70:3_瞬时流量,124,5.93,7.35,0.0087,1.23
0110011,0.0|48.4|49.2|0.0|0.0|50.0|50.0,总管效率_pct,124,0.69,1.42,0.0021,1.4
0110011,0.0|48.6|49.7|0.0|0.0|50.0|50.0,170:1_瞬时流量,485,30.78,38.13,0.3818,1.41
0110011,0.0|48.6|49.7|0.0|0.0|50.0|50.0,170:2_瞬时流量,485,8.49,10.34,0.2006,1.27
0110011,0.0|48.6|49.7|0.0|0.0|50.0|50.0,70:3_瞬时流量,485,5.77,7.22,0.8502,1.15
0110011,0.0|48.6|49.7|0.0|0.0|50.0|50.0,总管效率_pct,485,2.22,2.75,-0.0736,4.48
0110011,0.0|48.7|49.7|0.0|0.0|50.0|50.0,170:1_瞬时流量,385,26.37,33.07,0.6028,1.22
0110011,0.0|48.7|49.7|0.0|0.0|50.0|50.0,170:2_瞬时流量,385,6.24,8.2,0.4698,0.94
0110011,0.0|48.7|49.7|0.0|0.0|50.0|50.0,70:3_瞬时流量,385,4.99,6.58,0.8863,1.01
0110011,0.0|48.7|49.7|0.0|0.0|50.0|50.0,总管效率_pct,385,2.1,2.66,-0.0012,4.37
0110011,0.0|49.1|49.9|0.0|0.0|50.0|50.0,170:1_瞬时流量,117,41.49,52.96,0.0175,1.97
0110011,0.0|49.1|49.9|0.0|0.0|50.0|50.0,170:2_瞬时流量,117,4.59,5.94,0.2846,0.7
0110011,0.0|49.1|49.9|0.0|0.0|50.0|50.0,70:3_瞬时流量,117,4.66,6.09,0.6893,0.93
0110011,0.0|49.1|49.9|0.0|0.0|50.0|50.0,总管效率_pct,117,1.98,2.29,-0.3539,3.9
0110011,0.0|49.2|49.9|0.0|0.0|50.0|50.0,170:1_瞬时流量,111,32.16,40.49,-0.1798,1.51
0110011,0.0|49.2|49.9|0.0|0.0|50.0|50.0,170:2_瞬时流量,111,5.41,7.59,-0.1478,0.81
0110011,0.0|49.2|49.9|0.0|0.0|50.0|50.0,70:3_瞬时流量,111,6.32,7.8,0.6064,1.26
0110011,0.0|49.2|49.9|0.0|0.0|50.0|50.0,总管效率_pct,111,2.07,2.44,-0.391,4.05
0110011,0.0|49.3|49.8|0.0|0.0|50.0|50.0,170:1_瞬时流量,56,21.89,32.09,-0.1898,1.04
0110011,0.0|49.3|49.8|0.0|0.0|50.0|50.0,170:2_瞬时流量,56,7.64,8.65,0.2769,1.17
0110011,0.0|49.3|49.8|0.0|0.0|50.0|50.0,70:3_瞬时流量,56,8.02,9.45,0.599,1.62
0110011,0.0|49.3|49.8|0.0|0.0|50.0|50.0,总管效率_pct,56,0.87,1.11,-0.1081,1.77
0110011,0.0|49.9|49.9|0.0|0.0|50.0|50.0,170:1_瞬时流量,378,29.45,36.3,0.3914,1.39
0110011,0.0|49.9|49.9|0.0|0.0|50.0|50.0,170:2_瞬时流量,378,8.06,9.46,0.1103,1.21
0110011,0.0|49.9|49.9|0.0|0.0|50.0|50.0,70:3_瞬时流量,378,6.31,7.87,0.5219,1.29
0110011,0.0|49.9|49.9|0.0|0.0|50.0|50.0,总管效率_pct,378,1.27,1.61,0.0018,2.62
1000010,41.6|0.0|0.0|0.0|0.0|50.0|0.0,170:1_瞬时流量,942,29.76,37.15,-1.3876,2.34
1000010,41.6|0.0|0.0|0.0|0.0|50.0|0.0,170:2_瞬时流量,942,6.16,7.24,-2.054,1.71
1000010,41.6|0.0|0.0|0.0|0.0|50.0|0.0,70:3_瞬时流量,942,0.0,0.0,1.0,
1000010,41.6|0.0|0.0|0.0|0.0|50.0|0.0,总管效率_pct,942,1.9,2.45,-0.0005,4.35
1000010,42.3|0.0|0.0|0.0|0.0|50.0|0.0,170:1_瞬时流量,5801,21.89,27.63,0.2307,1.64
1000010,42.3|0.0|0.0|0.0|0.0|50.0|0.0,170:2_瞬时流量,5801,4.37,5.68,0.3187,1.18
1000010,42.3|0.0|0.0|0.0|0.0|50.0|0.0,70:3_瞬时流量,5801,0.0,0.0,1.0,
1000010,42.3|0.0|0.0|0.0|0.0|50.0|0.0,总管效率_pct,5801,1.88,2.38,-0.0108,4.36
1000010,42.6|0.0|0.0|0.0|0.0|50.0|0.0,170:1_瞬时流量,7914,23.65,29.96,0.2491,1.74
1000010,42.6|0.0|0.0|0.0|0.0|50.0|0.0,170:2_瞬时流量,7914,4.72,5.97,0.33,1.25
1000010,42.6|0.0|0.0|0.0|0.0|50.0|0.0,70:3_瞬时流量,7914,0.0,0.0,1.0,
1000010,42.6|0.0|0.0|0.0|0.0|50.0|0.0,总管效率_pct,7914,1.99,2.55,-0.0091,4.59
1000010,42.7|0.0|0.0|0.0|0.0|50.0|0.0,170:1_瞬时流量,9011,23.95,30.41,0.2069,1.75
1000010,42.7|0.0|0.0|0.0|0.0|50.0|0.0,170:2_瞬时流量,9011,4.6,5.73,0.2266,1.22
1000010,42.7|0.0|0.0|0.0|0.0|50.0|0.0,70:3_瞬时流量,9011,0.0,0.0,0.0,
1000010,42.7|0.0|0.0|0.0|0.0|50.0|0.0,总管效率_pct,9011,2.06,2.68,-0.0143,4.82
1000010,42.8|0.0|0.0|0.0|0.0|50.0|0.0,170:1_瞬时流量,11630,20.85,27.29,0.3493,1.51
1000010,42.8|0.0|0.0|0.0|0.0|50.0|0.0,170:2_瞬时流量,11630,5.33,6.71,0.2514,1.4
1000010,42.8|0.0|0.0|0.0|0.0|50.0|0.0,70:3_瞬时流量,11630,0.0,0.0,0.0,
1000010,42.8|0.0|0.0|0.0|0.0|50.0|0.0,总管效率_pct,11630,2.02,2.57,-0.0007,4.6
1000010,43.0|0.0|0.0|0.0|0.0|50.0|0.0,170:1_瞬时流量,9367,24.14,30.57,0.4891,1.74
1000010,43.0|0.0|0.0|0.0|0.0|50.0|0.0,170:2_瞬时流量,9367,5.27,6.73,0.3861,1.38
1000010,43.0|0.0|0.0|0.0|0.0|50.0|0.0,70:3_瞬时流量,9367,0.0,0.0,0.0,
1000010,43.0|0.0|0.0|0.0|0.0|50.0|0.0,总管效率_pct,9367,1.98,2.56,-0.0028,4.49
1000010,43.8|0.0|0.0|0.0|0.0|50.0|0.0,170:1_瞬时流量,7507,23.75,29.19,0.6805,1.63
1000010,43.8|0.0|0.0|0.0|0.0|50.0|0.0,170:2_瞬时流量,7507,5.09,6.35,0.4653,1.31
1000010,43.8|0.0|0.0|0.0|0.0|50.0|0.0,70:3_瞬时流量,7507,0.0,0.0,0.0,
1000010,43.8|0.0|0.0|0.0|0.0|50.0|0.0,总管效率_pct,7507,2.35,2.96,-0.0127,5.27
1000010,44.1|0.0|0.0|0.0|0.0|50.0|0.0,170:1_瞬时流量,4256,25.04,30.97,0.6001,1.68
1000010,44.1|0.0|0.0|0.0|0.0|50.0|0.0,170:2_瞬时流量,4256,5.45,7.16,0.4151,1.38
1000010,44.1|0.0|0.0|0.0|0.0|50.0|0.0,70:3_瞬时流量,4256,0.0,0.0,0.0,
1000010,44.1|0.0|0.0|0.0|0.0|50.0|0.0,总管效率_pct,4256,2.16,2.77,-0.0042,4.81
1000010,44.9|0.0|0.0|0.0|0.0|50.0|0.0,170:1_瞬时流量,1760,23.99,30.62,0.7,1.57
1000010,44.9|0.0|0.0|0.0|0.0|50.0|0.0,170:2_瞬时流量,1760,5.87,7.92,0.5921,1.45
1000010,44.9|0.0|0.0|0.0|0.0|50.0|0.0,70:3_瞬时流量,1760,0.0,0.0,0.0,
1000010,44.9|0.0|0.0|0.0|0.0|50.0|0.0,总管效率_pct,1760,2.08,2.72,0.0185,4.64
1000010,45.1|0.0|0.0|0.0|0.0|50.0|0.0,170:1_瞬时流量,1068,30.15,37.17,0.7383,1.96
1000010,45.1|0.0|0.0|0.0|0.0|50.0|0.0,170:2_瞬时流量,1068,6.68,8.05,0.7367,1.62
1000010,45.1|0.0|0.0|0.0|0.0|50.0|0.0,70:3_瞬时流量,1068,0.0,0.0,1.0,
1000010,45.1|0.0|0.0|0.0|0.0|50.0|0.0,总管效率_pct,1068,2.01,2.5,-0.0206,4.47
1000010,45.2|0.0|0.0|0.0|0.0|50.0|0.0,170:1_瞬时流量,1531,23.46,32.4,0.7757,1.54
1000010,45.2|0.0|0.0|0.0|0.0|50.0|0.0,170:2_瞬时流量,1531,7.59,8.88,0.6678,1.87
1000010,45.2|0.0|0.0|0.0|0.0|50.0|0.0,70:3_瞬时流量,1531,0.0,0.0,1.0,
1000010,45.2|0.0|0.0|0.0|0.0|50.0|0.0,总管效率_pct,1531,1.92,2.33,-0.0025,4.19
1000010,45.7|0.0|0.0|0.0|0.0|50.0|0.0,170:1_瞬时流量,1097,28.01,33.06,0.7198,1.79
1000010,45.7|0.0|0.0|0.0|0.0|50.0|0.0,170:2_瞬时流量,1097,4.74,6.44,0.8025,1.14
1000010,45.7|0.0|0.0|0.0|0.0|50.0|0.0,70:3_瞬时流量,1097,0.0,0.0,1.0,
1000010,45.7|0.0|0.0|0.0|0.0|50.0|0.0,总管效率_pct,1097,2.1,2.53,0.0216,4.6
1000010,45.9|0.0|0.0|0.0|0.0|50.0|0.0,170:1_瞬时流量,1410,24.69,33.16,0.6899,1.58
1000010,45.9|0.0|0.0|0.0|0.0|50.0|0.0,170:2_瞬时流量,1410,5.88,7.49,0.8058,1.42
1000010,45.9|0.0|0.0|0.0|0.0|50.0|0.0,70:3_瞬时流量,1410,0.0,0.0,1.0,
1000010,45.9|0.0|0.0|0.0|0.0|50.0|0.0,总管效率_pct,1410,1.87,2.38,0.0282,4.01
1000010,46.5|0.0|0.0|0.0|0.0|50.0|0.0,170:1_瞬时流量,1211,28.31,34.86,0.6943,1.76
1000010,46.5|0.0|0.0|0.0|0.0|50.0|0.0,170:2_瞬时流量,1211,7.81,9.47,0.6824,1.88
1000010,46.5|0.0|0.0|0.0|0.0|50.0|0.0,70:3_瞬时流量,1211,0.0,0.0,1.0,
1000010,46.5|0.0|0.0|0.0|0.0|50.0|0.0,总管效率_pct,1211,2.11,2.78,-0.0157,4.43
1000010,47.2|0.0|0.0|0.0|0.0|50.0|0.0,170:1_瞬时流量,1888,27.57,35.37,0.61,1.72
1000010,47.2|0.0|0.0|0.0|0.0|50.0|0.0,170:2_瞬时流量,1888,5.84,7.16,0.5982,1.37
1000010,47.2|0.0|0.0|0.0|0.0|50.0|0.0,70:3_瞬时流量,1888,0.0,0.0,0.0,
1000010,47.2|0.0|0.0|0.0|0.0|50.0|0.0,总管效率_pct,1888,1.9,2.52,0.0826,4.11
1000010,47.8|0.0|0.0|0.0|0.0|50.0|0.0,170:1_瞬时流量,2492,27.92,34.95,0.4597,1.69
1000010,47.8|0.0|0.0|0.0|0.0|50.0|0.0,170:2_瞬时流量,2492,6.07,7.77,0.3074,1.41
1000010,47.8|0.0|0.0|0.0|0.0|50.0|0.0,70:3_瞬时流量,2492,0.0,0.0,0.0,
1000010,47.8|0.0|0.0|0.0|0.0|50.0|0.0,总管效率_pct,2492,1.95,2.42,-0.0142,4.11
1000010,48.3|0.0|0.0|0.0|0.0|50.0|0.0,170:1_瞬时流量,1673,28.6,37.37,0.3012,1.68
1000010,48.3|0.0|0.0|0.0|0.0|50.0|0.0,170:2_瞬时流量,1673,6.94,8.5,0.1314,1.57
1000010,48.3|0.0|0.0|0.0|0.0|50.0|0.0,70:3_瞬时流量,1673,0.0,0.0,0.0,
1000010,48.3|0.0|0.0|0.0|0.0|50.0|0.0,总管效率_pct,1673,2.61,3.17,0.0599,5.69
1000010,49.0|0.0|0.0|0.0|0.0|50.0|0.0,170:1_瞬时流量,1800,32.95,38.88,0.2169,1.92
1000010,49.0|0.0|0.0|0.0|0.0|50.0|0.0,170:2_瞬时流量,1800,7.26,8.64,-0.0078,1.61
1000010,49.0|0.0|0.0|0.0|0.0|50.0|0.0,70:3_瞬时流量,1800,0.0,0.0,1.0,
1000010,49.0|0.0|0.0|0.0|0.0|50.0|0.0,总管效率_pct,1800,1.83,2.39,0.0363,4.02
1000011,44.6|0.0|0.0|0.0|0.0|50.0|50.0,170:1_瞬时流量,139,20.17,22.71,-6.0127,1.42
1000011,44.6|0.0|0.0|0.0|0.0|50.0|50.0,170:2_瞬时流量,139,13.5,15.24,-3.4397,3.79
1000011,44.6|0.0|0.0|0.0|0.0|50.0|50.0,70:3_瞬时流量,139,6.88,8.22,-0.8192,1.38
1000011,44.6|0.0|0.0|0.0|0.0|50.0|50.0,总管效率_pct,139,2.65,3.31,-0.1696,5.18
1000011,45.4|0.0|0.0|0.0|0.0|50.0|50.0,170:1_瞬时流量,1293,24.08,30.75,0.0916,1.64
1000011,45.4|0.0|0.0|0.0|0.0|50.0|50.0,170:2_瞬时流量,1293,6.78,8.31,0.2267,1.79
1000011,45.4|0.0|0.0|0.0|0.0|50.0|50.0,70:3_瞬时流量,1293,6.67,8.45,0.7846,1.36
1000011,45.4|0.0|0.0|0.0|0.0|50.0|50.0,总管效率_pct,1293,1.71,2.12,0.0011,3.49
1000011,45.5|0.0|0.0|0.0|0.0|50.0|50.0,170:1_瞬时流量,1459,22.28,30.25,-0.0052,1.52
1000011,45.5|0.0|0.0|0.0|0.0|50.0|50.0,170:2_瞬时流量,1459,5.22,6.66,0.1355,1.36
1000011,45.5|0.0|0.0|0.0|0.0|50.0|50.0,70:3_瞬时流量,1459,7.4,9.24,0.7099,1.5
1000011,45.5|0.0|0.0|0.0|0.0|50.0|50.0,总管效率_pct,1459,1.92,2.22,-0.0002,3.93
1000011,46.6|0.0|0.0|0.0|0.0|50.0|50.0,170:1_瞬时流量,1991,23.29,30.04,0.1331,1.49
1000011,46.6|0.0|0.0|0.0|0.0|50.0|50.0,170:2_瞬时流量,1991,5.52,7.03,0.0815,1.38
1000011,46.6|0.0|0.0|0.0|0.0|50.0|50.0,70:3_瞬时流量,1991,6.3,7.87,0.8277,1.3
1000011,46.6|0.0|0.0|0.0|0.0|50.0|50.0,总管效率_pct,1991,1.98,2.65,-0.0129,4.02
1000011,46.7|0.0|0.0|0.0|0.0|50.0|50.0,170:1_瞬时流量,2672,23.56,30.28,0.1218,1.5
1000011,46.7|0.0|0.0|0.0|0.0|50.0|50.0,170:2_瞬时流量,2672,6.03,7.55,0.0238,1.5
1000011,46.7|0.0|0.0|0.0|0.0|50.0|50.0,70:3_瞬时流量,2672,6.07,7.62,0.812,1.26
1000011,46.7|0.0|0.0|0.0|0.0|50.0|50.0,总管效率_pct,2672,2.03,2.69,-0.0237,4.23
1000011,47.2|0.0|0.0|0.0|0.0|50.0|50.0,170:1_瞬时流量,2689,28.13,37.24,0.0483,1.75
1000011,47.2|0.0|0.0|0.0|0.0|50.0|50.0,170:2_瞬时流量,2689,6.47,8.91,0.0492,1.55
1000011,47.2|0.0|0.0|0.0|0.0|50.0|50.0,70:3_瞬时流量,2689,6.86,8.86,0.7685,1.39
1000011,47.2|0.0|0.0|0.0|0.0|50.0|50.0,总管效率_pct,2689,1.8,2.24,-0.0019,3.62
1000011,47.3|0.0|0.0|0.0|0.0|50.0|50.0,170:1_瞬时流量,2936,24.88,30.83,0.2146,1.53
1000011,47.3|0.0|0.0|0.0|0.0|50.0|50.0,170:2_瞬时流量,2936,5.36,6.87,0.025,1.29
1000011,47.3|0.0|0.0|0.0|0.0|50.0|50.0,70:3_瞬时流量,2936,7.47,10.07,0.7885,1.55
1000011,47.3|0.0|0.0|0.0|0.0|50.0|50.0,总管效率_pct,2936,1.81,2.26,-0.0081,3.66
1000011,47.4|0.0|0.0|0.0|0.0|50.0|50.0,170:1_瞬时流量,2357,22.99,29.81,0.1641,1.41
1000011,47.4|0.0|0.0|0.0|0.0|50.0|50.0,170:2_瞬时流量,2357,5.89,7.66,0.1647,1.41
1000011,47.4|0.0|0.0|0.0|0.0|50.0|50.0,70:3_瞬时流量,2357,7.54,10.38,0.8125,1.57
1000011,47.4|0.0|0.0|0.0|0.0|50.0|50.0,总管效率_pct,2357,1.75,2.26,-0.0306,3.65
1000011,48.0|0.0|0.0|0.0|0.0|50.0|50.0,170:1_瞬时流量,2036,27.32,34.21,0.1459,1.65
1000011,48.0|0.0|0.0|0.0|0.0|50.0|50.0,170:2_瞬时流量,2036,6.23,7.78,0.1698,1.47
1000011,48.0|0.0|0.0|0.0|0.0|50.0|50.0,70:3_瞬时流量,2036,8.73,12.07,0.7509,1.79
1000011,48.0|0.0|0.0|0.0|0.0|50.0|50.0,总管效率_pct,2036,1.84,2.37,-0.0157,3.71
1000011,48.3|0.0|0.0|0.0|0.0|50.0|50.0,170:1_瞬时流量,2417,25.17,32.41,0.1208,1.5
1000011,48.3|0.0|0.0|0.0|0.0|50.0|50.0,170:2_瞬时流量,2417,5.38,6.91,0.0697,1.26
1000011,48.3|0.0|0.0|0.0|0.0|50.0|50.0,70:3_瞬时流量,2417,10.9,16.12,0.5932,2.26
1000011,48.3|0.0|0.0|0.0|0.0|50.0|50.0,总管效率_pct,2417,1.8,2.16,0.0138,3.67
1000011,48.6|0.0|0.0|0.0|0.0|50.0|50.0,170:1_瞬时流量,1743,33.52,42.03,-0.0129,2.0
1000011,48.6|0.0|0.0|0.0|0.0|50.0|50.0,170:2_瞬时流量,1743,5.68,7.52,-0.0054,1.32
1000011,48.6|0.0|0.0|0.0|0.0|50.0|50.0,70:3_瞬时流量,1743,13.66,17.54,0.6278,2.88
1000011,48.6|0.0|0.0|0.0|0.0|50.0|50.0,总管效率_pct,1743,1.87,2.19,0.0214,3.83
1000110,45.0|0.0|0.0|0.0|34.0|50.0|0.0,170:1_瞬时流量,61,283.87,283.88,-11049.5226,20.65
1000110,45.0|0.0|0.0|0.0|34.0|50.0|0.0,170:2_瞬时流量,61,28.28,28.51,-54.0644,6.69
1000110,45.0|0.0|0.0|0.0|34.0|50.0|0.0,70:3_瞬时流量,61,0.0,0.0,1.0,
1000110,45.0|0.0|0.0|0.0|34.0|50.0|0.0,总管效率_pct,61,9.06,9.16,-38.7466,24.11
1000110,46.1|0.0|0.0|0.0|41.4|50.0|0.0,170:1_瞬时流量,128,14.23,16.68,-0.0582,0.81
1000110,46.1|0.0|0.0|0.0|41.4|50.0|0.0,170:2_瞬时流量,128,18.47,20.04,-7.708,4.13
1000110,46.1|0.0|0.0|0.0|41.4|50.0|0.0,70:3_瞬时流量,128,0.02,0.02,0.0,
1000110,46.1|0.0|0.0|0.0|41.4|50.0|0.0,总管效率_pct,128,2.4,3.01,-0.0552,4.85
1000110,46.2|0.0|0.0|0.0|41.7|50.0|0.0,170:1_瞬时流量,81,11.83,14.28,-0.4753,0.66
1000110,46.2|0.0|0.0|0.0|41.7|50.0|0.0,170:2_瞬时流量,81,17.64,18.94,-8.5369,3.87
1000110,46.2|0.0|0.0|0.0|41.7|50.0|0.0,70:3_瞬时流量,81,0.02,0.02,0.0,
1000110,46.2|0.0|0.0|0.0|41.7|50.0|0.0,总管效率_pct,81,1.09,1.46,0.0025,2.21
1000110,46.6|0.0|0.0|0.0|42.6|50.0|0.0,170:1_瞬时流量,174,43.45,47.37,-4.3354,2.47
1000110,46.6|0.0|0.0|0.0|42.6|50.0|0.0,170:2_瞬时流量,174,7.92,8.87,-0.0808,1.61
1000110,46.6|0.0|0.0|0.0|42.6|50.0|0.0,70:3_瞬时流量,174,0.01,0.01,0.0,
1000110,46.6|0.0|0.0|0.0|42.6|50.0|0.0,总管效率_pct,174,0.84,1.22,-0.1582,1.74
1000110,46.6|0.0|0.0|0.0|42.7|50.0|0.0,170:1_瞬时流量,73,40.88,48.16,-1.8037,2.32
1000110,46.6|0.0|0.0|0.0|42.7|50.0|0.0,170:2_瞬时流量,73,8.13,9.11,0.4029,1.6
1000110,46.6|0.0|0.0|0.0|42.7|50.0|0.0,70:3_瞬时流量,73,0.01,0.01,0.0,
1000110,46.6|0.0|0.0|0.0|42.7|50.0|0.0,总管效率_pct,73,1.2,1.52,-0.0658,2.46
1000110,46.9|0.0|0.0|0.0|43.1|50.0|0.0,170:1_瞬时流量,198,34.22,37.55,0.0706,1.88
1000110,46.9|0.0|0.0|0.0|43.1|50.0|0.0,170:2_瞬时流量,198,5.91,7.3,0.0559,1.17
1000110,46.9|0.0|0.0|0.0|43.1|50.0|0.0,70:3_瞬时流量,198,0.0,0.0,0.0,
1000110,46.9|0.0|0.0|0.0|43.1|50.0|0.0,总管效率_pct,198,2.5,2.76,-0.0151,5.08
1000110,47.1|0.0|0.0|0.0|43.5|50.0|0.0,170:1_瞬时流量,157,37.56,43.82,-0.0947,2.07
1000110,47.1|0.0|0.0|0.0|43.5|50.0|0.0,170:2_瞬时流量,157,5.09,6.25,0.5222,0.99
1000110,47.1|0.0|0.0|0.0|43.5|50.0|0.0,70:3_瞬时流量,157,0.0,0.0,0.0,
1000110,47.1|0.0|0.0|0.0|43.5|50.0|0.0,总管效率_pct,157,2.19,2.9,-0.2164,4.75
1000110,47.2|0.0|0.0|0.0|43.7|50.0|0.0,170:1_瞬时流量,205,23.68,27.79,0.0409,1.28
1000110,47.2|0.0|0.0|0.0|43.7|50.0|0.0,170:2_瞬时流量,205,7.04,8.47,0.3088,1.35
1000110,47.2|0.0|0.0|0.0|43.7|50.0|0.0,70:3_瞬时流量,205,0.0,0.0,0.0,
1000110,47.2|0.0|0.0|0.0|43.7|50.0|0.0,总管效率_pct,205,1.3,1.81,-0.1171,2.53
1000110,47.2|0.0|0.0|0.0|44.0|50.0|0.0,170:1_瞬时流量,284,23.83,31.72,0.2476,1.28
1000110,47.2|0.0|0.0|0.0|44.0|50.0|0.0,170:2_瞬时流量,284,5.85,6.9,0.3594,1.11
1000110,47.2|0.0|0.0|0.0|44.0|50.0|0.0,70:3_瞬时流量,284,0.0,0.0,0.0,
1000110,47.2|0.0|0.0|0.0|44.0|50.0|0.0,总管效率_pct,284,1.66,1.95,-0.0182,3.34
1000110,47.4|0.0|0.0|0.0|44.1|50.0|0.0,170:1_瞬时流量,116,24.09,32.93,0.2467,1.3
1000110,47.4|0.0|0.0|0.0|44.1|50.0|0.0,170:2_瞬时流量,116,6.15,7.53,0.1016,1.17
1000110,47.4|0.0|0.0|0.0|44.1|50.0|0.0,70:3_瞬时流量,116,0.0,0.0,1.0,
1000110,47.4|0.0|0.0|0.0|44.1|50.0|0.0,总管效率_pct,116,2.19,2.79,0.0034,4.48
1000110,47.4|0.0|0.0|0.0|44.2|50.0|0.0,170:1_瞬时流量,320,16.26,21.91,0.475,0.87
1000110,47.4|0.0|0.0|0.0|44.2|50.0|0.0,170:2_瞬时流量,320,5.97,7.56,0.3478,1.12
1000110,47.4|0.0|0.0|0.0|44.2|50.0|0.0,70:3_瞬时流量,320,0.0,0.0,1.0,
1000110,47.4|0.0|0.0|0.0|44.2|50.0|0.0,总管效率_pct,320,2.16,2.76,-0.064,4.3
1000110,47.4|0.0|0.0|0.0|44.3|50.0|0.0,170:1_瞬时流量,592,19.94,25.52,0.3769,1.04
1000110,47.4|0.0|0.0|0.0|44.3|50.0|0.0,170:2_瞬时流量,592,5.91,7.82,0.404,1.11
1000110,47.4|0.0|0.0|0.0|44.3|50.0|0.0,70:3_瞬时流量,592,0.0,0.0,1.0,
1000110,47.4|0.0|0.0|0.0|44.3|50.0|0.0,总管效率_pct,592,1.94,2.47,0.0138,3.92
1000110,47.5|0.0|0.0|0.0|44.4|50.0|0.0,170:1_瞬时流量,319,20.51,25.65,0.3895,1.07
1000110,47.5|0.0|0.0|0.0|44.4|50.0|0.0,170:2_瞬时流量,319,6.03,7.56,0.4119,1.12
1000110,47.5|0.0|0.0|0.0|44.4|50.0|0.0,70:3_瞬时流量,319,0.0,0.0,1.0,
1000110,47.5|0.0|0.0|0.0|44.4|50.0|0.0,总管效率_pct,319,2.67,3.29,-0.0101,5.45
1000110,47.5|0.0|0.0|0.0|44.5|50.0|0.0,170:1_瞬时流量,546,26.46,32.99,0.3376,1.38
1000110,47.5|0.0|0.0|0.0|44.5|50.0|0.0,170:2_瞬时流量,546,4.39,5.7,0.4459,0.82
1000110,47.5|0.0|0.0|0.0|44.5|50.0|0.0,70:3_瞬时流量,546,0.0,0.0,1.0,
1000110,47.5|0.0|0.0|0.0|44.5|50.0|0.0,总管效率_pct,546,2.53,3.15,0.0244,5.05
1000110,47.5|0.0|0.0|0.0|44.6|50.0|0.0,170:1_瞬时流量,258,28.37,35.67,0.2692,1.47
1000110,47.5|0.0|0.0|0.0|44.6|50.0|0.0,170:2_瞬时流量,258,4.38,5.55,0.3499,0.81
1000110,47.5|0.0|0.0|0.0|44.6|50.0|0.0,70:3_瞬时流量,258,0.0,0.0,1.0,
1000110,47.5|0.0|0.0|0.0|44.6|50.0|0.0,总管效率_pct,258,1.97,2.27,-0.0462,3.82
1000110,47.9|0.0|0.0|0.0|45.3|50.0|0.0,170:1_瞬时流量,242,37.62,48.75,-0.5333,1.92
1000110,47.9|0.0|0.0|0.0|45.3|50.0|0.0,170:2_瞬时流量,242,6.04,7.17,0.3612,1.1
1000110,47.9|0.0|0.0|0.0|45.3|50.0|0.0,70:3_瞬时流量,242,0.0,0.0,0.0,
1000110,47.9|0.0|0.0|0.0|45.3|50.0|0.0,总管效率_pct,242,1.92,2.57,-0.014,3.7
1000110,48.1|0.0|0.0|0.0|45.6|50.0|0.0,170:1_瞬时流量,61,44.18,55.32,-0.0746,2.21
1000110,48.1|0.0|0.0|0.0|45.6|50.0|0.0,170:2_瞬时流量,61,5.25,6.41,0.2957,0.94
1000110,48.1|0.0|0.0|0.0|45.6|50.0|0.0,70:3_瞬时流量,61,0.0,0.0,1.0,
1000110,48.1|0.0|0.0|0.0|45.6|50.0|0.0,总管效率_pct,61,2.02,2.51,0.0419,4.0
1000110,48.2|0.0|0.0|0.0|46.3|50.0|0.0,170:1_瞬时流量,129,23.29,29.26,0.3241,1.11
1000110,48.2|0.0|0.0|0.0|46.3|50.0|0.0,170:2_瞬时流量,129,9.01,10.33,0.474,1.57
1000110,48.2|0.0|0.0|0.0|46.3|50.0|0.0,70:3_瞬时流量,129,0.0,0.0,0.0,
1000110,48.2|0.0|0.0|0.0|46.3|50.0|0.0,总管效率_pct,129,2.12,3.4,-0.3124,3.71
1000110,48.3|0.0|0.0|0.0|46.2|50.0|0.0,170:1_瞬时流量,351,27.33,35.93,0.1171,1.33
1000110,48.3|0.0|0.0|0.0|46.2|50.0|0.0,170:2_瞬时流量,351,6.91,8.18,0.3435,1.22
1000110,48.3|0.0|0.0|0.0|46.2|50.0|0.0,70:3_瞬时流量,351,0.0,0.0,0.0,
1000110,48.3|0.0|0.0|0.0|46.2|50.0|0.0,总管效率_pct,351,1.88,2.47,0.0644,3.58
1000110,48.3|0.0|0.0|0.0|46.3|50.0|0.0,170:1_瞬时流量,363,33.81,39.84,0.0922,1.63
1000110,48.3|0.0|0.0|0.0|46.3|50.0|0.0,170:2_瞬时流量,363,8.25,9.61,0.2112,1.47
1000110,48.3|0.0|0.0|0.0|46.3|50.0|0.0,70:3_瞬时流量,363,0.0,0.0,0.0,
1000110,48.3|0.0|0.0|0.0|46.3|50.0|0.0,总管效率_pct,363,1.45,1.98,0.0351,2.76
1000110,48.3|0.0|0.0|0.0|46.4|50.0|0.0,170:1_瞬时流量,184,41.63,44.74,0.0981,1.99
1000110,48.3|0.0|0.0|0.0|46.4|50.0|0.0,170:2_瞬时流量,184,5.48,7.12,0.345,0.96
1000110,48.3|0.0|0.0|0.0|46.4|50.0|0.0,70:3_瞬时流量,184,0.0,0.0,0.0,
1000110,48.3|0.0|0.0|0.0|46.4|50.0|0.0,总管效率_pct,184,1.6,1.99,0.0318,3.03
1000110,48.4|0.0|0.0|0.0|46.7|50.0|0.0,170:1_瞬时流量,87,20.92,25.01,0.2706,0.99
1000110,48.4|0.0|0.0|0.0|46.7|50.0|0.0,170:2_瞬时流量,87,6.56,8.17,-0.0984,1.12
1000110,48.4|0.0|0.0|0.0|46.7|50.0|0.0,70:3_瞬时流量,87,0.0,0.0,0.0,
1000110,48.4|0.0|0.0|0.0|46.7|50.0|0.0,总管效率_pct,87,2.11,2.73,-0.0626,3.9
1000110,48.6|0.0|0.0|0.0|47.0|50.0|0.0,170:1_瞬时流量,284,18.67,24.71,0.0959,0.87
1000110,48.6|0.0|0.0|0.0|47.0|50.0|0.0,170:2_瞬时流量,284,6.11,7.06,-0.0186,1.04
1000110,48.6|0.0|0.0|0.0|47.0|50.0|0.0,70:3_瞬时流量,284,0.0,0.0,0.0,
1000110,48.6|0.0|0.0|0.0|47.0|50.0|0.0,总管效率_pct,284,2.63,3.16,-0.0165,5.16
1000110,49.0|0.0|0.0|0.0|47.7|50.0|0.0,170:1_瞬时流量,350,21.07,28.36,-0.057,0.97
1000110,49.0|0.0|0.0|0.0|47.7|50.0|0.0,170:2_瞬时流量,350,4.56,5.97,0.1122,0.76
1000110,49.0|0.0|0.0|0.0|47.7|50.0|0.0,70:3_瞬时流量,350,0.0,0.0,1.0,
1000110,49.0|0.0|0.0|0.0|47.7|50.0|0.0,总管效率_pct,350,2.51,3.26,-0.023,4.87
1000110,49.0|0.0|0.0|0.0|48.0|50.0|0.0,170:1_瞬时流量,174,23.37,28.2,0.2134,1.08
1000110,49.0|0.0|0.0|0.0|48.0|50.0|0.0,170:2_瞬时流量,174,6.25,7.59,-0.0629,1.03
1000110,49.0|0.0|0.0|0.0|48.0|50.0|0.0,70:3_瞬时流量,174,0.0,0.0,0.0,
1000110,49.0|0.0|0.0|0.0|48.0|50.0|0.0,总管效率_pct,174,3.45,4.0,-0.0361,6.8
1000110,49.0|0.0|0.0|0.0|48.1|50.0|0.0,170:1_瞬时流量,76,23.68,27.29,0.3359,1.08
1000110,49.0|0.0|0.0|0.0|48.1|50.0|0.0,170:2_瞬时流量,76,7.7,10.26,0.0131,1.25
1000110,49.0|0.0|0.0|0.0|48.1|50.0|0.0,70:3_瞬时流量,76,0.0,0.0,0.0,
1000110,49.0|0.0|0.0|0.0|48.1|50.0|0.0,总管效率_pct,76,3.41,4.01,-0.132,6.8
1000110,49.1|0.0|0.0|0.0|47.9|50.0|0.0,170:1_瞬时流量,161,18.67,27.07,0.0111,0.86
1000110,49.1|0.0|0.0|0.0|47.9|50.0|0.0,170:2_瞬时流量,161,5.16,5.84,-0.0749,0.85
1000110,49.1|0.0|0.0|0.0|47.9|50.0|0.0,70:3_瞬时流量,161,0.0,0.0,1.0,
1000110,49.1|0.0|0.0|0.0|47.9|50.0|0.0,总管效率_pct,161,1.52,2.27,-0.1623,2.79
1000110,49.1|0.0|0.0|0.0|48.2|50.0|0.0,170:1_瞬时流量,127,23.4,27.13,-0.165,1.07
1000110,49.1|0.0|0.0|0.0|48.2|50.0|0.0,170:2_瞬时流量,127,7.68,8.95,-0.0816,1.26
1000110,49.1|0.0|0.0|0.0|48.2|50.0|0.0,70:3_瞬时流量,127,0.0,0.0,0.0,
1000110,49.1|0.0|0.0|0.0|48.2|50.0|0.0,总管效率_pct,127,2.03,2.56,-0.0047,3.88
1000110,49.2|0.0|0.0|0.0|48.2|50.0|0.0,170:1_瞬时流量,162,29.1,31.47,-0.0784,1.33
1000110,49.2|0.0|0.0|0.0|48.2|50.0|0.0,170:2_瞬时流量,162,5.51,6.73,-0.1607,0.91
1000110,49.2|0.0|0.0|0.0|48.2|50.0|0.0,70:3_瞬时流量,162,0.0,0.0,1.0,
1000110,49.2|0.0|0.0|0.0|48.2|50.0|0.0,总管效率_pct,162,1.34,1.53,-0.0196,2.53
1000110,49.2|0.0|0.0|0.0|48.4|50.0|0.0,170:1_瞬时流量,118,30.17,33.44,0.2344,1.37
1000110,49.2|0.0|0.0|0.0|48.4|50.0|0.0,170:2_瞬时流量,118,6.59,8.61,-0.4031,1.07
1000110,49.2|0.0|0.0|0.0|48.4|50.0|0.0,70:3_瞬时流量,118,0.0,0.0,0.0,
1000110,49.2|0.0|0.0|0.0|48.4|50.0|0.0,总管效率_pct,118,2.86,3.38,-0.3877,5.68
1000110,49.3|0.0|0.0|0.0|48.3|50.0|0.0,170:1_瞬时流量,87,23.89,27.85,-0.1162,1.08
1000110,49.3|0.0|0.0|0.0|48.3|50.0|0.0,170:2_瞬时流量,87,5.16,6.37,-1.207,0.85
1000110,49.3|0.0|0.0|0.0|48.3|50.0|0.0,70:3_瞬时流量,87,0.0,0.0,1.0,
1000110,49.3|0.0|0.0|0.0|48.3|50.0|0.0,总管效率_pct,87,1.61,1.75,-0.0631,3.07
1000110,49.6|0.0|0.0|0.0|48.9|50.0|0.0,170:1_瞬时流量,63,23.71,31.4,-0.0295,1.05
1000110,49.6|0.0|0.0|0.0|48.9|50.0|0.0,170:2_瞬时流量,63,3.33,4.77,0.0595,0.54
1000110,49.6|0.0|0.0|0.0|48.9|50.0|0.0,70:3_瞬时流量,63,0.0,0.0,1.0,
1000110,49.6|0.0|0.0|0.0|48.9|50.0|0.0,总管效率_pct,63,1.94,2.16,0.0282,3.8
1000110,49.6|0.0|0.0|0.0|49.3|50.0|0.0,170:1_瞬时流量,130,28.49,32.22,0.5286,1.28
1000110,49.6|0.0|0.0|0.0|49.3|50.0|0.0,170:2_瞬时流量,130,7.23,8.4,0.5337,1.17
1000110,49.6|0.0|0.0|0.0|49.3|50.0|0.0,70:3_瞬时流量,130,0.0,0.01,0.0,
1000110,49.6|0.0|0.0|0.0|49.3|50.0|0.0,总管效率_pct,130,1.73,2.1,0.0111,3.26
1000110,49.7|0.0|0.0|0.0|49.4|50.0|0.0,170:1_瞬时流量,162,36.56,43.94,0.3582,1.66
1000110,49.7|0.0|0.0|0.0|49.4|50.0|0.0,170:2_瞬时流量,162,7.73,8.62,-0.4004,1.23
1000110,49.7|0.0|0.0|0.0|49.4|50.0|0.0,70:3_瞬时流量,162,0.0,0.0,0.0,
1000110,49.7|0.0|0.0|0.0|49.4|50.0|0.0,总管效率_pct,162,1.97,2.27,0.0193,3.79
1000110,49.7|0.0|0.0|0.0|49.6|50.0|0.0,170:1_瞬时流量,54,21.7,27.16,0.6833,0.97
1000110,49.7|0.0|0.0|0.0|49.6|50.0|0.0,170:2_瞬时流量,54,6.69,9.42,-0.6887,1.07
1000110,49.7|0.0|0.0|0.0|49.6|50.0|0.0,70:3_瞬时流量,54,0.0,0.0,0.0,
1000110,49.7|0.0|0.0|0.0|49.6|50.0|0.0,总管效率_pct,54,1.08,1.4,-0.0363,2.1
1000110,49.8|0.0|0.0|0.0|43.1|50.0|0.0,170:1_瞬时流量,133,18.22,20.79,-0.7443,0.91
1000110,49.8|0.0|0.0|0.0|43.1|50.0|0.0,170:2_瞬时流量,133,5.52,6.18,-0.2123,1.05
1000110,49.8|0.0|0.0|0.0|43.1|50.0|0.0,70:3_瞬时流量,133,0.0,0.0,1.0,
1000110,49.8|0.0|0.0|0.0|43.1|50.0|0.0,总管效率_pct,133,1.46,1.64,0.0332,2.95
1000110,49.8|0.0|0.0|0.0|43.3|50.0|0.0,170:1_瞬时流量,60,17.83,24.56,-0.0784,0.89
1000110,49.8|0.0|0.0|0.0|43.3|50.0|0.0,170:2_瞬时流量,60,4.31,5.41,-0.099,0.81
1000110,49.8|0.0|0.0|0.0|43.3|50.0|0.0,70:3_瞬时流量,60,0.0,0.0,1.0,
1000110,49.8|0.0|0.0|0.0|43.3|50.0|0.0,总管效率_pct,60,2.0,2.38,0.0543,4.14
1000110,49.9|0.0|0.0|0.0|49.8|50.0|0.0,170:1_瞬时流量,68,37.06,44.26,0.4929,1.67
1000110,49.9|0.0|0.0|0.0|49.8|50.0|0.0,170:2_瞬时流量,68,4.96,6.23,0.6618,0.8
1000110,49.9|0.0|0.0|0.0|49.8|50.0|0.0,70:3_瞬时流量,68,0.0,0.0,0.0,
1000110,49.9|0.0|0.0|0.0|49.8|50.0|0.0,总管效率_pct,68,1.17,1.46,-0.1417,2.33
1000110,50.0|0.0|0.0|0.0|46.9|50.0|0.0,170:1_瞬时流量,82,33.66,40.57,-0.5218,1.52
1000110,50.0|0.0|0.0|0.0|46.9|50.0|0.0,170:2_瞬时流量,82,7.71,8.08,-7.7322,1.3
1000110,50.0|0.0|0.0|0.0|46.9|50.0|0.0,70:3_瞬时流量,82,0.0,0.0,0.0,
1000110,50.0|0.0|0.0|0.0|46.9|50.0|0.0,总管效率_pct,82,3.96,4.05,-0.2424,8.01
1000110,50.0|0.0|0.0|0.0|47.4|50.0|0.0,170:1_瞬时流量,58,12.86,18.29,-0.0181,0.59
1000110,50.0|0.0|0.0|0.0|47.4|50.0|0.0,170:2_瞬时流量,58,6.14,11.12,0.0569,1.03
1000110,50.0|0.0|0.0|0.0|47.4|50.0|0.0,70:3_瞬时流量,58,0.0,0.0,0.0,
1000110,50.0|0.0|0.0|0.0|47.4|50.0|0.0,总管效率_pct,58,1.34,1.52,0.0629,2.57
1000110,50.0|0.0|0.0|0.0|47.5|50.0|0.0,170:1_瞬时流量,64,18.31,21.27,-0.3802,0.82
1000110,50.0|0.0|0.0|0.0|47.5|50.0|0.0,170:2_瞬时流量,64,8.34,10.16,-0.2889,1.35
1000110,50.0|0.0|0.0|0.0|47.5|50.0|0.0,70:3_瞬时流量,64,0.0,0.0,0.0,
1000110,50.0|0.0|0.0|0.0|47.5|50.0|0.0,总管效率_pct,64,1.69,1.87,-4.2049,3.12
1000111,46.1|0.0|0.0|0.0|41.4|50.0|50.0,170:1_瞬时流量,56,6.55,6.65,-0.4111,0.37
1000111,46.1|0.0|0.0|0.0|41.4|50.0|50.0,170:2_瞬时流量,56,8.12,10.83,-1.3165,1.91
1000111,46.1|0.0|0.0|0.0|41.4|50.0|50.0,70:3_瞬时流量,56,7.74,9.2,-1.2781,1.68
1000111,46.1|0.0|0.0|0.0|41.4|50.0|50.0,总管效率_pct,56,1.14,1.65,-0.3524,2.33
1000111,46.3|0.0|0.0|0.0|41.6|50.0|50.0,170:1_瞬时流量,76,16.08,17.68,-4.5421,0.89
1000111,46.3|0.0|0.0|0.0|41.6|50.0|50.0,170:2_瞬时流量,76,12.05,13.92,-1.8337,2.79
1000111,46.3|0.0|0.0|0.0|41.6|50.0|50.0,70:3_瞬时流量,76,7.3,8.81,-1.0621,1.58
1000111,46.3|0.0|0.0|0.0|41.6|50.0|50.0,总管效率_pct,76,1.86,2.0,-0.1006,3.62
1000111,46.3|0.0|0.0|0.0|41.7|50.0|50.0,170:1_瞬时流量,65,15.92,18.7,-1.984,0.88
1000111,46.3|0.0|0.0|0.0|41.7|50.0|50.0,170:2_瞬时流量,65,7.59,12.18,-0.4776,1.76
1000111,46.3|0.0|0.0|0.0|41.7|50.0|50.0,70:3_瞬时流量,65,7.0,8.69,-0.7337,1.51
1000111,46.3|0.0|0.0|0.0|41.7|50.0|50.0,总管效率_pct,65,1.95,2.08,-3.4549,3.66
1000111,46.6|0.0|0.0|0.0|42.5|50.0|50.0,170:1_瞬时流量,71,14.38,21.37,-0.7658,0.81
1000111,46.6|0.0|0.0|0.0|42.5|50.0|50.0,170:2_瞬时流量,71,6.26,9.4,-0.2848,1.3
1000111,46.6|0.0|0.0|0.0|42.5|50.0|50.0,70:3_瞬时流量,71,4.11,5.67,-0.1318,0.88
1000111,46.6|0.0|0.0|0.0|42.5|50.0|50.0,总管效率_pct,71,0.9,0.98,-0.0966,1.75
1000111,46.9|0.0|0.0|0.0|43.0|50.0|50.0,170:1_瞬时流量,70,17.81,24.45,-0.0747,0.99
1000111,46.9|0.0|0.0|0.0|43.0|50.0|50.0,170:2_瞬时流量,70,5.56,6.8,-0.2572,1.13
1000111,46.9|0.0|0.0|0.0|43.0|50.0|50.0,70:3_瞬时流量,70,4.87,6.19,0.5825,1.02
1000111,46.9|0.0|0.0|0.0|43.0|50.0|50.0,总管效率_pct,70,1.15,1.49,0.0344,2.32
1000111,47.0|0.0|0.0|0.0|43.1|50.0|50.0,170:1_瞬时流量,99,22.46,28.37,0.0492,1.24
1000111,47.0|0.0|0.0|0.0|43.1|50.0|50.0,170:2_瞬时流量,99,5.06,6.09,-0.041,1.03
1000111,47.0|0.0|0.0|0.0|43.1|50.0|50.0,70:3_瞬时流量,99,7.5,9.23,0.1314,1.53
1000111,47.0|0.0|0.0|0.0|43.1|50.0|50.0,总管效率_pct,99,1.25,1.36,-0.0606,2.41
1000111,47.0|0.0|0.0|0.0|43.2|50.0|50.0,170:1_瞬时流量,259,29.17,33.3,-0.9116,1.63
1000111,47.0|0.0|0.0|0.0|43.2|50.0|50.0,170:2_瞬时流量,259,5.6,6.22,-0.3011,1.13
1000111,47.0|0.0|0.0|0.0|43.2|50.0|50.0,70:3_瞬时流量,259,4.84,5.95,0.4774,1.01
1000111,47.0|0.0|0.0|0.0|43.2|50.0|50.0,总管效率_pct,259,1.12,1.35,-0.0289,2.24
1000111,47.2|0.0|0.0|0.0|43.7|50.0|50.0,170:1_瞬时流量,297,37.77,40.61,0.0065,2.06
1000111,47.2|0.0|0.0|0.0|43.7|50.0|50.0,170:2_瞬时流量,297,6.49,8.18,-1.0199,1.26
1000111,47.2|0.0|0.0|0.0|43.7|50.0|50.0,70:3_瞬时流量,297,5.23,6.46,0.3271,1.1
1000111,47.2|0.0|0.0|0.0|43.7|50.0|50.0,总管效率_pct,297,1.34,1.62,0.0297,2.61
1000111,47.2|0.0|0.0|0.0|43.8|50.0|50.0,170:1_瞬时流量,251,28.35,31.91,-0.0707,1.52
1000111,47.2|0.0|0.0|0.0|43.8|50.0|50.0,170:2_瞬时流量,251,4.88,6.04,-0.1586,0.95
1000111,47.2|0.0|0.0|0.0|43.8|50.0|50.0,70:3_瞬时流量,251,5.79,7.13,0.2529,1.22
1000111,47.2|0.0|0.0|0.0|43.8|50.0|50.0,总管效率_pct,251,2.06,2.47,0.0642,4.06
1000111,47.5|0.0|0.0|0.0|44.6|50.0|50.0,170:1_瞬时流量,150,34.29,41.49,-0.096,1.76
1000111,47.5|0.0|0.0|0.0|44.6|50.0|50.0,170:2_瞬时流量,150,2.86,3.4,0.2345,0.54
1000111,47.5|0.0|0.0|0.0|44.6|50.0|50.0,70:3_瞬时流量,150,7.95,9.63,0.4957,1.61
1000111,47.5|0.0|0.0|0.0|44.6|50.0|50.0,总管效率_pct,150,3.15,3.84,-0.1511,5.92
1000111,47.8|0.0|0.0|0.0|45.0|50.0|50.0,170:1_瞬时流量,233,42.21,55.39,-0.1461,2.17
1000111,47.8|0.0|0.0|0.0|45.0|50.0|50.0,170:2_瞬时流量,233,3.91,4.69,0.2203,0.75
1000111,47.8|0.0|0.0|0.0|45.0|50.0|50.0,70:3_瞬时流量,233,6.03,7.66,0.7765,1.29
1000111,47.8|0.0|0.0|0.0|45.0|50.0|50.0,总管效率_pct,233,1.88,2.25,-0.0622,3.64
1000111,47.9|0.0|0.0|0.0|45.2|50.0|50.0,170:1_瞬时流量,98,44.82,53.03,-0.3081,2.32
1000111,47.9|0.0|0.0|0.0|45.2|50.0|50.0,170:2_瞬时流量,98,6.51,7.46,-0.367,1.22
1000111,47.9|0.0|0.0|0.0|45.2|50.0|50.0,70:3_瞬时流量,98,8.3,9.92,0.7712,1.78
1000111,47.9|0.0|0.0|0.0|45.2|50.0|50.0,总管效率_pct,98,2.24,2.58,-0.2347,4.34
1000111,48.0|0.0|0.0|0.0|45.4|50.0|50.0,170:1_瞬时流量,227,42.26,54.61,-0.2633,2.2
1000111,48.0|0.0|0.0|0.0|45.4|50.0|50.0,170:2_瞬时流量,227,7.12,8.51,0.0967,1.35
1000111,48.0|0.0|0.0|0.0|45.4|50.0|50.0,70:3_瞬时流量,227,6.72,9.04,0.4452,1.44
1000111,48.0|0.0|0.0|0.0|45.4|50.0|50.0,总管效率_pct,227,2.23,2.67,-0.1095,4.32
1000111,48.1|0.0|0.0|0.0|45.5|50.0|50.0,170:1_瞬时流量,130,36.04,53.24,-0.04,1.87
1000111,48.1|0.0|0.0|0.0|45.5|50.0|50.0,170:2_瞬时流量,130,5.39,7.03,0.0929,1.01
1000111,48.1|0.0|0.0|0.0|45.5|50.0|50.0,70:3_瞬时流量,130,5.48,6.86,0.2625,1.18
1000111,48.1|0.0|0.0|0.0|45.5|50.0|50.0,总管效率_pct,130,1.53,1.73,0.0071,2.95
1000111,48.1|0.0|0.0|0.0|45.8|50.0|50.0,170:1_瞬时流量,240,27.75,32.82,-0.3282,1.36
1000111,48.1|0.0|0.0|0.0|45.8|50.0|50.0,170:2_瞬时流量,240,5.09,5.86,0.3815,0.93
1000111,48.1|0.0|0.0|0.0|45.8|50.0|50.0,70:3_瞬时流量,240,6.38,7.96,0.8774,1.33
1000111,48.1|0.0|0.0|0.0|45.8|50.0|50.0,总管效率_pct,240,2.17,2.81,-0.1596,3.92
1000111,48.2|0.0|0.0|0.0|45.8|50.0|50.0,170:1_瞬时流量,336,32.41,37.4,-0.0364,1.61
1000111,48.2|0.0|0.0|0.0|45.8|50.0|50.0,170:2_瞬时流量,336,3.52,4.97,-0.0941,0.65
1000111,48.2|0.0|0.0|0.0|45.8|50.0|50.0,70:3_瞬时流量,336,5.25,6.64,0.2432,1.12
1000111,48.2|0.0|0.0|0.0|45.8|50.0|50.0,总管效率_pct,336,1.36,1.83,-0.0698,2.54
1000111,48.2|0.0|0.0|0.0|46.2|50.0|50.0,170:1_瞬时流量,68,28.94,29.83,-0.8811,1.36
1000111,48.2|0.0|0.0|0.0|46.2|50.0|50.0,170:2_瞬时流量,68,6.07,6.75,-2.6582,1.08
1000111,48.2|0.0|0.0|0.0|46.2|50.0|50.0,70:3_瞬时流量,68,6.46,7.85,0.6946,1.3
1000111,48.2|0.0|0.0|0.0|46.2|50.0|50.0,总管效率_pct,68,1.63,2.5,-0.1502,3.24
1000111,48.6|0.0|0.0|0.0|46.9|50.0|50.0,170:1_瞬时流量,91,19.49,22.11,0.5774,0.91
1000111,48.6|0.0|0.0|0.0|46.9|50.0|50.0,170:2_瞬时流量,91,7.87,9.41,-1.5078,1.39
1000111,48.6|0.0|0.0|0.0|46.9|50.0|50.0,70:3_瞬时流量,91,6.61,8.26,0.8844,1.35
1000111,48.6|0.0|0.0|0.0|46.9|50.0|50.0,总管效率_pct,91,0.72,0.9,0.2183,1.33
1000111,48.7|0.0|0.0|0.0|47.1|50.0|50.0,170:1_瞬时流量,93,13.29,15.62,0.486,0.61
1000111,48.7|0.0|0.0|0.0|47.1|50.0|50.0,170:2_瞬时流量,93,5.74,6.47,-0.015,1.0
1000111,48.7|0.0|0.0|0.0|47.1|50.0|50.0,70:3_瞬时流量,93,4.35,5.47,0.93,0.86
1000111,48.7|0.0|0.0|0.0|47.1|50.0|50.0,总管效率_pct,93,1.17,1.43,-0.1912,2.19
1000111,49.0|0.0|0.0|0.0|47.6|50.0|50.0,170:1_瞬时流量,51,16.94,21.16,0.4644,0.79
1000111,49.0|0.0|0.0|0.0|47.6|50.0|50.0,170:2_瞬时流量,51,5.51,6.48,-0.3455,0.95
1000111,49.0|0.0|0.0|0.0|47.6|50.0|50.0,70:3_瞬时流量,51,5.57,6.32,0.9227,1.15
1000111,49.0|0.0|0.0|0.0|47.6|50.0|50.0,总管效率_pct,51,1.15,1.63,-0.1945,2.06
1000111,49.1|0.0|0.0|0.0|48.0|50.0|50.0,170:1_瞬时流量,104,9.88,12.4,0.4812,0.45
1000111,49.1|0.0|0.0|0.0|48.0|50.0|50.0,170:2_瞬时流量,104,3.9,5.44,0.3049,0.66
1000111,49.1|0.0|0.0|0.0|48.0|50.0|50.0,70:3_瞬时流量,104,6.09,7.44,0.8868,1.21
1000111,49.1|0.0|0.0|0.0|48.0|50.0|50.0,总管效率_pct,104,1.31,1.5,-0.3468,2.49
1000111,49.1|0.0|0.0|0.0|48.1|50.0|50.0,170:1_瞬时流量,88,10.18,13.41,0.2815,0.46
1000111,49.1|0.0|0.0|0.0|48.1|50.0|50.0,170:2_瞬时流量,88,7.02,7.81,-0.8528,1.17
1000111,49.1|0.0|0.0|0.0|48.1|50.0|50.0,70:3_瞬时流量,88,5.43,6.73,0.8788,1.09
1000111,49.1|0.0|0.0|0.0|48.1|50.0|50.0,总管效率_pct,88,1.46,1.55,-0.0056,2.74
1000111,49.3|0.0|0.0|0.0|48.6|50.0|50.0,170:1_瞬时流量,161,36.25,39.83,-1.0282,1.6
1000111,49.3|0.0|0.0|0.0|48.6|50.0|50.0,170:2_瞬时流量,161,8.94,10.47,-0.0696,1.47
1000111,49.3|0.0|0.0|0.0|48.6|50.0|50.0,70:3_瞬时流量,161,6.1,7.72,0.8067,1.22
1000111,49.3|0.0|0.0|0.0|48.6|50.0|50.0,总管效率_pct,161,1.52,1.98,-0.0868,2.8
1000111,49.4|0.0|0.0|0.0|48.6|50.0|50.0,170:1_瞬时流量,69,41.57,43.93,-2.3726,1.83
1000111,49.4|0.0|0.0|0.0|48.6|50.0|50.0,170:2_瞬时流量,69,8.51,10.15,-0.3605,1.4
1000111,49.4|0.0|0.0|0.0|48.6|50.0|50.0,70:3_瞬时流量,69,5.47,6.57,0.8099,1.08
1000111,49.4|0.0|0.0|0.0|48.6|50.0|50.0,总管效率_pct,69,2.04,2.43,-0.0937,3.82
1000111,49.4|0.0|0.0|0.0|48.7|50.0|50.0,170:1_瞬时流量,125,40.69,43.4,-0.6525,1.79
1000111,49.4|0.0|0.0|0.0|48.7|50.0|50.0,170:2_瞬时流量,125,8.2,9.79,0.2058,1.35
1000111,49.4|0.0|0.0|0.0|48.7|50.0|50.0,70:3_瞬时流量,125,7.56,9.92,0.7741,1.54
1000111,49.4|0.0|0.0|0.0|48.7|50.0|50.0,总管效率_pct,125,1.74,2.22,-0.6567,3.11
1000111,49.5|0.0|0.0|0.0|48.8|50.0|50.0,170:1_瞬时流量,89,42.58,46.27,-0.2395,1.91
1000111,49.5|0.0|0.0|0.0|48.8|50.0|50.0,170:2_瞬时流量,89,6.56,9.16,-0.3232,1.07
1000111,49.5|0.0|0.0|0.0|48.8|50.0|50.0,70:3_瞬时流量,89,7.57,9.26,0.4944,1.49
1000111,49.5|0.0|0.0|0.0|48.8|50.0|50.0,总管效率_pct,89,1.91,2.42,-0.1088,3.45
1000111,49.5|0.0|0.0|0.0|49.0|50.0|50.0,170:1_瞬时流量,144,59.6,73.53,-0.1327,2.75
1000111,49.5|0.0|0.0|0.0|49.0|50.0|50.0,170:2_瞬时流量,144,10.48,12.64,-0.4504,1.71
1000111,49.5|0.0|0.0|0.0|49.0|50.0|50.0,70:3_瞬时流量,144,5.89,7.37,0.6344,1.17
1000111,49.5|0.0|0.0|0.0|49.0|50.0|50.0,总管效率_pct,144,1.89,2.64,0.0112,3.73
1000111,49.8|0.0|0.0|0.0|44.3|50.0|50.0,170:1_瞬时流量,57,38.72,52.29,-1.028,2.0
1000111,49.8|0.0|0.0|0.0|44.3|50.0|50.0,170:2_瞬时流量,57,10.43,10.78,-26.8884,1.9
1000111,49.8|0.0|0.0|0.0|44.3|50.0|50.0,70:3_瞬时流量,57,6.21,7.04,-2.1971,1.36
1000111,49.8|0.0|0.0|0.0|44.3|50.0|50.0,总管效率_pct,57,0.71,0.95,-0.0605,1.39
1000111,49.8|0.0|0.0|0.0|44.4|50.0|50.0,170:1_瞬时流量,95,37.57,48.72,-0.5912,1.92
1000111,49.8|0.0|0.0|0.0|44.4|50.0|50.0,170:2_瞬时流量,95,6.18,7.37,-3.3737,1.13
1000111,49.8|0.0|0.0|0.0|44.4|50.0|50.0,70:3_瞬时流量,95,6.21,7.3,-0.4228,1.36
1000111,49.8|0.0|0.0|0.0|44.4|50.0|50.0,总管效率_pct,95,1.06,1.25,-0.114,2.15
1000111,49.8|0.0|0.0|0.0|49.5|50.0|50.0,170:1_瞬时流量,106,17.13,30.5,-0.0787,0.76
1000111,49.8|0.0|0.0|0.0|49.5|50.0|50.0,170:2_瞬时流量,106,12.9,17.98,-0.1035,2.07
1000111,49.8|0.0|0.0|0.0|49.5|50.0|50.0,70:3_瞬时流量,106,15.06,25.24,0.2008,3.38
1000111,49.8|0.0|0.0|0.0|49.5|50.0|50.0,总管效率_pct,106,0.95,1.15,-0.2092,1.8
1000111,50.0|0.0|0.0|0.0|43.4|50.0|50.0,170:1_瞬时流量,110,27.37,34.72,-0.3232,1.4
1000111,50.0|0.0|0.0|0.0|43.4|50.0|50.0,170:2_瞬时流量,110,6.46,8.16,-1.6764,1.24
1000111,50.0|0.0|0.0|0.0|43.4|50.0|50.0,70:3_瞬时流量,110,4.77,6.02,0.0067,1.01
1000111,50.0|0.0|0.0|0.0|43.4|50.0|50.0,总管效率_pct,110,0.65,0.8,-0.1911,1.31
1000111,50.0|0.0|0.0|0.0|50.0|50.0|50.0,170:1_瞬时流量,690,35.68,50.56,0.0329,1.59
1000111,50.0|0.0|0.0|0.0|50.0|50.0|50.0,170:2_瞬时流量,690,5.98,7.13,0.1431,0.96
1000111,50.0|0.0|0.0|0.0|50.0|50.0|50.0,70:3_瞬时流量,690,20.19,22.41,0.3396,4.03
1000111,50.0|0.0|0.0|0.0|50.0|50.0|50.0,总管效率_pct,690,2.0,2.3,-0.0287,3.83
1001000,42.3|0.0|0.0|50.0|0.0|0.0|0.0,170:1_瞬时流量,1225,42.0,55.36,-0.7973,3.06
1001000,42.3|0.0|0.0|50.0|0.0|0.0|0.0,170:2_瞬时流量,1225,7.1,8.71,-1.4656,2.89
1001000,42.3|0.0|0.0|50.0|0.0|0.0|0.0,70:3_瞬时流量,1225,0.0,0.0,0.0,
1001000,42.3|0.0|0.0|50.0|0.0|0.0|0.0,总管效率_pct,1225,2.96,3.57,-0.1543,6.99
1001000,42.5|0.0|0.0|50.0|0.0|0.0|0.0,170:1_瞬时流量,2483,33.58,47.26,-0.5493,2.4
1001000,42.5|0.0|0.0|50.0|0.0|0.0|0.0,170:2_瞬时流量,2483,6.56,7.61,-1.0958,2.6
1001000,42.5|0.0|0.0|50.0|0.0|0.0|0.0,70:3_瞬时流量,2483,0.0,0.0,1.0,
1001000,42.5|0.0|0.0|50.0|0.0|0.0|0.0,总管效率_pct,2483,2.99,3.51,-0.0145,6.81
1001000,42.6|0.0|0.0|50.0|0.0|0.0|0.0,170:1_瞬时流量,1971,43.96,54.58,-1.1926,3.12
1001000,42.6|0.0|0.0|50.0|0.0|0.0|0.0,170:2_瞬时流量,1971,8.07,9.5,-1.2865,3.19
1001000,42.6|0.0|0.0|50.0|0.0|0.0|0.0,70:3_瞬时流量,1971,0.0,0.0,1.0,
1001000,42.6|0.0|0.0|50.0|0.0|0.0|0.0,总管效率_pct,1971,3.09,3.56,-0.0682,7.05
1001000,43.1|0.0|0.0|50.0|0.0|0.0|0.0,170:1_瞬时流量,3519,30.06,39.52,-0.3833,2.03
1001000,43.1|0.0|0.0|50.0|0.0|0.0|0.0,170:2_瞬时流量,3519,6.06,7.56,0.1818,2.25
1001000,43.1|0.0|0.0|50.0|0.0|0.0|0.0,70:3_瞬时流量,3519,0.0,0.0,1.0,
1001000,43.1|0.0|0.0|50.0|0.0|0.0|0.0,总管效率_pct,3519,2.52,3.12,-0.0121,5.5
1001000,44.6|0.0|0.0|50.0|0.0|0.0|0.0,170:1_瞬时流量,3639,20.5,26.03,0.7039,1.24
1001000,44.6|0.0|0.0|50.0|0.0|0.0|0.0,170:2_瞬时流量,3639,6.61,8.74,0.5907,2.21
1001000,44.6|0.0|0.0|50.0|0.0|0.0|0.0,70:3_瞬时流量,3639,0.0,0.0,0.0,
1001000,44.6|0.0|0.0|50.0|0.0|0.0|0.0,总管效率_pct,3639,2.33,2.9,-0.0075,4.84
1001000,46.5|0.0|0.0|50.0|0.0|0.0|0.0,170:1_瞬时流量,1675,25.5,32.2,0.8308,1.52
1001000,46.5|0.0|0.0|50.0|0.0|0.0|0.0,170:2_瞬时流量,1675,5.61,7.13,0.775,1.76
1001000,46.5|0.0|0.0|50.0|0.0|0.0|0.0,70:3_瞬时流量,1675,0.01,0.01,0.0,
1001000,46.5|0.0|0.0|50.0|0.0|0.0|0.0,总管效率_pct,1675,2.18,2.69,0.0621,4.49
1001000,46.6|0.0|0.0|50.0|0.0|0.0|0.0,170:1_瞬时流量,1373,24.23,30.18,0.8244,1.44
1001000,46.6|0.0|0.0|50.0|0.0|0.0|0.0,170:2_瞬时流量,1373,5.36,6.74,0.7455,1.71
1001000,46.6|0.0|0.0|50.0|0.0|0.0|0.0,70:3_瞬时流量,1373,0.0,0.01,0.0,
1001000,46.6|0.0|0.0|50.0|0.0|0.0|0.0,总管效率_pct,1373,2.33,2.84,0.0361,4.79
1001000,46.9|0.0|0.0|50.0|0.0|0.0|0.0,170:1_瞬时流量,978,21.76,30.0,0.8154,1.28
1001000,46.9|0.0|0.0|50.0|0.0|0.0|0.0,170:2_瞬时流量,978,4.48,6.29,0.7235,1.42
1001000,46.9|0.0|0.0|50.0|0.0|0.0|0.0,70:3_瞬时流量,978,0.0,0.0,0.0,
1001000,46.9|0.0|0.0|50.0|0.0|0.0|0.0,总管效率_pct,978,2.39,2.92,-0.0093,4.73
1001000,48.0|0.0|0.0|50.0|0.0|0.0|0.0,170:1_瞬时流量,508,23.21,31.45,0.4699,1.27
1001000,48.0|0.0|0.0|50.0|0.0|0.0|0.0,170:2_瞬时流量,508,6.26,7.84,0.5327,1.84
1001000,48.0|0.0|0.0|50.0|0.0|0.0|0.0,70:3_瞬时流量,508,0.0,0.0,0.0,
1001000,48.0|0.0|0.0|50.0|0.0|0.0|0.0,总管效率_pct,508,1.86,2.53,0.0035,3.75
1001000,48.2|0.0|0.0|50.0|0.0|0.0|0.0,170:1_瞬时流量,867,19.73,29.27,0.6779,1.08
1001000,48.2|0.0|0.0|50.0|0.0|0.0|0.0,170:2_瞬时流量,867,4.96,6.43,0.6829,1.44
1001000,48.2|0.0|0.0|50.0|0.0|0.0|0.0,70:3_瞬时流量,867,0.0,0.0,0.0,
1001000,48.2|0.0|0.0|50.0|0.0|0.0|0.0,总管效率_pct,867,2.22,2.63,0.1787,4.37
1001000,48.4|0.0|0.0|50.0|0.0|0.0|0.0,170:1_瞬时流量,878,22.85,30.59,0.47,1.24
1001000,48.4|0.0|0.0|50.0|0.0|0.0|0.0,170:2_瞬时流量,878,6.23,8.73,0.4788,1.77
1001000,48.4|0.0|0.0|50.0|0.0|0.0|0.0,70:3_瞬时流量,878,0.0,0.0,0.0,
1001000,48.4|0.0|0.0|50.0|0.0|0.0|0.0,总管效率_pct,878,2.17,2.61,0.0528,4.38
1001000,48.7|0.0|0.0|50.0|0.0|0.0|0.0,170:1_瞬时流量,1528,23.94,31.03,0.522,1.29
1001000,48.7|0.0|0.0|50.0|0.0|0.0|0.0,170:2_瞬时流量,1528,6.12,7.49,0.6044,1.73
1001000,48.7|0.0|0.0|50.0|0.0|0.0|0.0,70:3_瞬时流量,1528,0.0,0.01,0.0,
1001000,48.7|0.0|0.0|50.0|0.0|0.0|0.0,总管效率_pct,1528,1.85,2.4,0.0533,3.84
1001000,49.0|0.0|0.0|50.0|0.0|0.0|0.0,170:1_瞬时流量,1022,37.23,46.56,0.5028,2.04
1001000,49.0|0.0|0.0|50.0|0.0|0.0|0.0,170:2_瞬时流量,1022,8.91,11.18,0.5358,2.47
1001000,49.0|0.0|0.0|50.0|0.0|0.0|0.0,70:3_瞬时流量,1022,0.01,0.01,0.0,
1001000,49.0|0.0|0.0|50.0|0.0|0.0|0.0,总管效率_pct,1022,2.52,3.09,0.0179,5.27
1001000,49.1|0.0|0.0|50.0|0.0|0.0|0.0,170:1_瞬时流量,926,31.9,41.24,0.4406,1.74
1001000,49.1|0.0|0.0|50.0|0.0|0.0|0.0,170:2_瞬时流量,926,7.81,10.25,0.4509,2.18
1001000,49.1|0.0|0.0|50.0|0.0|0.0|0.0,70:3_瞬时流量,926,0.01,0.01,0.0,
1001000,49.1|0.0|0.0|50.0|0.0|0.0|0.0,总管效率_pct,926,2.31,2.8,0.0549,4.69
1001000,49.4|0.0|0.0|50.0|0.0|0.0|0.0,170:1_瞬时流量,529,36.11,44.17,0.0922,1.95
1001000,49.4|0.0|0.0|50.0|0.0|0.0|0.0,170:2_瞬时流量,529,7.53,9.5,0.1234,2.11
1001000,49.4|0.0|0.0|50.0|0.0|0.0|0.0,70:3_瞬时流量,529,0.01,0.01,0.0,
1001000,49.4|0.0|0.0|50.0|0.0|0.0|0.0,总管效率_pct,529,2.41,3.02,-0.0994,5.06
1001000,49.6|0.0|0.0|50.0|0.0|0.0|0.0,170:1_瞬时流量,852,32.19,37.69,-0.6942,1.71
1001000,49.6|0.0|0.0|50.0|0.0|0.0|0.0,170:2_瞬时流量,852,8.55,10.21,-0.2669,2.34
1001000,49.6|0.0|0.0|50.0|0.0|0.0|0.0,70:3_瞬时流量,852,0.0,0.01,0.0,
1001000,49.6|0.0|0.0|50.0|0.0|0.0|0.0,总管效率_pct,852,2.06,2.6,-0.004,4.27
1001001,46.3|0.0|0.0|50.0|0.0|0.0|50.0,170:1_瞬时流量,540,15.55,20.49,-0.0943,0.92
1001001,46.3|0.0|0.0|50.0|0.0|0.0|50.0,170:2_瞬时流量,540,6.69,9.13,-0.081,2.22
1001001,46.3|0.0|0.0|50.0|0.0|0.0|50.0,70:3_瞬时流量,540,6.56,8.04,0.6128,1.33
1001001,46.3|0.0|0.0|50.0|0.0|0.0|50.0,总管效率_pct,540,1.95,2.35,-0.0685,3.85
1001001,46.9|0.0|0.0|50.0|0.0|0.0|50.0,170:1_瞬时流量,439,12.43,16.08,-0.5698,0.71
1001001,46.9|0.0|0.0|50.0|0.0|0.0|50.0,170:2_瞬时流量,439,5.14,5.95,0.0208,1.66
1001001,46.9|0.0|0.0|50.0|0.0|0.0|50.0,70:3_瞬时流量,439,5.56,7.29,0.5652,1.12
1001001,46.9|0.0|0.0|50.0|0.0|0.0|50.0,总管效率_pct,439,2.21,2.61,-0.03,4.27
1001001,47.3|0.0|0.0|50.0|0.0|0.0|50.0,170:1_瞬时流量,461,13.74,19.09,0.0852,0.78
1001001,47.3|0.0|0.0|50.0|0.0|0.0|50.0,170:2_瞬时流量,461,4.14,4.95,0.0237,1.3
1001001,47.3|0.0|0.0|50.0|0.0|0.0|50.0,70:3_瞬时流量,461,6.9,8.49,0.8083,1.43
1001001,47.3|0.0|0.0|50.0|0.0|0.0|50.0,总管效率_pct,461,1.91,2.32,0.032,3.7
1001001,47.6|0.0|0.0|50.0|0.0|0.0|50.0,170:1_瞬时流量,285,19.07,25.77,0.1008,1.05
1001001,47.6|0.0|0.0|50.0|0.0|0.0|50.0,170:2_瞬时流量,285,5.0,6.1,0.0547,1.57
1001001,47.6|0.0|0.0|50.0|0.0|0.0|50.0,70:3_瞬时流量,285,8.5,10.26,0.7545,1.72
1001001,47.6|0.0|0.0|50.0|0.0|0.0|50.0,总管效率_pct,285,2.01,2.45,-0.0147,3.92
1001001,47.7|0.0|0.0|50.0|0.0|0.0|50.0,170:1_瞬时流量,425,16.55,22.11,0.0741,0.91
1001001,47.7|0.0|0.0|50.0|0.0|0.0|50.0,170:2_瞬时流量,425,4.73,5.61,-0.0657,1.45
1001001,47.7|0.0|0.0|50.0|0.0|0.0|50.0,70:3_瞬时流量,425,7.42,9.39,0.7589,1.51
1001001,47.7|0.0|0.0|50.0|0.0|0.0|50.0,总管效率_pct,425,1.73,2.08,-0.0848,3.28
1001001,48.9|0.0|0.0|50.0|0.0|0.0|50.0,170:1_瞬时流量,716,19.7,25.16,0.006,1.08
1001001,48.9|0.0|0.0|50.0|0.0|0.0|50.0,170:2_瞬时流量,716,4.25,5.29,0.0839,1.26
1001001,48.9|0.0|0.0|50.0|0.0|0.0|50.0,70:3_瞬时流量,716,5.94,7.44,0.781,1.25
1001001,48.9|0.0|0.0|50.0|0.0|0.0|50.0,总管效率_pct,716,2.57,2.99,-0.0063,5.04
1001001,49.0|0.0|0.0|50.0|0.0|0.0|50.0,170:1_瞬时流量,1037,15.11,19.12,0.5027,0.82
1001001,49.0|0.0|0.0|50.0|0.0|0.0|50.0,170:2_瞬时流量,1037,5.2,6.05,-0.0949,1.54
1001001,49.0|0.0|0.0|50.0|0.0|0.0|50.0,70:3_瞬时流量,1037,6.41,8.05,0.7946,1.36
1001001,49.0|0.0|0.0|50.0|0.0|0.0|50.0,总管效率_pct,1037,1.99,2.34,-0.0673,3.83
1001001,49.4|0.0|0.0|50.0|0.0|0.0|50.0,170:1_瞬时流量,358,18.5,20.83,0.1879,0.99
1001001,49.4|0.0|0.0|50.0|0.0|0.0|50.0,170:2_瞬时流量,358,4.14,4.95,0.0971,1.19
1001001,49.4|0.0|0.0|50.0|0.0|0.0|50.0,70:3_瞬时流量,358,6.42,7.82,0.7218,1.33
1001001,49.4|0.0|0.0|50.0|0.0|0.0|50.0,总管效率_pct,358,1.96,2.54,-0.0048,3.83
1001001,49.5|0.0|0.0|50.0|0.0|0.0|50.0,170:1_瞬时流量,641,14.55,17.64,0.1867,0.77
1001001,49.5|0.0|0.0|50.0|0.0|0.0|50.0,170:2_瞬时流量,641,3.91,4.9,0.015,1.11
1001001,49.5|0.0|0.0|50.0|0.0|0.0|50.0,70:3_瞬时流量,641,6.15,7.93,0.7634,1.29
1001001,49.5|0.0|0.0|50.0|0.0|0.0|50.0,总管效率_pct,641,2.11,2.61,-0.0104,4.15
1001010,44.7|0.0|0.0|50.0|0.0|50.0|0.0,170:1_瞬时流量,350,40.21,44.99,0.2245,1.74
1001010,44.7|0.0|0.0|50.0|0.0|50.0|0.0,170:2_瞬时流量,350,5.66,6.68,-0.5164,1.1
1001010,44.7|0.0|0.0|50.0|0.0|50.0|0.0,70:3_瞬时流量,350,0.0,0.0,1.0,
1001010,44.7|0.0|0.0|50.0|0.0|50.0|0.0,总管效率_pct,350,1.33,1.58,-0.0787,2.75
1001010,44.8|0.0|0.0|50.0|0.0|50.0|0.0,170:1_瞬时流量,400,37.01,42.8,0.1615,1.59
1001010,44.8|0.0|0.0|50.0|0.0|50.0|0.0,170:2_瞬时流量,400,6.19,7.96,-0.3168,1.2
1001010,44.8|0.0|0.0|50.0|0.0|50.0|0.0,70:3_瞬时流量,400,0.0,0.0,1.0,
1001010,44.8|0.0|0.0|50.0|0.0|50.0|0.0,总管效率_pct,400,1.87,2.27,0.1742,3.94
1001010,45.4|0.0|0.0|50.0|0.0|50.0|0.0,170:1_瞬时流量,282,24.93,31.27,0.4628,1.07
1001010,45.4|0.0|0.0|50.0|0.0|50.0|0.0,170:2_瞬时流量,282,3.92,5.72,0.3501,0.73
1001010,45.4|0.0|0.0|50.0|0.0|50.0|0.0,70:3_瞬时流量,282,0.0,0.0,0.0,
1001010,45.4|0.0|0.0|50.0|0.0|50.0|0.0,总管效率_pct,282,2.31,2.71,0.0569,4.8
1001010,45.6|0.0|0.0|50.0|0.0|50.0|0.0,170:1_瞬时流量,729,33.64,39.69,0.1798,1.43
1001010,45.6|0.0|0.0|50.0|0.0|50.0|0.0,170:2_瞬时流量,729,5.28,7.13,-0.0832,0.99
1001010,45.6|0.0|0.0|50.0|0.0|50.0|0.0,70:3_瞬时流量,729,0.0,0.0,0.0,
1001010,45.6|0.0|0.0|50.0|0.0|50.0|0.0,总管效率_pct,729,1.88,2.31,0.0795,3.95
1001010,45.7|0.0|0.0|50.0|0.0|50.0|0.0,170:1_瞬时流量,666,31.38,39.79,-0.0282,1.34
1001010,45.7|0.0|0.0|50.0|0.0|50.0|0.0,170:2_瞬时流量,666,5.96,7.16,-0.1667,1.11
1001010,45.7|0.0|0.0|50.0|0.0|50.0|0.0,70:3_瞬时流量,666,0.0,0.0,0.0,
1001010,45.7|0.0|0.0|50.0|0.0|50.0|0.0,总管效率_pct,666,1.29,1.77,-0.0365,2.66
1001010,46.1|0.0|0.0|50.0|0.0|50.0|0.0,170:1_瞬时流量,1806,22.41,30.54,0.4764,0.93
1001010,46.1|0.0|0.0|50.0|0.0|50.0|0.0,170:2_瞬时流量,1806,6.42,8.11,0.2013,1.17
1001010,46.1|0.0|0.0|50.0|0.0|50.0|0.0,70:3_瞬时流量,1806,0.0,0.0,0.0,
1001010,46.1|0.0|0.0|50.0|0.0|50.0|0.0,总管效率_pct,1806,1.8,2.26,0.047,3.75
1001010,46.2|0.0|0.0|50.0|0.0|50.0|0.0,170:1_瞬时流量,2501,23.28,33.8,0.4778,0.97
1001010,46.2|0.0|0.0|50.0|0.0|50.0|0.0,170:2_瞬时流量,2501,5.09,6.64,0.3687,0.92
1001010,46.2|0.0|0.0|50.0|0.0|50.0|0.0,70:3_瞬时流量,2501,0.0,0.0,0.0,
1001010,46.2|0.0|0.0|50.0|0.0|50.0|0.0,总管效率_pct,2501,1.62,2.03,0.0083,3.36
1001010,46.6|0.0|0.0|50.0|0.0|50.0|0.0,170:1_瞬时流量,1431,22.11,30.15,0.5189,0.91
1001010,46.6|0.0|0.0|50.0|0.0|50.0|0.0,170:2_瞬时流量,1431,6.13,7.98,0.3452,1.1
1001010,46.6|0.0|0.0|50.0|0.0|50.0|0.0,70:3_瞬时流量,1431,0.0,0.0,0.0,
1001010,46.6|0.0|0.0|50.0|0.0|50.0|0.0,总管效率_pct,1431,2.06,2.43,-0.0631,4.34
1001010,47.5|0.0|0.0|50.0|0.0|50.0|0.0,170:1_瞬时流量,602,23.28,35.94,0.5311,0.92
1001010,47.5|0.0|0.0|50.0|0.0|50.0|0.0,170:2_瞬时流量,602,6.4,8.04,0.3979,1.1
1001010,47.5|0.0|0.0|50.0|0.0|50.0|0.0,70:3_瞬时流量,602,0.0,0.0,0.0,
1001010,47.5|0.0|0.0|50.0|0.0|50.0|0.0,总管效率_pct,602,2.32,2.8,-0.0586,4.73
1001010,47.6|0.0|0.0|50.0|0.0|50.0|0.0,170:1_瞬时流量,387,29.82,39.18,0.2872,1.19
1001010,47.6|0.0|0.0|50.0|0.0|50.0|0.0,170:2_瞬时流量,387,9.55,10.78,-0.1431,1.64
1001010,47.6|0.0|0.0|50.0|0.0|50.0|0.0,70:3_瞬时流量,387,0.0,0.0,0.0,
1001010,47.6|0.0|0.0|50.0|0.0|50.0|0.0,总管效率_pct,387,2.09,2.41,0.0175,4.26
1001010,47.9|0.0|0.0|50.0|0.0|50.0|0.0,170:1_瞬时流量,211,23.63,31.69,0.6853,0.93
1001010,47.9|0.0|0.0|50.0|0.0|50.0|0.0,170:2_瞬时流量,211,8.33,9.87,0.5842,1.43
1001010,47.9|0.0|0.0|50.0|0.0|50.0|0.0,70:3_瞬时流量,211,0.0,0.0,1.0,
1001010,47.9|0.0|0.0|50.0|0.0|50.0|0.0,总管效率_pct,211,2.25,2.97,0.0337,4.76
1001010,49.2|0.0|0.0|50.0|0.0|50.0|0.0,170:1_瞬时流量,321,41.46,45.99,0.2789,1.57
1001010,49.2|0.0|0.0|50.0|0.0|50.0|0.0,170:2_瞬时流量,321,7.48,8.08,0.377,1.23
1001010,49.2|0.0|0.0|50.0|0.0|50.0|0.0,70:3_瞬时流量,321,0.0,0.0,0.0,
1001010,49.2|0.0|0.0|50.0|0.0|50.0|0.0,总管效率_pct,321,1.46,1.89,-0.0912,2.95
1001011,43.8|0.0|0.0|50.0|0.0|50.0|50.0,170:1_瞬时流量,281,53.39,58.8,-2.1712,2.43
1001011,43.8|0.0|0.0|50.0|0.0|50.0|50.0,170:2_瞬时流量,281,5.42,7.8,-0.1612,1.12
1001011,43.8|0.0|0.0|50.0|0.0|50.0|50.0,70:3_瞬时流量,281,8.57,9.98,-1.0922,1.76
1001011,43.8|0.0|0.0|50.0|0.0|50.0|50.0,总管效率_pct,281,1.48,1.8,-0.0178,3.08
1001011,43.9|0.0|0.0|50.0|0.0|50.0|50.0,170:1_瞬时流量,419,46.89,56.7,-0.0137,2.11
1001011,43.9|0.0|0.0|50.0|0.0|50.0|50.0,170:2_瞬时流量,419,4.98,6.4,0.3848,1.01
1001011,43.9|0.0|0.0|50.0|0.0|50.0|50.0,70:3_瞬时流量,419,7.79,9.26,0.604,1.6
1001011,43.9|0.0|0.0|50.0|0.0|50.0|50.0,总管效率_pct,419,2.24,2.75,0.0938,4.62
1001011,44.2|0.0|0.0|50.0|0.0|50.0|50.0,170:1_瞬时流量,636,45.64,59.17,0.2231,2.06
1001011,44.2|0.0|0.0|50.0|0.0|50.0|50.0,170:2_瞬时流量,636,5.7,6.75,0.3447,1.15
1001011,44.2|0.0|0.0|50.0|0.0|50.0|50.0,70:3_瞬时流量,636,11.67,15.07,0.479,2.5
1001011,44.2|0.0|0.0|50.0|0.0|50.0|50.0,总管效率_pct,636,1.82,2.32,0.0706,3.83
1001011,44.6|0.0|0.0|50.0|0.0|50.0|50.0,170:1_瞬时流量,861,31.74,40.88,0.6522,1.38
1001011,44.6|0.0|0.0|50.0|0.0|50.0|50.0,170:2_瞬时流量,861,5.6,7.19,0.6532,1.1
1001011,44.6|0.0|0.0|50.0|0.0|50.0|50.0,70:3_瞬时流量,861,12.34,15.19,0.7552,2.42
1001011,44.6|0.0|0.0|50.0|0.0|50.0|50.0,总管效率_pct,861,1.94,2.31,0.1015,3.89
1001011,44.9|0.0|0.0|50.0|0.0|50.0|50.0,170:1_瞬时流量,936,45.27,55.62,0.4961,1.98
1001011,44.9|0.0|0.0|50.0|0.0|50.0|50.0,170:2_瞬时流量,936,6.85,9.25,0.5637,1.33
1001011,44.9|0.0|0.0|50.0|0.0|50.0|50.0,70:3_瞬时流量,936,17.11,20.03,0.6421,3.59
1001011,44.9|0.0|0.0|50.0|0.0|50.0|50.0,总管效率_pct,936,2.0,2.38,0.0449,4.11
1001011,45.0|0.0|0.0|50.0|0.0|50.0|50.0,170:1_瞬时流量,1300,43.69,55.51,0.4144,1.89
1001011,45.0|0.0|0.0|50.0|0.0|50.0|50.0,170:2_瞬时流量,1300,7.13,9.47,0.4819,1.37
1001011,45.0|0.0|0.0|50.0|0.0|50.0|50.0,70:3_瞬时流量,1300,16.81,19.54,0.5726,3.48
1001011,45.0|0.0|0.0|50.0|0.0|50.0|50.0,总管效率_pct,1300,2.39,3.0,0.0859,4.77
1001011,45.8|0.0|0.0|50.0|0.0|50.0|50.0,170:1_瞬时流量,1459,53.83,65.2,0.3982,2.29
1001011,45.8|0.0|0.0|50.0|0.0|50.0|50.0,170:2_瞬时流量,1459,10.62,12.71,0.4207,2.02
1001011,45.8|0.0|0.0|50.0|0.0|50.0|50.0,70:3_瞬时流量,1459,16.21,20.99,0.6142,3.48
1001011,45.8|0.0|0.0|50.0|0.0|50.0|50.0,总管效率_pct,1459,1.78,2.34,0.0717,3.59
1001011,46.1|0.0|0.0|50.0|0.0|50.0|50.0,170:1_瞬时流量,1079,38.22,50.31,0.5099,1.58
1001011,46.1|0.0|0.0|50.0|0.0|50.0|50.0,170:2_瞬时流量,1079,7.78,9.6,0.4284,1.44
1001011,46.1|0.0|0.0|50.0|0.0|50.0|50.0,70:3_瞬时流量,1079,15.32,19.73,0.5835,3.2
1001011,46.1|0.0|0.0|50.0|0.0|50.0|50.0,总管效率_pct,1079,1.91,2.47,0.0451,3.79
1001011,46.2|0.0|0.0|50.0|0.0|50.0|50.0,170:1_瞬时流量,1536,30.41,45.77,0.4503,1.26
1001011,46.2|0.0|0.0|50.0|0.0|50.0|50.0,170:2_瞬时流量,1536,6.67,9.19,0.3369,1.23
1001011,46.2|0.0|0.0|50.0|0.0|50.0|50.0,70:3_瞬时流量,1536,11.3,16.02,0.649,2.34
1001011,46.2|0.0|0.0|50.0|0.0|50.0|50.0,总管效率_pct,1536,1.9,2.47,-0.0182,3.87
1001011,46.6|0.0|0.0|50.0|0.0|50.0|50.0,170:1_瞬时流量,1457,28.26,36.35,0.3633,1.13
1001011,46.6|0.0|0.0|50.0|0.0|50.0|50.0,170:2_瞬时流量,1457,7.28,8.81,0.3091,1.31
1001011,46.6|0.0|0.0|50.0|0.0|50.0|50.0,70:3_瞬时流量,1457,9.53,12.46,0.6659,1.92
1001011,46.6|0.0|0.0|50.0|0.0|50.0|50.0,总管效率_pct,1457,1.74,2.34,0.0077,3.47
1001011,47.4|0.0|0.0|50.0|0.0|50.0|50.0,170:1_瞬时流量,1501,42.55,51.64,0.3122,1.69
1001011,47.4|0.0|0.0|50.0|0.0|50.0|50.0,170:2_瞬时流量,1501,9.68,12.1,0.259,1.7
1001011,47.4|0.0|0.0|50.0|0.0|50.0|50.0,70:3_瞬时流量,1501,14.79,18.67,0.5498,3.14
1001011,47.4|0.0|0.0|50.0|0.0|50.0|50.0,总管效率_pct,1501,2.16,2.59,-0.035,4.23
1001011,49.8|0.0|0.0|50.0|0.0|50.0|50.0,170:1_瞬时流量,363,37.54,54.78,0.1636,1.41
1001011,49.8|0.0|0.0|50.0|0.0|50.0|50.0,170:2_瞬时流量,363,5.83,9.96,0.3732,0.98
1001011,49.8|0.0|0.0|50.0|0.0|50.0|50.0,70:3_瞬时流量,363,12.12,16.21,0.4617,2.56
1001011,49.8|0.0|0.0|50.0|0.0|50.0|50.0,总管效率_pct,363,1.61,1.89,-0.0261,3.17
1001011,50.0|0.0|0.0|50.0|0.0|50.0|50.0,170:1_瞬时流量,1568,36.38,70.28,-0.0497,1.38
1001011,50.0|0.0|0.0|50.0|0.0|50.0|50.0,170:2_瞬时流量,1568,10.33,17.88,-0.2214,1.77
1001011,50.0|0.0|0.0|50.0|0.0|50.0|50.0,70:3_瞬时流量,1568,40.3,53.89,-1.3495,8.98
1001011,50.0|0.0|0.0|50.0|0.0|50.0|50.0,总管效率_pct,1568,2.21,2.63,-0.1482,4.52
1001100,46.7|0.0|0.0|50.0|41.5|0.0|0.0,170:1_瞬时流量,53,48.26,50.33,-8.6652,2.56
1001100,46.7|0.0|0.0|50.0|41.5|0.0|0.0,170:2_瞬时流量,53,17.41,18.15,-9.0392,4.81
1001100,46.7|0.0|0.0|50.0|41.5|0.0|0.0,70:3_瞬时流量,53,0.0,0.0,1.0,
1001100,46.7|0.0|0.0|50.0|41.5|0.0|0.0,总管效率_pct,53,3.42,3.89,-0.9633,7.1
1001100,47.2|0.0|0.0|50.0|41.8|0.0|0.0,170:1_瞬时流量,109,10.18,13.69,-0.3933,0.51
1001100,47.2|0.0|0.0|50.0|41.8|0.0|0.0,170:2_瞬时流量,109,11.69,13.49,-3.1975,2.84
1001100,47.2|0.0|0.0|50.0|41.8|0.0|0.0,70:3_瞬时流量,109,0.0,0.0,1.0,
1001100,47.2|0.0|0.0|50.0|41.8|0.0|0.0,总管效率_pct,109,2.45,2.78,0.0021,4.81
1001100,47.7|0.0|0.0|50.0|43.7|0.0|0.0,170:1_瞬时流量,56,29.04,33.39,-0.9674,1.44
1001100,47.7|0.0|0.0|50.0|43.7|0.0|0.0,170:2_瞬时流量,56,11.98,12.51,-4.8647,2.92
1001100,47.7|0.0|0.0|50.0|43.7|0.0|0.0,70:3_瞬时流量,56,0.0,0.0,1.0,
1001100,47.7|0.0|0.0|50.0|43.7|0.0|0.0,总管效率_pct,56,0.83,0.86,-0.0738,1.58
1001100,47.8|0.0|0.0|50.0|43.8|0.0|0.0,170:1_瞬时流量,54,33.93,36.22,-8.108,1.67
1001100,47.8|0.0|0.0|50.0|43.8|0.0|0.0,170:2_瞬时流量,54,11.43,12.16,-8.9704,2.76
1001100,47.8|0.0|0.0|50.0|43.8|0.0|0.0,70:3_瞬时流量,54,0.0,0.0,1.0,
1001100,47.8|0.0|0.0|50.0|43.8|0.0|0.0,总管效率_pct,54,1.23,1.44,-0.2673,2.4
1001100,47.8|0.0|0.0|50.0|44.0|0.0|0.0,170:1_瞬时流量,76,12.34,17.31,-0.417,0.6
1001100,47.8|0.0|0.0|50.0|44.0|0.0|0.0,170:2_瞬时流量,76,6.95,9.29,-1.2048,1.66
1001100,47.8|0.0|0.0|50.0|44.0|0.0|0.0,70:3_瞬时流量,76,0.0,0.0,1.0,
1001100,47.8|0.0|0.0|50.0|44.0|0.0|0.0,总管效率_pct,76,1.17,1.54,-0.5422,2.3
1001100,47.9|0.0|0.0|50.0|43.5|0.0|0.0,170:1_瞬时流量,118,24.73,29.54,-0.043,1.2
1001100,47.9|0.0|0.0|50.0|43.5|0.0|0.0,170:2_瞬时流量,118,7.03,8.26,0.146,1.63
1001100,47.9|0.0|0.0|50.0|43.5|0.0|0.0,70:3_瞬时流量,118,0.0,0.0,1.0,
1001100,47.9|0.0|0.0|50.0|43.5|0.0|0.0,总管效率_pct,118,1.66,2.13,0.0096,3.09
1001100,47.9|0.0|0.0|50.0|43.6|0.0|0.0,170:1_瞬时流量,104,20.37,25.6,-0.0189,0.98
1001100,47.9|0.0|0.0|50.0|43.6|0.0|0.0,170:2_瞬时流量,104,5.5,7.15,0.1545,1.27
1001100,47.9|0.0|0.0|50.0|43.6|0.0|0.0,70:3_瞬时流量,104,0.0,0.0,1.0,
1001100,47.9|0.0|0.0|50.0|43.6|0.0|0.0,总管效率_pct,104,2.14,3.06,0.0369,4.1
1001100,48.0|0.0|0.0|50.0|43.5|0.0|0.0,170:1_瞬时流量,70,20.8,24.66,-1.7646,1.01
1001100,48.0|0.0|0.0|50.0|43.5|0.0|0.0,170:2_瞬时流量,70,6.02,8.64,0.1123,1.4
1001100,48.0|0.0|0.0|50.0|43.5|0.0|0.0,70:3_瞬时流量,70,0.0,0.0,1.0,
1001100,48.0|0.0|0.0|50.0|43.5|0.0|0.0,总管效率_pct,70,1.35,1.55,-0.008,2.64
1001100,48.0|0.0|0.0|50.0|43.7|0.0|0.0,170:1_瞬时流量,271,19.96,25.28,-0.0295,0.95
1001100,48.0|0.0|0.0|50.0|43.7|0.0|0.0,170:2_瞬时流量,271,4.81,6.17,-0.1462,1.1
1001100,48.0|0.0|0.0|50.0|43.7|0.0|0.0,70:3_瞬时流量,271,0.0,0.0,1.0,
1001100,48.0|0.0|0.0|50.0|43.7|0.0|0.0,总管效率_pct,271,2.06,2.52,0.0102,3.96
1001100,48.1|0.0|0.0|50.0|44.0|0.0|0.0,170:1_瞬时流量,94,14.77,16.91,-0.05,0.7
1001100,48.1|0.0|0.0|50.0|44.0|0.0|0.0,170:2_瞬时流量,94,5.29,7.25,-0.0564,1.2
1001100,48.1|0.0|0.0|50.0|44.0|0.0|0.0,70:3_瞬时流量,94,0.0,0.0,1.0,
1001100,48.1|0.0|0.0|50.0|44.0|0.0|0.0,总管效率_pct,94,2.53,3.06,-0.0563,4.82
1001100,48.3|0.0|0.0|50.0|44.3|0.0|0.0,170:1_瞬时流量,191,16.71,20.95,0.1182,0.79
1001100,48.3|0.0|0.0|50.0|44.3|0.0|0.0,170:2_瞬时流量,191,7.18,8.58,-0.0826,1.63
1001100,48.3|0.0|0.0|50.0|44.3|0.0|0.0,70:3_瞬时流量,191,0.0,0.0,1.0,
1001100,48.3|0.0|0.0|50.0|44.3|0.0|0.0,总管效率_pct,191,3.21,3.97,-0.033,6.23
1001100,48.4|0.0|0.0|50.0|44.4|0.0|0.0,170:1_瞬时流量,112,18.57,21.09,0.041,0.87
1001100,48.4|0.0|0.0|50.0|44.4|0.0|0.0,170:2_瞬时流量,112,7.49,9.81,-0.5462,1.71
1001100,48.4|0.0|0.0|50.0|44.4|0.0|0.0,70:3_瞬时流量,112,0.0,0.0,1.0,
1001100,48.4|0.0|0.0|50.0|44.4|0.0|0.0,总管效率_pct,112,2.66,3.3,-0.0789,5.19
1001100,48.5|0.0|0.0|50.0|46.8|0.0|0.0,170:1_瞬时流量,78,28.33,37.37,-1.3293,1.36
1001100,48.5|0.0|0.0|50.0|46.8|0.0|0.0,170:2_瞬时流量,78,13.37,13.59,-31.9434,3.06
1001100,48.5|0.0|0.0|50.0|46.8|0.0|0.0,70:3_瞬时流量,78,0.0,0.0,1.0,
1001100,48.5|0.0|0.0|50.0|46.8|0.0|0.0,总管效率_pct,78,1.97,2.12,-0.0928,3.83
1001100,48.5|0.0|0.0|50.0|46.9|0.0|0.0,170:1_瞬时流量,80,34.88,43.34,-1.8799,1.68
1001100,48.5|0.0|0.0|50.0|46.9|0.0|0.0,170:2_瞬时流量,80,14.46,14.69,-41.2147,3.32
1001100,48.5|0.0|0.0|50.0|46.9|0.0|0.0,70:3_瞬时流量,80,0.0,0.0,1.0,
1001100,48.5|0.0|0.0|50.0|46.9|0.0|0.0,总管效率_pct,80,1.99,2.23,-0.7814,3.93
1001100,48.7|0.0|0.0|50.0|45.1|0.0|0.0,170:1_瞬时流量,67,30.81,35.49,-0.0026,1.42
1001100,48.7|0.0|0.0|50.0|45.1|0.0|0.0,170:2_瞬时流量,67,2.7,3.09,-0.1495,0.59
1001100,48.7|0.0|0.0|50.0|45.1|0.0|0.0,70:3_瞬时流量,67,0.0,0.0,1.0,
1001100,48.7|0.0|0.0|50.0|45.1|0.0|0.0,总管效率_pct,67,2.16,2.64,-1.5961,3.89
1001100,48.9|0.0|0.0|50.0|47.5|0.0|0.0,170:1_瞬时流量,84,14.9,21.52,0.1299,0.7
1001100,48.9|0.0|0.0|50.0|47.5|0.0|0.0,170:2_瞬时流量,84,6.51,7.68,-1.3241,1.45
1001100,48.9|0.0|0.0|50.0|47.5|0.0|0.0,70:3_瞬时流量,84,0.0,0.0,1.0,
1001100,48.9|0.0|0.0|50.0|47.5|0.0|0.0,总管效率_pct,84,2.02,2.39,-0.0123,3.86
1001100,49.0|0.0|0.0|50.0|47.9|0.0|0.0,170:1_瞬时流量,99,18.79,20.71,-0.2961,0.86
1001100,49.0|0.0|0.0|50.0|47.9|0.0|0.0,170:2_瞬时流量,99,4.31,5.09,0.0165,0.94
1001100,49.0|0.0|0.0|50.0|47.9|0.0|0.0,70:3_瞬时流量,99,0.0,0.0,1.0,
1001100,49.0|0.0|0.0|50.0|47.9|0.0|0.0,总管效率_pct,99,1.68,1.8,-0.0683,3.18
1001100,49.1|0.0|0.0|50.0|48.1|0.0|0.0,170:1_瞬时流量,135,13.54,15.35,-0.3013,0.62
1001100,49.1|0.0|0.0|50.0|48.1|0.0|0.0,170:2_瞬时流量,135,4.6,5.45,-0.3301,0.99
1001100,49.1|0.0|0.0|50.0|48.1|0.0|0.0,70:3_瞬时流量,135,0.0,0.0,1.0,
1001100,49.1|0.0|0.0|50.0|48.1|0.0|0.0,总管效率_pct,135,3.17,3.61,-0.0175,5.99
1001100,49.1|0.0|0.0|50.0|48.2|0.0|0.0,170:1_瞬时流量,67,14.36,18.4,-0.101,0.66
1001100,49.1|0.0|0.0|50.0|48.2|0.0|0.0,170:2_瞬时流量,67,5.88,7.19,-2.2729,1.25
1001100,49.1|0.0|0.0|50.0|48.2|0.0|0.0,70:3_瞬时流量,67,0.0,0.0,0.0,
1001100,49.1|0.0|0.0|50.0|48.2|0.0|0.0,总管效率_pct,67,1.83,2.46,-0.2061,3.69
1001100,49.2|0.0|0.0|50.0|48.2|0.0|0.0,170:1_瞬时流量,73,11.26,14.84,0.2576,0.51
1001100,49.2|0.0|0.0|50.0|48.2|0.0|0.0,170:2_瞬时流量,73,4.11,5.85,-0.559,0.89
1001100,49.2|0.0|0.0|50.0|48.2|0.0|0.0,70:3_瞬时流量,73,0.0,0.0,0.0,
1001100,49.2|0.0|0.0|50.0|48.2|0.0|0.0,总管效率_pct,73,1.7,2.04,-0.2739,3.14
1001100,49.4|0.0|0.0|50.0|48.8|0.0|0.0,170:1_瞬时流量,266,15.05,17.63,-0.0375,0.68
1001100,49.4|0.0|0.0|50.0|48.8|0.0|0.0,170:2_瞬时流量,266,5.91,6.6,-0.1847,1.24
1001100,49.4|0.0|0.0|50.0|48.8|0.0|0.0,70:3_瞬时流量,266,0.0,0.0,0.0,
1001100,49.4|0.0|0.0|50.0|48.8|0.0|0.0,总管效率_pct,266,1.98,2.28,-0.052,3.71
1001100,49.6|0.0|0.0|50.0|49.3|0.0|0.0,170:1_瞬时流量,66,18.67,22.75,-0.078,0.84
1001100,49.6|0.0|0.0|50.0|49.3|0.0|0.0,170:2_瞬时流量,66,5.31,6.59,-0.0088,1.11
1001100,49.6|0.0|0.0|50.0|49.3|0.0|0.0,70:3_瞬时流量,66,0.0,0.0,0.0,
1001100,49.6|0.0|0.0|50.0|49.3|0.0|0.0,总管效率_pct,66,1.62,1.8,-0.0513,3.09
1001100,49.7|0.0|0.0|50.0|49.6|0.0|0.0,170:1_瞬时流量,79,18.3,22.33,0.0663,0.81
1001100,49.7|0.0|0.0|50.0|49.6|0.0|0.0,170:2_瞬时流量,79,4.13,5.07,-0.2385,0.85
1001100,49.7|0.0|0.0|50.0|49.6|0.0|0.0,70:3_瞬时流量,79,0.0,0.0,0.0,
1001100,49.7|0.0|0.0|50.0|49.6|0.0|0.0,总管效率_pct,79,1.43,1.71,0.0193,2.73
1001100,49.8|0.0|0.0|50.0|49.7|0.0|0.0,170:1_瞬时流量,387,20.26,27.57,-0.3444,0.89
1001100,49.8|0.0|0.0|50.0|49.7|0.0|0.0,170:2_瞬时流量,387,5.11,6.72,0.0565,1.06
1001100,49.8|0.0|0.0|50.0|49.7|0.0|0.0,70:3_瞬时流量,387,0.0,0.0,0.0,
1001100,49.8|0.0|0.0|50.0|49.7|0.0|0.0,总管效率_pct,387,2.17,2.5,-0.0104,4.19
1001100,49.9|0.0|0.0|50.0|45.4|0.0|0.0,170:1_瞬时流量,50,44.0,45.8,-8.6465,2.09
1001100,49.9|0.0|0.0|50.0|45.4|0.0|0.0,170:2_瞬时流量,50,16.54,19.47,-2.9321,3.77
1001100,49.9|0.0|0.0|50.0|45.4|0.0|0.0,70:3_瞬时流量,50,0.0,0.0,1.0,
1001100,49.9|0.0|0.0|50.0|45.4|0.0|0.0,总管效率_pct,50,2.02,2.21,-0.4767,3.86
1001100,49.9|0.0|0.0|50.0|49.7|0.0|0.0,170:1_瞬时流量,242,20.84,26.04,-0.0206,0.92
1001100,49.9|0.0|0.0|50.0|49.7|0.0|0.0,170:2_瞬时流量,242,5.34,6.61,-0.2747,1.1
1001100,49.9|0.0|0.0|50.0|49.7|0.0|0.0,70:3_瞬时流量,242,0.0,0.0,0.0,
1001100,49.9|0.0|0.0|50.0|49.7|0.0|0.0,总管效率_pct,242,2.29,2.54,-0.0616,4.48
1001100,49.9|0.0|0.0|50.0|49.9|0.0|0.0,170:1_瞬时流量,523,19.04,22.42,-0.2475,0.83
1001100,49.9|0.0|0.0|50.0|49.9|0.0|0.0,170:2_瞬时流量,523,5.2,6.58,0.1164,1.05
1001100,49.9|0.0|0.0|50.0|49.9|0.0|0.0,70:3_瞬时流量,523,0.0,0.0,0.0,
1001100,49.9|0.0|0.0|50.0|49.9|0.0|0.0,总管效率_pct,523,1.66,2.08,0.0039,3.18
1001100,50.0|0.0|0.0|50.0|44.4|0.0|0.0,170:1_瞬时流量,50,36.48,51.98,0.1632,1.75
1001100,50.0|0.0|0.0|50.0|44.4|0.0|0.0,170:2_瞬时流量,50,14.68,16.69,0.0112,3.22
1001100,50.0|0.0|0.0|50.0|44.4|0.0|0.0,70:3_瞬时流量,50,0.0,0.0,1.0,
1001100,50.0|0.0|0.0|50.0|44.4|0.0|0.0,总管效率_pct,50,2.76,3.07,0.0024,5.37
1001100,50.0|0.0|0.0|50.0|45.9|0.0|0.0,170:1_瞬时流量,106,27.87,38.51,-0.0088,1.26
1001100,50.0|0.0|0.0|50.0|45.9|0.0|0.0,170:2_瞬时流量,106,7.96,14.07,-0.3402,1.71
1001100,50.0|0.0|0.0|50.0|45.9|0.0|0.0,70:3_瞬时流量,106,0.0,0.0,0.0,
1001100,50.0|0.0|0.0|50.0|45.9|0.0|0.0,总管效率_pct,106,2.59,3.0,0.0414,5.26
1001100,50.0|0.0|0.0|50.0|46.8|0.0|0.0,170:1_瞬时流量,146,30.22,38.24,-0.0194,1.34
1001100,50.0|0.0|0.0|50.0|46.8|0.0|0.0,170:2_瞬时流量,146,5.06,6.71,-0.192,1.03
1001100,50.0|0.0|0.0|50.0|46.8|0.0|0.0,70:3_瞬时流量,146,0.0,0.0,1.0,
1001100,50.0|0.0|0.0|50.0|46.8|0.0|0.0,总管效率_pct,146,2.32,2.65,-0.0051,4.52
1001100,50.0|0.0|0.0|50.0|46.9|0.0|0.0,170:1_瞬时流量,231,29.6,38.08,-0.0855,1.32
1001100,50.0|0.0|0.0|50.0|46.9|0.0|0.0,170:2_瞬时流量,231,5.67,7.73,-0.0785,1.15
1001100,50.0|0.0|0.0|50.0|46.9|0.0|0.0,70:3_瞬时流量,231,0.0,0.0,1.0,
1001100,50.0|0.0|0.0|50.0|46.9|0.0|0.0,总管效率_pct,231,2.39,2.51,0.0668,4.59
1001100,50.0|0.0|0.0|50.0|47.4|0.0|0.0,170:1_瞬时流量,167,20.93,28.93,-0.1382,0.93
1001100,50.0|0.0|0.0|50.0|47.4|0.0|0.0,170:2_瞬时流量,167,10.11,11.75,0.0216,2.04
1001100,50.0|0.0|0.0|50.0|47.4|0.0|0.0,70:3_瞬时流量,167,0.0,0.0,1.0,
1001100,50.0|0.0|0.0|50.0|47.4|0.0|0.0,总管效率_pct,167,3.24,3.63,-0.0027,6.39
1001100,50.0|0.0|0.0|50.0|48.5|0.0|0.0,170:1_瞬时流量,54,35.67,43.32,-0.2526,1.56
1001100,50.0|0.0|0.0|50.0|48.5|0.0|0.0,170:2_瞬时流量,54,7.24,10.15,-0.9793,1.42
1001100,50.0|0.0|0.0|50.0|48.5|0.0|0.0,70:3_瞬时流量,54,0.0,0.0,1.0,
1001100,50.0|0.0|0.0|50.0|48.5|0.0|0.0,总管效率_pct,54,1.55,1.88,-0.4411,2.88
1001101,47.0|0.0|0.0|50.0|41.6|0.0|50.0,170:1_瞬时流量,63,12.41,16.22,-0.0534,0.62
1001101,47.0|0.0|0.0|50.0|41.6|0.0|50.0,170:2_瞬时流量,63,4.08,5.22,-0.2554,1.04
1001101,47.0|0.0|0.0|50.0|41.6|0.0|50.0,70:3_瞬时流量,63,6.22,7.44,-0.0157,1.19
1001101,47.0|0.0|0.0|50.0|41.6|0.0|50.0,总管效率_pct,63,1.55,1.72,0.0234,2.89
1001101,47.2|0.0|0.0|50.0|41.9|0.0|50.0,170:1_瞬时流量,207,17.14,19.51,-0.2989,0.85
1001101,47.2|0.0|0.0|50.0|41.9|0.0|50.0,170:2_瞬时流量,207,6.15,8.27,-0.049,1.55
1001101,47.2|0.0|0.0|50.0|41.9|0.0|50.0,70:3_瞬时流量,207,8.49,9.94,-0.7226,1.6
1001101,47.2|0.0|0.0|50.0|41.9|0.0|50.0,总管效率_pct,207,2.39,3.06,-0.0296,4.55
1001101,47.4|0.0|0.0|50.0|42.2|0.0|50.0,170:1_瞬时流量,124,20.19,22.2,-1.1183,1.0
1001101,47.4|0.0|0.0|50.0|42.2|0.0|50.0,170:2_瞬时流量,124,3.91,4.78,-0.3485,0.99
1001101,47.4|0.0|0.0|50.0|42.2|0.0|50.0,70:3_瞬时流量,124,8.23,9.61,-0.7642,1.53
1001101,47.4|0.0|0.0|50.0|42.2|0.0|50.0,总管效率_pct,124,1.45,1.88,0.0174,2.79
1001101,47.5|0.0|0.0|50.0|42.5|0.0|50.0,170:1_瞬时流量,114,19.15,21.42,-0.1564,0.94
1001101,47.5|0.0|0.0|50.0|42.5|0.0|50.0,170:2_瞬时流量,114,5.54,6.83,-0.5058,1.34
1001101,47.5|0.0|0.0|50.0|42.5|0.0|50.0,70:3_瞬时流量,114,5.99,7.61,0.072,1.13
1001101,47.5|0.0|0.0|50.0|42.5|0.0|50.0,总管效率_pct,114,1.58,1.74,-0.5175,2.87
1001101,47.5|0.0|0.0|50.0|42.6|0.0|50.0,170:1_瞬时流量,55,30.33,33.34,-3.8743,1.5
1001101,47.5|0.0|0.0|50.0|42.6|0.0|50.0,170:2_瞬时流量,55,2.48,2.57,-0.0742,0.61
1001101,47.5|0.0|0.0|50.0|42.6|0.0|50.0,70:3_瞬时流量,55,7.74,9.18,-0.5075,1.47
1001101,47.5|0.0|0.0|50.0|42.6|0.0|50.0,总管效率_pct,55,1.08,1.23,0.1012,2.02
1001101,48.3|0.0|0.0|50.0|44.3|0.0|50.0,170:1_瞬时流量,51,21.37,25.04,-0.1716,1.01
1001101,48.3|0.0|0.0|50.0|44.3|0.0|50.0,170:2_瞬时流量,51,2.88,4.44,-0.2934,0.66
1001101,48.3|0.0|0.0|50.0|44.3|0.0|50.0,70:3_瞬时流量,51,8.57,9.42,-1.3453,1.61
1001101,48.3|0.0|0.0|50.0|44.3|0.0|50.0,总管效率_pct,51,1.0,1.07,-0.694,1.82
1001101,48.4|0.0|0.0|50.0|46.6|0.0|50.0,170:1_瞬时流量,55,26.65,31.74,-0.0419,1.27
1001101,48.4|0.0|0.0|50.0|46.6|0.0|50.0,170:2_瞬时流量,55,4.16,4.34,-11.1167,0.95
1001101,48.4|0.0|0.0|50.0|46.6|0.0|50.0,70:3_瞬时流量,55,10.11,12.13,-2.2352,2.32
1001101,48.4|0.0|0.0|50.0|46.6|0.0|50.0,总管效率_pct,55,2.84,3.1,-0.6649,5.06
1001101,48.6|0.0|0.0|50.0|47.1|0.0|50.0,170:1_瞬时流量,81,23.6,25.4,-0.0416,1.1
1001101,48.6|0.0|0.0|50.0|47.1|0.0|50.0,170:2_瞬时流量,81,4.48,5.56,-1.0479,1.02
1001101,48.6|0.0|0.0|50.0|47.1|0.0|50.0,70:3_瞬时流量,81,5.79,8.21,0.1954,1.32
1001101,48.6|0.0|0.0|50.0|47.1|0.0|50.0,总管效率_pct,81,0.99,1.38,-0.1761,1.81
1001101,49.3|0.0|0.0|50.0|48.6|0.0|50.0,170:1_瞬时流量,57,22.35,23.88,-8.2536,1.0
1001101,49.3|0.0|0.0|50.0|48.6|0.0|50.0,170:2_瞬时流量,57,7.29,8.24,0.0024,1.55
1001101,49.3|0.0|0.0|50.0|48.6|0.0|50.0,70:3_瞬时流量,57,6.9,8.18,-1.0818,1.6
1001101,49.3|0.0|0.0|50.0|48.6|0.0|50.0,总管效率_pct,57,4.49,4.69,-0.0496,8.8
1001110,45.0|0.0|0.0|50.0|49.9|50.0|0.0,170:1_瞬时流量,66,97.79,108.77,-0.0056,3.8
1001110,45.0|0.0|0.0|50.0|49.9|50.0|0.0,170:2_瞬时流量,66,34.91,45.54,-0.0588,5.39
1001110,45.0|0.0|0.0|50.0|49.9|50.0|0.0,70:3_瞬时流量,66,0.0,0.0,1.0,
1001110,45.0|0.0|0.0|50.0|49.9|50.0|0.0,总管效率_pct,66,3.19,3.52,0.0934,6.74
1001110,46.2|0.0|0.0|50.0|46.7|50.0|0.0,170:1_瞬时流量,106,30.51,36.17,-0.018,1.15
1001110,46.2|0.0|0.0|50.0|46.7|50.0|0.0,170:2_瞬时流量,106,6.45,9.38,-0.2978,0.97
1001110,46.2|0.0|0.0|50.0|46.7|50.0|0.0,70:3_瞬时流量,106,0.0,0.0,0.0,
1001110,46.2|0.0|0.0|50.0|46.7|50.0|0.0,总管效率_pct,106,1.99,2.17,-4.0906,4.15
1001110,47.0|0.0|0.0|50.0|48.6|50.0|0.0,170:1_瞬时流量,139,12.82,20.73,-0.1184,0.46
1001110,47.0|0.0|0.0|50.0|48.6|50.0|0.0,170:2_瞬时流量,139,6.94,7.93,-0.1505,0.96
1001110,47.0|0.0|0.0|50.0|48.6|50.0|0.0,70:3_瞬时流量,139,0.0,0.0,1.0,
1001110,47.0|0.0|0.0|50.0|48.6|50.0|0.0,总管效率_pct,139,1.89,2.45,-0.0165,3.62
1010010,44.0|0.0|50.0|0.0|0.0|50.0|0.0,170:1_瞬时流量,55,17.53,21.43,0.0945,0.84
1010010,44.0|0.0|50.0|0.0|0.0|50.0|0.0,170:2_瞬时流量,55,6.88,7.19,-10.9649,1.04
1010010,44.0|0.0|50.0|0.0|0.0|50.0|0.0,70:3_瞬时流量,55,0.0,0.0,0.0,
1010010,44.0|0.0|50.0|0.0|0.0|50.0|0.0,总管效率_pct,55,2.13,2.27,-0.0029,4.59
1010010,45.4|0.0|50.0|0.0|0.0|50.0|0.0,170:1_瞬时流量,97,14.7,20.97,-0.8245,0.67
1010010,45.4|0.0|50.0|0.0|0.0|50.0|0.0,170:2_瞬时流量,97,2.76,3.04,-1.6616,0.39
1010010,45.4|0.0|50.0|0.0|0.0|50.0|0.0,70:3_瞬时流量,97,0.0,0.0,1.0,
1010010,45.4|0.0|50.0|0.0|0.0|50.0|0.0,总管效率_pct,97,1.78,1.98,-0.6549,3.88
1010011,45.0|0.0|50.0|0.0|0.0|50.0|50.0,170:1_瞬时流量,282,13.62,16.65,0.0267,0.6
1010011,45.0|0.0|50.0|0.0|0.0|50.0|50.0,170:2_瞬时流量,282,4.98,5.92,0.2024,0.71
1010011,45.0|0.0|50.0|0.0|0.0|50.0|50.0,70:3_瞬时流量,282,8.38,10.04,0.3246,1.71
1010011,45.0|0.0|50.0|0.0|0.0|50.0|50.0,总管效率_pct,282,1.56,1.65,0.0155,3.15
1010011,45.7|0.0|50.0|0.0|0.0|50.0|50.0,170:1_瞬时流量,377,21.47,27.23,-0.1161,0.94
1010011,45.7|0.0|50.0|0.0|0.0|50.0|50.0,170:2_瞬时流量,377,5.71,6.83,-0.1688,0.8
1010011,45.7|0.0|50.0|0.0|0.0|50.0|50.0,70:3_瞬时流量,377,5.71,7.18,0.3913,1.2
1010011,45.7|0.0|50.0|0.0|0.0|50.0|50.0,总管效率_pct,377,1.23,1.52,-0.0459,2.54
1010011,45.9|0.0|50.0|0.0|0.0|50.0|50.0,170:1_瞬时流量,338,34.82,41.3,-0.0941,1.53
1010011,45.9|0.0|50.0|0.0|0.0|50.0|50.0,170:2_瞬时流量,338,3.85,5.19,0.0183,0.54
1010011,45.9|0.0|50.0|0.0|0.0|50.0|50.0,70:3_瞬时流量,338,5.45,6.84,0.212,1.15
1010011,45.9|0.0|50.0|0.0|0.0|50.0|50.0,总管效率_pct,338,1.73,2.49,-0.3256,3.29
1010011,46.7|0.0|50.0|0.0|0.0|50.0|50.0,170:1_瞬时流量,341,28.67,35.47,-0.4055,1.23
1010011,46.7|0.0|50.0|0.0|0.0|50.0|50.0,170:2_瞬时流量,341,6.51,8.27,-1.3039,0.88
1010011,46.7|0.0|50.0|0.0|0.0|50.0|50.0,70:3_瞬时流量,341,7.92,9.76,0.0107,1.65
1010011,46.7|0.0|50.0|0.0|0.0|50.0|50.0,总管效率_pct,341,2.99,3.33,-0.0107,6.04
1100010,46.4|42.3|0.0|0.0|0.0|50.0|0.0,170:1_瞬时流量,85,18.99,24.55,-0.0984,1.03
1100010,46.4|42.3|0.0|0.0|0.0|50.0|0.0,170:2_瞬时流量,85,5.35,6.24,0.1797,1.06
1100010,46.4|42.3|0.0|0.0|0.0|50.0|0.0,70:3_瞬时流量,85,0.0,0.0,0.0,
1100010,46.4|42.3|0.0|0.0|0.0|50.0|0.0,总管效率_pct,85,1.28,1.42,-0.7527,2.62
1100010,46.5|42.4|0.0|0.0|0.0|50.0|0.0,170:1_瞬时流量,399,25.89,34.14,-0.2897,1.43
1100010,46.5|42.4|0.0|0.0|0.0|50.0|0.0,170:2_瞬时流量,399,5.18,6.4,-0.6666,1.03
1100010,46.5|42.4|0.0|0.0|0.0|50.0|0.0,70:3_瞬时流量,399,0.0,0.0,0.0,
1100010,46.5|42.4|0.0|0.0|0.0|50.0|0.0,总管效率_pct,399,1.14,1.46,-0.0588,2.42
1100010,46.5|42.5|0.0|0.0|0.0|50.0|0.0,170:1_瞬时流量,289,22.03,26.24,-0.0236,1.2
1100010,46.5|42.5|0.0|0.0|0.0|50.0|0.0,170:2_瞬时流量,289,3.86,4.97,-0.1037,0.76
1100010,46.5|42.5|0.0|0.0|0.0|50.0|0.0,70:3_瞬时流量,289,0.0,0.0,0.0,
1100010,46.5|42.5|0.0|0.0|0.0|50.0|0.0,总管效率_pct,289,1.24,1.52,-0.0071,2.63
1100010,46.6|41.2|0.0|0.0|0.0|50.0|0.0,170:1_瞬时流量,202,35.1,41.83,-1.0304,2.07
1100010,46.6|41.2|0.0|0.0|0.0|50.0|0.0,170:2_瞬时流量,202,4.41,5.69,-1.0176,0.9
1100010,46.6|41.2|0.0|0.0|0.0|50.0|0.0,70:3_瞬时流量,202,0.0,0.0,1.0,
1100010,46.6|41.2|0.0|0.0|0.0|50.0|0.0,总管效率_pct,202,2.74,3.48,-0.0145,5.96
1100010,46.6|42.5|0.0|0.0|0.0|50.0|0.0,170:1_瞬时流量,342,29.93,41.65,-0.871,1.66
1100010,46.6|42.5|0.0|0.0|0.0|50.0|0.0,170:2_瞬时流量,342,4.7,6.25,-0.8371,0.93
1100010,46.6|42.5|0.0|0.0|0.0|50.0|0.0,70:3_瞬时流量,342,0.0,0.0,0.0,
1100010,46.6|42.5|0.0|0.0|0.0|50.0|0.0,总管效率_pct,342,1.87,2.34,-0.0975,4.04
1100010,46.6|42.7|0.0|0.0|0.0|50.0|0.0,170:1_瞬时流量,302,16.4,21.84,0.1182,0.87
1100010,46.6|42.7|0.0|0.0|0.0|50.0|0.0,170:2_瞬时流量,302,4.93,5.8,0.1978,0.97
1100010,46.6|42.7|0.0|0.0|0.0|50.0|0.0,70:3_瞬时流量,302,0.0,0.0,0.0,
1100010,46.6|42.7|0.0|0.0|0.0|50.0|0.0,总管效率_pct,302,1.51,1.91,0.0459,3.12
1100010,46.6|42.8|0.0|0.0|0.0|50.0|0.0,170:1_瞬时流量,84,21.65,28.06,0.0668,1.13
1100010,46.6|42.8|0.0|0.0|0.0|50.0|0.0,170:2_瞬时流量,84,4.54,5.38,0.3593,0.89
1100010,46.6|42.8|0.0|0.0|0.0|50.0|0.0,70:3_瞬时流量,84,0.0,0.0,0.0,
1100010,46.6|42.8|0.0|0.0|0.0|50.0|0.0,总管效率_pct,84,2.0,2.48,0.0173,4.17
1100010,46.7|41.3|0.0|0.0|0.0|50.0|0.0,170:1_瞬时流量,71,38.01,39.55,-11.5558,2.22
1100010,46.7|41.3|0.0|0.0|0.0|50.0|0.0,170:2_瞬时流量,71,6.06,6.72,-1.122,1.24
1100010,46.7|41.3|0.0|0.0|0.0|50.0|0.0,70:3_瞬时流量,71,0.0,0.0,1.0,
1100010,46.7|41.3|0.0|0.0|0.0|50.0|0.0,总管效率_pct,71,2.62,3.07,-0.3516,5.54
1100010,46.7|43.0|0.0|0.0|0.0|50.0|0.0,170:1_瞬时流量,209,26.27,31.18,-0.275,1.4
1100010,46.7|43.0|0.0|0.0|0.0|50.0|0.0,170:2_瞬时流量,209,2.96,3.82,0.1287,0.58
1100010,46.7|43.0|0.0|0.0|0.0|50.0|0.0,70:3_瞬时流量,209,0.0,0.0,0.0,
1100010,46.7|43.0|0.0|0.0|0.0|50.0|0.0,总管效率_pct,209,2.04,2.32,-0.004,4.26
1100010,46.8|41.7|0.0|0.0|0.0|50.0|0.0,170:1_瞬时流量,281,36.73,42.93,-1.1661,2.1
1100010,46.8|41.7|0.0|0.0|0.0|50.0|0.0,170:2_瞬时流量,281,4.04,4.84,-0.2934,0.81
1100010,46.8|41.7|0.0|0.0|0.0|50.0|0.0,70:3_瞬时流量,281,0.0,0.0,1.0,
1100010,46.8|41.7|0.0|0.0|0.0|50.0|0.0,总管效率_pct,281,2.46,2.85,0.0753,5.21
1100010,46.9|41.7|0.0|0.0|0.0|50.0|0.0,170:1_瞬时流量,64,29.39,31.06,-9.7197,1.67
1100010,46.9|41.7|0.0|0.0|0.0|50.0|0.0,170:2_瞬时流量,64,4.22,4.98,-1.5163,0.85
1100010,46.9|41.7|0.0|0.0|0.0|50.0|0.0,70:3_瞬时流量,64,0.0,0.0,1.0,
1100010,46.9|41.7|0.0|0.0|0.0|50.0|0.0,总管效率_pct,64,1.64,2.03,-0.3156,3.73
1100010,46.9|43.3|0.0|0.0|0.0|50.0|0.0,170:1_瞬时流量,736,24.09,34.1,-0.0852,1.27
1100010,46.9|43.3|0.0|0.0|0.0|50.0|0.0,170:2_瞬时流量,736,5.09,6.03,0.1098,0.99
1100010,46.9|43.3|0.0|0.0|0.0|50.0|0.0,70:3_瞬时流量,736,0.0,0.0,0.0,
1100010,46.9|43.3|0.0|0.0|0.0|50.0|0.0,总管效率_pct,736,2.29,3.04,0.0164,4.83
1100010,47.0|43.3|0.0|0.0|0.0|50.0|0.0,170:1_瞬时流量,429,18.0,24.38,0.3783,0.95
1100010,47.0|43.3|0.0|0.0|0.0|50.0|0.0,170:2_瞬时流量,429,7.35,9.22,0.227,1.46
1100010,47.0|43.3|0.0|0.0|0.0|50.0|0.0,70:3_瞬时流量,429,0.0,0.0,0.0,
1100010,47.0|43.3|0.0|0.0|0.0|50.0|0.0,总管效率_pct,429,1.82,2.36,0.0019,3.87
1100010,47.1|42.4|0.0|0.0|0.0|50.0|0.0,170:1_瞬时流量,127,15.5,18.71,-0.2475,0.82
1100010,47.1|42.4|0.0|0.0|0.0|50.0|0.0,170:2_瞬时流量,127,2.94,3.5,0.2825,0.57
1100010,47.1|42.4|0.0|0.0|0.0|50.0|0.0,70:3_瞬时流量,127,0.0,0.0,1.0,
1100010,47.1|42.4|0.0|0.0|0.0|50.0|0.0,总管效率_pct,127,1.74,2.18,-0.1065,3.54
1100010,47.1|44.2|0.0|0.0|0.0|50.0|0.0,170:1_瞬时流量,1354,21.61,28.73,0.3131,1.1
1100010,47.1|44.2|0.0|0.0|0.0|50.0|0.0,170:2_瞬时流量,1354,4.88,5.78,0.1916,0.93
1100010,47.1|44.2|0.0|0.0|0.0|50.0|0.0,70:3_瞬时流量,1354,0.0,0.0,0.0,
1100010,47.1|44.2|0.0|0.0|0.0|50.0|0.0,总管效率_pct,1354,1.53,2.11,0.0196,3.16
1100010,47.1|49.5|0.0|0.0|0.0|50.0|0.0,170:1_瞬时流量,302,32.01,48.22,-0.0108,1.55
1100010,47.1|49.5|0.0|0.0|0.0|50.0|0.0,170:2_瞬时流量,302,7.24,7.99,0.0489,1.31
1100010,47.1|49.5|0.0|0.0|0.0|50.0|0.0,70:3_瞬时流量,302,0.0,0.0,0.0,
1100010,47.1|49.5|0.0|0.0|0.0|50.0|0.0,总管效率_pct,302,1.66,2.1,-0.1013,3.57
1100010,47.2|42.5|0.0|0.0|0.0|50.0|0.0,170:1_瞬时流量,103,32.49,37.59,-0.1194,1.71
1100010,47.2|42.5|0.0|0.0|0.0|50.0|0.0,170:2_瞬时流量,103,3.32,3.52,0.1289,0.64
1100010,47.2|42.5|0.0|0.0|0.0|50.0|0.0,70:3_瞬时流量,103,0.0,0.0,1.0,
1100010,47.2|42.5|0.0|0.0|0.0|50.0|0.0,总管效率_pct,103,1.41,1.76,-0.0065,2.9
1100010,47.2|44.2|0.0|0.0|0.0|50.0|0.0,170:1_瞬时流量,1100,19.09,25.45,0.5255,0.96
1100010,47.2|44.2|0.0|0.0|0.0|50.0|0.0,170:2_瞬时流量,1100,4.57,5.27,0.5145,0.86
1100010,47.2|44.2|0.0|0.0|0.0|50.0|0.0,70:3_瞬时流量,1100,0.0,0.0,0.0,
1100010,47.2|44.2|0.0|0.0|0.0|50.0|0.0,总管效率_pct,1100,2.19,2.92,0.0015,4.6
1100010,47.2|44.3|0.0|0.0|0.0|50.0|0.0,170:1_瞬时流量,57,20.63,27.48,-0.0554,1.03
1100010,47.2|44.3|0.0|0.0|0.0|50.0|0.0,170:2_瞬时流量,57,6.82,7.48,0.0362,1.28
1100010,47.2|44.3|0.0|0.0|0.0|50.0|0.0,70:3_瞬时流量,57,0.0,0.0,0.0,
1100010,47.2|44.3|0.0|0.0|0.0|50.0|0.0,总管效率_pct,57,3.22,3.58,-0.8487,6.16
1100010,47.3|42.6|0.0|0.0|0.0|50.0|0.0,170:1_瞬时流量,53,30.06,32.45,-2.6325,1.62
1100010,47.3|42.6|0.0|0.0|0.0|50.0|0.0,170:2_瞬时流量,53,2.2,2.75,0.139,0.43
1100010,47.3|42.6|0.0|0.0|0.0|50.0|0.0,70:3_瞬时流量,53,0.0,0.0,1.0,
1100010,47.3|42.6|0.0|0.0|0.0|50.0|0.0,总管效率_pct,53,1.33,1.79,0.2221,2.76
1100010,47.3|44.4|0.0|0.0|0.0|50.0|0.0,170:1_瞬时流量,257,22.77,27.74,0.6172,1.15
1100010,47.3|44.4|0.0|0.0|0.0|50.0|0.0,170:2_瞬时流量,257,5.36,6.76,0.3337,1.02
1100010,47.3|44.4|0.0|0.0|0.0|50.0|0.0,70:3_瞬时流量,257,0.0,0.0,0.0,
1100010,47.3|44.4|0.0|0.0|0.0|50.0|0.0,总管效率_pct,257,2.08,2.69,-0.0223,4.24
1100010,47.3|44.5|0.0|0.0|0.0|50.0|0.0,170:1_瞬时流量,94,16.9,20.52,0.571,0.84
1100010,47.3|44.5|0.0|0.0|0.0|50.0|0.0,170:2_瞬时流量,94,5.28,6.58,0.2845,1.0
1100010,47.3|44.5|0.0|0.0|0.0|50.0|0.0,70:3_瞬时流量,94,0.0,0.0,0.0,
1100010,47.3|44.5|0.0|0.0|0.0|50.0|0.0,总管效率_pct,94,1.75,2.45,-0.0098,3.72
1100010,47.4|44.0|0.0|0.0|0.0|50.0|0.0,170:1_瞬时流量,50,27.56,44.73,0.126,1.44
1100010,47.4|44.0|0.0|0.0|0.0|50.0|0.0,170:2_瞬时流量,50,4.8,6.28,-0.1105,0.92
1100010,47.4|44.0|0.0|0.0|0.0|50.0|0.0,70:3_瞬时流量,50,0.0,0.0,0.0,
1100010,47.4|44.0|0.0|0.0|0.0|50.0|0.0,总管效率_pct,50,3.8,4.71,-1.6622,8.85
1100010,47.4|44.6|0.0|0.0|0.0|50.0|0.0,170:1_瞬时流量,319,19.65,23.09,0.5142,0.98
1100010,47.4|44.6|0.0|0.0|0.0|50.0|0.0,170:2_瞬时流量,319,6.28,7.67,-0.0064,1.19
1100010,47.4|44.6|0.0|0.0|0.0|50.0|0.0,70:3_瞬时流量,319,0.0,0.0,0.0,
1100010,47.4|44.6|0.0|0.0|0.0|50.0|0.0,总管效率_pct,319,1.89,2.71,-0.0663,4.09
1100010,47.6|44.5|0.0|0.0|0.0|50.0|0.0,170:1_瞬时流量,109,22.08,27.97,0.3777,1.12
1100010,47.6|44.5|0.0|0.0|0.0|50.0|0.0,170:2_瞬时流量,109,5.65,7.11,0.4543,1.08
1100010,47.6|44.5|0.0|0.0|0.0|50.0|0.0,70:3_瞬时流量,109,0.0,0.0,0.0,
1100010,47.6|44.5|0.0|0.0|0.0|50.0|0.0,总管效率_pct,109,1.38,2.0,0.0053,2.73
1100010,47.6|44.6|0.0|0.0|0.0|50.0|0.0,170:1_瞬时流量,215,21.74,25.93,0.5222,1.1
1100010,47.6|44.6|0.0|0.0|0.0|50.0|0.0,170:2_瞬时流量,215,7.08,8.47,0.4342,1.36
1100010,47.6|44.6|0.0|0.0|0.0|50.0|0.0,70:3_瞬时流量,215,0.0,0.0,0.0,
1100010,47.6|44.6|0.0|0.0|0.0|50.0|0.0,总管效率_pct,215,1.41,1.76,-0.0094,2.93
1100010,47.6|45.2|0.0|0.0|0.0|50.0|0.0,170:1_瞬时流量,60,26.72,33.61,0.1093,1.3
1100010,47.6|45.2|0.0|0.0|0.0|50.0|0.0,170:2_瞬时流量,60,5.88,6.79,-0.1221,1.09
1100010,47.6|45.2|0.0|0.0|0.0|50.0|0.0,70:3_瞬时流量,60,0.0,0.0,0.0,
1100010,47.6|45.2|0.0|0.0|0.0|50.0|0.0,总管效率_pct,60,1.8,2.47,-0.011,3.62
1100010,47.7|43.7|0.0|0.0|0.0|50.0|0.0,170:1_瞬时流量,122,23.02,31.29,0.0659,1.17
1100010,47.7|43.7|0.0|0.0|0.0|50.0|0.0,170:2_瞬时流量,122,3.59,4.51,-0.3579,0.68
1100010,47.7|43.7|0.0|0.0|0.0|50.0|0.0,70:3_瞬时流量,122,0.0,0.0,1.0,
1100010,47.7|43.7|0.0|0.0|0.0|50.0|0.0,总管效率_pct,122,1.92,2.21,-0.1656,3.93
1100010,47.7|44.2|0.0|0.0|0.0|50.0|0.0,170:1_瞬时流量,115,23.69,27.17,-0.3239,1.19
1100010,47.7|44.2|0.0|0.0|0.0|50.0|0.0,170:2_瞬时流量,115,2.59,2.99,-0.13,0.49
1100010,47.7|44.2|0.0|0.0|0.0|50.0|0.0,70:3_瞬时流量,115,0.0,0.0,0.0,
1100010,47.7|44.2|0.0|0.0|0.0|50.0|0.0,总管效率_pct,115,1.73,2.4,-0.3493,3.74
1100010,47.7|44.3|0.0|0.0|0.0|50.0|0.0,170:1_瞬时流量,124,16.23,18.31,-0.0205,0.81
1100010,47.7|44.3|0.0|0.0|0.0|50.0|0.0,170:2_瞬时流量,124,3.49,4.26,-0.2711,0.65
1100010,47.7|44.3|0.0|0.0|0.0|50.0|0.0,70:3_瞬时流量,124,0.0,0.0,1.0,
1100010,47.7|44.3|0.0|0.0|0.0|50.0|0.0,总管效率_pct,124,2.03,2.58,-0.0465,4.27
1100010,47.7|45.1|0.0|0.0|0.0|50.0|0.0,170:1_瞬时流量,1538,20.44,26.52,0.5332,1.01
1100010,47.7|45.1|0.0|0.0|0.0|50.0|0.0,170:2_瞬时流量,1538,4.75,5.93,0.395,0.88
1100010,47.7|45.1|0.0|0.0|0.0|50.0|0.0,70:3_瞬时流量,1538,0.0,0.0,0.0,
1100010,47.7|45.1|0.0|0.0|0.0|50.0|0.0,总管效率_pct,1538,2.02,2.56,-0.0315,4.21
1100010,47.8|45.1|0.0|0.0|0.0|50.0|0.0,170:1_瞬时流量,385,23.94,29.75,0.1729,1.19
1100010,47.8|45.1|0.0|0.0|0.0|50.0|0.0,170:2_瞬时流量,385,5.81,7.45,0.3683,1.09
1100010,47.8|45.1|0.0|0.0|0.0|50.0|0.0,70:3_瞬时流量,385,0.0,0.0,0.0,
1100010,47.8|45.1|0.0|0.0|0.0|50.0|0.0,总管效率_pct,385,1.59,2.12,-0.0729,3.33
1100010,47.8|45.7|0.0|0.0|0.0|50.0|0.0,170:1_瞬时流量,60,29.78,35.26,0.5121,1.45
1100010,47.8|45.7|0.0|0.0|0.0|50.0|0.0,170:2_瞬时流量,60,4.94,6.35,0.469,0.9
1100010,47.8|45.7|0.0|0.0|0.0|50.0|0.0,70:3_瞬时流量,60,0.0,0.0,1.0,
1100010,47.8|45.7|0.0|0.0|0.0|50.0|0.0,总管效率_pct,60,1.38,1.7,-0.0162,2.83
1100010,47.9|44.9|0.0|0.0|0.0|50.0|0.0,170:1_瞬时流量,64,22.06,25.02,0.2561,1.09
1100010,47.9|44.9|0.0|0.0|0.0|50.0|0.0,170:2_瞬时流量,64,5.98,7.64,0.1957,1.13
1100010,47.9|44.9|0.0|0.0|0.0|50.0|0.0,70:3_瞬时流量,64,0.0,0.0,1.0,
1100010,47.9|44.9|0.0|0.0|0.0|50.0|0.0,总管效率_pct,64,1.52,1.88,-0.3165,3.18
1100010,47.9|45.9|0.0|0.0|0.0|50.0|0.0,170:1_瞬时流量,59,23.12,26.22,0.4483,1.11
1100010,47.9|45.9|0.0|0.0|0.0|50.0|0.0,170:2_瞬时流量,59,5.85,7.74,-0.2631,1.06
1100010,47.9|45.9|0.0|0.0|0.0|50.0|0.0,70:3_瞬时流量,59,0.0,0.0,1.0,
1100010,47.9|45.9|0.0|0.0|0.0|50.0|0.0,总管效率_pct,59,1.76,2.32,-0.7104,3.41
1100010,48.1|45.4|0.0|0.0|0.0|50.0|0.0,170:1_瞬时流量,79,21.9,25.14,-0.2776,1.05
1100010,48.1|45.4|0.0|0.0|0.0|50.0|0.0,170:2_瞬时流量,79,4.82,6.28,0.1809,0.89
1100010,48.1|45.4|0.0|0.0|0.0|50.0|0.0,70:3_瞬时流量,79,0.0,0.0,1.0,
1100010,48.1|45.4|0.0|0.0|0.0|50.0|0.0,总管效率_pct,79,3.37,3.66,-0.0574,6.95
1100010,48.1|45.7|0.0|0.0|0.0|50.0|0.0,170:1_瞬时流量,195,21.84,27.34,0.556,1.07
1100010,48.1|45.7|0.0|0.0|0.0|50.0|0.0,170:2_瞬时流量,195,4.6,5.68,0.4206,0.84
1100010,48.1|45.7|0.0|0.0|0.0|50.0|0.0,70:3_瞬时流量,195,0.0,0.0,1.0,
1100010,48.1|45.7|0.0|0.0|0.0|50.0|0.0,总管效率_pct,195,1.3,1.66,-0.0904,2.75
1100010,48.1|45.9|0.0|0.0|0.0|50.0|0.0,170:1_瞬时流量,912,26.44,31.66,0.5488,1.28
1100010,48.1|45.9|0.0|0.0|0.0|50.0|0.0,170:2_瞬时流量,912,4.34,5.4,0.5766,0.8
1100010,48.1|45.9|0.0|0.0|0.0|50.0|0.0,70:3_瞬时流量,912,0.0,0.0,1.0,
1100010,48.1|45.9|0.0|0.0|0.0|50.0|0.0,总管效率_pct,912,2.24,2.84,-0.0181,4.57
1100010,48.2|45.9|0.0|0.0|0.0|50.0|0.0,170:1_瞬时流量,188,26.78,33.13,0.0982,1.3
1100010,48.2|45.9|0.0|0.0|0.0|50.0|0.0,170:2_瞬时流量,188,6.0,7.62,0.3426,1.11
1100010,48.2|45.9|0.0|0.0|0.0|50.0|0.0,70:3_瞬时流量,188,0.0,0.0,1.0,
1100010,48.2|45.9|0.0|0.0|0.0|50.0|0.0,总管效率_pct,188,1.59,2.15,-0.0808,3.22
1100010,48.2|46.1|0.0|0.0|0.0|50.0|0.0,170:1_瞬时流量,1140,23.66,30.08,0.6174,1.15
1100010,48.2|46.1|0.0|0.0|0.0|50.0|0.0,170:2_瞬时流量,1140,5.39,6.55,0.4292,0.98
1100010,48.2|46.1|0.0|0.0|0.0|50.0|0.0,70:3_瞬时流量,1140,0.0,0.0,1.0,
1100010,48.2|46.1|0.0|0.0|0.0|50.0|0.0,总管效率_pct,1140,2.02,2.61,-0.0808,4.34
1100010,48.2|46.4|0.0|0.0|0.0|50.0|0.0,170:1_瞬时流量,705,20.62,27.55,0.5588,0.98
1100010,48.2|46.4|0.0|0.0|0.0|50.0|0.0,170:2_瞬时流量,705,4.62,5.99,0.2445,0.84
1100010,48.2|46.4|0.0|0.0|0.0|50.0|0.0,70:3_瞬时流量,705,0.0,0.0,1.0,
1100010,48.2|46.4|0.0|0.0|0.0|50.0|0.0,总管效率_pct,705,1.54,1.94,-0.0206,3.14
1100010,48.2|46.5|0.0|0.0|0.0|50.0|0.0,170:1_瞬时流量,217,21.22,27.73,0.5624,1.0
1100010,48.2|46.5|0.0|0.0|0.0|50.0|0.0,170:2_瞬时流量,217,5.13,6.65,0.211,0.93
1100010,48.2|46.5|0.0|0.0|0.0|50.0|0.0,70:3_瞬时流量,217,0.0,0.0,1.0,
1100010,48.2|46.5|0.0|0.0|0.0|50.0|0.0,总管效率_pct,217,1.7,1.99,-0.411,3.38
1100010,48.3|40.5|0.0|0.0|0.0|50.0|0.0,170:1_瞬时流量,111,25.64,30.62,-0.1812,1.38
1100010,48.3|40.5|0.0|0.0|0.0|50.0|0.0,170:2_瞬时流量,111,6.53,7.8,-2.6186,1.33
1100010,48.3|40.5|0.0|0.0|0.0|50.0|0.0,70:3_瞬时流量,111,0.0,0.0,1.0,
1100010,48.3|40.5|0.0|0.0|0.0|50.0|0.0,总管效率_pct,111,1.89,2.24,-0.1737,3.98
1100010,48.3|45.7|0.0|0.0|0.0|50.0|0.0,170:1_瞬时流量,229,21.72,27.05,0.1854,1.03
1100010,48.3|45.7|0.0|0.0|0.0|50.0|0.0,170:2_瞬时流量,229,6.94,7.99,0.0146,1.26
1100010,48.3|45.7|0.0|0.0|0.0|50.0|0.0,70:3_瞬时流量,229,0.0,0.0,1.0,
1100010,48.3|45.7|0.0|0.0|0.0|50.0|0.0,总管效率_pct,229,1.88,2.51,-0.1364,3.72
1100010,48.3|46.1|0.0|0.0|0.0|50.0|0.0,170:1_瞬时流量,129,47.7,54.62,0.0314,2.37
1100010,48.3|46.1|0.0|0.0|0.0|50.0|0.0,170:2_瞬时流量,129,5.81,6.65,-0.2129,1.06
1100010,48.3|46.1|0.0|0.0|0.0|50.0|0.0,70:3_瞬时流量,129,0.0,0.0,1.0,
1100010,48.3|46.1|0.0|0.0|0.0|50.0|0.0,总管效率_pct,129,1.46,2.08,-0.1199,3.11
1100010,48.3|46.2|0.0|0.0|0.0|50.0|0.0,170:1_瞬时流量,332,28.79,36.75,0.1707,1.4
1100010,48.3|46.2|0.0|0.0|0.0|50.0|0.0,170:2_瞬时流量,332,4.9,6.1,0.1133,0.89
1100010,48.3|46.2|0.0|0.0|0.0|50.0|0.0,70:3_瞬时流量,332,0.0,0.0,1.0,
1100010,48.3|46.2|0.0|0.0|0.0|50.0|0.0,总管效率_pct,332,1.96,2.47,-0.1426,4.2
1100010,48.3|46.4|0.0|0.0|0.0|50.0|0.0,170:1_瞬时流量,1013,23.41,32.15,0.5049,1.13
1100010,48.3|46.4|0.0|0.0|0.0|50.0|0.0,170:2_瞬时流量,1013,4.69,6.21,0.0329,0.86
1100010,48.3|46.4|0.0|0.0|0.0|50.0|0.0,70:3_瞬时流量,1013,0.0,0.0,1.0,
1100010,48.3|46.4|0.0|0.0|0.0|50.0|0.0,总管效率_pct,1013,1.54,2.04,-0.0015,3.14
1100010,48.4|40.7|0.0|0.0|0.0|50.0|0.0,170:1_瞬时流量,107,29.6,38.05,0.0015,1.6
1100010,48.4|40.7|0.0|0.0|0.0|50.0|0.0,170:2_瞬时流量,107,6.82,8.12,-0.3472,1.38
1100010,48.4|40.7|0.0|0.0|0.0|50.0|0.0,70:3_瞬时流量,107,0.0,0.0,1.0,
1100010,48.4|40.7|0.0|0.0|0.0|50.0|0.0,总管效率_pct,107,1.69,1.95,-0.0384,3.54
1100010,48.4|45.2|0.0|0.0|0.0|50.0|0.0,170:1_瞬时流量,77,16.55,19.39,0.249,0.8
1100010,48.4|45.2|0.0|0.0|0.0|50.0|0.0,170:2_瞬时流量,77,6.29,7.26,0.256,1.15
1100010,48.4|45.2|0.0|0.0|0.0|50.0|0.0,70:3_瞬时流量,77,0.0,0.0,1.0,
1100010,48.4|45.2|0.0|0.0|0.0|50.0|0.0,总管效率_pct,77,4.79,8.59,-0.0179,8.74
1100010,48.4|45.8|0.0|0.0|0.0|50.0|0.0,170:1_瞬时流量,155,22.94,27.48,0.1286,1.1
1100010,48.4|45.8|0.0|0.0|0.0|50.0|0.0,170:2_瞬时流量,155,4.62,5.81,0.0324,0.83
1100010,48.4|45.8|0.0|0.0|0.0|50.0|0.0,70:3_瞬时流量,155,0.0,0.0,1.0,
1100010,48.4|45.8|0.0|0.0|0.0|50.0|0.0,总管效率_pct,155,1.59,2.17,0.0328,3.23
1100010,48.4|46.1|0.0|0.0|0.0|50.0|0.0,170:1_瞬时流量,76,38.2,45.35,0.4435,1.82
1100010,48.4|46.1|0.0|0.0|0.0|50.0|0.0,170:2_瞬时流量,76,5.39,6.11,0.3781,0.97
1100010,48.4|46.1|0.0|0.0|0.0|50.0|0.0,70:3_瞬时流量,76,0.0,0.0,1.0,
1100010,48.4|46.1|0.0|0.0|0.0|50.0|0.0,总管效率_pct,76,1.58,2.21,-0.088,3.2
1100010,48.4|46.9|0.0|0.0|0.0|50.0|0.0,170:1_瞬时流量,295,24.43,30.53,0.3403,1.13
1100010,48.4|46.9|0.0|0.0|0.0|50.0|0.0,170:2_瞬时流量,295,4.75,5.89,0.2315,0.85
1100010,48.4|46.9|0.0|0.0|0.0|50.0|0.0,70:3_瞬时流量,295,0.0,0.0,1.0,
1100010,48.4|46.9|0.0|0.0|0.0|50.0|0.0,总管效率_pct,295,1.72,2.05,-0.0321,3.55
1100010,48.6|40.9|0.0|0.0|0.0|50.0|0.0,170:1_瞬时流量,96,43.0,54.31,-0.2628,2.36
1100010,48.6|40.9|0.0|0.0|0.0|50.0|0.0,170:2_瞬时流量,96,5.36,6.74,-0.8632,1.08
1100010,48.6|40.9|0.0|0.0|0.0|50.0|0.0,70:3_瞬时流量,96,0.0,0.0,1.0,
1100010,48.6|40.9|0.0|0.0|0.0|50.0|0.0,总管效率_pct,96,2.03,2.46,-0.1759,4.19
1100010,48.6|41.0|0.0|0.0|0.0|50.0|0.0,170:1_瞬时流量,141,34.58,43.86,-0.8118,1.89
1100010,48.6|41.0|0.0|0.0|0.0|50.0|0.0,170:2_瞬时流量,141,5.46,7.09,-0.8974,1.1
1100010,48.6|41.0|0.0|0.0|0.0|50.0|0.0,70:3_瞬时流量,141,0.0,0.0,1.0,
1100010,48.6|41.0|0.0|0.0|0.0|50.0|0.0,总管效率_pct,141,0.87,1.2,0.0351,1.87
1100010,48.6|45.6|0.0|0.0|0.0|50.0|0.0,170:1_瞬时流量,99,17.13,19.41,-0.3286,0.81
1100010,48.6|45.6|0.0|0.0|0.0|50.0|0.0,170:2_瞬时流量,99,3.36,4.22,-0.1461,0.61
1100010,48.6|45.6|0.0|0.0|0.0|50.0|0.0,70:3_瞬时流量,99,0.0,0.0,1.0,
1100010,48.6|45.6|0.0|0.0|0.0|50.0|0.0,总管效率_pct,99,1.47,2.3,-0.5795,3.17
1100010,48.6|45.7|0.0|0.0|0.0|50.0|0.0,170:1_瞬时流量,169,17.23,19.65,0.0397,0.82
1100010,48.6|45.7|0.0|0.0|0.0|50.0|0.0,170:2_瞬时流量,169,3.32,3.84,-0.5781,0.6
1100010,48.6|45.7|0.0|0.0|0.0|50.0|0.0,70:3_瞬时流量,169,0.0,0.0,1.0,
1100010,48.6|45.7|0.0|0.0|0.0|50.0|0.0,总管效率_pct,169,2.65,3.77,-0.432,5.96
1100010,48.6|47.0|0.0|0.0|0.0|50.0|0.0,170:1_瞬时流量,1020,21.21,26.89,0.5467,1.0
1100010,48.6|47.0|0.0|0.0|0.0|50.0|0.0,170:2_瞬时流量,1020,4.98,6.14,0.3827,0.88
1100010,48.6|47.0|0.0|0.0|0.0|50.0|0.0,70:3_瞬时流量,1020,0.0,0.0,1.0,
1100010,48.6|47.0|0.0|0.0|0.0|50.0|0.0,总管效率_pct,1020,1.82,2.28,-0.032,3.72
1100010,48.6|47.2|0.0|0.0|0.0|50.0|0.0,170:1_瞬时流量,804,21.61,27.21,0.5782,1.01
1100010,48.6|47.2|0.0|0.0|0.0|50.0|0.0,170:2_瞬时流量,804,4.81,5.92,0.3694,0.85
1100010,48.6|47.2|0.0|0.0|0.0|50.0|0.0,70:3_瞬时流量,804,0.0,0.0,1.0,
1100010,48.6|47.2|0.0|0.0|0.0|50.0|0.0,总管效率_pct,804,1.94,2.4,-0.0189,4.0
1100010,48.7|41.4|0.0|0.0|0.0|50.0|0.0,170:1_瞬时流量,81,29.54,39.24,-0.3079,1.52
1100010,48.7|41.4|0.0|0.0|0.0|50.0|0.0,170:2_瞬时流量,81,6.03,7.07,0.229,1.18
1100010,48.7|41.4|0.0|0.0|0.0|50.0|0.0,70:3_瞬时流量,81,0.0,0.0,1.0,
1100010,48.7|41.4|0.0|0.0|0.0|50.0|0.0,总管效率_pct,81,2.14,2.51,-0.294,4.37
1100010,48.7|47.4|0.0|0.0|0.0|50.0|0.0,170:1_瞬时流量,1339,18.68,24.41,0.6783,0.86
1100010,48.7|47.4|0.0|0.0|0.0|50.0|0.0,170:2_瞬时流量,1339,4.95,6.04,0.4037,0.87
1100010,48.7|47.4|0.0|0.0|0.0|50.0|0.0,70:3_瞬时流量,1339,0.0,0.0,1.0,
1100010,48.7|47.4|0.0|0.0|0.0|50.0|0.0,总管效率_pct,1339,1.89,2.37,-0.0373,3.84
1100010,48.7|47.5|0.0|0.0|0.0|50.0|0.0,170:1_瞬时流量,558,19.03,23.72,0.7533,0.88
1100010,48.7|47.5|0.0|0.0|0.0|50.0|0.0,170:2_瞬时流量,558,4.98,6.59,0.4095,0.88
1100010,48.7|47.5|0.0|0.0|0.0|50.0|0.0,70:3_瞬时流量,558,0.0,0.0,1.0,
1100010,48.7|47.5|0.0|0.0|0.0|50.0|0.0,总管效率_pct,558,1.57,2.08,-0.0332,3.19
1100010,48.8|45.0|0.0|0.0|0.0|50.0|0.0,170:1_瞬时流量,87,6.92,11.64,-0.4276,0.34
1100010,48.8|45.0|0.0|0.0|0.0|50.0|0.0,170:2_瞬时流量,87,6.86,7.31,-3.8894,1.27
1100010,48.8|45.0|0.0|0.0|0.0|50.0|0.0,70:3_瞬时流量,87,0.0,0.0,1.0,
1100010,48.8|45.0|0.0|0.0|0.0|50.0|0.0,总管效率_pct,87,1.64,2.31,-0.7208,3.59
1100010,48.8|46.5|0.0|0.0|0.0|50.0|0.0,170:1_瞬时流量,54,14.67,18.38,-1.592,0.68
1100010,48.8|46.5|0.0|0.0|0.0|50.0|0.0,170:2_瞬时流量,54,3.8,4.7,0.2466,0.67
1100010,48.8|46.5|0.0|0.0|0.0|50.0|0.0,70:3_瞬时流量,54,0.0,0.0,1.0,
1100010,48.8|46.5|0.0|0.0|0.0|50.0|0.0,总管效率_pct,54,2.23,2.44,0.0137,4.61
1100010,48.8|47.6|0.0|0.0|0.0|50.0|0.0,170:1_瞬时流量,1525,22.73,28.51,0.5946,1.05
1100010,48.8|47.6|0.0|0.0|0.0|50.0|0.0,170:2_瞬时流量,1525,5.17,6.44,0.485,0.91
1100010,48.8|47.6|0.0|0.0|0.0|50.0|0.0,70:3_瞬时流量,1525,0.0,0.0,0.0,
1100010,48.8|47.6|0.0|0.0|0.0|50.0|0.0,总管效率_pct,1525,1.37,1.74,-0.0097,2.87
1100010,48.9|45.1|0.0|0.0|0.0|50.0|0.0,170:1_瞬时流量,119,7.68,12.49,-0.0097,0.37
1100010,48.9|45.1|0.0|0.0|0.0|50.0|0.0,170:2_瞬时流量,119,3.39,6.46,-0.4693,0.63
1100010,48.9|45.1|0.0|0.0|0.0|50.0|0.0,70:3_瞬时流量,119,0.0,0.0,1.0,
1100010,48.9|45.1|0.0|0.0|0.0|50.0|0.0,总管效率_pct,119,2.26,2.47,-0.0584,4.51
1100010,49.0|42.0|0.0|0.0|0.0|50.0|0.0,170:1_瞬时流量,183,31.74,41.89,0.2781,1.67
1100010,49.0|42.0|0.0|0.0|0.0|50.0|0.0,170:2_瞬时流量,183,4.52,5.78,0.7072,0.87
1100010,49.0|42.0|0.0|0.0|0.0|50.0|0.0,70:3_瞬时流量,183,0.0,0.0,0.0,
1100010,49.0|42.0|0.0|0.0|0.0|50.0|0.0,总管效率_pct,183,2.18,2.81,-0.2612,4.41
1100010,49.0|45.4|0.0|0.0|0.0|50.0|0.0,170:1_瞬时流量,79,20.94,24.04,-2.4333,1.0
1100010,49.0|45.4|0.0|0.0|0.0|50.0|0.0,170:2_瞬时流量,79,6.39,6.63,-0.0806,1.15
1100010,49.0|45.4|0.0|0.0|0.0|50.0|0.0,70:3_瞬时流量,79,0.0,0.0,1.0,
1100010,49.0|45.4|0.0|0.0|0.0|50.0|0.0,总管效率_pct,79,2.45,3.13,-0.11,5.23
1100010,49.0|47.9|0.0|0.0|0.0|50.0|0.0,170:1_瞬时流量,1594,29.99,37.43,0.4334,1.38
1100010,49.0|47.9|0.0|0.0|0.0|50.0|0.0,170:2_瞬时流量,1594,5.02,6.34,0.3542,0.88
1100010,49.0|47.9|0.0|0.0|0.0|50.0|0.0,70:3_瞬时流量,1594,0.0,0.0,1.0,
1100010,49.0|47.9|0.0|0.0|0.0|50.0|0.0,总管效率_pct,1594,1.7,2.2,-0.0036,3.61
1100010,49.1|42.2|0.0|0.0|0.0|50.0|0.0,170:1_瞬时流量,156,16.87,22.3,0.15,0.84
1100010,49.1|42.2|0.0|0.0|0.0|50.0|0.0,170:2_瞬时流量,156,2.65,3.47,0.338,0.5
1100010,49.1|42.2|0.0|0.0|0.0|50.0|0.0,70:3_瞬时流量,156,0.0,0.0,1.0,
1100010,49.1|42.2|0.0|0.0|0.0|50.0|0.0,总管效率_pct,156,2.35,2.71,-0.0795,4.81
1100010,49.1|45.4|0.0|0.0|0.0|50.0|0.0,170:1_瞬时流量,56,13.54,16.49,-0.2367,0.64
1100010,49.1|45.4|0.0|0.0|0.0|50.0|0.0,170:2_瞬时流量,56,7.79,8.17,-1.474,1.42
1100010,49.1|45.4|0.0|0.0|0.0|50.0|0.0,70:3_瞬时流量,56,0.0,0.0,1.0,
1100010,49.1|45.4|0.0|0.0|0.0|50.0|0.0,总管效率_pct,56,1.65,2.22,-0.1257,3.35
1100010,49.1|46.9|0.0|0.0|0.0|50.0|0.0,170:1_瞬时流量,90,23.87,30.75,0.0571,1.09
1100010,49.1|46.9|0.0|0.0|0.0|50.0|0.0,170:2_瞬时流量,90,3.99,4.54,0.2589,0.7
1100010,49.1|46.9|0.0|0.0|0.0|50.0|0.0,70:3_瞬时流量,90,0.0,0.0,1.0,
1100010,49.1|46.9|0.0|0.0|0.0|50.0|0.0,总管效率_pct,90,2.24,2.88,0.0483,4.9
1100010,49.1|48.5|0.0|0.0|0.0|50.0|0.0,170:1_瞬时流量,155,33.56,40.71,0.334,1.51
1100010,49.1|48.5|0.0|0.0|0.0|50.0|0.0,170:2_瞬时流量,155,4.45,5.63,0.4375,0.77
1100010,49.1|48.5|0.0|0.0|0.0|50.0|0.0,70:3_瞬时流量,155,0.0,0.0,0.0,
1100010,49.1|48.5|0.0|0.0|0.0|50.0|0.0,总管效率_pct,155,1.66,2.01,0.0292,3.46
1100010,49.2|40.4|0.0|0.0|0.0|50.0|0.0,170:1_瞬时流量,73,41.79,50.25,-0.5338,2.35
1100010,49.2|40.4|0.0|0.0|0.0|50.0|0.0,170:2_瞬时流量,73,10.51,13.07,-1.6275,2.24
1100010,49.2|40.4|0.0|0.0|0.0|50.0|0.0,70:3_瞬时流量,73,0.0,0.0,1.0,
1100010,49.2|40.4|0.0|0.0|0.0|50.0|0.0,总管效率_pct,73,0.61,0.69,-0.0209,1.34
1100010,49.2|42.6|0.0|0.0|0.0|50.0|0.0,170:1_瞬时流量,62,17.76,19.28,0.449,0.88
1100010,49.2|42.6|0.0|0.0|0.0|50.0|0.0,170:2_瞬时流量,62,7.02,7.64,0.225,1.31
1100010,49.2|42.6|0.0|0.0|0.0|50.0|0.0,70:3_瞬时流量,62,0.0,0.0,0.0,
1100010,49.2|42.6|0.0|0.0|0.0|50.0|0.0,总管效率_pct,62,1.29,1.72,-0.2997,2.78
1100010,49.2|45.8|0.0|0.0|0.0|50.0|0.0,170:1_瞬时流量,158,14.87,19.36,-1.4062,0.69
1100010,49.2|45.8|0.0|0.0|0.0|50.0|0.0,170:2_瞬时流量,158,3.86,4.51,0.0257,0.69
1100010,49.2|45.8|0.0|0.0|0.0|50.0|0.0,70:3_瞬时流量,158,0.0,0.0,1.0,
1100010,49.2|45.8|0.0|0.0|0.0|50.0|0.0,总管效率_pct,158,1.8,2.2,0.0343,3.63
1100010,49.2|46.9|0.0|0.0|0.0|50.0|0.0,170:1_瞬时流量,158,18.62,23.99,0.0098,0.86
1100010,49.2|46.9|0.0|0.0|0.0|50.0|0.0,170:2_瞬时流量,158,4.15,4.78,-0.3683,0.73
1100010,49.2|46.9|0.0|0.0|0.0|50.0|0.0,70:3_瞬时流量,158,0.0,0.0,1.0,
1100010,49.2|46.9|0.0|0.0|0.0|50.0|0.0,总管效率_pct,158,2.04,2.35,-0.1331,4.1
1100010,49.2|48.1|0.0|0.0|0.0|50.0|0.0,170:1_瞬时流量,221,27.16,35.27,0.5132,1.26
1100010,49.2|48.1|0.0|0.0|0.0|50.0|0.0,170:2_瞬时流量,221,5.98,7.57,0.313,1.06
1100010,49.2|48.1|0.0|0.0|0.0|50.0|0.0,70:3_瞬时流量,221,0.0,0.0,1.0,
1100010,49.2|48.1|0.0|0.0|0.0|50.0|0.0,总管效率_pct,221,1.66,2.06,-0.0079,3.54
1100010,49.2|48.4|0.0|0.0|0.0|50.0|0.0,170:1_瞬时流量,1660,25.06,31.45,0.3899,1.15
1100010,49.2|48.4|0.0|0.0|0.0|50.0|0.0,170:2_瞬时流量,1660,4.65,5.74,0.4216,0.8
1100010,49.2|48.4|0.0|0.0|0.0|50.0|0.0,70:3_瞬时流量,1660,0.0,0.0,1.0,
1100010,49.2|48.4|0.0|0.0|0.0|50.0|0.0,总管效率_pct,1660,1.6,2.02,-0.007,3.37
1100010,49.2|48.6|0.0|0.0|0.0|50.0|0.0,170:1_瞬时流量,637,25.4,31.78,0.3205,1.15
1100010,49.2|48.6|0.0|0.0|0.0|50.0|0.0,170:2_瞬时流量,637,4.87,6.5,0.3019,0.83
1100010,49.2|48.6|0.0|0.0|0.0|50.0|0.0,70:3_瞬时流量,637,0.0,0.0,1.0,
1100010,49.2|48.6|0.0|0.0|0.0|50.0|0.0,总管效率_pct,637,1.87,2.32,-0.0006,3.95
1100010,49.3|40.6|0.0|0.0|0.0|50.0|0.0,170:1_瞬时流量,107,32.09,43.22,-0.2227,1.78
1100010,49.3|40.6|0.0|0.0|0.0|50.0|0.0,170:2_瞬时流量,107,6.56,8.54,-0.93,1.37
1100010,49.3|40.6|0.0|0.0|0.0|50.0|0.0,70:3_瞬时流量,107,0.0,0.0,1.0,
1100010,49.3|40.6|0.0|0.0|0.0|50.0|0.0,总管效率_pct,107,1.65,2.18,-0.0077,3.51
1100010,49.3|42.8|0.0|0.0|0.0|50.0|0.0,170:1_瞬时流量,83,23.08,26.56,0.2993,1.13
1100010,49.3|42.8|0.0|0.0|0.0|50.0|0.0,170:2_瞬时流量,83,6.39,7.65,-0.5098,1.17
1100010,49.3|42.8|0.0|0.0|0.0|50.0|0.0,70:3_瞬时流量,83,0.0,0.0,0.0,
1100010,49.3|42.8|0.0|0.0|0.0|50.0|0.0,总管效率_pct,83,0.95,1.11,-0.0821,2.02
1100010,49.3|48.3|0.0|0.0|0.0|50.0|0.0,170:1_瞬时流量,114,31.21,37.69,0.2235,1.45
1100010,49.3|48.3|0.0|0.0|0.0|50.0|0.0,170:2_瞬时流量,114,6.74,7.68,0.0841,1.18
1100010,49.3|48.3|0.0|0.0|0.0|50.0|0.0,70:3_瞬时流量,114,0.0,0.0,1.0,
1100010,49.3|48.3|0.0|0.0|0.0|50.0|0.0,总管效率_pct,114,1.32,1.66,0.0331,2.71
1100010,49.3|48.9|0.0|0.0|0.0|50.0|0.0,170:1_瞬时流量,418,30.31,36.13,0.3993,1.36
1100010,49.3|48.9|0.0|0.0|0.0|50.0|0.0,170:2_瞬时流量,418,5.65,7.22,0.2579,0.97
1100010,49.3|48.9|0.0|0.0|0.0|50.0|0.0,70:3_瞬时流量,418,0.0,0.0,0.0,
1100010,49.3|48.9|0.0|0.0|0.0|50.0|0.0,总管效率_pct,418,1.92,2.43,-0.0657,3.91
1100010,49.4|41.3|0.0|0.0|0.0|50.0|0.0,170:1_瞬时流量,104,18.0,21.65,-0.4365,0.94
1100010,49.4|41.3|0.0|0.0|0.0|50.0|0.0,170:2_瞬时流量,104,6.71,7.2,-0.0461,1.34
1100010,49.4|41.3|0.0|0.0|0.0|50.0|0.0,70:3_瞬时流量,104,0.0,0.0,1.0,
1100010,49.4|41.3|0.0|0.0|0.0|50.0|0.0,总管效率_pct,104,1.94,2.27,-0.0357,4.07
1100010,49.4|42.0|0.0|0.0|0.0|50.0|0.0,170:1_瞬时流量,71,40.34,53.68,-1.6793,2.13
1100010,49.4|42.0|0.0|0.0|0.0|50.0|0.0,170:2_瞬时流量,71,6.88,7.8,-0.4941,1.34
1100010,49.4|42.0|0.0|0.0|0.0|50.0|0.0,70:3_瞬时流量,71,0.0,0.0,1.0,
1100010,49.4|42.0|0.0|0.0|0.0|50.0|0.0,总管效率_pct,71,1.53,1.73,0.0913,3.2
1100010,49.4|46.3|0.0|0.0|0.0|50.0|0.0,170:1_瞬时流量,81,35.36,43.48,-0.1354,1.65
1100010,49.4|46.3|0.0|0.0|0.0|50.0|0.0,170:2_瞬时流量,81,3.94,4.47,0.0281,0.7
1100010,49.4|46.3|0.0|0.0|0.0|50.0|0.0,70:3_瞬时流量,81,0.0,0.0,1.0,
1100010,49.4|46.3|0.0|0.0|0.0|50.0|0.0,总管效率_pct,81,2.32,2.72,-0.213,4.63
1100010,49.4|47.5|0.0|0.0|0.0|50.0|0.0,170:1_瞬时流量,162,23.3,31.72,0.2832,1.08
1100010,49.4|47.5|0.0|0.0|0.0|50.0|0.0,170:2_瞬时流量,162,6.02,7.08,-0.3249,1.03
1100010,49.4|47.5|0.0|0.0|0.0|50.0|0.0,70:3_瞬时流量,162,0.0,0.0,1.0,
1100010,49.4|47.5|0.0|0.0|0.0|50.0|0.0,总管效率_pct,162,1.62,2.12,0.0106,3.33
1100010,49.4|48.1|0.0|0.0|0.0|50.0|0.0,170:1_瞬时流量,65,48.12,55.38,-2.251,2.12
1100010,49.4|48.1|0.0|0.0|0.0|50.0|0.0,170:2_瞬时流量,65,5.86,6.53,-1.545,1.0
1100010,49.4|48.1|0.0|0.0|0.0|50.0|0.0,70:3_瞬时流量,65,0.0,0.0,0.0,
1100010,49.4|48.1|0.0|0.0|0.0|50.0|0.0,总管效率_pct,65,1.34,1.64,-0.2646,2.72
1100010,49.4|48.7|0.0|0.0|0.0|50.0|0.0,170:1_瞬时流量,693,30.99,39.76,0.366,1.43
1100010,49.4|48.7|0.0|0.0|0.0|50.0|0.0,170:2_瞬时流量,693,5.09,6.55,0.3756,0.88
1100010,49.4|48.7|0.0|0.0|0.0|50.0|0.0,70:3_瞬时流量,693,0.0,0.0,0.0,
1100010,49.4|48.7|0.0|0.0|0.0|50.0|0.0,总管效率_pct,693,1.54,1.97,-0.0238,3.26
1100010,49.5|41.5|0.0|0.0|0.0|50.0|0.0,170:1_瞬时流量,52,38.67,41.75,-6.0778,2.06
1100010,49.5|41.5|0.0|0.0|0.0|50.0|0.0,170:2_瞬时流量,52,10.76,10.93,-49.6149,2.17
1100010,49.5|41.5|0.0|0.0|0.0|50.0|0.0,70:3_瞬时流量,52,0.0,0.0,1.0,
1100010,49.5|41.5|0.0|0.0|0.0|50.0|0.0,总管效率_pct,52,0.35,0.41,0.194,0.75
1100010,49.5|43.0|0.0|0.0|0.0|50.0|0.0,170:1_瞬时流量,137,23.37,32.44,0.2828,1.15
1100010,49.5|43.0|0.0|0.0|0.0|50.0|0.0,170:2_瞬时流量,137,3.74,4.54,0.5614,0.69
1100010,49.5|43.0|0.0|0.0|0.0|50.0|0.0,70:3_瞬时流量,137,0.0,0.0,0.0,
1100010,49.5|43.0|0.0|0.0|0.0|50.0|0.0,总管效率_pct,137,2.0,2.61,-0.0739,4.39
1100010,49.5|43.1|0.0|0.0|0.0|50.0|0.0,170:1_瞬时流量,153,27.65,33.85,0.3432,1.33
1100010,49.5|43.1|0.0|0.0|0.0|50.0|0.0,170:2_瞬时流量,153,2.66,3.78,0.596,0.49
1100010,49.5|43.1|0.0|0.0|0.0|50.0|0.0,70:3_瞬时流量,153,0.0,0.0,0.0,
1100010,49.5|43.1|0.0|0.0|0.0|50.0|0.0,总管效率_pct,153,1.81,2.36,-0.0865,3.8
1100010,49.5|46.3|0.0|0.0|0.0|50.0|0.0,170:1_瞬时流量,89,32.04,39.69,-0.5048,1.52
1100010,49.5|46.3|0.0|0.0|0.0|50.0|0.0,170:2_瞬时流量,89,7.34,8.21,-0.1583,1.3
1100010,49.5|46.3|0.0|0.0|0.0|50.0|0.0,70:3_瞬时流量,89,0.0,0.0,1.0,
1100010,49.5|46.3|0.0|0.0|0.0|50.0|0.0,总管效率_pct,89,0.67,1.09,0.0484,1.37
1100010,49.5|47.5|0.0|0.0|0.0|50.0|0.0,170:1_瞬时流量,68,25.24,35.59,0.5515,1.17
1100010,49.5|47.5|0.0|0.0|0.0|50.0|0.0,170:2_瞬时流量,68,4.38,5.4,0.4536,0.76
1100010,49.5|47.5|0.0|0.0|0.0|50.0|0.0,70:3_瞬时流量,68,0.0,0.0,1.0,
1100010,49.5|47.5|0.0|0.0|0.0|50.0|0.0,总管效率_pct,68,1.07,1.26,-0.0966,2.27
1100010,49.5|48.0|0.0|0.0|0.0|50.0|0.0,170:1_瞬时流量,61,31.48,36.98,-1.7109,1.4
1100010,49.5|48.0|0.0|0.0|0.0|50.0|0.0,170:2_瞬时流量,61,6.01,7.01,-0.8301,1.04
1100010,49.5|48.0|0.0|0.0|0.0|50.0|0.0,70:3_瞬时流量,61,0.0,0.0,1.0,
1100010,49.5|48.0|0.0|0.0|0.0|50.0|0.0,总管效率_pct,61,1.66,2.23,-0.1814,3.31
1100010,49.5|49.0|0.0|0.0|0.0|50.0|0.0,170:1_瞬时流量,1034,28.0,35.35,0.4448,1.26
1100010,49.5|49.0|0.0|0.0|0.0|50.0|0.0,170:2_瞬时流量,1034,4.78,6.0,0.4351,0.81
1100010,49.5|49.0|0.0|0.0|0.0|50.0|0.0,70:3_瞬时流量,1034,0.0,0.0,0.0,
1100010,49.5|49.0|0.0|0.0|0.0|50.0|0.0,总管效率_pct,1034,1.59,2.02,-0.033,3.38
1100010,49.6|41.3|0.0|0.0|0.0|50.0|0.0,170:1_瞬时流量,157,28.41,34.3,-0.687,1.46
1100010,49.6|41.3|0.0|0.0|0.0|50.0|0.0,170:2_瞬时流量,157,10.27,12.88,-0.2234,2.0
1100010,49.6|41.3|0.0|0.0|0.0|50.0|0.0,70:3_瞬时流量,157,0.0,0.0,1.0,
1100010,49.6|41.3|0.0|0.0|0.0|50.0|0.0,总管效率_pct,157,1.46,1.87,0.0139,3.07
1100010,49.6|41.4|0.0|0.0|0.0|50.0|0.0,170:1_瞬时流量,170,24.08,31.25,-0.115,1.24
1100010,49.6|41.4|0.0|0.0|0.0|50.0|0.0,170:2_瞬时流量,170,10.53,12.81,-0.127,2.05
1100010,49.6|41.4|0.0|0.0|0.0|50.0|0.0,70:3_瞬时流量,170,0.0,0.0,1.0,
1100010,49.6|41.4|0.0|0.0|0.0|50.0|0.0,总管效率_pct,170,1.88,2.41,-0.1798,3.85
1100010,49.6|41.5|0.0|0.0|0.0|50.0|0.0,170:1_瞬时流量,76,21.68,29.48,0.0667,1.12
1100010,49.6|41.5|0.0|0.0|0.0|50.0|0.0,170:2_瞬时流量,76,8.52,9.31,-0.3601,1.7
1100010,49.6|41.5|0.0|0.0|0.0|50.0|0.0,70:3_瞬时流量,76,0.0,0.0,1.0,
1100010,49.6|41.5|0.0|0.0|0.0|50.0|0.0,总管效率_pct,76,1.66,2.21,-0.1019,3.64
1100010,49.6|41.6|0.0|0.0|0.0|50.0|0.0,170:1_瞬时流量,104,21.6,26.49,0.0491,1.11
1100010,49.6|41.6|0.0|0.0|0.0|50.0|0.0,170:2_瞬时流量,104,5.69,7.05,-0.0239,1.12
1100010,49.6|41.6|0.0|0.0|0.0|50.0|0.0,70:3_瞬时流量,104,0.0,0.0,1.0,
1100010,49.6|41.6|0.0|0.0|0.0|50.0|0.0,总管效率_pct,104,0.85,1.19,-0.0075,1.85
1100010,49.6|43.5|0.0|0.0|0.0|50.0|0.0,170:1_瞬时流量,176,21.4,24.99,0.1616,1.04
1100010,49.6|43.5|0.0|0.0|0.0|50.0|0.0,170:2_瞬时流量,176,3.24,4.39,0.3139,0.6
1100010,49.6|43.5|0.0|0.0|0.0|50.0|0.0,70:3_瞬时流量,176,0.0,0.0,0.0,
1100010,49.6|43.5|0.0|0.0|0.0|50.0|0.0,总管效率_pct,176,1.33,1.67,-0.1313,2.73
1100010,49.6|47.7|0.0|0.0|0.0|50.0|0.0,170:1_瞬时流量,86,20.47,23.13,0.6158,0.91
1100010,49.6|47.7|0.0|0.0|0.0|50.0|0.0,170:2_瞬时流量,86,3.35,4.49,0.3298,0.58
1100010,49.6|47.7|0.0|0.0|0.0|50.0|0.0,70:3_瞬时流量,86,0.0,0.0,1.0,
1100010,49.6|47.7|0.0|0.0|0.0|50.0|0.0,总管效率_pct,86,1.38,1.66,-1.268,2.98
1100010,49.7|43.4|0.0|0.0|0.0|50.0|0.0,170:1_瞬时流量,107,28.88,36.41,-0.118,1.4
1100010,49.7|43.4|0.0|0.0|0.0|50.0|0.0,170:2_瞬时流量,107,4.48,6.0,-0.0673,0.82
1100010,49.7|43.4|0.0|0.0|0.0|50.0|0.0,70:3_瞬时流量,107,0.0,0.0,0.0,
1100010,49.7|43.4|0.0|0.0|0.0|50.0|0.0,总管效率_pct,107,2.18,2.45,-0.2432,4.76
1100010,49.7|43.5|0.0|0.0|0.0|50.0|0.0,170:1_瞬时流量,136,21.82,28.19,0.0961,1.05
1100010,49.7|43.5|0.0|0.0|0.0|50.0|0.0,170:2_瞬时流量,136,4.12,4.95,0.2078,0.75
1100010,49.7|43.5|0.0|0.0|0.0|50.0|0.0,70:3_瞬时流量,136,0.0,0.0,0.0,
1100010,49.7|43.5|0.0|0.0|0.0|50.0|0.0,总管效率_pct,136,1.25,1.56,0.1414,2.58
1100010,49.7|43.7|0.0|0.0|0.0|50.0|0.0,170:1_瞬时流量,118,35.58,40.51,0.2312,1.73
1100010,49.7|43.7|0.0|0.0|0.0|50.0|0.0,170:2_瞬时流量,118,4.11,5.26,0.4696,0.74
1100010,49.7|43.7|0.0|0.0|0.0|50.0|0.0,70:3_瞬时流量,118,0.0,0.0,1.0,
1100010,49.7|43.7|0.0|0.0|0.0|50.0|0.0,总管效率_pct,118,1.02,1.19,-0.1283,2.11
1100010,49.7|45.8|0.0|0.0|0.0|50.0|0.0,170:1_瞬时流量,56,32.43,34.85,0.2235,1.47
1100010,49.7|45.8|0.0|0.0|0.0|50.0|0.0,170:2_瞬时流量,56,6.96,8.05,0.3688,1.22
1100010,49.7|45.8|0.0|0.0|0.0|50.0|0.0,70:3_瞬时流量,56,0.0,0.0,1.0,
1100010,49.7|45.8|0.0|0.0|0.0|50.0|0.0,总管效率_pct,56,0.94,1.08,-0.0078,1.91
1100010,49.7|46.6|0.0|0.0|0.0|50.0|0.0,170:1_瞬时流量,161,34.41,38.03,-0.7177,1.62
1100010,49.7|46.6|0.0|0.0|0.0|50.0|0.0,170:2_瞬时流量,161,4.03,5.59,-0.2024,0.71
1100010,49.7|46.6|0.0|0.0|0.0|50.0|0.0,70:3_瞬时流量,161,0.0,0.0,1.0,
1100010,49.7|46.6|0.0|0.0|0.0|50.0|0.0,总管效率_pct,161,1.09,1.41,-0.4476,2.3
1100010,49.7|47.0|0.0|0.0|0.0|50.0|0.0,170:1_瞬时流量,98,33.78,41.77,0.0471,1.57
1100010,49.7|47.0|0.0|0.0|0.0|50.0|0.0,170:2_瞬时流量,98,5.04,5.56,-0.2509,0.87
1100010,49.7|47.0|0.0|0.0|0.0|50.0|0.0,70:3_瞬时流量,98,0.0,0.0,1.0,
1100010,49.7|47.0|0.0|0.0|0.0|50.0|0.0,总管效率_pct,98,2.23,2.95,-0.5634,5.01
1100010,49.8|40.2|0.0|0.0|0.0|50.0|0.0,170:1_瞬时流量,195,53.16,62.3,-1.2977,2.99
1100010,49.8|40.2|0.0|0.0|0.0|50.0|0.0,170:2_瞬时流量,195,15.14,17.36,-2.2146,3.27
1100010,49.8|40.2|0.0|0.0|0.0|50.0|0.0,70:3_瞬时流量,195,0.0,0.0,1.0,
1100010,49.8|40.2|0.0|0.0|0.0|50.0|0.0,总管效率_pct,195,1.22,1.54,0.0273,2.73
1100010,49.8|41.6|0.0|0.0|0.0|50.0|0.0,170:1_瞬时流量,76,36.2,38.6,-0.9132,1.89
1100010,49.8|41.6|0.0|0.0|0.0|50.0|0.0,170:2_瞬时流量,76,5.98,7.31,0.1137,1.18
1100010,49.8|41.6|0.0|0.0|0.0|50.0|0.0,70:3_瞬时流量,76,0.0,0.0,1.0,
1100010,49.8|41.6|0.0|0.0|0.0|50.0|0.0,总管效率_pct,76,1.24,1.38,0.2029,2.63
1100010,49.8|41.7|0.0|0.0|0.0|50.0|0.0,170:1_瞬时流量,155,33.38,36.95,-0.2765,1.69
1100010,49.8|41.7|0.0|0.0|0.0|50.0|0.0,170:2_瞬时流量,155,10.77,12.05,-0.1743,2.08
1100010,49.8|41.7|0.0|0.0|0.0|50.0|0.0,70:3_瞬时流量,155,0.0,0.0,1.0,
1100010,49.8|41.7|0.0|0.0|0.0|50.0|0.0,总管效率_pct,155,2.31,2.74,-0.4914,4.66
1100010,49.8|41.8|0.0|0.0|0.0|50.0|0.0,170:1_瞬时流量,220,27.05,36.1,-0.1992,1.35
1100010,49.8|41.8|0.0|0.0|0.0|50.0|0.0,170:2_瞬时流量,220,8.7,10.48,-0.0699,1.7
1100010,49.8|41.8|0.0|0.0|0.0|50.0|0.0,70:3_瞬时流量,220,0.0,0.0,1.0,
1100010,49.8|41.8|0.0|0.0|0.0|50.0|0.0,总管效率_pct,220,2.29,2.74,-0.0639,5.0
1100010,49.8|42.2|0.0|0.0|0.0|50.0|0.0,170:1_瞬时流量,136,27.75,35.68,-0.2592,1.38
1100010,49.8|42.2|0.0|0.0|0.0|50.0|0.0,170:2_瞬时流量,136,7.69,9.54,0.0707,1.47
1100010,49.8|42.2|0.0|0.0|0.0|50.0|0.0,70:3_瞬时流量,136,0.0,0.0,1.0,
1100010,49.8|42.2|0.0|0.0|0.0|50.0|0.0,总管效率_pct,136,1.18,1.5,0.0658,2.49
1100010,49.8|43.7|0.0|0.0|0.0|50.0|0.0,170:1_瞬时流量,136,27.21,31.56,0.4124,1.29
1100010,49.8|43.7|0.0|0.0|0.0|50.0|0.0,170:2_瞬时流量,136,6.09,6.92,0.2119,1.1
1100010,49.8|43.7|0.0|0.0|0.0|50.0|0.0,70:3_瞬时流量,136,0.0,0.0,0.0,
1100010,49.8|43.7|0.0|0.0|0.0|50.0|0.0,总管效率_pct,136,1.37,1.72,-0.0292,2.79
1100010,49.8|45.0|0.0|0.0|0.0|50.0|0.0,170:1_瞬时流量,89,27.24,32.95,-0.4886,1.3
1100010,49.8|45.0|0.0|0.0|0.0|50.0|0.0,170:2_瞬时流量,89,4.69,5.71,-0.2153,0.85
1100010,49.8|45.0|0.0|0.0|0.0|50.0|0.0,70:3_瞬时流量,89,0.0,0.0,1.0,
1100010,49.8|45.0|0.0|0.0|0.0|50.0|0.0,总管效率_pct,89,1.98,2.17,-0.3758,4.18
1100010,49.8|46.2|0.0|0.0|0.0|50.0|0.0,170:1_瞬时流量,50,19.92,28.36,-0.4222,0.9
1100010,49.8|46.2|0.0|0.0|0.0|50.0|0.0,170:2_瞬时流量,50,4.35,6.17,-0.4197,0.76
1100010,49.8|46.2|0.0|0.0|0.0|50.0|0.0,70:3_瞬时流量,50,0.0,0.0,1.0,
1100010,49.8|46.2|0.0|0.0|0.0|50.0|0.0,总管效率_pct,50,2.08,2.3,-3.1045,4.1
1100010,49.8|46.4|0.0|0.0|0.0|50.0|0.0,170:1_瞬时流量,162,27.35,33.81,-0.1383,1.27
1100010,49.8|46.4|0.0|0.0|0.0|50.0|0.0,170:2_瞬时流量,162,4.29,5.38,-0.8824,0.74
1100010,49.8|46.4|0.0|0.0|0.0|50.0|0.0,70:3_瞬时流量,162,0.0,0.0,1.0,
1100010,49.8|46.4|0.0|0.0|0.0|50.0|0.0,总管效率_pct,162,2.09,2.66,-0.0342,4.21
1100010,49.8|46.6|0.0|0.0|0.0|50.0|0.0,170:1_瞬时流量,136,20.81,22.41,0.1841,0.96
1100010,49.8|46.6|0.0|0.0|0.0|50.0|0.0,170:2_瞬时流量,136,4.95,6.18,0.1421,0.86
1100010,49.8|46.6|0.0|0.0|0.0|50.0|0.0,70:3_瞬时流量,136,0.0,0.0,1.0,
1100010,49.8|46.6|0.0|0.0|0.0|50.0|0.0,总管效率_pct,136,1.35,1.47,-0.2141,2.76
1100010,49.8|46.7|0.0|0.0|0.0|50.0|0.0,170:1_瞬时流量,151,27.38,29.43,0.2316,1.25
1100010,49.8|46.7|0.0|0.0|0.0|50.0|0.0,170:2_瞬时流量,151,6.86,7.67,0.083,1.2
1100010,49.8|46.7|0.0|0.0|0.0|50.0|0.0,70:3_瞬时流量,151,0.0,0.0,1.0,
1100010,49.8|46.7|0.0|0.0|0.0|50.0|0.0,总管效率_pct,151,1.38,1.61,-0.0429,2.93
1100010,49.8|46.8|0.0|0.0|0.0|50.0|0.0,170:1_瞬时流量,127,27.34,34.15,0.0489,1.27
1100010,49.8|46.8|0.0|0.0|0.0|50.0|0.0,170:2_瞬时流量,127,5.44,6.56,-0.1587,0.95
1100010,49.8|46.8|0.0|0.0|0.0|50.0|0.0,70:3_瞬时流量,127,0.0,0.0,1.0,
1100010,49.8|46.8|0.0|0.0|0.0|50.0|0.0,总管效率_pct,127,1.5,1.78,-0.0926,3.19
1100010,49.8|47.0|0.0|0.0|0.0|50.0|0.0,170:1_瞬时流量,88,28.3,34.18,-0.2284,1.31
1100010,49.8|47.0|0.0|0.0|0.0|50.0|0.0,170:2_瞬时流量,88,7.44,7.9,0.0014,1.29
1100010,49.8|47.0|0.0|0.0|0.0|50.0|0.0,70:3_瞬时流量,88,0.0,0.0,1.0,
1100010,49.8|47.0|0.0|0.0|0.0|50.0|0.0,总管效率_pct,88,1.69,2.01,-0.0941,3.64
1100010,49.8|48.0|0.0|0.0|0.0|50.0|0.0,170:1_瞬时流量,117,30.46,34.16,-0.0951,1.38
1100010,49.8|48.0|0.0|0.0|0.0|50.0|0.0,170:2_瞬时流量,117,6.18,6.49,0.0279,1.06
1100010,49.8|48.0|0.0|0.0|0.0|50.0|0.0,70:3_瞬时流量,117,0.0,0.0,1.0,
1100010,49.8|48.0|0.0|0.0|0.0|50.0|0.0,总管效率_pct,117,1.89,2.63,-0.0012,4.0
1100010,49.8|48.4|0.0|0.0|0.0|50.0|0.0,170:1_瞬时流量,76,22.92,29.71,-0.2735,1.03
1100010,49.8|48.4|0.0|0.0|0.0|50.0|0.0,170:2_瞬时流量,76,3.27,3.7,0.3691,0.56
1100010,49.8|48.4|0.0|0.0|0.0|50.0|0.0,70:3_瞬时流量,76,0.0,0.0,1.0,
1100010,49.8|48.4|0.0|0.0|0.0|50.0|0.0,总管效率_pct,76,0.6,0.76,-0.3376,1.27
1100010,49.8|48.7|0.0|0.0|0.0|50.0|0.0,170:1_瞬时流量,152,18.01,23.76,0.4022,0.79
1100010,49.8|48.7|0.0|0.0|0.0|50.0|0.0,170:2_瞬时流量,152,3.36,3.94,0.5943,0.57
1100010,49.8|48.7|0.0|0.0|0.0|50.0|0.0,70:3_瞬时流量,152,0.0,0.0,1.0,
1100010,49.8|48.7|0.0|0.0|0.0|50.0|0.0,总管效率_pct,152,1.49,1.76,-0.024,3.19
1100010,49.8|49.2|0.0|0.0|0.0|50.0|0.0,170:1_瞬时流量,69,20.49,23.27,0.6716,0.92
1100010,49.8|49.2|0.0|0.0|0.0|50.0|0.0,170:2_瞬时流量,69,3.3,4.63,0.3576,0.57
1100010,49.8|49.2|0.0|0.0|0.0|50.0|0.0,70:3_瞬时流量,69,0.0,0.0,0.0,
1100010,49.8|49.2|0.0|0.0|0.0|50.0|0.0,总管效率_pct,69,1.35,1.7,-0.0169,2.87
1100010,49.8|49.5|0.0|0.0|0.0|50.0|0.0,170:1_瞬时流量,325,28.49,34.31,0.2134,1.29
1100010,49.8|49.5|0.0|0.0|0.0|50.0|0.0,170:2_瞬时流量,325,4.6,5.66,0.3919,0.78
1100010,49.8|49.5|0.0|0.0|0.0|50.0|0.0,70:3_瞬时流量,325,0.0,0.0,1.0,
1100010,49.8|49.5|0.0|0.0|0.0|50.0|0.0,总管效率_pct,325,1.74,2.15,0.01,3.68
1100010,49.8|49.7|0.0|0.0|0.0|50.0|0.0,170:1_瞬时流量,1409,22.83,30.01,0.2903,1.03
1100010,49.8|49.7|0.0|0.0|0.0|50.0|0.0,170:2_瞬时流量,1409,4.63,5.8,0.2665,0.78
1100010,49.8|49.7|0.0|0.0|0.0|50.0|0.0,70:3_瞬时流量,1409,0.0,0.0,1.0,
1100010,49.8|49.7|0.0|0.0|0.0|50.0|0.0,总管效率_pct,1409,1.5,1.95,0.014,3.18
1100010,49.8|49.8|0.0|0.0|0.0|50.0|0.0,170:1_瞬时流量,1461,25.2,32.68,0.3976,1.12
1100010,49.8|49.8|0.0|0.0|0.0|50.0|0.0,170:2_瞬时流量,1461,5.37,6.62,0.396,0.9
1100010,49.8|49.8|0.0|0.0|0.0|50.0|0.0,70:3_瞬时流量,1461,0.0,0.0,1.0,
1100010,49.8|49.8|0.0|0.0|0.0|50.0|0.0,总管效率_pct,1461,1.37,1.8,0.0246,2.91
1100010,49.9|42.1|0.0|0.0|0.0|50.0|0.0,170:1_瞬时流量,101,22.19,29.54,-0.7977,1.1
1100010,49.9|42.1|0.0|0.0|0.0|50.0|0.0,170:2_瞬时流量,101,5.56,6.33,0.4075,1.07
1100010,49.9|42.1|0.0|0.0|0.0|50.0|0.0,70:3_瞬时流量,101,0.0,0.0,1.0,
1100010,49.9|42.1|0.0|0.0|0.0|50.0|0.0,总管效率_pct,101,1.03,1.26,0.0986,2.14
1100010,49.9|43.9|0.0|0.0|0.0|50.0|0.0,170:1_瞬时流量,65,21.72,27.55,-0.1713,1.04
1100010,49.9|43.9|0.0|0.0|0.0|50.0|0.0,170:2_瞬时流量,65,5.43,5.97,-0.0059,0.99
1100010,49.9|43.9|0.0|0.0|0.0|50.0|0.0,70:3_瞬时流量,65,0.0,0.0,0.0,
1100010,49.9|43.9|0.0|0.0|0.0|50.0|0.0,总管效率_pct,65,1.3,1.51,0.1148,2.74
1100010,49.9|44.0|0.0|0.0|0.0|50.0|0.0,170:1_瞬时流量,215,15.82,20.29,-0.0236,0.75
1100010,49.9|44.0|0.0|0.0|0.0|50.0|0.0,170:2_瞬时流量,215,4.72,5.87,0.0878,0.86
1100010,49.9|44.0|0.0|0.0|0.0|50.0|0.0,70:3_瞬时流量,215,0.0,0.0,1.0,
1100010,49.9|44.0|0.0|0.0|0.0|50.0|0.0,总管效率_pct,215,1.31,1.69,0.0021,2.68
1100010,49.9|44.1|0.0|0.0|0.0|50.0|0.0,170:1_瞬时流量,260,19.57,24.01,-0.1961,0.93
1100010,49.9|44.1|0.0|0.0|0.0|50.0|0.0,170:2_瞬时流量,260,3.03,4.28,-0.0753,0.55
1100010,49.9|44.1|0.0|0.0|0.0|50.0|0.0,70:3_瞬时流量,260,0.0,0.0,1.0,
1100010,49.9|44.1|0.0|0.0|0.0|50.0|0.0,总管效率_pct,260,1.57,2.02,-0.0904,3.2
1100010,49.9|44.7|0.0|0.0|0.0|50.0|0.0,170:1_瞬时流量,105,9.22,14.28,-0.2513,0.43
1100010,49.9|44.7|0.0|0.0|0.0|50.0|0.0,170:2_瞬时流量,105,3.96,5.56,-0.3273,0.7
1100010,49.9|44.7|0.0|0.0|0.0|50.0|0.0,70:3_瞬时流量,105,0.0,0.0,1.0,
1100010,49.9|44.7|0.0|0.0|0.0|50.0|0.0,总管效率_pct,105,1.18,1.34,-0.5633,2.39
1100010,49.9|46.6|0.0|0.0|0.0|50.0|0.0,170:1_瞬时流量,92,33.74,40.52,-0.4985,1.53
1100010,49.9|46.6|0.0|0.0|0.0|50.0|0.0,170:2_瞬时流量,92,5.04,5.57,-0.2262,0.88
1100010,49.9|46.6|0.0|0.0|0.0|50.0|0.0,70:3_瞬时流量,92,0.0,0.0,1.0,
1100010,49.9|46.6|0.0|0.0|0.0|50.0|0.0,总管效率_pct,92,1.71,2.26,-0.1844,3.4
1100010,49.9|48.4|0.0|0.0|0.0|50.0|0.0,170:1_瞬时流量,78,28.26,32.65,0.4343,1.23
1100010,49.9|48.4|0.0|0.0|0.0|50.0|0.0,170:2_瞬时流量,78,3.88,5.03,0.4956,0.65
1100010,49.9|48.4|0.0|0.0|0.0|50.0|0.0,70:3_瞬时流量,78,0.0,0.0,1.0,
1100010,49.9|48.4|0.0|0.0|0.0|50.0|0.0,总管效率_pct,78,1.02,1.11,-0.1753,2.15
1100010,49.9|48.5|0.0|0.0|0.0|50.0|0.0,170:1_瞬时流量,141,33.77,46.18,0.49,1.52
1100010,49.9|48.5|0.0|0.0|0.0|50.0|0.0,170:2_瞬时流量,141,5.05,6.48,0.3851,0.84
1100010,49.9|48.5|0.0|0.0|0.0|50.0|0.0,70:3_瞬时流量,141,0.0,0.0,1.0,
1100010,49.9|48.5|0.0|0.0|0.0|50.0|0.0,总管效率_pct,141,1.1,1.3,-0.3938,2.35
1100010,49.9|49.5|0.0|0.0|0.0|50.0|0.0,170:1_瞬时流量,99,31.86,34.48,-0.5105,1.42
1100010,49.9|49.5|0.0|0.0|0.0|50.0|0.0,170:2_瞬时流量,99,5.82,6.76,-0.3425,1.0
1100010,49.9|49.5|0.0|0.0|0.0|50.0|0.0,70:3_瞬时流量,99,0.0,0.0,0.0,
1100010,49.9|49.5|0.0|0.0|0.0|50.0|0.0,总管效率_pct,99,0.87,1.12,0.1103,1.8
1100010,49.9|49.8|0.0|0.0|0.0|50.0|0.0,170:1_瞬时流量,537,23.85,31.01,0.4374,1.06
1100010,49.9|49.8|0.0|0.0|0.0|50.0|0.0,170:2_瞬时流量,537,5.64,6.83,0.2728,0.94
1100010,49.9|49.8|0.0|0.0|0.0|50.0|0.0,70:3_瞬时流量,537,0.0,0.0,0.0,
1100010,49.9|49.8|0.0|0.0|0.0|50.0|0.0,总管效率_pct,537,1.39,1.77,-0.0945,2.98
1100010,49.9|49.9|0.0|0.0|0.0|50.0|0.0,170:1_瞬时流量,1763,26.31,32.14,0.3737,1.16
1100010,49.9|49.9|0.0|0.0|0.0|50.0|0.0,170:2_瞬时流量,1763,5.49,6.76,0.4058,0.92
1100010,49.9|49.9|0.0|0.0|0.0|50.0|0.0,70:3_瞬时流量,1763,0.0,0.0,0.0,
1100010,49.9|49.9|0.0|0.0|0.0|50.0|0.0,总管效率_pct,1763,1.25,1.68,-0.014,2.65
1100010,50.0|40.1|0.0|0.0|0.0|50.0|0.0,170:1_瞬时流量,57,61.58,68.51,-0.8573,3.44
1100010,50.0|40.1|0.0|0.0|0.0|50.0|0.0,170:2_瞬时流量,57,10.81,12.29,-3.2326,2.3
1100010,50.0|40.1|0.0|0.0|0.0|50.0|0.0,70:3_瞬时流量,57,0.0,0.0,1.0,
1100010,50.0|40.1|0.0|0.0|0.0|50.0|0.0,总管效率_pct,57,2.13,2.33,-3.6501,5.08
1100010,50.0|40.8|0.0|0.0|0.0|50.0|0.0,170:1_瞬时流量,59,44.63,56.57,0.036,2.41
1100010,50.0|40.8|0.0|0.0|0.0|50.0|0.0,170:2_瞬时流量,59,11.57,14.9,-0.475,2.43
1100010,50.0|40.8|0.0|0.0|0.0|50.0|0.0,70:3_瞬时流量,59,0.0,0.0,1.0,
1100010,50.0|40.8|0.0|0.0|0.0|50.0|0.0,总管效率_pct,59,1.83,2.14,0.3272,4.12
1100010,50.0|41.5|0.0|0.0|0.0|50.0|0.0,170:1_瞬时流量,72,60.79,66.96,-0.0325,3.15
1100010,50.0|41.5|0.0|0.0|0.0|50.0|0.0,170:2_瞬时流量,72,8.11,10.37,-0.1451,1.63
1100010,50.0|41.5|0.0|0.0|0.0|50.0|0.0,70:3_瞬时流量,72,0.0,0.0,1.0,
1100010,50.0|41.5|0.0|0.0|0.0|50.0|0.0,总管效率_pct,72,2.13,2.29,0.0354,4.73
1100010,50.0|41.9|0.0|0.0|0.0|50.0|0.0,170:1_瞬时流量,132,27.64,34.11,-0.1322,1.4
1100010,50.0|41.9|0.0|0.0|0.0|50.0|0.0,170:2_瞬时流量,132,13.37,16.34,-0.3273,2.66
1100010,50.0|41.9|0.0|0.0|0.0|50.0|0.0,70:3_瞬时流量,132,0.0,0.0,1.0,
1100010,50.0|41.9|0.0|0.0|0.0|50.0|0.0,总管效率_pct,132,2.02,2.32,-0.0851,4.42
1100010,50.0|42.4|0.0|0.0|0.0|50.0|0.0,170:1_瞬时流量,290,22.18,32.42,-0.4548,1.11
1100010,50.0|42.4|0.0|0.0|0.0|50.0|0.0,170:2_瞬时流量,290,8.73,10.38,-0.9916,1.68
1100010,50.0|42.4|0.0|0.0|0.0|50.0|0.0,70:3_瞬时流量,290,0.0,0.0,1.0,
1100010,50.0|42.4|0.0|0.0|0.0|50.0|0.0,总管效率_pct,290,1.18,1.47,0.1264,2.5
1100010,50.0|42.6|0.0|0.0|0.0|50.0|0.0,170:1_瞬时流量,100,23.94,27.26,0.2165,1.19
1100010,50.0|42.6|0.0|0.0|0.0|50.0|0.0,170:2_瞬时流量,100,10.98,13.19,-0.9151,2.11
1100010,50.0|42.6|0.0|0.0|0.0|50.0|0.0,70:3_瞬时流量,100,0.0,0.0,1.0,
1100010,50.0|42.6|0.0|0.0|0.0|50.0|0.0,总管效率_pct,100,1.43,1.76,-0.0711,3.11
1100010,50.0|43.2|0.0|0.0|0.0|50.0|0.0,170:1_瞬时流量,128,20.98,24.6,0.4447,1.02
1100010,50.0|43.2|0.0|0.0|0.0|50.0|0.0,170:2_瞬时流量,128,12.27,14.26,-1.2904,2.32
1100010,50.0|43.2|0.0|0.0|0.0|50.0|0.0,70:3_瞬时流量,128,0.0,0.0,0.0,
1100010,50.0|43.2|0.0|0.0|0.0|50.0|0.0,总管效率_pct,128,0.93,1.24,-0.0159,1.93
1100010,50.0|43.5|0.0|0.0|0.0|50.0|0.0,170:1_瞬时流量,180,29.9,41.07,-0.0166,1.42
1100010,50.0|43.5|0.0|0.0|0.0|50.0|0.0,170:2_瞬时流量,180,9.59,12.63,-0.0122,1.78
1100010,50.0|43.5|0.0|0.0|0.0|50.0|0.0,70:3_瞬时流量,180,0.0,0.0,0.0,
1100010,50.0|43.5|0.0|0.0|0.0|50.0|0.0,总管效率_pct,180,1.36,1.64,0.0204,2.87
1100010,50.0|43.8|0.0|0.0|0.0|50.0|0.0,170:1_瞬时流量,164,29.13,35.1,-0.1584,1.4
1100010,50.0|43.8|0.0|0.0|0.0|50.0|0.0,170:2_瞬时流量,164,4.38,5.71,0.2394,0.8
1100010,50.0|43.8|0.0|0.0|0.0|50.0|0.0,70:3_瞬时流量,164,0.0,0.0,0.0,
1100010,50.0|43.8|0.0|0.0|0.0|50.0|0.0,总管效率_pct,164,1.42,1.7,0.1043,3.02
1100010,50.0|44.0|0.0|0.0|0.0|50.0|0.0,170:1_瞬时流量,255,21.01,27.27,-0.3468,1.01
1100010,50.0|44.0|0.0|0.0|0.0|50.0|0.0,170:2_瞬时流量,255,4.39,5.4,0.0937,0.8
1100010,50.0|44.0|0.0|0.0|0.0|50.0|0.0,70:3_瞬时流量,255,0.0,0.0,0.0,
1100010,50.0|44.0|0.0|0.0|0.0|50.0|0.0,总管效率_pct,255,1.72,1.92,-0.0027,3.66
1100010,50.0|44.4|0.0|0.0|0.0|50.0|0.0,170:1_瞬时流量,146,23.84,35.02,-0.5113,1.15
1100010,50.0|44.4|0.0|0.0|0.0|50.0|0.0,170:2_瞬时流量,146,5.33,7.2,-0.0291,0.97
1100010,50.0|44.4|0.0|0.0|0.0|50.0|0.0,70:3_瞬时流量,146,0.0,0.0,0.0,
1100010,50.0|44.4|0.0|0.0|0.0|50.0|0.0,总管效率_pct,146,1.28,1.53,0.0828,2.72
1100010,50.0|44.6|0.0|0.0|0.0|50.0|0.0,170:1_瞬时流量,201,21.81,32.87,0.0059,1.04
1100010,50.0|44.6|0.0|0.0|0.0|50.0|0.0,170:2_瞬时流量,201,4.09,5.25,0.2084,0.74
1100010,50.0|44.6|0.0|0.0|0.0|50.0|0.0,70:3_瞬时流量,201,0.0,0.0,1.0,
1100010,50.0|44.6|0.0|0.0|0.0|50.0|0.0,总管效率_pct,201,1.38,1.73,0.1944,2.89
1100010,50.0|45.0|0.0|0.0|0.0|50.0|0.0,170:1_瞬时流量,193,18.88,24.2,-0.0078,0.88
1100010,50.0|45.0|0.0|0.0|0.0|50.0|0.0,170:2_瞬时流量,193,4.25,7.21,-0.0599,0.77
1100010,50.0|45.0|0.0|0.0|0.0|50.0|0.0,70:3_瞬时流量,193,0.0,0.0,1.0,
1100010,50.0|45.0|0.0|0.0|0.0|50.0|0.0,总管效率_pct,193,1.58,2.1,-0.0371,3.3
1100010,50.0|45.2|0.0|0.0|0.0|50.0|0.0,170:1_瞬时流量,194,25.55,30.13,0.3037,1.19
1100010,50.0|45.2|0.0|0.0|0.0|50.0|0.0,170:2_瞬时流量,194,5.37,7.96,-0.1154,0.96
1100010,50.0|45.2|0.0|0.0|0.0|50.0|0.0,70:3_瞬时流量,194,0.0,0.0,1.0,
1100010,50.0|45.2|0.0|0.0|0.0|50.0|0.0,总管效率_pct,194,1.11,1.49,-0.0014,2.29
1100010,50.0|45.5|0.0|0.0|0.0|50.0|0.0,170:1_瞬时流量,127,21.5,26.96,0.2995,1.0
1100010,50.0|45.5|0.0|0.0|0.0|50.0|0.0,170:2_瞬时流量,127,6.09,7.1,0.0748,1.08
1100010,50.0|45.5|0.0|0.0|0.0|50.0|0.0,70:3_瞬时流量,127,0.0,0.0,1.0,
1100010,50.0|45.5|0.0|0.0|0.0|50.0|0.0,总管效率_pct,127,0.98,1.26,0.2224,2.06
1100010,50.0|45.6|0.0|0.0|0.0|50.0|0.0,170:1_瞬时流量,122,21.15,25.58,0.4009,0.98
1100010,50.0|45.6|0.0|0.0|0.0|50.0|0.0,170:2_瞬时流量,122,6.47,7.46,0.1868,1.15
1100010,50.0|45.6|0.0|0.0|0.0|50.0|0.0,70:3_瞬时流量,122,0.0,0.0,1.0,
1100010,50.0|45.6|0.0|0.0|0.0|50.0|0.0,总管效率_pct,122,1.14,1.46,0.1357,2.39
1100010,50.0|45.7|0.0|0.0|0.0|50.0|0.0,170:1_瞬时流量,123,21.95,29.48,-0.2817,1.02
1100010,50.0|45.7|0.0|0.0|0.0|50.0|0.0,170:2_瞬时流量,123,5.32,6.63,-0.1318,0.94
1100010,50.0|45.7|0.0|0.0|0.0|50.0|0.0,70:3_瞬时流量,123,0.0,0.0,1.0,
1100010,50.0|45.7|0.0|0.0|0.0|50.0|0.0,总管效率_pct,123,1.21,1.62,-0.0616,2.58
1100010,50.0|46.5|0.0|0.0|0.0|50.0|0.0,170:1_瞬时流量,175,19.46,24.98,0.3801,0.89
1100010,50.0|46.5|0.0|0.0|0.0|50.0|0.0,170:2_瞬时流量,175,6.07,7.76,-0.3733,1.06
1100010,50.0|46.5|0.0|0.0|0.0|50.0|0.0,70:3_瞬时流量,175,0.0,0.0,0.0,
1100010,50.0|46.5|0.0|0.0|0.0|50.0|0.0,总管效率_pct,175,1.53,1.85,0.0279,3.23
1100010,50.0|46.9|0.0|0.0|0.0|50.0|0.0,170:1_瞬时流量,188,25.96,32.43,-0.0128,1.16
1100010,50.0|46.9|0.0|0.0|0.0|50.0|0.0,170:2_瞬时流量,188,5.58,6.66,-0.1942,0.98
1100010,50.0|46.9|0.0|0.0|0.0|50.0|0.0,70:3_瞬时流量,188,0.0,0.0,0.0,
1100010,50.0|46.9|0.0|0.0|0.0|50.0|0.0,总管效率_pct,188,1.32,1.61,0.0098,2.73
1100010,50.0|47.5|0.0|0.0|0.0|50.0|0.0,170:1_瞬时流量,217,25.71,34.24,0.3579,1.16
1100010,50.0|47.5|0.0|0.0|0.0|50.0|0.0,170:2_瞬时流量,217,4.93,6.69,0.0136,0.85
1100010,50.0|47.5|0.0|0.0|0.0|50.0|0.0,70:3_瞬时流量,217,0.0,0.0,1.0,
1100010,50.0|47.5|0.0|0.0|0.0|50.0|0.0,总管效率_pct,217,1.56,1.89,0.0061,3.26
1100010,50.0|47.6|0.0|0.0|0.0|50.0|0.0,170:1_瞬时流量,155,30.99,37.82,0.4454,1.41
1100010,50.0|47.6|0.0|0.0|0.0|50.0|0.0,170:2_瞬时流量,155,5.28,6.51,0.2422,0.91
1100010,50.0|47.6|0.0|0.0|0.0|50.0|0.0,70:3_瞬时流量,155,0.0,0.0,1.0,
1100010,50.0|47.6|0.0|0.0|0.0|50.0|0.0,总管效率_pct,155,1.09,1.28,0.0882,2.27
1100010,50.0|47.7|0.0|0.0|0.0|50.0|0.0,170:1_瞬时流量,138,32.86,38.09,0.3548,1.49
1100010,50.0|47.7|0.0|0.0|0.0|50.0|0.0,170:2_瞬时流量,138,5.28,6.82,0.2795,0.9
1100010,50.0|47.7|0.0|0.0|0.0|50.0|0.0,70:3_瞬时流量,138,0.0,0.0,1.0,
1100010,50.0|47.7|0.0|0.0|0.0|50.0|0.0,总管效率_pct,138,0.92,1.11,0.0981,1.92
1100010,50.0|48.0|0.0|0.0|0.0|50.0|0.0,170:1_瞬时流量,122,42.44,53.89,0.1574,1.96
1100010,50.0|48.0|0.0|0.0|0.0|50.0|0.0,170:2_瞬时流量,122,4.09,5.24,0.592,0.69
1100010,50.0|48.0|0.0|0.0|0.0|50.0|0.0,70:3_瞬时流量,122,0.0,0.0,1.0,
1100010,50.0|48.0|0.0|0.0|0.0|50.0|0.0,总管效率_pct,122,1.14,1.81,-0.1302,2.52
1100010,50.0|48.7|0.0|0.0|0.0|50.0|0.0,170:1_瞬时流量,200,29.45,35.92,0.5003,1.3
1100010,50.0|48.7|0.0|0.0|0.0|50.0|0.0,170:2_瞬时流量,200,4.24,5.22,0.4934,0.71
1100010,50.0|48.7|0.0|0.0|0.0|50.0|0.0,70:3_瞬时流量,200,0.0,0.0,1.0,
1100010,50.0|48.7|0.0|0.0|0.0|50.0|0.0,总管效率_pct,200,1.41,1.78,-0.0184,3.03
1100010,50.0|49.4|0.0|0.0|0.0|50.0|0.0,170:1_瞬时流量,166,25.88,28.92,0.3498,1.14
1100010,50.0|49.4|0.0|0.0|0.0|50.0|0.0,170:2_瞬时流量,166,4.26,5.03,0.3939,0.72
1100010,50.0|49.4|0.0|0.0|0.0|50.0|0.0,70:3_瞬时流量,166,0.0,0.0,1.0,
1100010,50.0|49.4|0.0|0.0|0.0|50.0|0.0,总管效率_pct,166,1.64,2.27,-0.0924,3.34
1100010,50.0|49.8|0.0|0.0|0.0|50.0|0.0,170:1_瞬时流量,229,22.38,28.65,0.1393,0.98
1100010,50.0|49.8|0.0|0.0|0.0|50.0|0.0,170:2_瞬时流量,229,4.94,6.0,0.3825,0.82
1100010,50.0|49.8|0.0|0.0|0.0|50.0|0.0,70:3_瞬时流量,229,0.0,0.0,0.0,
1100010,50.0|49.8|0.0|0.0|0.0|50.0|0.0,总管效率_pct,229,1.29,1.76,-0.0113,2.72
1100011,45.0|39.2|0.0|0.0|0.0|50.0|50.0,170:1_瞬时流量,179,28.54,33.32,-2.4198,1.94
1100011,45.0|39.2|0.0|0.0|0.0|50.0|50.0,170:2_瞬时流量,179,16.54,16.87,-24.852,4.08
1100011,45.0|39.2|0.0|0.0|0.0|50.0|50.0,70:3_瞬时流量,179,5.68,6.64,-0.4197,1.12
1100011,45.0|39.2|0.0|0.0|0.0|50.0|50.0,总管效率_pct,179,1.11,1.5,-0.0602,2.43
1100011,45.3|39.8|0.0|0.0|0.0|50.0|50.0,170:1_瞬时流量,345,22.63,26.77,-0.1046,1.47
1100011,45.3|39.8|0.0|0.0|0.0|50.0|50.0,170:2_瞬时流量,345,9.4,11.92,-1.3999,2.25
1100011,45.3|39.8|0.0|0.0|0.0|50.0|50.0,70:3_瞬时流量,345,5.74,7.2,-0.0098,1.14
1100011,45.3|39.8|0.0|0.0|0.0|50.0|50.0,总管效率_pct,345,2.13,2.62,-0.0201,4.41
1100011,45.3|40.0|0.0|0.0|0.0|50.0|50.0,170:1_瞬时流量,91,27.99,32.85,-1.7274,1.82
1100011,45.3|40.0|0.0|0.0|0.0|50.0|50.0,170:2_瞬时流量,91,11.8,13.78,-2.7215,2.79
1100011,45.3|40.0|0.0|0.0|0.0|50.0|50.0,70:3_瞬时流量,91,5.76,6.79,0.2804,1.16
1100011,45.3|40.0|0.0|0.0|0.0|50.0|50.0,总管效率_pct,91,1.44,1.86,-0.0425,3.09
1100011,45.5|40.2|0.0|0.0|0.0|50.0|50.0,170:1_瞬时流量,495,22.87,29.68,-0.6519,1.47
1100011,45.5|40.2|0.0|0.0|0.0|50.0|50.0,170:2_瞬时流量,495,9.58,11.94,-1.3595,2.24
1100011,45.5|40.2|0.0|0.0|0.0|50.0|50.0,70:3_瞬时流量,495,6.24,7.8,0.3157,1.25
1100011,45.5|40.2|0.0|0.0|0.0|50.0|50.0,总管效率_pct,495,1.84,2.39,-0.0196,3.86
1100011,45.9|41.1|0.0|0.0|0.0|50.0|50.0,170:1_瞬时流量,240,22.24,43.33,-0.4011,1.36
1100011,45.9|41.1|0.0|0.0|0.0|50.0|50.0,170:2_瞬时流量,240,4.87,8.18,-3.5847,1.07
1100011,45.9|41.1|0.0|0.0|0.0|50.0|50.0,70:3_瞬时流量,240,6.93,8.92,0.6421,1.41
1100011,45.9|41.1|0.0|0.0|0.0|50.0|50.0,总管效率_pct,240,1.85,2.08,-0.0327,3.82
1100011,46.0|41.5|0.0|0.0|0.0|50.0|50.0,170:1_瞬时流量,192,28.75,34.76,0.1135,1.71
1100011,46.0|41.5|0.0|0.0|0.0|50.0|50.0,170:2_瞬时流量,192,5.23,6.33,0.0826,1.11
1100011,46.0|41.5|0.0|0.0|0.0|50.0|50.0,70:3_瞬时流量,192,5.65,6.88,0.5957,1.13
1100011,46.0|41.5|0.0|0.0|0.0|50.0|50.0,总管效率_pct,192,1.21,1.45,-0.031,2.51
1100011,46.2|41.6|0.0|0.0|0.0|50.0|50.0,170:1_瞬时流量,302,31.21,40.64,-0.0527,1.85
1100011,46.2|41.6|0.0|0.0|0.0|50.0|50.0,170:2_瞬时流量,302,4.61,5.38,0.4028,0.96
1100011,46.2|41.6|0.0|0.0|0.0|50.0|50.0,70:3_瞬时流量,302,7.01,8.54,0.4735,1.36
1100011,46.2|41.6|0.0|0.0|0.0|50.0|50.0,总管效率_pct,302,1.65,2.02,-0.1434,3.52
1100011,46.2|41.9|0.0|0.0|0.0|50.0|50.0,170:1_瞬时流量,510,28.41,35.31,-0.0682,1.65
1100011,46.2|41.9|0.0|0.0|0.0|50.0|50.0,170:2_瞬时流量,510,5.54,6.61,-0.1286,1.16
1100011,46.2|41.9|0.0|0.0|0.0|50.0|50.0,70:3_瞬时流量,510,5.83,7.49,0.5003,1.19
1100011,46.2|41.9|0.0|0.0|0.0|50.0|50.0,总管效率_pct,510,1.89,2.29,-0.0435,3.87
1100011,46.5|42.3|0.0|0.0|0.0|50.0|50.0,170:1_瞬时流量,622,31.0,37.63,-0.5918,1.77
1100011,46.5|42.3|0.0|0.0|0.0|50.0|50.0,170:2_瞬时流量,622,5.29,6.36,-0.0415,1.09
1100011,46.5|42.3|0.0|0.0|0.0|50.0|50.0,70:3_瞬时流量,622,7.33,9.01,0.6163,1.49
1100011,46.5|42.3|0.0|0.0|0.0|50.0|50.0,总管效率_pct,622,1.49,2.12,-0.0714,3.14
1100011,46.6|42.5|0.0|0.0|0.0|50.0|50.0,170:1_瞬时流量,335,30.09,39.76,-0.0947,1.69
1100011,46.6|42.5|0.0|0.0|0.0|50.0|50.0,170:2_瞬时流量,335,3.9,5.11,-0.0148,0.8
1100011,46.6|42.5|0.0|0.0|0.0|50.0|50.0,70:3_瞬时流量,335,5.48,6.69,0.676,1.1
1100011,46.6|42.5|0.0|0.0|0.0|50.0|50.0,总管效率_pct,335,1.63,2.1,-0.1083,3.37
1100011,46.8|42.8|0.0|0.0|0.0|50.0|50.0,170:1_瞬时流量,115,20.73,33.27,-0.3901,1.14
1100011,46.8|42.8|0.0|0.0|0.0|50.0|50.0,170:2_瞬时流量,115,2.42,2.98,0.6823,0.49
1100011,46.8|42.8|0.0|0.0|0.0|50.0|50.0,70:3_瞬时流量,115,6.42,7.72,0.8449,1.29
1100011,46.8|42.8|0.0|0.0|0.0|50.0|50.0,总管效率_pct,115,1.32,1.74,-0.0568,2.72
1100011,46.9|43.0|0.0|0.0|0.0|50.0|50.0,170:1_瞬时流量,81,20.89,26.52,0.5603,1.12
1100011,46.9|43.0|0.0|0.0|0.0|50.0|50.0,170:2_瞬时流量,81,5.69,6.09,0.6364,1.16
1100011,46.9|43.0|0.0|0.0|0.0|50.0|50.0,70:3_瞬时流量,81,5.51,6.74,0.9381,1.11
1100011,46.9|43.0|0.0|0.0|0.0|50.0|50.0,总管效率_pct,81,1.25,1.92,-0.0236,2.63
1100011,47.0|43.3|0.0|0.0|0.0|50.0|50.0,170:1_瞬时流量,380,16.55,24.89,0.0624,0.88
1100011,47.0|43.3|0.0|0.0|0.0|50.0|50.0,170:2_瞬时流量,380,4.76,5.59,0.2636,0.95
1100011,47.0|43.3|0.0|0.0|0.0|50.0|50.0,70:3_瞬时流量,380,5.4,6.66,0.6871,1.08
1100011,47.0|43.3|0.0|0.0|0.0|50.0|50.0,总管效率_pct,380,1.52,1.94,0.0352,3.06
1100011,47.0|43.5|0.0|0.0|0.0|50.0|50.0,170:1_瞬时流量,1399,24.63,30.13,0.2183,1.29
1100011,47.0|43.5|0.0|0.0|0.0|50.0|50.0,170:2_瞬时流量,1399,4.56,5.83,0.3602,0.9
1100011,47.0|43.5|0.0|0.0|0.0|50.0|50.0,70:3_瞬时流量,1399,5.59,7.17,0.6019,1.14
1100011,47.0|43.5|0.0|0.0|0.0|50.0|50.0,总管效率_pct,1399,1.94,2.42,-0.0023,3.8
1100011,47.2|44.0|0.0|0.0|0.0|50.0|50.0,170:1_瞬时流量,1152,23.32,30.64,0.2687,1.2
1100011,47.2|44.0|0.0|0.0|0.0|50.0|50.0,170:2_瞬时流量,1152,4.54,5.55,0.3139,0.89
1100011,47.2|44.0|0.0|0.0|0.0|50.0|50.0,70:3_瞬时流量,1152,6.47,8.09,0.6861,1.32
1100011,47.2|44.0|0.0|0.0|0.0|50.0|50.0,总管效率_pct,1152,1.7,2.11,-0.0056,3.37
1100011,47.2|44.2|0.0|0.0|0.0|50.0|50.0,170:1_瞬时流量,402,23.86,29.46,0.2031,1.2
1100011,47.2|44.2|0.0|0.0|0.0|50.0|50.0,170:2_瞬时流量,402,5.29,6.55,0.3536,1.03
1100011,47.2|44.2|0.0|0.0|0.0|50.0|50.0,70:3_瞬时流量,402,6.43,8.2,0.6199,1.3
1100011,47.2|44.2|0.0|0.0|0.0|50.0|50.0,总管效率_pct,402,1.72,2.19,-0.0384,3.4
1100011,47.3|44.3|0.0|0.0|0.0|50.0|50.0,170:1_瞬时流量,1158,25.22,33.68,0.4358,1.29
1100011,47.3|44.3|0.0|0.0|0.0|50.0|50.0,170:2_瞬时流量,1158,4.83,6.37,0.4032,0.95
1100011,47.3|44.3|0.0|0.0|0.0|50.0|50.0,70:3_瞬时流量,1158,7.13,8.83,0.7383,1.46
1100011,47.3|44.3|0.0|0.0|0.0|50.0|50.0,总管效率_pct,1158,1.67,2.18,-0.0143,3.34
1100011,47.3|44.5|0.0|0.0|0.0|50.0|50.0,170:1_瞬时流量,209,24.2,28.92,0.4334,1.23
1100011,47.3|44.5|0.0|0.0|0.0|50.0|50.0,170:2_瞬时流量,209,4.54,6.01,0.3158,0.89
1100011,47.3|44.5|0.0|0.0|0.0|50.0|50.0,70:3_瞬时流量,209,6.01,7.64,0.6468,1.23
1100011,47.3|44.5|0.0|0.0|0.0|50.0|50.0,总管效率_pct,209,1.13,1.46,-0.1044,2.2
1100011,47.4|44.4|0.0|0.0|0.0|50.0|50.0,170:1_瞬时流量,1592,21.21,27.15,0.491,1.07
1100011,47.4|44.4|0.0|0.0|0.0|50.0|50.0,170:2_瞬时流量,1592,4.46,5.97,0.5007,0.86
1100011,47.4|44.4|0.0|0.0|0.0|50.0|50.0,70:3_瞬时流量,1592,6.91,8.84,0.6988,1.38
1100011,47.4|44.4|0.0|0.0|0.0|50.0|50.0,总管效率_pct,1592,1.58,2.04,-0.0045,3.11
1100011,47.4|44.6|0.0|0.0|0.0|50.0|50.0,170:1_瞬时流量,632,27.9,32.64,0.5202,1.41
1100011,47.4|44.6|0.0|0.0|0.0|50.0|50.0,170:2_瞬时流量,632,4.41,5.55,0.5526,0.85
1100011,47.4|44.6|0.0|0.0|0.0|50.0|50.0,70:3_瞬时流量,632,6.64,8.55,0.7066,1.35
1100011,47.4|44.6|0.0|0.0|0.0|50.0|50.0,总管效率_pct,632,1.65,2.11,-0.004,3.28
1100011,47.5|44.4|0.0|0.0|0.0|50.0|50.0,170:1_瞬时流量,375,17.22,21.29,0.2313,0.86
1100011,47.5|44.4|0.0|0.0|0.0|50.0|50.0,170:2_瞬时流量,375,3.99,4.98,0.5766,0.77
1100011,47.5|44.4|0.0|0.0|0.0|50.0|50.0,70:3_瞬时流量,375,5.91,7.67,0.7097,1.16
1100011,47.5|44.4|0.0|0.0|0.0|50.0|50.0,总管效率_pct,375,1.26,1.63,-0.0161,2.5
1100011,47.5|44.6|0.0|0.0|0.0|50.0|50.0,170:1_瞬时流量,1670,23.04,29.47,0.5506,1.16
1100011,47.5|44.6|0.0|0.0|0.0|50.0|50.0,170:2_瞬时流量,1670,4.06,5.04,0.5983,0.78
1100011,47.5|44.6|0.0|0.0|0.0|50.0|50.0,70:3_瞬时流量,1670,7.3,9.1,0.7913,1.45
1100011,47.5|44.6|0.0|0.0|0.0|50.0|50.0,总管效率_pct,1670,2.08,2.64,-0.0011,4.13
1100011,47.5|44.9|0.0|0.0|0.0|50.0|50.0,170:1_瞬时流量,202,30.5,41.75,0.4968,1.54
1100011,47.5|44.9|0.0|0.0|0.0|50.0|50.0,170:2_瞬时流量,202,4.93,6.79,0.3991,0.95
1100011,47.5|44.9|0.0|0.0|0.0|50.0|50.0,70:3_瞬时流量,202,6.29,7.81,0.7893,1.31
1100011,47.5|44.9|0.0|0.0|0.0|50.0|50.0,总管效率_pct,202,1.88,2.44,0.0564,3.75
1100011,47.7|44.5|0.0|0.0|0.0|50.0|50.0,170:1_瞬时流量,138,18.33,21.63,0.8627,0.93
1100011,47.7|44.5|0.0|0.0|0.0|50.0|50.0,170:2_瞬时流量,138,9.02,9.99,0.5607,1.76
1100011,47.7|44.5|0.0|0.0|0.0|50.0|50.0,70:3_瞬时流量,138,6.57,7.6,0.9003,1.35
1100011,47.7|44.5|0.0|0.0|0.0|50.0|50.0,总管效率_pct,138,1.43,1.67,0.0465,2.85
1100011,47.7|44.9|0.0|0.0|0.0|50.0|50.0,170:1_瞬时流量,763,22.35,29.58,0.3036,1.11
1100011,47.7|44.9|0.0|0.0|0.0|50.0|50.0,170:2_瞬时流量,763,5.2,6.64,0.4131,0.99
1100011,47.7|44.9|0.0|0.0|0.0|50.0|50.0,70:3_瞬时流量,763,6.73,8.22,0.7711,1.35
1100011,47.7|44.9|0.0|0.0|0.0|50.0|50.0,总管效率_pct,763,1.37,1.68,0.0782,2.72
1100011,47.7|45.1|0.0|0.0|0.0|50.0|50.0,170:1_瞬时流量,1661,22.08,29.13,0.6254,1.11
1100011,47.7|45.1|0.0|0.0|0.0|50.0|50.0,170:2_瞬时流量,1661,5.07,6.4,0.3984,0.97
1100011,47.7|45.1|0.0|0.0|0.0|50.0|50.0,70:3_瞬时流量,1661,6.82,8.68,0.8211,1.42
1100011,47.7|45.1|0.0|0.0|0.0|50.0|50.0,总管效率_pct,1661,1.59,1.99,0.0114,3.18
1100011,47.8|44.6|0.0|0.0|0.0|50.0|50.0,170:1_瞬时流量,184,28.58,34.31,0.0046,1.4
1100011,47.8|44.6|0.0|0.0|0.0|50.0|50.0,170:2_瞬时流量,184,4.79,5.85,-0.5504,0.91
1100011,47.8|44.6|0.0|0.0|0.0|50.0|50.0,70:3_瞬时流量,184,6.04,7.34,0.3385,1.2
1100011,47.8|44.6|0.0|0.0|0.0|50.0|50.0,总管效率_pct,184,1.54,1.74,-0.0136,3.07
1100011,47.8|44.7|0.0|0.0|0.0|50.0|50.0,170:1_瞬时流量,127,42.92,49.23,0.5408,2.09
1100011,47.8|44.7|0.0|0.0|0.0|50.0|50.0,170:2_瞬时流量,127,4.63,5.19,0.31,0.88
1100011,47.8|44.7|0.0|0.0|0.0|50.0|50.0,70:3_瞬时流量,127,5.76,7.33,0.8309,1.17
1100011,47.8|44.7|0.0|0.0|0.0|50.0|50.0,总管效率_pct,127,1.71,2.09,0.0805,3.35
1100011,47.8|44.8|0.0|0.0|0.0|50.0|50.0,170:1_瞬时流量,70,26.69,34.65,0.7911,1.31
1100011,47.8|44.8|0.0|0.0|0.0|50.0|50.0,170:2_瞬时流量,70,3.42,3.91,0.7307,0.65
1100011,47.8|44.8|0.0|0.0|0.0|50.0|50.0,70:3_瞬时流量,70,7.07,8.68,0.848,1.49
1100011,47.8|44.8|0.0|0.0|0.0|50.0|50.0,总管效率_pct,70,1.44,1.78,-0.0135,2.88
1100011,47.8|45.2|0.0|0.0|0.0|50.0|50.0,170:1_瞬时流量,1063,27.07,36.54,0.4964,1.35
1100011,47.8|45.2|0.0|0.0|0.0|50.0|50.0,170:2_瞬时流量,1063,4.41,5.86,0.5171,0.84
1100011,47.8|45.2|0.0|0.0|0.0|50.0|50.0,70:3_瞬时流量,1063,7.31,9.2,0.7726,1.47
1100011,47.8|45.2|0.0|0.0|0.0|50.0|50.0,总管效率_pct,1063,1.88,2.35,-0.0153,3.78
1100011,47.9|44.9|0.0|0.0|0.0|50.0|50.0,170:1_瞬时流量,232,18.56,26.9,0.454,0.89
1100011,47.9|44.9|0.0|0.0|0.0|50.0|50.0,170:2_瞬时流量,232,5.24,6.11,0.025,0.98
1100011,47.9|44.9|0.0|0.0|0.0|50.0|50.0,70:3_瞬时流量,232,5.24,6.53,0.7301,1.04
1100011,47.9|44.9|0.0|0.0|0.0|50.0|50.0,总管效率_pct,232,1.14,1.5,-0.0778,2.26
1100011,47.9|45.8|0.0|0.0|0.0|50.0|50.0,170:1_瞬时流量,311,21.86,27.17,0.6303,1.05
1100011,47.9|45.8|0.0|0.0|0.0|50.0|50.0,170:2_瞬时流量,311,3.9,5.17,0.5478,0.73
1100011,47.9|45.8|0.0|0.0|0.0|50.0|50.0,70:3_瞬时流量,311,7.8,10.16,0.6988,1.59
1100011,47.9|45.8|0.0|0.0|0.0|50.0|50.0,总管效率_pct,311,1.75,2.09,0.0825,3.48
1100011,48.0|45.6|0.0|0.0|0.0|50.0|50.0,170:1_瞬时流量,1008,24.95,33.82,0.607,1.24
1100011,48.0|45.6|0.0|0.0|0.0|50.0|50.0,170:2_瞬时流量,1008,4.58,5.81,0.4664,0.86
1100011,48.0|45.6|0.0|0.0|0.0|50.0|50.0,70:3_瞬时流量,1008,7.43,9.35,0.8283,1.5
1100011,48.0|45.6|0.0|0.0|0.0|50.0|50.0,总管效率_pct,1008,1.82,2.34,-0.0282,3.74
1100011,48.0|45.8|0.0|0.0|0.0|50.0|50.0,170:1_瞬时流量,1274,20.01,26.17,0.6849,0.98
1100011,48.0|45.8|0.0|0.0|0.0|50.0|50.0,170:2_瞬时流量,1274,5.31,6.45,0.3128,1.0
1100011,48.0|45.8|0.0|0.0|0.0|50.0|50.0,70:3_瞬时流量,1274,8.23,10.24,0.7876,1.68
1100011,48.0|45.8|0.0|0.0|0.0|50.0|50.0,总管效率_pct,1274,1.54,1.98,0.0284,3.09
1100011,48.0|46.1|0.0|0.0|0.0|50.0|50.0,170:1_瞬时流量,169,27.46,34.74,0.5436,1.33
1100011,48.0|46.1|0.0|0.0|0.0|50.0|50.0,170:2_瞬时流量,169,3.86,4.97,0.3666,0.72
1100011,48.0|46.1|0.0|0.0|0.0|50.0|50.0,70:3_瞬时流量,169,10.47,13.21,0.3422,2.17
1100011,48.0|46.1|0.0|0.0|0.0|50.0|50.0,总管效率_pct,169,1.45,1.71,-0.1168,2.91
1100011,48.1|45.3|0.0|0.0|0.0|50.0|50.0,170:1_瞬时流量,76,20.43,23.6,0.7961,0.99
1100011,48.1|45.3|0.0|0.0|0.0|50.0|50.0,170:2_瞬时流量,76,4.51,5.36,0.2844,0.85
1100011,48.1|45.3|0.0|0.0|0.0|50.0|50.0,70:3_瞬时流量,76,6.24,7.26,0.7948,1.26
1100011,48.1|45.3|0.0|0.0|0.0|50.0|50.0,总管效率_pct,76,1.52,1.95,-0.0024,2.9
1100011,48.1|45.8|0.0|0.0|0.0|50.0|50.0,170:1_瞬时流量,508,19.6,25.08,0.7354,0.96
1100011,48.1|45.8|0.0|0.0|0.0|50.0|50.0,170:2_瞬时流量,508,5.76,6.97,0.3667,1.09
1100011,48.1|45.8|0.0|0.0|0.0|50.0|50.0,70:3_瞬时流量,508,8.82,10.84,0.8185,1.79
1100011,48.1|45.8|0.0|0.0|0.0|50.0|50.0,总管效率_pct,508,1.77,2.18,0.074,3.59
1100011,48.1|46.3|0.0|0.0|0.0|50.0|50.0,170:1_瞬时流量,133,29.89,35.32,0.5439,1.45
1100011,48.1|46.3|0.0|0.0|0.0|50.0|50.0,170:2_瞬时流量,133,5.23,6.56,0.2372,0.98
1100011,48.1|46.3|0.0|0.0|0.0|50.0|50.0,70:3_瞬时流量,133,9.33,11.8,0.4715,1.92
1100011,48.1|46.3|0.0|0.0|0.0|50.0|50.0,总管效率_pct,133,1.11,1.31,-0.2489,2.23
1100011,48.3|46.7|0.0|0.0|0.0|50.0|50.0,170:1_瞬时流量,247,25.82,29.58,0.587,1.24
1100011,48.3|46.7|0.0|0.0|0.0|50.0|50.0,170:2_瞬时流量,247,5.0,6.18,0.251,0.92
1100011,48.3|46.7|0.0|0.0|0.0|50.0|50.0,70:3_瞬时流量,247,8.19,10.05,0.7578,1.69
1100011,48.3|46.7|0.0|0.0|0.0|50.0|50.0,总管效率_pct,247,1.66,1.96,0.0057,3.3
1100011,48.4|46.1|0.0|0.0|0.0|50.0|50.0,170:1_瞬时流量,110,26.25,32.65,0.6859,1.27
1100011,48.4|46.1|0.0|0.0|0.0|50.0|50.0,170:2_瞬时流量,110,6.38,7.43,0.4263,1.2
1100011,48.4|46.1|0.0|0.0|0.0|50.0|50.0,70:3_瞬时流量,110,4.99,6.2,0.9254,1.04
1100011,48.4|46.1|0.0|0.0|0.0|50.0|50.0,总管效率_pct,110,1.24,1.44,-0.2648,2.52
1100011,48.4|46.5|0.0|0.0|0.0|50.0|50.0,170:1_瞬时流量,643,26.27,32.21,0.4881,1.27
1100011,48.4|46.5|0.0|0.0|0.0|50.0|50.0,170:2_瞬时流量,643,5.85,7.24,0.2935,1.09
1100011,48.4|46.5|0.0|0.0|0.0|50.0|50.0,70:3_瞬时流量,643,8.0,10.01,0.7771,1.61
1100011,48.4|46.5|0.0|0.0|0.0|50.0|50.0,总管效率_pct,643,1.91,2.39,0.0096,3.9
1100011,48.4|46.6|0.0|0.0|0.0|50.0|50.0,170:1_瞬时流量,890,28.18,34.54,0.5359,1.36
1100011,48.4|46.6|0.0|0.0|0.0|50.0|50.0,170:2_瞬时流量,890,4.29,5.55,0.4062,0.79
1100011,48.4|46.6|0.0|0.0|0.0|50.0|50.0,70:3_瞬时流量,890,8.23,10.22,0.7893,1.69
1100011,48.4|46.6|0.0|0.0|0.0|50.0|50.0,总管效率_pct,890,2.04,2.6,-0.0071,4.18
1100011,48.5|46.8|0.0|0.0|0.0|50.0|50.0,170:1_瞬时流量,1072,21.37,27.26,0.6668,1.02
1100011,48.5|46.8|0.0|0.0|0.0|50.0|50.0,170:2_瞬时流量,1072,4.09,5.3,0.5134,0.75
1100011,48.5|46.8|0.0|0.0|0.0|50.0|50.0,70:3_瞬时流量,1072,8.2,10.33,0.8023,1.7
1100011,48.5|46.8|0.0|0.0|0.0|50.0|50.0,总管效率_pct,1072,1.56,2.14,0.0195,3.11
1100011,48.5|46.9|0.0|0.0|0.0|50.0|50.0,170:1_瞬时流量,1071,23.25,28.94,0.6863,1.1
1100011,48.5|46.9|0.0|0.0|0.0|50.0|50.0,170:2_瞬时流量,1071,4.06,5.24,0.4618,0.74
1100011,48.5|46.9|0.0|0.0|0.0|50.0|50.0,70:3_瞬时流量,1071,10.28,12.63,0.7293,2.14
1100011,48.5|46.9|0.0|0.0|0.0|50.0|50.0,总管效率_pct,1071,1.88,2.38,0.013,3.77
1100011,48.6|46.7|0.0|0.0|0.0|50.0|50.0,170:1_瞬时流量,103,25.92,31.77,0.519,1.27
1100011,48.6|46.7|0.0|0.0|0.0|50.0|50.0,170:2_瞬时流量,103,3.9,5.19,0.3054,0.72
1100011,48.6|46.7|0.0|0.0|0.0|50.0|50.0,70:3_瞬时流量,103,4.78,5.83,0.918,1.02
1100011,48.6|46.7|0.0|0.0|0.0|50.0|50.0,总管效率_pct,103,1.68,2.02,-0.0444,3.44
1100011,48.6|47.3|0.0|0.0|0.0|50.0|50.0,170:1_瞬时流量,462,33.23,40.87,0.1969,1.56
1100011,48.6|47.3|0.0|0.0|0.0|50.0|50.0,170:2_瞬时流量,462,5.49,6.55,0.2894,1.0
1100011,48.6|47.3|0.0|0.0|0.0|50.0|50.0,70:3_瞬时流量,462,8.65,10.53,0.7193,1.76
1100011,48.6|47.3|0.0|0.0|0.0|50.0|50.0,总管效率_pct,462,1.79,2.37,-0.0078,3.54
1100011,48.7|46.5|0.0|0.0|0.0|50.0|50.0,170:1_瞬时流量,103,15.09,18.08,-2.3705,0.7
1100011,48.7|46.5|0.0|0.0|0.0|50.0|50.0,170:2_瞬时流量,103,4.35,5.14,-0.1367,0.79
1100011,48.7|46.5|0.0|0.0|0.0|50.0|50.0,70:3_瞬时流量,103,5.83,7.29,-0.505,1.14
1100011,48.7|46.5|0.0|0.0|0.0|50.0|50.0,总管效率_pct,103,1.82,2.24,-0.2456,3.46
1100011,48.7|47.6|0.0|0.0|0.0|50.0|50.0,170:1_瞬时流量,195,30.21,35.25,0.4288,1.41
1100011,48.7|47.6|0.0|0.0|0.0|50.0|50.0,170:2_瞬时流量,195,6.13,7.36,0.2787,1.09
1100011,48.7|47.6|0.0|0.0|0.0|50.0|50.0,70:3_瞬时流量,195,7.42,9.35,0.7616,1.51
1100011,48.7|47.6|0.0|0.0|0.0|50.0|50.0,总管效率_pct,195,1.3,1.7,0.0108,2.61
1100011,48.7|47.7|0.0|0.0|0.0|50.0|50.0,170:1_瞬时流量,54,26.48,34.67,-0.3635,1.24
1100011,48.7|47.7|0.0|0.0|0.0|50.0|50.0,170:2_瞬时流量,54,4.78,6.43,0.0353,0.86
1100011,48.7|47.7|0.0|0.0|0.0|50.0|50.0,70:3_瞬时流量,54,8.19,9.75,0.5063,1.73
1100011,48.7|47.7|0.0|0.0|0.0|50.0|50.0,总管效率_pct,54,0.93,1.18,-0.3307,1.82
1100011,48.8|46.9|0.0|0.0|0.0|50.0|50.0,170:1_瞬时流量,187,30.1,36.09,-0.9196,1.37
1100011,48.8|46.9|0.0|0.0|0.0|50.0|50.0,170:2_瞬时流量,187,2.63,3.35,0.3179,0.48
1100011,48.8|46.9|0.0|0.0|0.0|50.0|50.0,70:3_瞬时流量,187,8.94,10.28,0.3211,1.75
1100011,48.8|46.9|0.0|0.0|0.0|50.0|50.0,总管效率_pct,187,1.18,1.43,-0.2098,2.31
1100011,48.8|47.0|0.0|0.0|0.0|50.0|50.0,170:1_瞬时流量,153,33.86,39.87,0.5529,1.57
1100011,48.8|47.0|0.0|0.0|0.0|50.0|50.0,170:2_瞬时流量,153,4.22,5.21,0.4513,0.77
1100011,48.8|47.0|0.0|0.0|0.0|50.0|50.0,70:3_瞬时流量,153,7.13,8.79,0.8888,1.46
1100011,48.8|47.0|0.0|0.0|0.0|50.0|50.0,总管效率_pct,153,0.74,0.96,-0.0435,1.47
1100011,48.8|47.5|0.0|0.0|0.0|50.0|50.0,170:1_瞬时流量,1491,27.09,34.13,0.4701,1.28
1100011,48.8|47.5|0.0|0.0|0.0|50.0|50.0,170:2_瞬时流量,1491,5.29,6.77,0.2846,0.96
1100011,48.8|47.5|0.0|0.0|0.0|50.0|50.0,70:3_瞬时流量,1491,9.52,11.86,0.7405,1.96
1100011,48.8|47.5|0.0|0.0|0.0|50.0|50.0,总管效率_pct,1491,1.55,1.99,-0.0406,3.14
1100011,48.8|47.7|0.0|0.0|0.0|50.0|50.0,170:1_瞬时流量,912,22.2,29.13,0.5026,1.03
1100011,48.8|47.7|0.0|0.0|0.0|50.0|50.0,170:2_瞬时流量,912,4.67,6.14,0.2871,0.84
1100011,48.8|47.7|0.0|0.0|0.0|50.0|50.0,70:3_瞬时流量,912,9.68,12.73,0.6136,1.96
1100011,48.8|47.7|0.0|0.0|0.0|50.0|50.0,总管效率_pct,912,1.23,1.61,-0.0162,2.44
1100011,48.9|41.2|0.0|0.0|0.0|50.0|50.0,170:1_瞬时流量,87,19.47,25.57,-1.0339,1.05
1100011,48.9|41.2|0.0|0.0|0.0|50.0|50.0,170:2_瞬时流量,87,5.79,7.14,-0.1059,1.19
1100011,48.9|41.2|0.0|0.0|0.0|50.0|50.0,70:3_瞬时流量,87,4.57,5.82,0.1867,0.96
1100011,48.9|41.2|0.0|0.0|0.0|50.0|50.0,总管效率_pct,87,1.22,1.45,-0.0934,2.58
1100011,48.9|47.0|0.0|0.0|0.0|50.0|50.0,170:1_瞬时流量,91,21.14,26.7,-1.8215,0.96
1100011,48.9|47.0|0.0|0.0|0.0|50.0|50.0,170:2_瞬时流量,91,4.31,5.26,-1.7863,0.78
1100011,48.9|47.0|0.0|0.0|0.0|50.0|50.0,70:3_瞬时流量,91,9.7,11.94,-0.653,1.86
1100011,48.9|47.0|0.0|0.0|0.0|50.0|50.0,总管效率_pct,91,1.0,1.21,-0.0089,1.99
1100011,48.9|47.4|0.0|0.0|0.0|50.0|50.0,170:1_瞬时流量,104,23.25,32.27,0.4266,1.1
1100011,48.9|47.4|0.0|0.0|0.0|50.0|50.0,170:2_瞬时流量,104,4.4,5.78,-0.0128,0.8
1100011,48.9|47.4|0.0|0.0|0.0|50.0|50.0,70:3_瞬时流量,104,5.97,7.52,0.8619,1.26
1100011,48.9|47.4|0.0|0.0|0.0|50.0|50.0,总管效率_pct,104,1.54,1.93,-0.1209,3.18
1100011,48.9|47.8|0.0|0.0|0.0|50.0|50.0,170:1_瞬时流量,969,22.3,29.06,0.5679,1.04
1100011,48.9|47.8|0.0|0.0|0.0|50.0|50.0,170:2_瞬时流量,969,3.92,5.56,0.351,0.7
1100011,48.9|47.8|0.0|0.0|0.0|50.0|50.0,70:3_瞬时流量,969,9.62,12.7,0.5712,1.95
1100011,48.9|47.8|0.0|0.0|0.0|50.0|50.0,总管效率_pct,969,1.41,1.74,0.006,2.85
1100011,49.0|41.5|0.0|0.0|0.0|50.0|50.0,170:1_瞬时流量,110,15.64,21.21,-0.0264,0.83
1100011,49.0|41.5|0.0|0.0|0.0|50.0|50.0,170:2_瞬时流量,110,5.29,6.5,-0.3843,1.05
1100011,49.0|41.5|0.0|0.0|0.0|50.0|50.0,70:3_瞬时流量,110,5.14,6.39,0.2946,1.09
1100011,49.0|41.5|0.0|0.0|0.0|50.0|50.0,总管效率_pct,110,1.33,1.51,0.0188,2.71
1100011,49.0|47.6|0.0|0.0|0.0|50.0|50.0,170:1_瞬时流量,102,36.06,45.92,0.0231,1.7
1100011,49.0|47.6|0.0|0.0|0.0|50.0|50.0,170:2_瞬时流量,102,6.15,7.45,0.0561,1.12
1100011,49.0|47.6|0.0|0.0|0.0|50.0|50.0,70:3_瞬时流量,102,6.33,8.17,0.8509,1.32
1100011,49.0|47.6|0.0|0.0|0.0|50.0|50.0,总管效率_pct,102,1.78,2.31,-0.01,3.65
1100011,49.0|48.3|0.0|0.0|0.0|50.0|50.0,170:1_瞬时流量,209,24.98,30.77,0.1936,1.15
1100011,49.0|48.3|0.0|0.0|0.0|50.0|50.0,170:2_瞬时流量,209,7.03,8.29,0.0861,1.26
1100011,49.0|48.3|0.0|0.0|0.0|50.0|50.0,70:3_瞬时流量,209,10.73,13.07,0.3526,2.22
1100011,49.0|48.3|0.0|0.0|0.0|50.0|50.0,总管效率_pct,209,1.59,2.1,0.0061,3.23
1100011,49.1|41.6|0.0|0.0|0.0|50.0|50.0,170:1_瞬时流量,105,33.55,40.14,0.0129,1.77
1100011,49.1|41.6|0.0|0.0|0.0|50.0|50.0,170:2_瞬时流量,105,4.84,5.68,0.0254,0.97
1100011,49.1|41.6|0.0|0.0|0.0|50.0|50.0,70:3_瞬时流量,105,5.36,6.72,-0.0764,1.12
1100011,49.1|41.6|0.0|0.0|0.0|50.0|50.0,总管效率_pct,105,1.3,1.51,-0.0085,2.69
1100011,49.1|41.7|0.0|0.0|0.0|50.0|50.0,170:1_瞬时流量,282,36.62,43.73,-0.1765,1.95
1100011,49.1|41.7|0.0|0.0|0.0|50.0|50.0,170:2_瞬时流量,282,5.55,6.68,-0.1038,1.11
1100011,49.1|41.7|0.0|0.0|0.0|50.0|50.0,70:3_瞬时流量,282,4.6,5.95,0.1635,0.97
1100011,49.1|41.7|0.0|0.0|0.0|50.0|50.0,总管效率_pct,282,0.87,1.09,-0.0019,1.79
1100011,49.1|41.8|0.0|0.0|0.0|50.0|50.0,170:1_瞬时流量,192,30.85,33.51,0.0088,1.62
1100011,49.1|41.8|0.0|0.0|0.0|50.0|50.0,170:2_瞬时流量,192,5.53,6.74,-0.9724,1.09
1100011,49.1|41.8|0.0|0.0|0.0|50.0|50.0,70:3_瞬时流量,192,5.2,6.5,0.148,1.11
1100011,49.1|41.8|0.0|0.0|0.0|50.0|50.0,总管效率_pct,192,1.4,1.78,-0.0282,2.92
1100011,49.1|47.6|0.0|0.0|0.0|50.0|50.0,170:1_瞬时流量,63,34.76,41.81,0.549,1.58
1100011,49.1|47.6|0.0|0.0|0.0|50.0|50.0,170:2_瞬时流量,63,7.93,9.43,0.3358,1.4
1100011,49.1|47.6|0.0|0.0|0.0|50.0|50.0,70:3_瞬时流量,63,6.18,7.78,0.8415,1.25
1100011,49.1|47.6|0.0|0.0|0.0|50.0|50.0,总管效率_pct,63,0.9,1.22,-0.1038,1.78
1100011,49.1|47.9|0.0|0.0|0.0|50.0|50.0,170:1_瞬时流量,112,32.41,40.82,0.3172,1.53
1100011,49.1|47.9|0.0|0.0|0.0|50.0|50.0,170:2_瞬时流量,112,6.58,8.34,-0.5034,1.19
1100011,49.1|47.9|0.0|0.0|0.0|50.0|50.0,70:3_瞬时流量,112,6.89,8.8,0.7858,1.41
1100011,49.1|47.9|0.0|0.0|0.0|50.0|50.0,总管效率_pct,112,1.22,1.58,0.0131,2.44
1100011,49.1|48.4|0.0|0.0|0.0|50.0|50.0,170:1_瞬时流量,462,28.98,35.69,0.3949,1.33
1100011,49.1|48.4|0.0|0.0|0.0|50.0|50.0,170:2_瞬时流量,462,6.26,7.36,0.3008,1.11
1100011,49.1|48.4|0.0|0.0|0.0|50.0|50.0,70:3_瞬时流量,462,8.88,11.25,0.6836,1.83
1100011,49.1|48.4|0.0|0.0|0.0|50.0|50.0,总管效率_pct,462,1.54,1.92,-0.0655,3.16
1100011,49.1|48.6|0.0|0.0|0.0|50.0|50.0,170:1_瞬时流量,57,22.14,28.56,0.1784,1.02
1100011,49.1|48.6|0.0|0.0|0.0|50.0|50.0,170:2_瞬时流量,57,10.46,16.07,-0.0455,1.79
1100011,49.1|48.6|0.0|0.0|0.0|50.0|50.0,70:3_瞬时流量,57,9.12,10.51,0.5113,1.93
1100011,49.1|48.6|0.0|0.0|0.0|50.0|50.0,总管效率_pct,57,1.65,1.89,-0.0192,3.39
1100011,49.2|42.9|0.0|0.0|0.0|50.0|50.0,170:1_瞬时流量,427,28.13,34.57,-0.0556,1.44
1100011,49.2|42.9|0.0|0.0|0.0|50.0|50.0,170:2_瞬时流量,427,3.42,4.68,-0.4042,0.67
1100011,49.2|42.9|0.0|0.0|0.0|50.0|50.0,70:3_瞬时流量,427,7.11,8.99,-0.3536,1.6
1100011,49.2|42.9|0.0|0.0|0.0|50.0|50.0,总管效率_pct,427,1.95,2.27,0.0291,4.13
1100011,49.2|47.7|0.0|0.0|0.0|50.0|50.0,170:1_瞬时流量,52,34.27,37.93,0.5243,1.54
1100011,49.2|47.7|0.0|0.0|0.0|50.0|50.0,170:2_瞬时流量,52,2.85,4.88,0.3671,0.5
1100011,49.2|47.7|0.0|0.0|0.0|50.0|50.0,70:3_瞬时流量,52,7.84,9.83,0.7214,1.52
1100011,49.2|47.7|0.0|0.0|0.0|50.0|50.0,总管效率_pct,52,0.79,1.05,-0.4886,1.54
1100011,49.2|48.3|0.0|0.0|0.0|50.0|50.0,170:1_瞬时流量,371,30.05,37.1,0.4384,1.38
1100011,49.2|48.3|0.0|0.0|0.0|50.0|50.0,170:2_瞬时流量,371,5.4,6.54,0.4899,0.96
1100011,49.2|48.3|0.0|0.0|0.0|50.0|50.0,70:3_瞬时流量,371,9.02,11.18,0.7759,1.78
1100011,49.2|48.3|0.0|0.0|0.0|50.0|50.0,总管效率_pct,371,1.42,1.79,-0.0482,2.88
1100011,49.2|48.5|0.0|0.0|0.0|50.0|50.0,170:1_瞬时流量,1007,23.61,29.14,0.5084,1.08
1100011,49.2|48.5|0.0|0.0|0.0|50.0|50.0,170:2_瞬时流量,1007,4.66,5.55,0.4929,0.81
1100011,49.2|48.5|0.0|0.0|0.0|50.0|50.0,70:3_瞬时流量,1007,9.8,12.56,0.7121,1.99
1100011,49.2|48.5|0.0|0.0|0.0|50.0|50.0,总管效率_pct,1007,1.13,1.4,0.0115,2.29
1100011,49.2|48.7|0.0|0.0|0.0|50.0|50.0,170:1_瞬时流量,212,26.54,35.77,0.1309,1.2
1100011,49.2|48.7|0.0|0.0|0.0|50.0|50.0,170:2_瞬时流量,212,7.27,11.96,-0.0007,1.25
1100011,49.2|48.7|0.0|0.0|0.0|50.0|50.0,70:3_瞬时流量,212,13.11,15.62,0.4316,2.67
1100011,49.2|48.7|0.0|0.0|0.0|50.0|50.0,总管效率_pct,212,1.51,1.84,0.0066,3.02
1100011,49.3|48.3|0.0|0.0|0.0|50.0|50.0,170:1_瞬时流量,57,38.42,42.83,0.2545,1.74
1100011,49.3|48.3|0.0|0.0|0.0|50.0|50.0,170:2_瞬时流量,57,3.44,5.05,0.6087,0.61
1100011,49.3|48.3|0.0|0.0|0.0|50.0|50.0,70:3_瞬时流量,57,8.38,10.01,0.6374,1.72
1100011,49.3|48.3|0.0|0.0|0.0|50.0|50.0,总管效率_pct,57,1.2,1.58,-0.0894,2.44
1100011,49.3|48.6|0.0|0.0|0.0|50.0|50.0,170:1_瞬时流量,606,30.56,36.36,0.3746,1.39
1100011,49.3|48.6|0.0|0.0|0.0|50.0|50.0,170:2_瞬时流量,606,4.76,5.93,0.4761,0.83
1100011,49.3|48.6|0.0|0.0|0.0|50.0|50.0,70:3_瞬时流量,606,10.13,12.88,0.6333,2.02
1100011,49.3|48.6|0.0|0.0|0.0|50.0|50.0,总管效率_pct,606,1.11,1.4,0.0323,2.24
1100011,49.3|48.7|0.0|0.0|0.0|50.0|50.0,170:1_瞬时流量,678,30.94,38.4,0.2938,1.41
1100011,49.3|48.7|0.0|0.0|0.0|50.0|50.0,170:2_瞬时流量,678,5.36,6.75,0.4191,0.93
1100011,49.3|48.7|0.0|0.0|0.0|50.0|50.0,70:3_瞬时流量,678,10.79,13.22,0.6549,2.14
1100011,49.3|48.7|0.0|0.0|0.0|50.0|50.0,总管效率_pct,678,0.94,1.27,0.0387,1.9
1100011,49.3|48.9|0.0|0.0|0.0|50.0|50.0,170:1_瞬时流量,459,28.34,34.82,0.3627,1.28
1100011,49.3|48.9|0.0|0.0|0.0|50.0|50.0,170:2_瞬时流量,459,4.56,5.79,0.3451,0.79
1100011,49.3|48.9|0.0|0.0|0.0|50.0|50.0,70:3_瞬时流量,459,8.26,10.42,0.6849,1.68
1100011,49.3|48.9|0.0|0.0|0.0|50.0|50.0,总管效率_pct,459,1.02,1.33,-0.0616,2.1
1100011,49.4|41.0|0.0|0.0|0.0|50.0|50.0,170:1_瞬时流量,72,34.58,40.76,-0.0786,1.85
1100011,49.4|41.0|0.0|0.0|0.0|50.0|50.0,170:2_瞬时流量,72,4.33,5.98,-0.0359,0.9
1100011,49.4|41.0|0.0|0.0|0.0|50.0|50.0,70:3_瞬时流量,72,7.83,9.56,-0.1048,1.68
1100011,49.4|41.0|0.0|0.0|0.0|50.0|50.0,总管效率_pct,72,2.69,3.03,-0.2867,5.81
1100011,49.4|42.9|0.0|0.0|0.0|50.0|50.0,170:1_瞬时流量,54,18.78,19.47,-0.3462,0.93
1100011,49.4|42.9|0.0|0.0|0.0|50.0|50.0,170:2_瞬时流量,54,2.26,3.45,0.0854,0.43
1100011,49.4|42.9|0.0|0.0|0.0|50.0|50.0,70:3_瞬时流量,54,6.36,8.2,-0.2607,1.35
1100011,49.4|42.9|0.0|0.0|0.0|50.0|50.0,总管效率_pct,54,1.67,2.13,-0.3843,3.55
1100011,49.4|43.4|0.0|0.0|0.0|50.0|50.0,170:1_瞬时流量,122,18.9,23.32,-0.5111,0.94
1100011,49.4|43.4|0.0|0.0|0.0|50.0|50.0,170:2_瞬时流量,122,4.28,5.09,-0.255,0.81
1100011,49.4|43.4|0.0|0.0|0.0|50.0|50.0,70:3_瞬时流量,122,9.73,11.41,-2.4947,2.18
1100011,49.4|43.4|0.0|0.0|0.0|50.0|50.0,总管效率_pct,122,1.01,1.28,-0.1835,2.06
1100011,49.4|48.5|0.0|0.0|0.0|50.0|50.0,170:1_瞬时流量,65,33.75,41.21,-0.2099,1.56
1100011,49.4|48.5|0.0|0.0|0.0|50.0|50.0,170:2_瞬时流量,65,6.36,7.9,0.1509,1.11
1100011,49.4|48.5|0.0|0.0|0.0|50.0|50.0,70:3_瞬时流量,65,5.62,6.74,0.8349,1.17
1100011,49.4|48.5|0.0|0.0|0.0|50.0|50.0,总管效率_pct,65,1.71,1.93,-0.4506,3.35
1100011,49.4|49.1|0.0|0.0|0.0|50.0|50.0,170:1_瞬时流量,419,33.68,40.64,0.372,1.51
1100011,49.4|49.1|0.0|0.0|0.0|50.0|50.0,170:2_瞬时流量,419,5.5,6.34,0.1537,0.96
1100011,49.4|49.1|0.0|0.0|0.0|50.0|50.0,70:3_瞬时流量,419,8.51,10.83,0.6326,1.73
1100011,49.4|49.1|0.0|0.0|0.0|50.0|50.0,总管效率_pct,419,1.08,1.37,0.027,2.17
1100011,49.5|40.4|0.0|0.0|0.0|50.0|50.0,170:1_瞬时流量,64,24.44,32.78,-0.4221,1.27
1100011,49.5|40.4|0.0|0.0|0.0|50.0|50.0,170:2_瞬时流量,64,9.93,10.39,-0.0335,2.07
1100011,49.5|40.4|0.0|0.0|0.0|50.0|50.0,70:3_瞬时流量,64,5.54,6.49,-0.3889,1.14
1100011,49.5|40.4|0.0|0.0|0.0|50.0|50.0,总管效率_pct,64,1.71,1.93,-0.9213,3.39
1100011,49.5|40.5|0.0|0.0|0.0|50.0|50.0,170:1_瞬时流量,69,39.17,42.26,-1.9843,2.03
1100011,49.5|40.5|0.0|0.0|0.0|50.0|50.0,170:2_瞬时流量,69,10.61,10.9,-0.0354,2.17
1100011,49.5|40.5|0.0|0.0|0.0|50.0|50.0,70:3_瞬时流量,69,6.72,7.91,-1.4543,1.38
1100011,49.5|40.5|0.0|0.0|0.0|50.0|50.0,总管效率_pct,69,1.53,1.87,-1.7896,3.02
1100011,49.5|41.9|0.0|0.0|0.0|50.0|50.0,170:1_瞬时流量,126,9.78,11.7,-0.0185,0.5
1100011,49.5|41.9|0.0|0.0|0.0|50.0|50.0,170:2_瞬时流量,126,3.77,4.82,-0.5917,0.74
1100011,49.5|41.9|0.0|0.0|0.0|50.0|50.0,70:3_瞬时流量,126,20.67,21.52,-7.8515,4.17
1100011,49.5|41.9|0.0|0.0|0.0|50.0|50.0,总管效率_pct,126,1.1,1.8,-0.3087,2.13
1100011,49.5|42.6|0.0|0.0|0.0|50.0|50.0,170:1_瞬时流量,112,15.12,17.95,0.1097,0.76
1100011,49.5|42.6|0.0|0.0|0.0|50.0|50.0,170:2_瞬时流量,112,4.58,5.07,-0.3383,0.88
1100011,49.5|42.6|0.0|0.0|0.0|50.0|50.0,70:3_瞬时流量,112,4.5,5.79,0.1242,0.95
1100011,49.5|42.6|0.0|0.0|0.0|50.0|50.0,总管效率_pct,112,0.79,1.33,-0.1127,1.66
1100011,49.5|43.1|0.0|0.0|0.0|50.0|50.0,170:1_瞬时流量,51,25.57,36.74,-0.6918,1.28
1100011,49.5|43.1|0.0|0.0|0.0|50.0|50.0,170:2_瞬时流量,51,5.52,5.78,-4.7495,1.06
1100011,49.5|43.1|0.0|0.0|0.0|50.0|50.0,70:3_瞬时流量,51,8.79,10.64,-0.6379,1.84
1100011,49.5|43.1|0.0|0.0|0.0|50.0|50.0,总管效率_pct,51,0.37,0.69,0.1084,0.76
1100011,49.5|43.2|0.0|0.0|0.0|50.0|50.0,170:1_瞬时流量,71,25.9,35.47,-0.8552,1.29
1100011,49.5|43.2|0.0|0.0|0.0|50.0|50.0,170:2_瞬时流量,71,4.14,4.79,0.2272,0.79
1100011,49.5|43.2|0.0|0.0|0.0|50.0|50.0,70:3_瞬时流量,71,6.62,8.22,-0.58,1.4
1100011,49.5|43.2|0.0|0.0|0.0|50.0|50.0,总管效率_pct,71,1.32,1.59,0.1317,2.75
1100011,49.5|43.5|0.0|0.0|0.0|50.0|50.0,170:1_瞬时流量,84,33.98,37.41,0.1131,1.68
1100011,49.5|43.5|0.0|0.0|0.0|50.0|50.0,170:2_瞬时流量,84,5.33,6.39,-0.502,1.01
1100011,49.5|43.5|0.0|0.0|0.0|50.0|50.0,70:3_瞬时流量,84,16.07,18.71,-1.7235,3.63
1100011,49.5|43.5|0.0|0.0|0.0|50.0|50.0,总管效率_pct,84,1.16,1.45,0.3075,2.41
1100011,49.5|43.8|0.0|0.0|0.0|50.0|50.0,170:1_瞬时流量,58,53.93,55.62,-1.6111,2.53
1100011,49.5|43.8|0.0|0.0|0.0|50.0|50.0,170:2_瞬时流量,58,4.84,6.81,-0.3079,0.89
1100011,49.5|43.8|0.0|0.0|0.0|50.0|50.0,70:3_瞬时流量,58,30.22,31.09,-1.8751,6.01
1100011,49.5|43.8|0.0|0.0|0.0|50.0|50.0,总管效率_pct,58,1.52,1.93,-0.28,2.96
1100011,49.5|48.9|0.0|0.0|0.0|50.0|50.0,170:1_瞬时流量,259,35.07,44.16,0.3166,1.6
1100011,49.5|48.9|0.0|0.0|0.0|50.0|50.0,170:2_瞬时流量,259,5.47,6.5,0.467,0.95
1100011,49.5|48.9|0.0|0.0|0.0|50.0|50.0,70:3_瞬时流量,259,9.27,11.92,0.7927,1.86
1100011,49.5|48.9|0.0|0.0|0.0|50.0|50.0,总管效率_pct,259,1.59,2.01,-0.0679,3.32
1100011,49.6|42.8|0.0|0.0|0.0|50.0|50.0,170:1_瞬时流量,90,31.49,34.29,0.0076,1.56
1100011,49.6|42.8|0.0|0.0|0.0|50.0|50.0,170:2_瞬时流量,90,3.07,4.22,-0.7414,0.58
1100011,49.6|42.8|0.0|0.0|0.0|50.0|50.0,70:3_瞬时流量,90,4.96,6.0,0.0374,1.05
1100011,49.6|42.8|0.0|0.0|0.0|50.0|50.0,总管效率_pct,90,1.11,1.29,-0.0489,2.21
1100011,49.6|49.0|0.0|0.0|0.0|50.0|50.0,170:1_瞬时流量,83,43.81,59.96,-0.5342,2.03
1100011,49.6|49.0|0.0|0.0|0.0|50.0|50.0,170:2_瞬时流量,83,5.74,7.68,0.1118,1.01
1100011,49.6|49.0|0.0|0.0|0.0|50.0|50.0,70:3_瞬时流量,83,7.01,8.51,0.8688,1.43
1100011,49.6|49.0|0.0|0.0|0.0|50.0|50.0,总管效率_pct,83,1.62,2.07,-0.3456,3.43
1100011,49.6|49.5|0.0|0.0|0.0|50.0|50.0,170:1_瞬时流量,482,33.14,40.85,0.0244,1.46
1100011,49.6|49.5|0.0|0.0|0.0|50.0|50.0,170:2_瞬时流量,482,6.68,8.69,0.1923,1.14
1100011,49.6|49.5|0.0|0.0|0.0|50.0|50.0,70:3_瞬时流量,482,10.1,12.61,0.3857,2.03
1100011,49.6|49.5|0.0|0.0|0.0|50.0|50.0,总管效率_pct,482,1.67,2.07,-0.0193,3.35
1100011,49.7|40.8|0.0|0.0|0.0|50.0|50.0,170:1_瞬时流量,71,16.9,19.0,-0.9363,0.88
1100011,49.7|40.8|0.0|0.0|0.0|50.0|50.0,170:2_瞬时流量,71,4.36,4.89,-0.1255,0.89
1100011,49.7|40.8|0.0|0.0|0.0|50.0|50.0,70:3_瞬时流量,71,9.97,11.68,-1.4462,2.02
1100011,49.7|40.8|0.0|0.0|0.0|50.0|50.0,总管效率_pct,71,0.53,0.62,-2.0379,1.08
1100011,49.7|43.4|0.0|0.0|0.0|50.0|50.0,170:1_瞬时流量,69,15.86,18.58,-0.1848,0.77
1100011,49.7|43.4|0.0|0.0|0.0|50.0|50.0,170:2_瞬时流量,69,4.57,4.83,0.1493,0.86
1100011,49.7|43.4|0.0|0.0|0.0|50.0|50.0,70:3_瞬时流量,69,7.19,9.14,-1.1989,1.49
1100011,49.7|43.4|0.0|0.0|0.0|50.0|50.0,总管效率_pct,69,1.18,1.27,-0.164,2.41
1100011,49.7|49.3|0.0|0.0|0.0|50.0|50.0,170:1_瞬时流量,164,29.61,37.2,0.4201,1.31
1100011,49.7|49.3|0.0|0.0|0.0|50.0|50.0,170:2_瞬时流量,164,4.58,5.84,0.4685,0.79
1100011,49.7|49.3|0.0|0.0|0.0|50.0|50.0,70:3_瞬时流量,164,8.73,10.88,0.7395,1.75
1100011,49.7|49.3|0.0|0.0|0.0|50.0|50.0,总管效率_pct,164,1.24,1.57,-0.024,2.48
1100011,49.8|40.9|0.0|0.0|0.0|50.0|50.0,170:1_瞬时流量,87,32.9,33.39,-0.016,1.71
1100011,49.8|40.9|0.0|0.0|0.0|50.0|50.0,170:2_瞬时流量,87,5.36,5.54,-0.0045,1.09
1100011,49.8|40.9|0.0|0.0|0.0|50.0|50.0,70:3_瞬时流量,87,11.07,12.62,-2.2691,2.24
1100011,49.8|40.9|0.0|0.0|0.0|50.0|50.0,总管效率_pct,87,1.45,1.59,-0.0833,2.99
1100011,49.8|42.2|0.0|0.0|0.0|50.0|50.0,170:1_瞬时流量,88,18.4,20.22,-0.7426,0.92
1100011,49.8|42.2|0.0|0.0|0.0|50.0|50.0,170:2_瞬时流量,88,5.38,6.64,0.2906,1.05
1100011,49.8|42.2|0.0|0.0|0.0|50.0|50.0,70:3_瞬时流量,88,6.79,8.19,-0.2968,1.44
1100011,49.8|42.2|0.0|0.0|0.0|50.0|50.0,总管效率_pct,88,1.65,1.9,-0.1657,3.44
1100011,49.8|46.4|0.0|0.0|0.0|50.0|50.0,170:1_瞬时流量,88,26.2,30.72,-0.3123,1.21
1100011,49.8|46.4|0.0|0.0|0.0|50.0|50.0,170:2_瞬时流量,88,4.26,4.88,-0.1912,0.76
1100011,49.8|46.4|0.0|0.0|0.0|50.0|50.0,70:3_瞬时流量,88,20.64,22.14,-6.3186,4.47
1100011,49.8|46.4|0.0|0.0|0.0|50.0|50.0,总管效率_pct,88,1.39,1.52,-0.9236,2.84
1100011,49.9|41.2|0.0|0.0|0.0|50.0|50.0,170:1_瞬时流量,115,9.66,12.81,0.144,0.5
1100011,49.9|41.2|0.0|0.0|0.0|50.0|50.0,170:2_瞬时流量,115,7.72,9.59,-0.4188,1.58
1100011,49.9|41.2|0.0|0.0|0.0|50.0|50.0,70:3_瞬时流量,115,11.51,12.5,-4.4251,2.34
1100011,49.9|41.2|0.0|0.0|0.0|50.0|50.0,总管效率_pct,115,0.49,0.63,-0.0731,1.02
1100011,49.9|42.4|0.0|0.0|0.0|50.0|50.0,170:1_瞬时流量,69,26.3,40.02,-0.5404,1.27
1100011,49.9|42.4|0.0|0.0|0.0|50.0|50.0,170:2_瞬时流量,69,5.88,7.05,-0.3036,1.12
1100011,49.9|42.4|0.0|0.0|0.0|50.0|50.0,70:3_瞬时流量,69,4.65,5.99,0.0469,0.98
1100011,49.9|42.4|0.0|0.0|0.0|50.0|50.0,总管效率_pct,69,1.26,1.62,-0.3487,2.47
1100011,49.9|42.5|0.0|0.0|0.0|50.0|50.0,170:1_瞬时流量,88,23.3,30.14,-0.5403,1.14
1100011,49.9|42.5|0.0|0.0|0.0|50.0|50.0,170:2_瞬时流量,88,5.15,6.05,-0.3431,0.98
1100011,49.9|42.5|0.0|0.0|0.0|50.0|50.0,70:3_瞬时流量,88,5.59,7.93,-0.0364,1.17
1100011,49.9|42.5|0.0|0.0|0.0|50.0|50.0,总管效率_pct,88,2.33,2.87,0.0176,4.78
1100011,49.9|43.1|0.0|0.0|0.0|50.0|50.0,170:1_瞬时流量,62,14.63,16.62,0.1788,0.72
1100011,49.9|43.1|0.0|0.0|0.0|50.0|50.0,170:2_瞬时流量,62,3.95,4.39,-0.0827,0.75
1100011,49.9|43.1|0.0|0.0|0.0|50.0|50.0,70:3_瞬时流量,62,4.93,6.66,-0.0291,1.03
1100011,49.9|43.1|0.0|0.0|0.0|50.0|50.0,总管效率_pct,62,0.91,1.34,0.0183,1.9
1100011,49.9|45.9|0.0|0.0|0.0|50.0|50.0,170:1_瞬时流量,66,46.73,49.4,-7.708,2.07
1100011,49.9|45.9|0.0|0.0|0.0|50.0|50.0,170:2_瞬时流量,66,3.11,3.81,-2.2795,0.55
1100011,49.9|45.9|0.0|0.0|0.0|50.0|50.0,70:3_瞬时流量,66,26.87,27.63,-34.4456,5.17
1100011,49.9|45.9|0.0|0.0|0.0|50.0|50.0,总管效率_pct,66,2.23,2.39,-0.0712,4.44
1100011,50.0|41.4|0.0|0.0|0.0|50.0|50.0,170:1_瞬时流量,82,29.65,32.64,-0.317,1.52
1100011,50.0|41.4|0.0|0.0|0.0|50.0|50.0,170:2_瞬时流量,82,7.06,8.86,0.3925,1.44
1100011,50.0|41.4|0.0|0.0|0.0|50.0|50.0,70:3_瞬时流量,82,11.49,12.81,-0.232,2.31
1100011,50.0|41.4|0.0|0.0|0.0|50.0|50.0,总管效率_pct,82,1.36,1.74,0.0556,2.9
1100011,50.0|42.6|0.0|0.0|0.0|50.0|50.0,170:1_瞬时流量,199,28.44,32.05,-0.2042,1.39
1100011,50.0|42.6|0.0|0.0|0.0|50.0|50.0,170:2_瞬时流量,199,5.53,6.38,0.0828,1.07
1100011,50.0|42.6|0.0|0.0|0.0|50.0|50.0,70:3_瞬时流量,199,8.14,11.22,-0.0951,1.69
1100011,50.0|42.6|0.0|0.0|0.0|50.0|50.0,总管效率_pct,199,2.29,2.89,-0.0966,4.95
1100011,50.0|43.0|0.0|0.0|0.0|50.0|50.0,170:1_瞬时流量,138,34.26,41.75,0.0954,1.68
1100011,50.0|43.0|0.0|0.0|0.0|50.0|50.0,170:2_瞬时流量,138,5.52,7.27,-0.2125,1.06
1100011,50.0|43.0|0.0|0.0|0.0|50.0|50.0,70:3_瞬时流量,138,20.12,23.06,0.0562,4.22
1100011,50.0|43.0|0.0|0.0|0.0|50.0|50.0,总管效率_pct,138,2.29,2.87,-0.0507,4.6
1100011,50.0|43.4|0.0|0.0|0.0|50.0|50.0,170:1_瞬时流量,114,22.63,28.3,-0.1194,1.11
1100011,50.0|43.4|0.0|0.0|0.0|50.0|50.0,170:2_瞬时流量,114,7.01,9.13,-0.2,1.34
1100011,50.0|43.4|0.0|0.0|0.0|50.0|50.0,70:3_瞬时流量,114,23.0,27.26,0.2482,4.92
1100011,50.0|43.4|0.0|0.0|0.0|50.0|50.0,总管效率_pct,114,2.04,2.32,-0.1194,4.28
1100011,50.0|44.1|0.0|0.0|0.0|50.0|50.0,170:1_瞬时流量,74,44.68,52.91,0.1876,2.15
1100011,50.0|44.1|0.0|0.0|0.0|50.0|50.0,170:2_瞬时流量,74,5.82,8.06,0.1742,1.09
1100011,50.0|44.1|0.0|0.0|0.0|50.0|50.0,70:3_瞬时流量,74,14.12,18.47,0.5641,2.9
1100011,50.0|44.1|0.0|0.0|0.0|50.0|50.0,总管效率_pct,74,1.65,2.37,-0.061,3.24
1100011,50.0|44.4|0.0|0.0|0.0|50.0|50.0,170:1_瞬时流量,189,25.25,31.82,0.0636,1.19
1100011,50.0|44.4|0.0|0.0|0.0|50.0|50.0,170:2_瞬时流量,189,6.16,7.83,-0.1553,1.14
1100011,50.0|44.4|0.0|0.0|0.0|50.0|50.0,70:3_瞬时流量,189,13.32,16.93,0.1971,2.77
1100011,50.0|44.4|0.0|0.0|0.0|50.0|50.0,总管效率_pct,189,0.86,1.15,-0.0572,1.74
1100011,50.0|44.7|0.0|0.0|0.0|50.0|50.0,170:1_瞬时流量,140,33.7,40.03,0.0141,1.57
1100011,50.0|44.7|0.0|0.0|0.0|50.0|50.0,170:2_瞬时流量,140,7.41,9.95,-0.3912,1.37
1100011,50.0|44.7|0.0|0.0|0.0|50.0|50.0,70:3_瞬时流量,140,22.52,26.92,0.0592,4.81
1100011,50.0|44.7|0.0|0.0|0.0|50.0|50.0,总管效率_pct,140,1.32,1.68,-0.0101,2.71
1100011,50.0|44.9|0.0|0.0|0.0|50.0|50.0,170:1_瞬时流量,87,28.37,31.07,0.1914,1.31
1100011,50.0|44.9|0.0|0.0|0.0|50.0|50.0,170:2_瞬时流量,87,6.38,7.47,-0.1656,1.16
1100011,50.0|44.9|0.0|0.0|0.0|50.0|50.0,70:3_瞬时流量,87,29.26,33.67,0.1269,6.36
1100011,50.0|44.9|0.0|0.0|0.0|50.0|50.0,总管效率_pct,87,2.04,2.31,-2.1012,4.31
1100011,50.0|46.3|0.0|0.0|0.0|50.0|50.0,170:1_瞬时流量,67,30.18,33.25,-0.2913,1.38
1100011,50.0|46.3|0.0|0.0|0.0|50.0|50.0,170:2_瞬时流量,67,8.99,9.64,-1.408,1.61
1100011,50.0|46.3|0.0|0.0|0.0|50.0|50.0,70:3_瞬时流量,67,34.22,38.42,-1.249,7.61
1100011,50.0|46.3|0.0|0.0|0.0|50.0|50.0,总管效率_pct,67,2.8,3.08,-0.6733,5.95
1100011,50.0|48.0|0.0|0.0|0.0|50.0|50.0,170:1_瞬时流量,53,38.34,41.57,0.3626,1.71
1100011,50.0|48.0|0.0|0.0|0.0|50.0|50.0,170:2_瞬时流量,53,7.96,8.33,-0.5643,1.38
1100011,50.0|48.0|0.0|0.0|0.0|50.0|50.0,70:3_瞬时流量,53,14.47,21.33,-0.6011,2.96
1100011,50.0|48.0|0.0|0.0|0.0|50.0|50.0,总管效率_pct,53,1.98,2.06,0.0451,4.01
1100011,50.0|49.3|0.0|0.0|0.0|50.0|50.0,170:1_瞬时流量,52,20.81,25.82,0.3511,0.91
1100011,50.0|49.3|0.0|0.0|0.0|50.0|50.0,170:2_瞬时流量,52,5.56,6.61,-1.0672,0.95
1100011,50.0|49.3|0.0|0.0|0.0|50.0|50.0,70:3_瞬时流量,52,19.54,26.63,-0.3984,3.97
1100011,50.0|49.3|0.0|0.0|0.0|50.0|50.0,总管效率_pct,52,0.98,1.11,-0.0849,2.0
1100011,50.0|49.4|0.0|0.0|0.0|50.0|50.0,170:1_瞬时流量,54,19.33,23.91,0.5644,0.85
1100011,50.0|49.4|0.0|0.0|0.0|50.0|50.0,170:2_瞬时流量,54,4.66,5.17,-0.1642,0.8
1100011,50.0|49.4|0.0|0.0|0.0|50.0|50.0,70:3_瞬时流量,54,14.0,20.78,0.0558,2.82
1100011,50.0|49.4|0.0|0.0|0.0|50.0|50.0,总管效率_pct,54,0.98,1.22,-0.4583,2.03
1100011,50.0|49.5|0.0|0.0|0.0|50.0|50.0,170:1_瞬时流量,56,22.43,26.61,0.5921,0.99
1100011,50.0|49.5|0.0|0.0|0.0|50.0|50.0,170:2_瞬时流量,56,6.04,6.72,-1.6237,1.04
1100011,50.0|49.5|0.0|0.0|0.0|50.0|50.0,70:3_瞬时流量,56,18.39,27.05,-3.1683,3.8
1100011,50.0|49.5|0.0|0.0|0.0|50.0|50.0,总管效率_pct,56,0.75,1.08,-0.288,1.57
1101000,46.5|42.4|0.0|50.0|0.0|0.0|0.0,170:1_瞬时流量,67,43.33,46.0,-7.6914,2.31
1101000,46.5|42.4|0.0|50.0|0.0|0.0|0.0,170:2_瞬时流量,67,6.16,6.31,-4.0113,1.54
1101000,46.5|42.4|0.0|50.0|0.0|0.0|0.0,70:3_瞬时流量,67,0.0,0.0,1.0,
1101000,46.5|42.4|0.0|50.0|0.0|0.0|0.0,总管效率_pct,67,1.4,1.5,-0.927,2.89
1101000,46.5|42.5|0.0|50.0|0.0|0.0|0.0,170:1_瞬时流量,160,33.08,38.61,-2.2068,1.75
1101000,46.5|42.5|0.0|50.0|0.0|0.0|0.0,170:2_瞬时流量,160,5.45,6.76,-0.5352,1.36
1101000,46.5|42.5|0.0|50.0|0.0|0.0|0.0,70:3_瞬时流量,160,0.0,0.0,1.0,
1101000,46.5|42.5|0.0|50.0|0.0|0.0|0.0,总管效率_pct,160,1.71,1.98,-0.0483,3.41
1101000,46.5|42.6|0.0|50.0|0.0|0.0|0.0,170:1_瞬时流量,129,28.16,31.43,-3.9183,1.48
1101000,46.5|42.6|0.0|50.0|0.0|0.0|0.0,170:2_瞬时流量,129,3.12,5.52,-0.8023,0.77
1101000,46.5|42.6|0.0|50.0|0.0|0.0|0.0,70:3_瞬时流量,129,0.0,0.0,1.0,
1101000,46.5|42.6|0.0|50.0|0.0|0.0|0.0,总管效率_pct,129,1.1,1.49,-0.0902,2.18
1101000,46.6|42.6|0.0|50.0|0.0|0.0|0.0,170:1_瞬时流量,121,30.53,35.61,-2.0493,1.61
1101000,46.6|42.6|0.0|50.0|0.0|0.0|0.0,170:2_瞬时流量,121,7.22,9.04,-2.2722,1.8
1101000,46.6|42.6|0.0|50.0|0.0|0.0|0.0,70:3_瞬时流量,121,0.0,0.0,1.0,
1101000,46.6|42.6|0.0|50.0|0.0|0.0|0.0,总管效率_pct,121,1.73,2.12,-0.6344,3.38
1101000,46.7|42.7|0.0|50.0|0.0|0.0|0.0,170:1_瞬时流量,53,43.81,51.15,-1.7746,2.32
1101000,46.7|42.7|0.0|50.0|0.0|0.0|0.0,170:2_瞬时流量,53,8.62,9.99,-0.658,2.13
1101000,46.7|42.7|0.0|50.0|0.0|0.0|0.0,70:3_瞬时流量,53,0.0,0.0,1.0,
1101000,46.7|42.7|0.0|50.0|0.0|0.0|0.0,总管效率_pct,53,1.84,2.06,-0.0164,3.74
1101000,46.7|43.0|0.0|50.0|0.0|0.0|0.0,170:1_瞬时流量,363,27.24,32.77,-0.5622,1.41
1101000,46.7|43.0|0.0|50.0|0.0|0.0|0.0,170:2_瞬时流量,363,6.01,7.6,0.0435,1.46
1101000,46.7|43.0|0.0|50.0|0.0|0.0|0.0,70:3_瞬时流量,363,0.0,0.0,1.0,
1101000,46.7|43.0|0.0|50.0|0.0|0.0|0.0,总管效率_pct,363,2.09,2.54,0.0001,4.23
1101000,46.9|43.3|0.0|50.0|0.0|0.0|0.0,170:1_瞬时流量,964,26.09,31.1,-0.3479,1.34
1101000,46.9|43.3|0.0|50.0|0.0|0.0|0.0,170:2_瞬时流量,964,7.07,8.69,-0.6343,1.7
1101000,46.9|43.3|0.0|50.0|0.0|0.0|0.0,70:3_瞬时流量,964,0.0,0.0,1.0,
1101000,46.9|43.3|0.0|50.0|0.0|0.0|0.0,总管效率_pct,964,2.59,3.14,-0.0005,5.3
1101000,47.0|42.6|0.0|50.0|0.0|0.0|0.0,170:1_瞬时流量,68,40.25,44.08,-0.3297,2.1
1101000,47.0|42.6|0.0|50.0|0.0|0.0|0.0,170:2_瞬时流量,68,8.0,8.45,-5.0509,1.97
1101000,47.0|42.6|0.0|50.0|0.0|0.0|0.0,70:3_瞬时流量,68,0.0,0.0,1.0,
1101000,47.0|42.6|0.0|50.0|0.0|0.0|0.0,总管效率_pct,68,0.98,1.47,-0.0943,2.05
1101000,47.0|43.6|0.0|50.0|0.0|0.0|0.0,170:1_瞬时流量,923,20.57,24.92,0.0117,1.03
1101000,47.0|43.6|0.0|50.0|0.0|0.0|0.0,170:2_瞬时流量,923,5.88,7.32,-0.1781,1.38
1101000,47.0|43.6|0.0|50.0|0.0|0.0|0.0,70:3_瞬时流量,923,0.0,0.0,1.0,
1101000,47.0|43.6|0.0|50.0|0.0|0.0|0.0,总管效率_pct,923,1.85,2.22,0.007,3.73
1101000,47.1|42.6|0.0|50.0|0.0|0.0|0.0,170:1_瞬时流量,114,21.82,23.63,-0.2654,1.13
1101000,47.1|42.6|0.0|50.0|0.0|0.0|0.0,170:2_瞬时流量,114,5.52,6.59,-0.5484,1.36
1101000,47.1|42.6|0.0|50.0|0.0|0.0|0.0,70:3_瞬时流量,114,0.0,0.0,1.0,
1101000,47.1|42.6|0.0|50.0|0.0|0.0|0.0,总管效率_pct,114,2.28,2.86,-0.2072,4.49
1101000,47.1|43.6|0.0|50.0|0.0|0.0|0.0,170:1_瞬时流量,79,22.11,28.41,-0.6986,1.12
1101000,47.1|43.6|0.0|50.0|0.0|0.0|0.0,170:2_瞬时流量,79,8.73,10.15,-2.5089,2.05
1101000,47.1|43.6|0.0|50.0|0.0|0.0|0.0,70:3_瞬时流量,79,0.0,0.0,1.0,
1101000,47.1|43.6|0.0|50.0|0.0|0.0|0.0,总管效率_pct,79,2.21,2.58,-0.0027,4.4
1101000,47.1|43.8|0.0|50.0|0.0|0.0|0.0,170:1_瞬时流量,528,21.81,26.09,0.0846,1.09
1101000,47.1|43.8|0.0|50.0|0.0|0.0|0.0,170:2_瞬时流量,528,6.7,7.93,-0.4887,1.56
1101000,47.1|43.8|0.0|50.0|0.0|0.0|0.0,70:3_瞬时流量,528,0.0,0.0,0.0,
1101000,47.1|43.8|0.0|50.0|0.0|0.0|0.0,总管效率_pct,528,2.03,2.5,-0.0173,4.05
1101000,47.2|41.2|0.0|50.0|0.0|0.0|0.0,170:1_瞬时流量,108,17.37,24.18,-0.5945,0.93
1101000,47.2|41.2|0.0|50.0|0.0|0.0|0.0,170:2_瞬时流量,108,10.65,12.49,-1.5688,2.8
1101000,47.2|41.2|0.0|50.0|0.0|0.0|0.0,70:3_瞬时流量,108,0.0,0.0,1.0,
1101000,47.2|41.2|0.0|50.0|0.0|0.0|0.0,总管效率_pct,108,2.27,2.6,-0.0119,4.7
1101000,47.2|42.7|0.0|50.0|0.0|0.0|0.0,170:1_瞬时流量,51,18.08,19.1,0.0433,0.93
1101000,47.2|42.7|0.0|50.0|0.0|0.0|0.0,170:2_瞬时流量,51,4.82,5.5,-0.1401,1.18
1101000,47.2|42.7|0.0|50.0|0.0|0.0|0.0,70:3_瞬时流量,51,0.0,0.0,1.0,
1101000,47.2|42.7|0.0|50.0|0.0|0.0|0.0,总管效率_pct,51,1.95,2.37,-0.4023,4.18
1101000,47.2|43.0|0.0|50.0|0.0|0.0|0.0,170:1_瞬时流量,166,23.36,28.66,-0.7691,1.21
1101000,47.2|43.0|0.0|50.0|0.0|0.0|0.0,170:2_瞬时流量,166,6.28,7.3,-0.9026,1.51
1101000,47.2|43.0|0.0|50.0|0.0|0.0|0.0,70:3_瞬时流量,166,0.0,0.0,1.0,
1101000,47.2|43.0|0.0|50.0|0.0|0.0|0.0,总管效率_pct,166,1.48,1.81,0.1108,2.94
1101000,47.3|44.2|0.0|50.0|0.0|0.0|0.0,170:1_瞬时流量,655,13.68,18.41,-0.0783,0.67
1101000,47.3|44.2|0.0|50.0|0.0|0.0|0.0,170:2_瞬时流量,655,5.11,6.46,-0.0138,1.17
1101000,47.3|44.2|0.0|50.0|0.0|0.0|0.0,70:3_瞬时流量,655,0.0,0.01,0.0,
1101000,47.3|44.2|0.0|50.0|0.0|0.0|0.0,总管效率_pct,655,2.27,2.91,-0.0278,4.73
1101000,47.3|44.4|0.0|50.0|0.0|0.0|0.0,170:1_瞬时流量,456,16.29,21.28,-0.0658,0.79
1101000,47.3|44.4|0.0|50.0|0.0|0.0|0.0,170:2_瞬时流量,456,5.53,6.52,0.2116,1.25
1101000,47.3|44.4|0.0|50.0|0.0|0.0|0.0,70:3_瞬时流量,456,0.01,0.01,0.0,
1101000,47.3|44.4|0.0|50.0|0.0|0.0|0.0,总管效率_pct,456,2.11,2.65,-0.0404,4.35
1101000,47.4|43.2|0.0|50.0|0.0|0.0|0.0,170:1_瞬时流量,459,27.26,31.87,-1.5172,1.4
1101000,47.4|43.2|0.0|50.0|0.0|0.0|0.0,170:2_瞬时流量,459,5.57,6.76,-0.5269,1.33
1101000,47.4|43.2|0.0|50.0|0.0|0.0|0.0,70:3_瞬时流量,459,0.0,0.0,1.0,
1101000,47.4|43.2|0.0|50.0|0.0|0.0|0.0,总管效率_pct,459,2.41,2.81,0.0149,4.88
1101000,47.4|44.3|0.0|50.0|0.0|0.0|0.0,170:1_瞬时流量,309,14.75,18.14,0.0893,0.72
1101000,47.4|44.3|0.0|50.0|0.0|0.0|0.0,170:2_瞬时流量,309,5.13,6.94,0.1267,1.17
1101000,47.4|44.3|0.0|50.0|0.0|0.0|0.0,70:3_瞬时流量,309,0.0,0.0,0.0,
1101000,47.4|44.3|0.0|50.0|0.0|0.0|0.0,总管效率_pct,309,2.91,3.44,-0.0918,5.89
1101000,47.4|44.5|0.0|50.0|0.0|0.0|0.0,170:1_瞬时流量,810,18.86,22.76,0.079,0.92
1101000,47.4|44.5|0.0|50.0|0.0|0.0|0.0,170:2_瞬时流量,810,4.84,5.87,0.055,1.1
1101000,47.4|44.5|0.0|50.0|0.0|0.0|0.0,70:3_瞬时流量,810,0.0,0.0,0.0,
1101000,47.4|44.5|0.0|50.0|0.0|0.0|0.0,总管效率_pct,810,2.14,2.56,-0.0055,4.34
1101000,47.5|42.0|0.0|50.0|0.0|0.0|0.0,170:1_瞬时流量,54,37.17,38.5,-0.111,1.94
1101000,47.5|42.0|0.0|50.0|0.0|0.0|0.0,170:2_瞬时流量,54,3.19,3.71,0.3397,0.77
1101000,47.5|42.0|0.0|50.0|0.0|0.0|0.0,70:3_瞬时流量,54,0.0,0.0,0.0,
1101000,47.5|42.0|0.0|50.0|0.0|0.0|0.0,总管效率_pct,54,4.36,4.97,-0.1177,8.37
1101000,47.5|43.5|0.0|50.0|0.0|0.0|0.0,170:1_瞬时流量,637,23.82,31.25,-0.6379,1.21
1101000,47.5|43.5|0.0|50.0|0.0|0.0|0.0,170:2_瞬时流量,637,6.58,8.13,-0.9481,1.56
1101000,47.5|43.5|0.0|50.0|0.0|0.0|0.0,70:3_瞬时流量,637,0.0,0.0,1.0,
1101000,47.5|43.5|0.0|50.0|0.0|0.0|0.0,总管效率_pct,637,2.48,2.9,-0.0322,5.09
1101000,47.5|44.5|0.0|50.0|0.0|0.0|0.0,170:1_瞬时流量,240,18.14,20.86,0.1372,0.88
1101000,47.5|44.5|0.0|50.0|0.0|0.0|0.0,170:2_瞬时流量,240,3.75,4.94,0.2706,0.84
1101000,47.5|44.5|0.0|50.0|0.0|0.0|0.0,70:3_瞬时流量,240,0.0,0.0,0.0,
1101000,47.5|44.5|0.0|50.0|0.0|0.0|0.0,总管效率_pct,240,2.27,2.59,-0.1125,4.47
1101000,47.5|44.6|0.0|50.0|0.0|0.0|0.0,170:1_瞬时流量,715,20.91,25.56,0.1834,1.01
1101000,47.5|44.6|0.0|50.0|0.0|0.0|0.0,170:2_瞬时流量,715,4.42,5.5,0.156,0.99
1101000,47.5|44.6|0.0|50.0|0.0|0.0|0.0,70:3_瞬时流量,715,0.0,0.0,0.0,
1101000,47.5|44.6|0.0|50.0|0.0|0.0|0.0,总管效率_pct,715,2.32,2.79,-0.0659,4.76
1101000,47.6|42.3|0.0|50.0|0.0|0.0|0.0,170:1_瞬时流量,141,21.37,23.7,-2.647,1.11
1101000,47.6|42.3|0.0|50.0|0.0|0.0|0.0,170:2_瞬时流量,141,3.45,4.86,-0.0026,0.84
1101000,47.6|42.3|0.0|50.0|0.0|0.0|0.0,70:3_瞬时流量,141,0.0,0.0,0.0,
1101000,47.6|42.3|0.0|50.0|0.0|0.0|0.0,总管效率_pct,141,1.09,1.29,-0.092,2.2
1101000,47.6|44.7|0.0|50.0|0.0|0.0|0.0,170:1_瞬时流量,158,20.11,23.57,0.1113,0.97
1101000,47.6|44.7|0.0|50.0|0.0|0.0|0.0,170:2_瞬时流量,158,5.9,6.5,-0.1444,1.32
1101000,47.6|44.7|0.0|50.0|0.0|0.0|0.0,70:3_瞬时流量,158,0.0,0.0,1.0,
1101000,47.6|44.7|0.0|50.0|0.0|0.0|0.0,总管效率_pct,158,2.25,2.76,-0.1026,4.7
1101000,47.6|45.0|0.0|50.0|0.0|0.0|0.0,170:1_瞬时流量,380,11.35,15.78,0.1583,0.54
1101000,47.6|45.0|0.0|50.0|0.0|0.0|0.0,170:2_瞬时流量,380,3.92,4.84,0.2851,0.86
1101000,47.6|45.0|0.0|50.0|0.0|0.0|0.0,70:3_瞬时流量,380,0.0,0.01,0.0,
1101000,47.6|45.0|0.0|50.0|0.0|0.0|0.0,总管效率_pct,380,2.02,2.42,-0.0261,3.97
1101000,47.7|42.6|0.0|50.0|0.0|0.0|0.0,170:1_瞬时流量,138,18.78,22.97,-0.2659,0.97
1101000,47.7|42.6|0.0|50.0|0.0|0.0|0.0,170:2_瞬时流量,138,5.28,6.53,-0.0952,1.27
1101000,47.7|42.6|0.0|50.0|0.0|0.0|0.0,70:3_瞬时流量,138,0.0,0.0,0.0,
1101000,47.7|42.6|0.0|50.0|0.0|0.0|0.0,总管效率_pct,138,2.67,3.21,-0.1198,5.5
1101000,47.7|44.1|0.0|50.0|0.0|0.0|0.0,170:1_瞬时流量,210,17.84,21.26,-0.2858,0.87
1101000,47.7|44.1|0.0|50.0|0.0|0.0|0.0,170:2_瞬时流量,210,3.35,4.37,-0.0518,0.76
1101000,47.7|44.1|0.0|50.0|0.0|0.0|0.0,70:3_瞬时流量,210,0.01,0.01,0.0,
1101000,47.7|44.1|0.0|50.0|0.0|0.0|0.0,总管效率_pct,210,2.34,2.78,-0.0365,4.65
1101000,47.7|45.0|0.0|50.0|0.0|0.0|0.0,170:1_瞬时流量,403,19.2,24.74,-0.2175,0.93
1101000,47.7|45.0|0.0|50.0|0.0|0.0|0.0,170:2_瞬时流量,403,4.9,6.5,0.1503,1.09
1101000,47.7|45.0|0.0|50.0|0.0|0.0|0.0,70:3_瞬时流量,403,0.0,0.01,0.0,
1101000,47.7|45.0|0.0|50.0|0.0|0.0|0.0,总管效率_pct,403,1.42,1.65,0.2743,2.84
1101000,47.9|43.1|0.0|50.0|0.0|0.0|0.0,170:1_瞬时流量,137,19.02,23.0,-0.4517,0.97
1101000,47.9|43.1|0.0|50.0|0.0|0.0|0.0,170:2_瞬时流量,137,4.84,5.93,-0.9368,1.14
1101000,47.9|43.1|0.0|50.0|0.0|0.0|0.0,70:3_瞬时流量,137,0.0,0.0,0.0,
1101000,47.9|43.1|0.0|50.0|0.0|0.0|0.0,总管效率_pct,137,2.64,3.07,-0.0424,5.35
1101000,47.9|44.6|0.0|50.0|0.0|0.0|0.0,170:1_瞬时流量,117,21.62,23.99,-0.0592,1.04
1101000,47.9|44.6|0.0|50.0|0.0|0.0|0.0,170:2_瞬时流量,117,5.43,6.32,-0.4713,1.19
1101000,47.9|44.6|0.0|50.0|0.0|0.0|0.0,70:3_瞬时流量,117,0.0,0.0,0.0,
1101000,47.9|44.6|0.0|50.0|0.0|0.0|0.0,总管效率_pct,117,1.69,2.01,-0.8766,3.48
1101000,48.0|44.4|0.0|50.0|0.0|0.0|0.0,170:1_瞬时流量,72,16.47,23.47,-0.5147,0.81
1101000,48.0|44.4|0.0|50.0|0.0|0.0|0.0,170:2_瞬时流量,72,4.15,5.49,-0.6862,0.94
1101000,48.0|44.4|0.0|50.0|0.0|0.0|0.0,70:3_瞬时流量,72,0.0,0.0,0.0,
1101000,48.0|44.4|0.0|50.0|0.0|0.0|0.0,总管效率_pct,72,1.23,1.54,0.1238,2.47
1101000,48.0|44.6|0.0|50.0|0.0|0.0|0.0,170:1_瞬时流量,468,14.89,17.91,-0.035,0.72
1101000,48.0|44.6|0.0|50.0|0.0|0.0|0.0,170:2_瞬时流量,468,4.98,6.22,-0.0252,1.1
1101000,48.0|44.6|0.0|50.0|0.0|0.0|0.0,70:3_瞬时流量,468,0.0,0.0,0.0,
1101000,48.0|44.6|0.0|50.0|0.0|0.0|0.0,总管效率_pct,468,1.4,1.97,-0.0627,2.79
1101000,48.0|45.6|0.0|50.0|0.0|0.0|0.0,170:1_瞬时流量,86,22.3,26.11,-0.574,1.07
1101000,48.0|45.6|0.0|50.0|0.0|0.0|0.0,170:2_瞬时流量,86,3.68,4.87,0.0683,0.8
1101000,48.0|45.6|0.0|50.0|0.0|0.0|0.0,70:3_瞬时流量,86,0.0,0.0,0.0,
1101000,48.0|45.6|0.0|50.0|0.0|0.0|0.0,总管效率_pct,86,1.45,1.68,-0.0312,2.91
1101000,48.0|45.7|0.0|50.0|0.0|0.0|0.0,170:1_瞬时流量,319,24.4,29.33,-0.8385,1.17
1101000,48.0|45.7|0.0|50.0|0.0|0.0|0.0,170:2_瞬时流量,319,5.56,6.4,-0.4737,1.22
1101000,48.0|45.7|0.0|50.0|0.0|0.0|0.0,70:3_瞬时流量,319,0.0,0.0,0.0,
1101000,48.0|45.7|0.0|50.0|0.0|0.0|0.0,总管效率_pct,319,1.69,2.05,-0.0623,3.4
1101000,48.0|46.0|0.0|50.0|0.0|0.0|0.0,170:1_瞬时流量,186,26.2,31.7,0.1778,1.23
1101000,48.0|46.0|0.0|50.0|0.0|0.0|0.0,170:2_瞬时流量,186,4.65,5.34,0.4094,1.0
1101000,48.0|46.0|0.0|50.0|0.0|0.0|0.0,70:3_瞬时流量,186,0.0,0.0,1.0,
1101000,48.0|46.0|0.0|50.0|0.0|0.0|0.0,总管效率_pct,186,2.02,2.31,-0.1083,3.93
1101000,48.1|43.4|0.0|50.0|0.0|0.0|0.0,170:1_瞬时流量,67,22.93,27.71,-0.1066,1.15
1101000,48.1|43.4|0.0|50.0|0.0|0.0|0.0,170:2_瞬时流量,67,5.08,5.53,-0.2044,1.17
1101000,48.1|43.4|0.0|50.0|0.0|0.0|0.0,70:3_瞬时流量,67,0.0,0.0,0.0,
1101000,48.1|43.4|0.0|50.0|0.0|0.0|0.0,总管效率_pct,67,3.0,3.62,-0.2546,6.45
1101000,48.1|44.7|0.0|50.0|0.0|0.0|0.0,170:1_瞬时流量,185,11.31,14.75,-0.3372,0.54
1101000,48.1|44.7|0.0|50.0|0.0|0.0|0.0,170:2_瞬时流量,185,5.81,7.05,-0.1024,1.29
1101000,48.1|44.7|0.0|50.0|0.0|0.0|0.0,70:3_瞬时流量,185,0.0,0.0,1.0,
1101000,48.1|44.7|0.0|50.0|0.0|0.0|0.0,总管效率_pct,185,1.29,1.84,0.1001,2.64
1101000,48.1|45.0|0.0|50.0|0.0|0.0|0.0,170:1_瞬时流量,76,25.95,31.04,-0.8464,1.22
1101000,48.1|45.0|0.0|50.0|0.0|0.0|0.0,170:2_瞬时流量,76,7.2,9.21,-0.7427,1.54
1101000,48.1|45.0|0.0|50.0|0.0|0.0|0.0,70:3_瞬时流量,76,0.0,0.0,0.0,
1101000,48.1|45.0|0.0|50.0|0.0|0.0|0.0,总管效率_pct,76,3.36,3.65,-0.1323,6.54
1101000,48.1|45.8|0.0|50.0|0.0|0.0|0.0,170:1_瞬时流量,70,11.6,16.01,0.0065,0.55
1101000,48.1|45.8|0.0|50.0|0.0|0.0|0.0,170:2_瞬时流量,70,4.4,5.09,-0.0583,0.94
1101000,48.1|45.8|0.0|50.0|0.0|0.0|0.0,70:3_瞬时流量,70,0.0,0.0,0.0,
1101000,48.1|45.8|0.0|50.0|0.0|0.0|0.0,总管效率_pct,70,2.96,3.41,-0.3346,6.38
1101000,48.2|45.2|0.0|50.0|0.0|0.0|0.0,170:1_瞬时流量,73,25.1,28.25,-0.8499,1.18
1101000,48.2|45.2|0.0|50.0|0.0|0.0|0.0,170:2_瞬时流量,73,4.79,6.53,-0.3242,1.03
1101000,48.2|45.2|0.0|50.0|0.0|0.0|0.0,70:3_瞬时流量,73,0.0,0.0,1.0,
1101000,48.2|45.2|0.0|50.0|0.0|0.0|0.0,总管效率_pct,73,2.87,3.13,-0.3291,5.95
1101000,48.2|46.4|0.0|50.0|0.0|0.0|0.0,170:1_瞬时流量,540,22.24,28.83,0.1851,1.04
1101000,48.2|46.4|0.0|50.0|0.0|0.0|0.0,170:2_瞬时流量,540,4.43,5.7,0.3509,0.94
1101000,48.2|46.4|0.0|50.0|0.0|0.0|0.0,70:3_瞬时流量,540,0.0,0.0,1.0,
1101000,48.2|46.4|0.0|50.0|0.0|0.0|0.0,总管效率_pct,540,2.02,2.52,-0.019,3.95
1101000,48.3|46.2|0.0|50.0|0.0|0.0|0.0,170:1_瞬时流量,89,11.73,17.71,-0.2256,0.54
1101000,48.3|46.2|0.0|50.0|0.0|0.0|0.0,170:2_瞬时流量,89,3.76,4.92,0.0069,0.79
1101000,48.3|46.2|0.0|50.0|0.0|0.0|0.0,70:3_瞬时流量,89,0.0,0.0,0.0,
1101000,48.3|46.2|0.0|50.0|0.0|0.0|0.0,总管效率_pct,89,2.74,3.1,-0.7059,5.24
1101000,48.3|46.7|0.0|50.0|0.0|0.0|0.0,170:1_瞬时流量,298,20.9,26.27,0.2022,0.96
1101000,48.3|46.7|0.0|50.0|0.0|0.0|0.0,170:2_瞬时流量,298,5.4,6.97,0.5409,1.15
1101000,48.3|46.7|0.0|50.0|0.0|0.0|0.0,70:3_瞬时流量,298,0.0,0.0,1.0,
1101000,48.3|46.7|0.0|50.0|0.0|0.0|0.0,总管效率_pct,298,1.94,2.33,0.0273,3.99
1101000,48.4|46.7|0.0|50.0|0.0|0.0|0.0,170:1_瞬时流量,761,20.26,25.44,-0.0887,0.93
1101000,48.4|46.7|0.0|50.0|0.0|0.0|0.0,170:2_瞬时流量,761,5.43,7.09,-0.0649,1.15
1101000,48.4|46.7|0.0|50.0|0.0|0.0|0.0,70:3_瞬时流量,761,0.0,0.0,1.0,
1101000,48.4|46.7|0.0|50.0|0.0|0.0|0.0,总管效率_pct,761,2.13,2.63,-0.0313,4.42
1101000,48.5|47.2|0.0|50.0|0.0|0.0|0.0,170:1_瞬时流量,172,31.02,38.22,0.2524,1.41
1101000,48.5|47.2|0.0|50.0|0.0|0.0|0.0,170:2_瞬时流量,172,5.93,6.98,0.4225,1.21
1101000,48.5|47.2|0.0|50.0|0.0|0.0|0.0,70:3_瞬时流量,172,0.0,0.0,1.0,
1101000,48.5|47.2|0.0|50.0|0.0|0.0|0.0,总管效率_pct,172,2.08,2.59,-0.1115,4.09
1101000,48.7|46.9|0.0|50.0|0.0|0.0|0.0,170:1_瞬时流量,63,11.11,12.94,-0.4072,0.5
1101000,48.7|46.9|0.0|50.0|0.0|0.0|0.0,170:2_瞬时流量,63,8.24,10.27,-0.1808,1.7
1101000,48.7|46.9|0.0|50.0|0.0|0.0|0.0,70:3_瞬时流量,63,0.0,0.0,1.0,
1101000,48.7|46.9|0.0|50.0|0.0|0.0|0.0,总管效率_pct,63,2.45,2.67,-0.1001,4.86
1101000,48.7|47.1|0.0|50.0|0.0|0.0|0.0,170:1_瞬时流量,249,13.9,19.1,-0.068,0.63
1101000,48.7|47.1|0.0|50.0|0.0|0.0|0.0,170:2_瞬时流量,249,5.5,7.57,-0.0018,1.15
1101000,48.7|47.1|0.0|50.0|0.0|0.0|0.0,70:3_瞬时流量,249,0.0,0.0,1.0,
1101000,48.7|47.1|0.0|50.0|0.0|0.0|0.0,总管效率_pct,249,1.91,2.14,-0.1776,3.83
1101000,48.7|47.4|0.0|50.0|0.0|0.0|0.0,170:1_瞬时流量,1537,20.13,27.18,0.0651,0.91
1101000,48.7|47.4|0.0|50.0|0.0|0.0|0.0,170:2_瞬时流量,1537,5.55,6.64,0.3015,1.13
1101000,48.7|47.4|0.0|50.0|0.0|0.0|0.0,70:3_瞬时流量,1537,0.0,0.0,0.0,
1101000,48.7|47.4|0.0|50.0|0.0|0.0|0.0,总管效率_pct,1537,1.97,2.49,-0.0259,3.96
1101000,48.7|47.5|0.0|50.0|0.0|0.0|0.0,170:1_瞬时流量,859,26.07,35.74,0.0117,1.19
1101000,48.7|47.5|0.0|50.0|0.0|0.0|0.0,170:2_瞬时流量,859,5.0,6.13,0.351,1.03
1101000,48.7|47.5|0.0|50.0|0.0|0.0|0.0,70:3_瞬时流量,859,0.0,0.0,0.0,
1101000,48.7|47.5|0.0|50.0|0.0|0.0|0.0,总管效率_pct,859,2.01,2.65,0.0081,4.14
1101000,48.8|47.5|0.0|50.0|0.0|0.0|0.0,170:1_瞬时流量,1368,25.48,35.37,-0.031,1.16
1101000,48.8|47.5|0.0|50.0|0.0|0.0|0.0,170:2_瞬时流量,1368,5.61,6.78,0.1763,1.15
1101000,48.8|47.5|0.0|50.0|0.0|0.0|0.0,70:3_瞬时流量,1368,0.0,0.0,1.0,
1101000,48.8|47.5|0.0|50.0|0.0|0.0|0.0,总管效率_pct,1368,1.85,2.37,0.0594,3.78
1101000,48.8|47.6|0.0|50.0|0.0|0.0|0.0,170:1_瞬时流量,2053,27.77,39.09,-0.0513,1.27
1101000,48.8|47.6|0.0|50.0|0.0|0.0|0.0,170:2_瞬时流量,2053,5.64,6.91,0.1678,1.15
1101000,48.8|47.6|0.0|50.0|0.0|0.0|0.0,70:3_瞬时流量,2053,0.0,0.0,0.0,
1101000,48.8|47.6|0.0|50.0|0.0|0.0|0.0,总管效率_pct,2053,1.97,2.51,0.0163,4.01
1101000,48.9|46.7|0.0|50.0|0.0|0.0|0.0,170:1_瞬时流量,104,23.77,33.91,-0.5787,1.09
1101000,48.9|46.7|0.0|50.0|0.0|0.0|0.0,170:2_瞬时流量,104,3.52,8.71,-0.1978,0.75
1101000,48.9|46.7|0.0|50.0|0.0|0.0|0.0,70:3_瞬时流量,104,0.0,0.0,0.0,
1101000,48.9|46.7|0.0|50.0|0.0|0.0|0.0,总管效率_pct,104,1.83,2.04,0.0373,3.74
1101000,48.9|47.4|0.0|50.0|0.0|0.0|0.0,170:1_瞬时流量,139,13.45,19.63,-0.0122,0.61
1101000,48.9|47.4|0.0|50.0|0.0|0.0|0.0,170:2_瞬时流量,139,4.21,5.72,-0.394,0.85
1101000,48.9|47.4|0.0|50.0|0.0|0.0|0.0,70:3_瞬时流量,139,0.0,0.0,1.0,
1101000,48.9|47.4|0.0|50.0|0.0|0.0|0.0,总管效率_pct,139,2.34,2.54,-0.1205,4.61
1101000,48.9|47.7|0.0|50.0|0.0|0.0|0.0,170:1_瞬时流量,1154,25.19,34.08,0.0215,1.14
1101000,48.9|47.7|0.0|50.0|0.0|0.0|0.0,170:2_瞬时流量,1154,5.83,7.08,0.158,1.18
1101000,48.9|47.7|0.0|50.0|0.0|0.0|0.0,70:3_瞬时流量,1154,0.0,0.0,1.0,
1101000,48.9|47.7|0.0|50.0|0.0|0.0|0.0,总管效率_pct,1154,1.78,2.24,0.0194,3.6
1101000,49.0|48.4|0.0|50.0|0.0|0.0|0.0,170:1_瞬时流量,55,44.51,48.04,-0.1119,2.0
1101000,49.0|48.4|0.0|50.0|0.0|0.0|0.0,170:2_瞬时流量,55,4.4,5.95,0.462,0.88
1101000,49.0|48.4|0.0|50.0|0.0|0.0|0.0,70:3_瞬时流量,55,0.0,0.0,1.0,
1101000,49.0|48.4|0.0|50.0|0.0|0.0|0.0,总管效率_pct,55,1.73,2.07,-0.0193,3.48
1101000,49.1|42.3|0.0|50.0|0.0|0.0|0.0,170:1_瞬时流量,66,29.24,31.73,-5.1884,1.48
1101000,49.1|42.3|0.0|50.0|0.0|0.0|0.0,170:2_瞬时流量,66,7.4,8.72,-2.2088,1.76
1101000,49.1|42.3|0.0|50.0|0.0|0.0|0.0,70:3_瞬时流量,66,0.0,0.0,0.0,
1101000,49.1|42.3|0.0|50.0|0.0|0.0|0.0,总管效率_pct,66,3.09,3.3,-0.2717,6.54
1101000,49.1|47.6|0.0|50.0|0.0|0.0|0.0,170:1_瞬时流量,79,11.92,14.64,0.5341,0.53
1101000,49.1|47.6|0.0|50.0|0.0|0.0|0.0,170:2_瞬时流量,79,6.91,9.23,-0.1582,1.43
1101000,49.1|47.6|0.0|50.0|0.0|0.0|0.0,70:3_瞬时流量,79,0.0,0.0,0.0,
1101000,49.1|47.6|0.0|50.0|0.0|0.0|0.0,总管效率_pct,79,1.73,1.97,0.0495,3.46
1101000,49.1|47.7|0.0|50.0|0.0|0.0|0.0,170:1_瞬时流量,64,16.03,20.57,0.5095,0.72
1101000,49.1|47.7|0.0|50.0|0.0|0.0|0.0,170:2_瞬时流量,64,5.79,7.44,0.4847,1.18
1101000,49.1|47.7|0.0|50.0|0.0|0.0|0.0,70:3_瞬时流量,64,0.0,0.0,0.0,
1101000,49.1|47.7|0.0|50.0|0.0|0.0|0.0,总管效率_pct,64,1.68,2.0,-0.0452,3.36
1101000,49.1|47.8|0.0|50.0|0.0|0.0|0.0,170:1_瞬时流量,217,19.78,26.24,-0.0126,0.88
1101000,49.1|47.8|0.0|50.0|0.0|0.0|0.0,170:2_瞬时流量,217,4.49,5.27,0.1085,0.9
1101000,49.1|47.8|0.0|50.0|0.0|0.0|0.0,70:3_瞬时流量,217,0.0,0.0,1.0,
1101000,49.1|47.8|0.0|50.0|0.0|0.0|0.0,总管效率_pct,217,1.82,2.15,-0.4875,3.57
1101000,49.1|47.9|0.0|50.0|0.0|0.0|0.0,170:1_瞬时流量,311,22.26,26.83,-0.3698,0.98
1101000,49.1|47.9|0.0|50.0|0.0|0.0|0.0,170:2_瞬时流量,311,6.05,6.83,-0.1419,1.2
1101000,49.1|47.9|0.0|50.0|0.0|0.0|0.0,70:3_瞬时流量,311,0.0,0.0,1.0,
1101000,49.1|47.9|0.0|50.0|0.0|0.0|0.0,总管效率_pct,311,1.37,1.65,-0.0151,2.76
1101000,49.2|43.8|0.0|50.0|0.0|0.0|0.0,170:1_瞬时流量,91,15.85,21.79,-0.2505,0.78
1101000,49.2|43.8|0.0|50.0|0.0|0.0|0.0,170:2_瞬时流量,91,5.08,5.83,0.0031,1.11
1101000,49.2|43.8|0.0|50.0|0.0|0.0|0.0,70:3_瞬时流量,91,0.0,0.0,0.0,
1101000,49.2|43.8|0.0|50.0|0.0|0.0|0.0,总管效率_pct,91,1.21,1.46,-0.0377,2.48
1101000,49.2|45.8|0.0|50.0|0.0|0.0|0.0,170:1_瞬时流量,85,14.61,16.91,-1.4788,0.68
1101000,49.2|45.8|0.0|50.0|0.0|0.0|0.0,170:2_瞬时流量,85,4.89,5.15,-2.5139,1.03
1101000,49.2|45.8|0.0|50.0|0.0|0.0|0.0,70:3_瞬时流量,85,0.0,0.0,0.0,
1101000,49.2|45.8|0.0|50.0|0.0|0.0|0.0,总管效率_pct,85,1.12,1.3,-0.7996,2.3
1101000,49.2|46.2|0.0|50.0|0.0|0.0|0.0,170:1_瞬时流量,100,57.84,59.67,-15.5368,2.74
1101000,49.2|46.2|0.0|50.0|0.0|0.0|0.0,170:2_瞬时流量,100,9.29,10.18,-7.9238,1.97
1101000,49.2|46.2|0.0|50.0|0.0|0.0|0.0,70:3_瞬时流量,100,0.0,0.0,1.0,
1101000,49.2|46.2|0.0|50.0|0.0|0.0|0.0,总管效率_pct,100,2.29,2.65,-0.7429,4.88
1101000,49.2|47.3|0.0|50.0|0.0|0.0|0.0,170:1_瞬时流量,66,23.61,30.96,-0.1743,1.07
1101000,49.2|47.3|0.0|50.0|0.0|0.0|0.0,170:2_瞬时流量,66,7.34,8.97,-0.2675,1.45
1101000,49.2|47.3|0.0|50.0|0.0|0.0|0.0,70:3_瞬时流量,66,0.0,0.0,1.0,
1101000,49.2|47.3|0.0|50.0|0.0|0.0|0.0,总管效率_pct,66,1.05,1.35,-0.0792,2.06
1101000,49.2|48.7|0.0|50.0|0.0|0.0|0.0,170:1_瞬时流量,380,39.17,46.26,0.0582,1.72
1101000,49.2|48.7|0.0|50.0|0.0|0.0|0.0,170:2_瞬时流量,380,5.92,7.34,0.3856,1.18
1101000,49.2|48.7|0.0|50.0|0.0|0.0|0.0,70:3_瞬时流量,380,0.0,0.0,1.0,
1101000,49.2|48.7|0.0|50.0|0.0|0.0|0.0,总管效率_pct,380,2.14,2.59,-0.0174,4.37
1101000,49.2|48.8|0.0|50.0|0.0|0.0|0.0,170:1_瞬时流量,69,44.35,51.24,-0.3488,1.92
1101000,49.2|48.8|0.0|50.0|0.0|0.0|0.0,170:2_瞬时流量,69,6.22,7.85,-1.0716,1.22
1101000,49.2|48.8|0.0|50.0|0.0|0.0|0.0,70:3_瞬时流量,69,0.0,0.0,0.0,
1101000,49.2|48.8|0.0|50.0|0.0|0.0|0.0,总管效率_pct,69,1.95,2.44,-0.0437,3.9
1101000,49.3|44.3|0.0|50.0|0.0|0.0|0.0,170:1_瞬时流量,97,24.35,25.99,-0.2729,1.17
1101000,49.3|44.3|0.0|50.0|0.0|0.0|0.0,170:2_瞬时流量,97,6.27,7.33,-0.6909,1.34
1101000,49.3|44.3|0.0|50.0|0.0|0.0|0.0,70:3_瞬时流量,97,0.0,0.0,0.0,
1101000,49.3|44.3|0.0|50.0|0.0|0.0|0.0,总管效率_pct,97,2.41,2.63,0.2443,4.84
1101000,49.3|46.5|0.0|50.0|0.0|0.0|0.0,170:1_瞬时流量,64,46.97,54.78,-2.525,2.21
1101000,49.3|46.5|0.0|50.0|0.0|0.0|0.0,170:2_瞬时流量,64,3.26,4.51,-0.5515,0.68
1101000,49.3|46.5|0.0|50.0|0.0|0.0|0.0,70:3_瞬时流量,64,0.0,0.0,1.0,
1101000,49.3|46.5|0.0|50.0|0.0|0.0|0.0,总管效率_pct,64,1.71,1.91,-0.0128,3.49
1101000,49.3|47.5|0.0|50.0|0.0|0.0|0.0,170:1_瞬时流量,277,16.79,23.3,-0.1691,0.75
1101000,49.3|47.5|0.0|50.0|0.0|0.0|0.0,170:2_瞬时流量,277,4.73,5.85,0.27,0.95
1101000,49.3|47.5|0.0|50.0|0.0|0.0|0.0,70:3_瞬时流量,277,0.0,0.0,1.0,
1101000,49.3|47.5|0.0|50.0|0.0|0.0|0.0,总管效率_pct,277,1.44,1.82,-0.0405,2.92
1101000,49.3|47.9|0.0|50.0|0.0|0.0|0.0,170:1_瞬时流量,52,35.35,36.16,-2.3923,1.6
1101000,49.3|47.9|0.0|50.0|0.0|0.0|0.0,170:2_瞬时流量,52,7.05,7.85,-1.9925,1.44
1101000,49.3|47.9|0.0|50.0|0.0|0.0|0.0,70:3_瞬时流量,52,0.0,0.0,0.0,
1101000,49.3|47.9|0.0|50.0|0.0|0.0|0.0,总管效率_pct,52,2.49,2.63,-0.7328,5.2
1101000,49.3|48.3|0.0|50.0|0.0|0.0|0.0,170:1_瞬时流量,112,28.32,36.35,-0.4351,1.23
1101000,49.3|48.3|0.0|50.0|0.0|0.0|0.0,170:2_瞬时流量,112,5.75,6.88,0.09,1.14
1101000,49.3|48.3|0.0|50.0|0.0|0.0|0.0,70:3_瞬时流量,112,0.0,0.0,1.0,
1101000,49.3|48.3|0.0|50.0|0.0|0.0|0.0,总管效率_pct,112,1.42,1.85,-0.2666,3.02
1101000,49.3|48.6|0.0|50.0|0.0|0.0|0.0,170:1_瞬时流量,788,38.91,47.17,0.0318,1.74
1101000,49.3|48.6|0.0|50.0|0.0|0.0|0.0,170:2_瞬时流量,788,5.87,7.08,0.3234,1.16
1101000,49.3|48.6|0.0|50.0|0.0|0.0|0.0,70:3_瞬时流量,788,0.0,0.0,1.0,
1101000,49.3|48.6|0.0|50.0|0.0|0.0|0.0,总管效率_pct,788,1.89,2.28,0.047,3.82
1101000,49.4|42.9|0.0|50.0|0.0|0.0|0.0,170:1_瞬时流量,118,27.81,32.75,-1.9629,1.39
1101000,49.4|42.9|0.0|50.0|0.0|0.0|0.0,170:2_瞬时流量,118,3.81,5.47,-0.2005,0.88
1101000,49.4|42.9|0.0|50.0|0.0|0.0|0.0,70:3_瞬时流量,118,0.0,0.0,1.0,
1101000,49.4|42.9|0.0|50.0|0.0|0.0|0.0,总管效率_pct,118,1.77,2.09,-0.1809,3.74
1101000,49.4|44.2|0.0|50.0|0.0|0.0|0.0,170:1_瞬时流量,95,17.83,25.62,-0.5085,0.84
1101000,49.4|44.2|0.0|50.0|0.0|0.0|0.0,170:2_瞬时流量,95,3.85,4.8,0.7089,0.83
1101000,49.4|44.2|0.0|50.0|0.0|0.0|0.0,70:3_瞬时流量,95,0.01,0.01,0.0,
1101000,49.4|44.2|0.0|50.0|0.0|0.0|0.0,总管效率_pct,95,2.16,2.56,0.0578,4.46
1101000,49.4|44.3|0.0|50.0|0.0|0.0|0.0,170:1_瞬时流量,185,23.03,28.87,-0.0787,1.09
1101000,49.4|44.3|0.0|50.0|0.0|0.0|0.0,170:2_瞬时流量,185,3.79,5.64,0.098,0.8
1101000,49.4|44.3|0.0|50.0|0.0|0.0|0.0,70:3_瞬时流量,185,0.01,0.01,0.0,
1101000,49.4|44.3|0.0|50.0|0.0|0.0|0.0,总管效率_pct,185,1.45,1.83,0.0612,2.97
1101000,49.4|46.3|0.0|50.0|0.0|0.0|0.0,170:1_瞬时流量,51,20.31,20.69,-0.8283,0.94
1101000,49.4|46.3|0.0|50.0|0.0|0.0|0.0,170:2_瞬时流量,51,10.16,10.24,-5.9707,2.14
1101000,49.4|46.3|0.0|50.0|0.0|0.0|0.0,70:3_瞬时流量,51,0.0,0.0,1.0,
1101000,49.4|46.3|0.0|50.0|0.0|0.0|0.0,总管效率_pct,51,2.39,2.49,-2.0978,5.05
1101000,49.4|48.8|0.0|50.0|0.0|0.0|0.0,170:1_瞬时流量,694,42.84,48.95,0.0351,1.9
1101000,49.4|48.8|0.0|50.0|0.0|0.0|0.0,170:2_瞬时流量,694,5.66,6.89,0.1914,1.11
1101000,49.4|48.8|0.0|50.0|0.0|0.0|0.0,70:3_瞬时流量,694,0.0,0.0,0.0,
1101000,49.4|48.8|0.0|50.0|0.0|0.0|0.0,总管效率_pct,694,1.8,2.15,0.109,3.7
1101000,49.5|48.6|0.0|50.0|0.0|0.0|0.0,170:1_瞬时流量,73,26.03,30.65,-1.2239,1.12
1101000,49.5|48.6|0.0|50.0|0.0|0.0|0.0,170:2_瞬时流量,73,5.71,6.49,-0.6974,1.11
1101000,49.5|48.6|0.0|50.0|0.0|0.0|0.0,70:3_瞬时流量,73,0.0,0.0,0.0,
1101000,49.5|48.6|0.0|50.0|0.0|0.0|0.0,总管效率_pct,73,1.38,1.57,0.0298,2.76
1101000,49.5|48.8|0.0|50.0|0.0|0.0|0.0,170:1_瞬时流量,171,27.15,34.89,-0.299,1.17
1101000,49.5|48.8|0.0|50.0|0.0|0.0|0.0,170:2_瞬时流量,171,4.76,5.9,0.127,0.94
1101000,49.5|48.8|0.0|50.0|0.0|0.0|0.0,70:3_瞬时流量,171,0.0,0.0,0.0,
1101000,49.5|48.8|0.0|50.0|0.0|0.0|0.0,总管效率_pct,171,1.46,1.78,0.2005,2.92
1101000,49.5|48.9|0.0|50.0|0.0|0.0|0.0,170:1_瞬时流量,292,39.49,46.85,-0.0109,1.73
1101000,49.5|48.9|0.0|50.0|0.0|0.0|0.0,170:2_瞬时流量,292,6.14,7.51,0.0253,1.21
1101000,49.5|48.9|0.0|50.0|0.0|0.0|0.0,70:3_瞬时流量,292,0.0,0.0,0.0,
1101000,49.5|48.9|0.0|50.0|0.0|0.0|0.0,总管效率_pct,292,1.84,2.18,0.0817,3.71
1101000,49.5|49.1|0.0|50.0|0.0|0.0|0.0,170:1_瞬时流量,847,41.76,48.12,0.0232,1.83
1101000,49.5|49.1|0.0|50.0|0.0|0.0|0.0,170:2_瞬时流量,847,6.3,7.43,0.1524,1.23
1101000,49.5|49.1|0.0|50.0|0.0|0.0|0.0,70:3_瞬时流量,847,0.0,0.0,0.0,
1101000,49.5|49.1|0.0|50.0|0.0|0.0|0.0,总管效率_pct,847,2.12,2.6,-0.0569,4.44
1101000,49.6|44.7|0.0|50.0|0.0|0.0|0.0,170:1_瞬时流量,53,21.21,29.19,-0.9014,0.98
1101000,49.6|44.7|0.0|50.0|0.0|0.0|0.0,170:2_瞬时流量,53,4.73,5.11,-0.1065,1.0
1101000,49.6|44.7|0.0|50.0|0.0|0.0|0.0,70:3_瞬时流量,53,0.0,0.0,1.0,
1101000,49.6|44.7|0.0|50.0|0.0|0.0|0.0,总管效率_pct,53,1.86,1.91,-0.0743,3.76
1101000,49.6|47.3|0.0|50.0|0.0|0.0|0.0,170:1_瞬时流量,61,25.34,27.51,-5.6174,1.12
1101000,49.6|47.3|0.0|50.0|0.0|0.0|0.0,170:2_瞬时流量,61,4.05,4.68,-0.1851,0.81
1101000,49.6|47.3|0.0|50.0|0.0|0.0|0.0,70:3_瞬时流量,61,0.0,0.0,1.0,
1101000,49.6|47.3|0.0|50.0|0.0|0.0|0.0,总管效率_pct,61,2.06,2.43,-0.2355,4.3
1101000,49.7|47.4|0.0|50.0|0.0|0.0|0.0,170:1_瞬时流量,92,22.93,26.25,-1.1657,1.01
1101000,49.7|47.4|0.0|50.0|0.0|0.0|0.0,170:2_瞬时流量,92,4.72,5.87,0.048,0.94
1101000,49.7|47.4|0.0|50.0|0.0|0.0|0.0,70:3_瞬时流量,92,0.0,0.0,1.0,
1101000,49.7|47.4|0.0|50.0|0.0|0.0|0.0,总管效率_pct,92,1.23,1.64,-0.4096,2.58
1101000,49.7|47.5|0.0|50.0|0.0|0.0|0.0,170:1_瞬时流量,222,29.79,32.9,-0.9545,1.31
1101000,49.7|47.5|0.0|50.0|0.0|0.0|0.0,170:2_瞬时流量,222,4.13,5.03,-0.0218,0.83
1101000,49.7|47.5|0.0|50.0|0.0|0.0|0.0,70:3_瞬时流量,222,0.0,0.0,0.0,
1101000,49.7|47.5|0.0|50.0|0.0|0.0|0.0,总管效率_pct,222,1.21,1.58,-0.1105,2.39
1101000,49.7|49.3|0.0|50.0|0.0|0.0|0.0,170:1_瞬时流量,289,38.49,45.22,0.0101,1.67
1101000,49.7|49.3|0.0|50.0|0.0|0.0|0.0,170:2_瞬时流量,289,4.45,5.48,0.0672,0.87
1101000,49.7|49.3|0.0|50.0|0.0|0.0|0.0,70:3_瞬时流量,289,0.0,0.0,0.0,
1101000,49.7|49.3|0.0|50.0|0.0|0.0|0.0,总管效率_pct,289,1.76,2.08,-0.0286,3.54
1101000,49.7|49.5|0.0|50.0|0.0|0.0|0.0,170:1_瞬时流量,691,43.09,49.91,-0.0217,1.86
1101000,49.7|49.5|0.0|50.0|0.0|0.0|0.0,170:2_瞬时流量,691,6.27,7.62,0.2366,1.21
1101000,49.7|49.5|0.0|50.0|0.0|0.0|0.0,70:3_瞬时流量,691,0.0,0.0,0.0,
1101000,49.7|49.5|0.0|50.0|0.0|0.0|0.0,总管效率_pct,691,1.53,1.94,0.0332,3.15
1101000,49.7|49.7|0.0|50.0|0.0|0.0|0.0,170:1_瞬时流量,339,33.8,39.75,0.0466,1.46
1101000,49.7|49.7|0.0|50.0|0.0|0.0|0.0,170:2_瞬时流量,339,5.76,8.32,0.0675,1.09
1101000,49.7|49.7|0.0|50.0|0.0|0.0|0.0,70:3_瞬时流量,339,0.0,0.0,0.0,
1101000,49.7|49.7|0.0|50.0|0.0|0.0|0.0,总管效率_pct,339,1.4,1.66,0.0335,2.83
1101000,49.8|43.2|0.0|50.0|0.0|0.0|0.0,170:1_瞬时流量,53,51.02,53.35,-10.8284,2.55
1101000,49.8|43.2|0.0|50.0|0.0|0.0|0.0,170:2_瞬时流量,53,7.75,8.01,-10.9234,1.76
1101000,49.8|43.2|0.0|50.0|0.0|0.0|0.0,70:3_瞬时流量,53,0.0,0.0,1.0,
1101000,49.8|43.2|0.0|50.0|0.0|0.0|0.0,总管效率_pct,53,1.74,1.88,-0.4465,3.52
1101000,49.8|45.1|0.0|50.0|0.0|0.0|0.0,170:1_瞬时流量,76,23.18,28.56,-2.5554,1.06
1101000,49.8|45.1|0.0|50.0|0.0|0.0|0.0,170:2_瞬时流量,76,4.51,6.83,-0.2205,0.93
1101000,49.8|45.1|0.0|50.0|0.0|0.0|0.0,70:3_瞬时流量,76,0.0,0.0,0.0,
1101000,49.8|45.1|0.0|50.0|0.0|0.0|0.0,总管效率_pct,76,1.78,2.24,-0.0118,3.46
1101000,49.8|45.9|0.0|50.0|0.0|0.0|0.0,170:1_瞬时流量,197,20.72,24.34,-0.0372,0.95
1101000,49.8|45.9|0.0|50.0|0.0|0.0|0.0,170:2_瞬时流量,197,3.97,5.11,-0.1689,0.81
1101000,49.8|45.9|0.0|50.0|0.0|0.0|0.0,70:3_瞬时流量,197,0.0,0.0,0.0,
1101000,49.8|45.9|0.0|50.0|0.0|0.0|0.0,总管效率_pct,197,1.86,2.04,0.0116,3.77
1101000,49.8|47.7|0.0|50.0|0.0|0.0|0.0,170:1_瞬时流量,164,26.49,32.1,0.1181,1.17
1101000,49.8|47.7|0.0|50.0|0.0|0.0|0.0,170:2_瞬时流量,164,3.28,3.96,0.0992,0.65
1101000,49.8|47.7|0.0|50.0|0.0|0.0|0.0,70:3_瞬时流量,164,0.0,0.0,1.0,
1101000,49.8|47.7|0.0|50.0|0.0|0.0|0.0,总管效率_pct,164,1.41,1.85,-0.0873,2.81
1101000,49.8|49.4|0.0|50.0|0.0|0.0|0.0,170:1_瞬时流量,230,34.0,39.33,-0.212,1.46
1101000,49.8|49.4|0.0|50.0|0.0|0.0|0.0,170:2_瞬时流量,230,5.21,6.62,-0.1743,1.0
1101000,49.8|49.4|0.0|50.0|0.0|0.0|0.0,70:3_瞬时流量,230,0.0,0.0,0.0,
1101000,49.8|49.4|0.0|50.0|0.0|0.0|0.0,总管效率_pct,230,1.88,2.33,-0.123,3.96
1101000,49.8|49.7|0.0|50.0|0.0|0.0|0.0,170:1_瞬时流量,862,38.01,45.44,-0.0098,1.64
1101000,49.8|49.7|0.0|50.0|0.0|0.0|0.0,170:2_瞬时流量,862,5.93,7.55,0.2205,1.14
1101000,49.8|49.7|0.0|50.0|0.0|0.0|0.0,70:3_瞬时流量,862,0.0,0.0,0.0,
1101000,49.8|49.7|0.0|50.0|0.0|0.0|0.0,总管效率_pct,862,1.65,2.06,0.0429,3.37
1101000,49.9|41.8|0.0|50.0|0.0|0.0|0.0,170:1_瞬时流量,51,7.53,10.68,-0.5674,0.38
1101000,49.9|41.8|0.0|50.0|0.0|0.0|0.0,170:2_瞬时流量,51,5.33,6.12,-3.3939,1.3
1101000,49.9|41.8|0.0|50.0|0.0|0.0|0.0,70:3_瞬时流量,51,0.0,0.0,1.0,
1101000,49.9|41.8|0.0|50.0|0.0|0.0|0.0,总管效率_pct,51,1.62,1.96,0.0167,3.36
1101000,49.9|44.6|0.0|50.0|0.0|0.0|0.0,170:1_瞬时流量,105,37.49,38.26,-0.1693,1.76
1101000,49.9|44.6|0.0|50.0|0.0|0.0|0.0,170:2_瞬时流量,105,4.25,4.45,-0.4362,0.88
1101000,49.9|44.6|0.0|50.0|0.0|0.0|0.0,70:3_瞬时流量,105,0.0,0.0,0.0,
1101000,49.9|44.6|0.0|50.0|0.0|0.0|0.0,总管效率_pct,105,2.46,2.5,-0.3566,4.92
1101000,49.9|46.2|0.0|50.0|0.0|0.0|0.0,170:1_瞬时流量,105,27.3,30.6,-3.8674,1.23
1101000,49.9|46.2|0.0|50.0|0.0|0.0|0.0,170:2_瞬时流量,105,2.45,3.61,-0.1598,0.5
1101000,49.9|46.2|0.0|50.0|0.0|0.0|0.0,70:3_瞬时流量,105,0.0,0.0,1.0,
1101000,49.9|46.2|0.0|50.0|0.0|0.0|0.0,总管效率_pct,105,1.78,1.95,-0.0558,3.58
1101000,49.9|47.1|0.0|50.0|0.0|0.0|0.0,170:1_瞬时流量,56,19.82,21.8,-0.028,0.88
1101000,49.9|47.1|0.0|50.0|0.0|0.0|0.0,170:2_瞬时流量,56,3.6,4.56,0.4384,0.73
1101000,49.9|47.1|0.0|50.0|0.0|0.0|0.0,70:3_瞬时流量,56,0.0,0.0,1.0,
1101000,49.9|47.1|0.0|50.0|0.0|0.0|0.0,总管效率_pct,56,2.3,2.84,-0.1107,4.92
1101000,49.9|48.1|0.0|50.0|0.0|0.0|0.0,170:1_瞬时流量,145,39.37,42.2,-1.2402,1.75
1101000,49.9|48.1|0.0|50.0|0.0|0.0|0.0,170:2_瞬时流量,145,4.91,5.23,-0.276,0.98
1101000,49.9|48.1|0.0|50.0|0.0|0.0|0.0,70:3_瞬时流量,145,0.0,0.0,0.0,
1101000,49.9|48.1|0.0|50.0|0.0|0.0|0.0,总管效率_pct,145,1.65,1.93,-0.2804,3.44
1101000,49.9|48.4|0.0|50.0|0.0|0.0|0.0,170:1_瞬时流量,51,22.43,26.21,-2.3773,0.97
1101000,49.9|48.4|0.0|50.0|0.0|0.0|0.0,170:2_瞬时流量,51,3.61,3.85,-14.5069,0.71
1101000,49.9|48.4|0.0|50.0|0.0|0.0|0.0,70:3_瞬时流量,51,0.0,0.0,0.0,
1101000,49.9|48.4|0.0|50.0|0.0|0.0|0.0,总管效率_pct,51,1.68,2.02,-0.1251,3.29
1101000,49.9|49.8|0.0|50.0|0.0|0.0|0.0,170:1_瞬时流量,364,36.81,42.87,0.0173,1.59
1101000,49.9|49.8|0.0|50.0|0.0|0.0|0.0,170:2_瞬时流量,364,6.58,7.93,0.1973,1.26
1101000,49.9|49.8|0.0|50.0|0.0|0.0|0.0,70:3_瞬时流量,364,0.0,0.0,1.0,
1101000,49.9|49.8|0.0|50.0|0.0|0.0|0.0,总管效率_pct,364,1.8,2.28,0.0322,3.77
1101000,50.0|41.0|0.0|50.0|0.0|0.0|0.0,170:1_瞬时流量,52,21.12,23.4,-0.089,1.07
1101000,50.0|41.0|0.0|50.0|0.0|0.0|0.0,170:2_瞬时流量,52,7.25,9.59,-0.6747,1.87
1101000,50.0|41.0|0.0|50.0|0.0|0.0|0.0,70:3_瞬时流量,52,0.0,0.0,0.0,
1101000,50.0|41.0|0.0|50.0|0.0|0.0|0.0,总管效率_pct,52,1.31,1.58,-0.1168,2.86
1101000,50.0|41.1|0.0|50.0|0.0|0.0|0.0,170:1_瞬时流量,58,29.67,32.83,-0.1073,1.5
1101000,50.0|41.1|0.0|50.0|0.0|0.0|0.0,170:2_瞬时流量,58,9.9,12.2,-1.2547,2.55
1101000,50.0|41.1|0.0|50.0|0.0|0.0|0.0,70:3_瞬时流量,58,0.0,0.0,0.0,
1101000,50.0|41.1|0.0|50.0|0.0|0.0|0.0,总管效率_pct,58,2.28,2.74,-0.3621,5.17
1101000,50.0|42.2|0.0|50.0|0.0|0.0|0.0,170:1_瞬时流量,53,22.81,30.94,-0.051,1.14
1101000,50.0|42.2|0.0|50.0|0.0|0.0|0.0,170:2_瞬时流量,53,7.34,10.35,-0.418,1.79
1101000,50.0|42.2|0.0|50.0|0.0|0.0|0.0,70:3_瞬时流量,53,0.0,0.0,1.0,
1101000,50.0|42.2|0.0|50.0|0.0|0.0|0.0,总管效率_pct,53,2.24,2.7,-0.1869,4.95
1101000,50.0|42.9|0.0|50.0|0.0|0.0|0.0,170:1_瞬时流量,106,13.21,17.06,-0.4234,0.64
1101000,50.0|42.9|0.0|50.0|0.0|0.0|0.0,170:2_瞬时流量,106,6.48,7.83,0.0277,1.48
1101000,50.0|42.9|0.0|50.0|0.0|0.0|0.0,70:3_瞬时流量,106,0.0,0.0,0.0,
1101000,50.0|42.9|0.0|50.0|0.0|0.0|0.0,总管效率_pct,106,1.53,1.85,-0.1599,3.28
1101000,50.0|43.6|0.0|50.0|0.0|0.0|0.0,170:1_瞬时流量,133,28.57,35.06,0.1745,1.37
1101000,50.0|43.6|0.0|50.0|0.0|0.0|0.0,170:2_瞬时流量,133,7.44,11.36,0.2427,1.67
1101000,50.0|43.6|0.0|50.0|0.0|0.0|0.0,70:3_瞬时流量,133,0.0,0.0,0.0,
1101000,50.0|43.6|0.0|50.0|0.0|0.0|0.0,总管效率_pct,133,1.34,1.7,0.2173,2.86
1101000,50.0|43.9|0.0|50.0|0.0|0.0|0.0,170:1_瞬时流量,105,25.85,34.28,-0.3952,1.24
1101000,50.0|43.9|0.0|50.0|0.0|0.0|0.0,170:2_瞬时流量,105,8.73,11.98,-0.1318,1.94
1101000,50.0|43.9|0.0|50.0|0.0|0.0|0.0,70:3_瞬时流量,105,0.0,0.01,0.0,
1101000,50.0|43.9|0.0|50.0|0.0|0.0|0.0,总管效率_pct,105,1.95,2.43,0.2212,4.1
1101000,50.0|44.8|0.0|50.0|0.0|0.0|0.0,170:1_瞬时流量,106,41.98,52.04,-1.6321,2.01
1101000,50.0|44.8|0.0|50.0|0.0|0.0|0.0,170:2_瞬时流量,106,8.17,13.31,-0.3487,1.77
1101000,50.0|44.8|0.0|50.0|0.0|0.0|0.0,70:3_瞬时流量,106,0.0,0.0,1.0,
1101000,50.0|44.8|0.0|50.0|0.0|0.0|0.0,总管效率_pct,106,1.48,2.27,-0.0528,3.25
1101000,50.0|45.4|0.0|50.0|0.0|0.0|0.0,170:1_瞬时流量,133,59.29,75.89,-0.5193,2.86
1101000,50.0|45.4|0.0|50.0|0.0|0.0|0.0,170:2_瞬时流量,133,7.13,8.68,-0.4212,1.49
1101000,50.0|45.4|0.0|50.0|0.0|0.0|0.0,70:3_瞬时流量,133,0.0,0.0,0.0,
1101000,50.0|45.4|0.0|50.0|0.0|0.0|0.0,总管效率_pct,133,2.85,3.29,-0.3667,6.21
1101000,50.0|45.6|0.0|50.0|0.0|0.0|0.0,170:1_瞬时流量,147,44.76,59.72,-0.5151,2.13
1101000,50.0|45.6|0.0|50.0|0.0|0.0|0.0,170:2_瞬时流量,147,6.88,8.02,-0.0872,1.42
1101000,50.0|45.6|0.0|50.0|0.0|0.0|0.0,70:3_瞬时流量,147,0.0,0.0,0.0,
1101000,50.0|45.6|0.0|50.0|0.0|0.0|0.0,总管效率_pct,147,2.42,2.68,-0.0171,5.1
1101000,50.0|45.8|0.0|50.0|0.0|0.0|0.0,170:1_瞬时流量,135,41.94,52.52,-0.5772,1.98
1101000,50.0|45.8|0.0|50.0|0.0|0.0|0.0,170:2_瞬时流量,135,9.12,13.95,-0.3534,1.93
1101000,50.0|45.8|0.0|50.0|0.0|0.0|0.0,70:3_瞬时流量,135,0.0,0.0,1.0,
1101000,50.0|45.8|0.0|50.0|0.0|0.0|0.0,总管效率_pct,135,1.76,2.23,-0.056,3.76
1101000,50.0|47.0|0.0|50.0|0.0|0.0|0.0,170:1_瞬时流量,77,28.1,35.95,0.0506,1.26
1101000,50.0|47.0|0.0|50.0|0.0|0.0|0.0,170:2_瞬时流量,77,3.79,4.63,0.6116,0.75
1101000,50.0|47.0|0.0|50.0|0.0|0.0|0.0,70:3_瞬时流量,77,0.0,0.0,1.0,
1101000,50.0|47.0|0.0|50.0|0.0|0.0|0.0,总管效率_pct,77,2.06,2.36,-0.0607,4.21
1101000,50.0|47.2|0.0|50.0|0.0|0.0|0.0,170:1_瞬时流量,113,24.83,35.59,0.0346,1.12
1101000,50.0|47.2|0.0|50.0|0.0|0.0|0.0,170:2_瞬时流量,113,4.75,5.79,0.4544,0.95
1101000,50.0|47.2|0.0|50.0|0.0|0.0|0.0,70:3_瞬时流量,113,0.0,0.0,1.0,
1101000,50.0|47.2|0.0|50.0|0.0|0.0|0.0,总管效率_pct,113,2.07,2.58,-0.1282,4.34
1101000,50.0|48.3|0.0|50.0|0.0|0.0|0.0,170:1_瞬时流量,138,42.68,49.66,-0.1768,1.87
1101000,50.0|48.3|0.0|50.0|0.0|0.0|0.0,170:2_瞬时流量,138,4.97,6.7,0.4247,0.97
1101000,50.0|48.3|0.0|50.0|0.0|0.0|0.0,70:3_瞬时流量,138,0.0,0.0,0.0,
1101000,50.0|48.3|0.0|50.0|0.0|0.0|0.0,总管效率_pct,138,1.72,2.13,-0.3386,3.62
1101000,50.0|49.5|0.0|50.0|0.0|0.0|0.0,170:1_瞬时流量,92,19.57,29.46,-0.3822,0.84
1101000,50.0|49.5|0.0|50.0|0.0|0.0|0.0,170:2_瞬时流量,92,5.31,6.98,-0.2112,1.04
1101000,50.0|49.5|0.0|50.0|0.0|0.0|0.0,70:3_瞬时流量,92,0.0,0.0,0.0,
1101000,50.0|49.5|0.0|50.0|0.0|0.0|0.0,总管效率_pct,92,1.98,2.34,0.0676,4.14
1101001,45.7|40.6|0.0|50.0|0.0|0.0|50.0,170:1_瞬时流量,61,20.43,20.81,-26.4164,1.13
1101001,45.7|40.6|0.0|50.0|0.0|0.0|50.0,170:2_瞬时流量,61,21.32,21.86,-19.728,6.34
1101001,45.7|40.6|0.0|50.0|0.0|0.0|50.0,70:3_瞬时流量,61,5.68,6.92,-1.6946,1.18
1101001,45.7|40.6|0.0|50.0|0.0|0.0|50.0,总管效率_pct,61,2.2,2.29,-1.7857,4.47
1101001,46.0|41.3|0.0|50.0|0.0|0.0|50.0,170:1_瞬时流量,72,36.11,40.82,-2.9923,1.99
1101001,46.0|41.3|0.0|50.0|0.0|0.0|50.0,170:2_瞬时流量,72,8.56,8.66,-31.2936,2.37
1101001,46.0|41.3|0.0|50.0|0.0|0.0|50.0,70:3_瞬时流量,72,3.16,4.32,0.2104,0.65
1101001,46.0|41.3|0.0|50.0|0.0|0.0|50.0,总管效率_pct,72,1.44,1.63,0.0138,2.84
1101001,46.3|41.9|0.0|50.0|0.0|0.0|50.0,170:1_瞬时流量,78,23.67,37.76,-0.5351,1.29
1101001,46.3|41.9|0.0|50.0|0.0|0.0|50.0,170:2_瞬时流量,78,6.81,8.5,-2.489,1.84
1101001,46.3|41.9|0.0|50.0|0.0|0.0|50.0,70:3_瞬时流量,78,4.63,5.58,0.371,0.94
1101001,46.3|41.9|0.0|50.0|0.0|0.0|50.0,总管效率_pct,78,1.16,1.43,-0.0914,2.25
1101001,46.3|42.1|0.0|50.0|0.0|0.0|50.0,170:1_瞬时流量,193,33.73,39.74,-3.2259,1.81
1101001,46.3|42.1|0.0|50.0|0.0|0.0|50.0,170:2_瞬时流量,193,6.56,7.64,-2.6129,1.75
1101001,46.3|42.1|0.0|50.0|0.0|0.0|50.0,70:3_瞬时流量,193,5.07,6.36,0.3218,1.02
1101001,46.3|42.1|0.0|50.0|0.0|0.0|50.0,总管效率_pct,193,2.56,2.9,-0.3071,5.23
1101001,46.4|42.3|0.0|50.0|0.0|0.0|50.0,170:1_瞬时流量,114,45.12,49.91,-4.9572,2.41
1101001,46.4|42.3|0.0|50.0|0.0|0.0|50.0,170:2_瞬时流量,114,4.9,5.74,-0.3113,1.27
1101001,46.4|42.3|0.0|50.0|0.0|0.0|50.0,70:3_瞬时流量,114,5.92,7.21,0.5026,1.24
1101001,46.4|42.3|0.0|50.0|0.0|0.0|50.0,总管效率_pct,114,1.82,2.06,-1.4686,3.7
1101001,46.5|42.6|0.0|50.0|0.0|0.0|50.0,170:1_瞬时流量,62,17.89,21.11,-1.2313,0.94
1101001,46.5|42.6|0.0|50.0|0.0|0.0|50.0,170:2_瞬时流量,62,3.58,4.42,-0.0207,0.92
1101001,46.5|42.6|0.0|50.0|0.0|0.0|50.0,70:3_瞬时流量,62,4.35,5.38,0.4312,0.89
1101001,46.5|42.6|0.0|50.0|0.0|0.0|50.0,总管效率_pct,62,2.27,2.57,0.0574,4.37
1101001,46.7|42.8|0.0|50.0|0.0|0.0|50.0,170:1_瞬时流量,143,22.58,32.55,-0.3312,1.18
1101001,46.7|42.8|0.0|50.0|0.0|0.0|50.0,170:2_瞬时流量,143,3.79,4.62,-0.2033,0.96
1101001,46.7|42.8|0.0|50.0|0.0|0.0|50.0,70:3_瞬时流量,143,5.36,6.4,0.5105,1.09
1101001,46.7|42.8|0.0|50.0|0.0|0.0|50.0,总管效率_pct,143,1.3,1.68,0.1108,2.46
1101001,46.7|43.0|0.0|50.0|0.0|0.0|50.0,170:1_瞬时流量,277,27.4,33.4,-0.667,1.43
1101001,46.7|43.0|0.0|50.0|0.0|0.0|50.0,170:2_瞬时流量,277,3.7,5.49,-0.7024,0.94
1101001,46.7|43.0|0.0|50.0|0.0|0.0|50.0,70:3_瞬时流量,277,5.27,6.35,0.6205,1.06
1101001,46.7|43.0|0.0|50.0|0.0|0.0|50.0,总管效率_pct,277,1.88,2.47,-0.2006,3.82
1101001,46.7|43.1|0.0|50.0|0.0|0.0|50.0,170:1_瞬时流量,80,28.2,38.51,0.0971,1.43
1101001,46.7|43.1|0.0|50.0|0.0|0.0|50.0,170:2_瞬时流量,80,4.59,5.45,0.2303,1.14
1101001,46.7|43.1|0.0|50.0|0.0|0.0|50.0,70:3_瞬时流量,80,8.19,13.28,0.5753,1.58
1101001,46.7|43.1|0.0|50.0|0.0|0.0|50.0,总管效率_pct,80,1.55,1.83,-0.0872,3.05
1101001,46.8|43.1|0.0|50.0|0.0|0.0|50.0,170:1_瞬时流量,244,18.82,24.06,0.0065,0.97
1101001,46.8|43.1|0.0|50.0|0.0|0.0|50.0,170:2_瞬时流量,244,6.47,8.25,-1.2383,1.64
1101001,46.8|43.1|0.0|50.0|0.0|0.0|50.0,70:3_瞬时流量,244,5.03,6.44,0.6194,1.03
1101001,46.8|43.1|0.0|50.0|0.0|0.0|50.0,总管效率_pct,244,1.45,1.57,-0.0391,2.86
1101001,47.1|43.7|0.0|50.0|0.0|0.0|50.0,170:1_瞬时流量,186,15.11,17.59,-0.0121,0.75
1101001,47.1|43.7|0.0|50.0|0.0|0.0|50.0,170:2_瞬时流量,186,5.58,6.86,-0.4566,1.36
1101001,47.1|43.7|0.0|50.0|0.0|0.0|50.0,70:3_瞬时流量,186,6.5,7.81,0.5825,1.31
1101001,47.1|43.7|0.0|50.0|0.0|0.0|50.0,总管效率_pct,186,1.69,2.04,-0.1339,3.25
1101001,47.2|44.2|0.0|50.0|0.0|0.0|50.0,170:1_瞬时流量,129,13.93,20.37,0.1081,0.69
1101001,47.2|44.2|0.0|50.0|0.0|0.0|50.0,170:2_瞬时流量,129,5.3,6.13,-1.0212,1.26
1101001,47.2|44.2|0.0|50.0|0.0|0.0|50.0,70:3_瞬时流量,129,4.94,6.18,0.7158,1.01
1101001,47.2|44.2|0.0|50.0|0.0|0.0|50.0,总管效率_pct,129,1.6,1.89,0.1554,3.15
1101001,47.3|44.4|0.0|50.0|0.0|0.0|50.0,170:1_瞬时流量,292,25.16,32.26,0.0688,1.25
1101001,47.3|44.4|0.0|50.0|0.0|0.0|50.0,170:2_瞬时流量,292,4.4,5.53,0.0565,1.02
1101001,47.3|44.4|0.0|50.0|0.0|0.0|50.0,70:3_瞬时流量,292,5.57,6.99,0.6602,1.14
1101001,47.3|44.4|0.0|50.0|0.0|0.0|50.0,总管效率_pct,292,1.8,2.18,0.044,3.54
1101001,47.4|44.4|0.0|50.0|0.0|0.0|50.0,170:1_瞬时流量,503,19.11,28.57,0.1243,0.95
1101001,47.4|44.4|0.0|50.0|0.0|0.0|50.0,170:2_瞬时流量,503,5.6,6.75,-0.4961,1.32
1101001,47.4|44.4|0.0|50.0|0.0|0.0|50.0,70:3_瞬时流量,503,6.3,7.68,0.5878,1.3
1101001,47.4|44.4|0.0|50.0|0.0|0.0|50.0,总管效率_pct,503,2.13,2.45,-0.0556,4.17
1101001,47.5|44.8|0.0|50.0|0.0|0.0|50.0,170:1_瞬时流量,334,23.81,33.68,0.0637,1.17
1101001,47.5|44.8|0.0|50.0|0.0|0.0|50.0,170:2_瞬时流量,334,3.34,4.22,0.2836,0.77
1101001,47.5|44.8|0.0|50.0|0.0|0.0|50.0,70:3_瞬时流量,334,6.75,8.15,0.6081,1.4
1101001,47.5|44.8|0.0|50.0|0.0|0.0|50.0,总管效率_pct,334,1.94,2.35,-0.0337,3.72
1101001,47.7|45.0|0.0|50.0|0.0|0.0|50.0,170:1_瞬时流量,577,31.24,37.43,0.2562,1.52
1101001,47.7|45.0|0.0|50.0|0.0|0.0|50.0,170:2_瞬时流量,577,5.5,6.59,0.3849,1.27
1101001,47.7|45.0|0.0|50.0|0.0|0.0|50.0,70:3_瞬时流量,577,5.92,7.59,0.7567,1.2
1101001,47.7|45.0|0.0|50.0|0.0|0.0|50.0,总管效率_pct,577,1.43,1.74,-0.023,2.82
1101001,47.7|45.1|0.0|50.0|0.0|0.0|50.0,170:1_瞬时流量,805,34.04,39.7,0.0934,1.67
1101001,47.7|45.1|0.0|50.0|0.0|0.0|50.0,170:2_瞬时流量,805,4.05,5.62,0.4349,0.93
1101001,47.7|45.1|0.0|50.0|0.0|0.0|50.0,70:3_瞬时流量,805,5.42,6.77,0.7631,1.11
1101001,47.7|45.1|0.0|50.0|0.0|0.0|50.0,总管效率_pct,805,1.43,1.73,0.0521,2.82
1101001,47.7|45.2|0.0|50.0|0.0|0.0|50.0,170:1_瞬时流量,468,34.46,42.02,0.0304,1.68
1101001,47.7|45.2|0.0|50.0|0.0|0.0|50.0,170:2_瞬时流量,468,3.46,4.35,0.3821,0.79
1101001,47.7|45.2|0.0|50.0|0.0|0.0|50.0,70:3_瞬时流量,468,6.51,7.93,0.6993,1.34
1101001,47.7|45.2|0.0|50.0|0.0|0.0|50.0,总管效率_pct,468,1.31,1.66,0.0492,2.54
1101001,47.8|45.5|0.0|50.0|0.0|0.0|50.0,170:1_瞬时流量,377,43.05,50.82,-0.1488,2.09
1101001,47.8|45.5|0.0|50.0|0.0|0.0|50.0,170:2_瞬时流量,377,4.83,5.89,0.2052,1.08
1101001,47.8|45.5|0.0|50.0|0.0|0.0|50.0,70:3_瞬时流量,377,6.13,7.99,0.644,1.27
1101001,47.8|45.5|0.0|50.0|0.0|0.0|50.0,总管效率_pct,377,1.94,2.24,-0.022,3.84
1101001,48.0|41.7|0.0|50.0|0.0|0.0|50.0,170:1_瞬时流量,89,25.8,28.13,-1.8072,1.29
1101001,48.0|41.7|0.0|50.0|0.0|0.0|50.0,170:2_瞬时流量,89,5.29,7.24,-0.3726,1.28
1101001,48.0|41.7|0.0|50.0|0.0|0.0|50.0,70:3_瞬时流量,89,5.2,6.3,0.0254,1.07
1101001,48.0|41.7|0.0|50.0|0.0|0.0|50.0,总管效率_pct,89,1.94,2.49,-0.7746,4.06
1101001,48.0|45.7|0.0|50.0|0.0|0.0|50.0,170:1_瞬时流量,499,32.34,38.73,-0.0469,1.55
1101001,48.0|45.7|0.0|50.0|0.0|0.0|50.0,170:2_瞬时流量,499,5.57,6.5,-0.157,1.26
1101001,48.0|45.7|0.0|50.0|0.0|0.0|50.0,70:3_瞬时流量,499,5.92,7.26,0.6948,1.21
1101001,48.0|45.7|0.0|50.0|0.0|0.0|50.0,总管效率_pct,499,1.58,1.93,0.0237,3.09
1101001,48.0|46.0|0.0|50.0|0.0|0.0|50.0,170:1_瞬时流量,149,26.94,32.11,0.1627,1.28
1101001,48.0|46.0|0.0|50.0|0.0|0.0|50.0,170:2_瞬时流量,149,5.26,6.54,0.3166,1.16
1101001,48.0|46.0|0.0|50.0|0.0|0.0|50.0,70:3_瞬时流量,149,7.96,9.58,0.7761,1.7
1101001,48.0|46.0|0.0|50.0|0.0|0.0|50.0,总管效率_pct,149,1.72,2.01,-0.0468,3.36
1101001,48.0|46.1|0.0|50.0|0.0|0.0|50.0,170:1_瞬时流量,65,53.14,68.15,-0.7234,2.43
1101001,48.0|46.1|0.0|50.0|0.0|0.0|50.0,170:2_瞬时流量,65,22.39,30.17,-0.7839,4.59
1101001,48.0|46.1|0.0|50.0|0.0|0.0|50.0,70:3_瞬时流量,65,15.98,19.61,0.0038,3.49
1101001,48.0|46.1|0.0|50.0|0.0|0.0|50.0,总管效率_pct,65,1.74,2.12,-0.2847,3.32
1101001,48.1|45.8|0.0|50.0|0.0|0.0|50.0,170:1_瞬时流量,155,36.86,44.92,0.0251,1.77
1101001,48.1|45.8|0.0|50.0|0.0|0.0|50.0,170:2_瞬时流量,155,5.13,6.13,-0.0296,1.15
1101001,48.1|45.8|0.0|50.0|0.0|0.0|50.0,70:3_瞬时流量,155,8.33,10.54,0.4975,1.67
1101001,48.1|45.8|0.0|50.0|0.0|0.0|50.0,总管效率_pct,155,1.96,2.2,0.1283,3.84
1101001,48.2|42.2|0.0|50.0|0.0|0.0|50.0,170:1_瞬时流量,82,19.76,21.27,-0.0927,0.98
1101001,48.2|42.2|0.0|50.0|0.0|0.0|50.0,170:2_瞬时流量,82,2.45,2.92,0.0988,0.58
1101001,48.2|42.2|0.0|50.0|0.0|0.0|50.0,70:3_瞬时流量,82,6.57,8.45,-0.3561,1.37
1101001,48.2|42.2|0.0|50.0|0.0|0.0|50.0,总管效率_pct,82,1.41,2.06,-0.3099,2.91
1101001,48.3|46.3|0.0|50.0|0.0|0.0|50.0,170:1_瞬时流量,444,29.47,34.22,0.2779,1.38
1101001,48.3|46.3|0.0|50.0|0.0|0.0|50.0,170:2_瞬时流量,444,6.06,7.26,0.4179,1.34
1101001,48.3|46.3|0.0|50.0|0.0|0.0|50.0,70:3_瞬时流量,444,7.34,9.03,0.5406,1.49
1101001,48.3|46.3|0.0|50.0|0.0|0.0|50.0,总管效率_pct,444,1.66,2.0,0.0079,3.23
1101001,48.4|46.5|0.0|50.0|0.0|0.0|50.0,170:1_瞬时流量,331,31.48,36.93,0.1172,1.46
1101001,48.4|46.5|0.0|50.0|0.0|0.0|50.0,170:2_瞬时流量,331,5.06,7.01,0.334,1.11
1101001,48.4|46.5|0.0|50.0|0.0|0.0|50.0,70:3_瞬时流量,331,6.85,8.57,0.6334,1.38
1101001,48.4|46.5|0.0|50.0|0.0|0.0|50.0,总管效率_pct,331,1.43,1.79,-0.0501,2.8
1101001,48.4|46.7|0.0|50.0|0.0|0.0|50.0,170:1_瞬时流量,938,32.74,39.19,0.2164,1.53
1101001,48.4|46.7|0.0|50.0|0.0|0.0|50.0,170:2_瞬时流量,938,4.81,5.63,0.4588,1.05
1101001,48.4|46.7|0.0|50.0|0.0|0.0|50.0,70:3_瞬时流量,938,6.68,8.24,0.6591,1.4
1101001,48.4|46.7|0.0|50.0|0.0|0.0|50.0,总管效率_pct,938,1.73,2.1,-0.0147,3.36
1101001,48.5|41.7|0.0|50.0|0.0|0.0|50.0,170:1_瞬时流量,110,26.38,32.3,-3.3434,1.36
1101001,48.5|41.7|0.0|50.0|0.0|0.0|50.0,170:2_瞬时流量,110,15.17,15.99,-8.5855,3.84
1101001,48.5|41.7|0.0|50.0|0.0|0.0|50.0,70:3_瞬时流量,110,4.16,5.28,0.5253,0.89
1101001,48.5|41.7|0.0|50.0|0.0|0.0|50.0,总管效率_pct,110,0.95,1.49,-0.1649,1.96
1101001,48.5|46.6|0.0|50.0|0.0|0.0|50.0,170:1_瞬时流量,145,32.65,37.48,0.2092,1.52
1101001,48.5|46.6|0.0|50.0|0.0|0.0|50.0,170:2_瞬时流量,145,6.87,8.74,0.314,1.49
1101001,48.5|46.6|0.0|50.0|0.0|0.0|50.0,70:3_瞬时流量,145,8.56,10.34,0.5851,1.67
1101001,48.5|46.6|0.0|50.0|0.0|0.0|50.0,总管效率_pct,145,1.56,2.0,-0.1624,3.16
1101001,48.6|47.2|0.0|50.0|0.0|0.0|50.0,170:1_瞬时流量,1116,31.46,38.03,0.211,1.45
1101001,48.6|47.2|0.0|50.0|0.0|0.0|50.0,170:2_瞬时流量,1116,5.06,6.25,0.3859,1.08
1101001,48.6|47.2|0.0|50.0|0.0|0.0|50.0,70:3_瞬时流量,1116,6.45,8.25,0.6921,1.33
1101001,48.6|47.2|0.0|50.0|0.0|0.0|50.0,总管效率_pct,1116,1.37,1.72,0.0151,2.7
1101001,48.7|43.2|0.0|50.0|0.0|0.0|50.0,170:1_瞬时流量,105,26.64,31.07,-0.0233,1.28
1101001,48.7|43.2|0.0|50.0|0.0|0.0|50.0,170:2_瞬时流量,105,5.49,6.27,-0.6776,1.24
1101001,48.7|43.2|0.0|50.0|0.0|0.0|50.0,70:3_瞬时流量,105,6.71,8.17,-0.283,1.39
1101001,48.7|43.2|0.0|50.0|0.0|0.0|50.0,总管效率_pct,105,1.21,1.43,-0.5402,2.31
1101001,48.8|42.3|0.0|50.0|0.0|0.0|50.0,170:1_瞬时流量,89,15.19,18.45,-0.3002,0.76
1101001,48.8|42.3|0.0|50.0|0.0|0.0|50.0,170:2_瞬时流量,89,7.87,8.85,-4.7727,1.9
1101001,48.8|42.3|0.0|50.0|0.0|0.0|50.0,70:3_瞬时流量,89,5.43,6.5,0.4908,1.15
1101001,48.8|42.3|0.0|50.0|0.0|0.0|50.0,总管效率_pct,89,2.33,2.87,-0.066,4.75
1101001,48.8|43.1|0.0|50.0|0.0|0.0|50.0,170:1_瞬时流量,136,15.15,18.71,-0.7791,0.75
1101001,48.8|43.1|0.0|50.0|0.0|0.0|50.0,170:2_瞬时流量,136,4.83,5.96,-0.7123,1.1
1101001,48.8|43.1|0.0|50.0|0.0|0.0|50.0,70:3_瞬时流量,136,8.47,9.61,-0.358,1.71
1101001,48.8|43.1|0.0|50.0|0.0|0.0|50.0,总管效率_pct,136,1.27,1.6,0.0562,2.55
1101001,48.8|43.4|0.0|50.0|0.0|0.0|50.0,170:1_瞬时流量,112,15.43,19.23,-0.1009,0.74
1101001,48.8|43.4|0.0|50.0|0.0|0.0|50.0,170:2_瞬时流量,112,5.62,7.35,-1.1805,1.24
1101001,48.8|43.4|0.0|50.0|0.0|0.0|50.0,70:3_瞬时流量,112,4.88,6.2,0.3713,1.0
1101001,48.8|43.4|0.0|50.0|0.0|0.0|50.0,总管效率_pct,112,1.27,1.42,-0.02,2.48
1101001,48.8|47.1|0.0|50.0|0.0|0.0|50.0,170:1_瞬时流量,58,30.76,32.02,-3.93,1.39
1101001,48.8|47.1|0.0|50.0|0.0|0.0|50.0,170:2_瞬时流量,58,5.53,5.82,-1.5462,1.14
1101001,48.8|47.1|0.0|50.0|0.0|0.0|50.0,70:3_瞬时流量,58,8.76,10.23,-1.6962,1.69
1101001,48.8|47.1|0.0|50.0|0.0|0.0|50.0,总管效率_pct,58,1.19,1.46,-0.4884,2.27
1101001,48.8|47.3|0.0|50.0|0.0|0.0|50.0,170:1_瞬时流量,205,34.38,40.22,0.0953,1.59
1101001,48.8|47.3|0.0|50.0|0.0|0.0|50.0,170:2_瞬时流量,205,8.93,10.47,-0.2949,1.92
1101001,48.8|47.3|0.0|50.0|0.0|0.0|50.0,70:3_瞬时流量,205,7.35,9.13,0.6015,1.47
1101001,48.8|47.3|0.0|50.0|0.0|0.0|50.0,总管效率_pct,205,1.77,2.19,0.0208,3.46
1101001,48.8|47.4|0.0|50.0|0.0|0.0|50.0,170:1_瞬时流量,740,39.24,44.46,0.1711,1.79
1101001,48.8|47.4|0.0|50.0|0.0|0.0|50.0,170:2_瞬时流量,740,7.37,8.82,0.1479,1.57
1101001,48.8|47.4|0.0|50.0|0.0|0.0|50.0,70:3_瞬时流量,740,6.15,7.73,0.5773,1.24
1101001,48.8|47.4|0.0|50.0|0.0|0.0|50.0,总管效率_pct,740,1.64,2.09,0.0213,3.24
1101001,48.8|47.5|0.0|50.0|0.0|0.0|50.0,170:1_瞬时流量,1606,39.62,45.72,0.1482,1.8
1101001,48.8|47.5|0.0|50.0|0.0|0.0|50.0,170:2_瞬时流量,1606,5.52,6.82,0.3396,1.16
1101001,48.8|47.5|0.0|50.0|0.0|0.0|50.0,70:3_瞬时流量,1606,7.02,8.84,0.5915,1.41
1101001,48.8|47.5|0.0|50.0|0.0|0.0|50.0,总管效率_pct,1606,1.74,2.18,-0.0606,3.52
1101001,48.8|47.6|0.0|50.0|0.0|0.0|50.0,170:1_瞬时流量,1803,32.83,39.75,0.1075,1.48
1101001,48.8|47.6|0.0|50.0|0.0|0.0|50.0,170:2_瞬时流量,1803,4.15,5.39,0.4522,0.87
1101001,48.8|47.6|0.0|50.0|0.0|0.0|50.0,70:3_瞬时流量,1803,7.19,9.22,0.6638,1.46
1101001,48.8|47.6|0.0|50.0|0.0|0.0|50.0,总管效率_pct,1803,1.65,2.02,-0.0155,3.21
1101001,48.8|47.7|0.0|50.0|0.0|0.0|50.0,170:1_瞬时流量,1008,29.0,35.94,0.2713,1.3
1101001,48.8|47.7|0.0|50.0|0.0|0.0|50.0,170:2_瞬时流量,1008,4.58,5.57,0.3291,0.96
1101001,48.8|47.7|0.0|50.0|0.0|0.0|50.0,70:3_瞬时流量,1008,6.8,8.74,0.6759,1.41
1101001,48.8|47.7|0.0|50.0|0.0|0.0|50.0,总管效率_pct,1008,1.8,2.14,-0.0477,3.52
1101001,48.9|43.4|0.0|50.0|0.0|0.0|50.0,170:1_瞬时流量,111,19.6,22.58,-0.763,0.96
1101001,48.9|43.4|0.0|50.0|0.0|0.0|50.0,170:2_瞬时流量,111,5.13,5.84,-1.0347,1.14
1101001,48.9|43.4|0.0|50.0|0.0|0.0|50.0,70:3_瞬时流量,111,5.57,7.01,0.3064,1.13
1101001,48.9|43.4|0.0|50.0|0.0|0.0|50.0,总管效率_pct,111,1.14,1.37,0.0421,2.25
1101001,48.9|43.6|0.0|50.0|0.0|0.0|50.0,170:1_瞬时流量,125,27.14,33.66,-0.2596,1.29
1101001,48.9|43.6|0.0|50.0|0.0|0.0|50.0,170:2_瞬时流量,125,7.43,10.38,-0.6382,1.61
1101001,48.9|43.6|0.0|50.0|0.0|0.0|50.0,70:3_瞬时流量,125,5.17,6.29,0.4555,1.06
1101001,48.9|43.6|0.0|50.0|0.0|0.0|50.0,总管效率_pct,125,1.56,1.77,-0.0205,3.06
1101001,48.9|47.8|0.0|50.0|0.0|0.0|50.0,170:1_瞬时流量,1394,34.04,40.77,0.2542,1.54
1101001,48.9|47.8|0.0|50.0|0.0|0.0|50.0,170:2_瞬时流量,1394,4.11,5.19,0.4522,0.86
1101001,48.9|47.8|0.0|50.0|0.0|0.0|50.0,70:3_瞬时流量,1394,6.81,8.44,0.6048,1.4
1101001,48.9|47.8|0.0|50.0|0.0|0.0|50.0,总管效率_pct,1394,1.81,2.16,0.0011,3.58
1101001,49.0|43.0|0.0|50.0|0.0|0.0|50.0,170:1_瞬时流量,128,20.56,25.57,-1.1272,1.02
1101001,49.0|43.0|0.0|50.0|0.0|0.0|50.0,170:2_瞬时流量,128,3.0,4.24,-0.046,0.69
1101001,49.0|43.0|0.0|50.0|0.0|0.0|50.0,70:3_瞬时流量,128,6.34,8.17,0.1208,1.38
1101001,49.0|43.0|0.0|50.0|0.0|0.0|50.0,总管效率_pct,128,1.71,2.24,-0.1206,3.49
1101001,49.0|43.7|0.0|50.0|0.0|0.0|50.0,170:1_瞬时流量,400,20.98,25.05,-0.1887,1.01
1101001,49.0|43.7|0.0|50.0|0.0|0.0|50.0,170:2_瞬时流量,400,5.43,7.25,-0.2033,1.2
1101001,49.0|43.7|0.0|50.0|0.0|0.0|50.0,70:3_瞬时流量,400,5.59,6.99,0.5241,1.15
1101001,49.0|43.7|0.0|50.0|0.0|0.0|50.0,总管效率_pct,400,1.85,2.26,0.0362,3.68
1101001,49.0|43.9|0.0|50.0|0.0|0.0|50.0,170:1_瞬时流量,100,19.74,24.66,0.1165,0.94
1101001,49.0|43.9|0.0|50.0|0.0|0.0|50.0,170:2_瞬时流量,100,5.24,6.32,-1.0666,1.14
1101001,49.0|43.9|0.0|50.0|0.0|0.0|50.0,70:3_瞬时流量,100,6.75,8.51,-0.219,1.4
1101001,49.0|43.9|0.0|50.0|0.0|0.0|50.0,总管效率_pct,100,2.05,2.33,-0.1021,4.17
1101001,49.0|47.8|0.0|50.0|0.0|0.0|50.0,170:1_瞬时流量,473,41.11,46.36,0.1194,1.85
1101001,49.0|47.8|0.0|50.0|0.0|0.0|50.0,170:2_瞬时流量,473,5.42,7.0,0.1267,1.13
1101001,49.0|47.8|0.0|50.0|0.0|0.0|50.0,70:3_瞬时流量,473,8.03,10.0,0.4342,1.59
1101001,49.0|47.8|0.0|50.0|0.0|0.0|50.0,总管效率_pct,473,1.93,2.28,0.0026,3.79
1101001,49.0|48.2|0.0|50.0|0.0|0.0|50.0,170:1_瞬时流量,921,34.0,41.87,0.3655,1.52
1101001,49.0|48.2|0.0|50.0|0.0|0.0|50.0,170:2_瞬时流量,921,4.83,6.32,0.3969,1.0
1101001,49.0|48.2|0.0|50.0|0.0|0.0|50.0,70:3_瞬时流量,921,6.75,8.3,0.6675,1.41
1101001,49.0|48.2|0.0|50.0|0.0|0.0|50.0,总管效率_pct,921,1.8,2.23,-0.0174,3.52
1101001,49.0|48.3|0.0|50.0|0.0|0.0|50.0,170:1_瞬时流量,204,41.74,49.39,-0.0074,1.84
1101001,49.0|48.3|0.0|50.0|0.0|0.0|50.0,170:2_瞬时流量,204,5.54,7.05,0.1603,1.13
1101001,49.0|48.3|0.0|50.0|0.0|0.0|50.0,70:3_瞬时流量,204,6.81,8.85,0.6255,1.41
1101001,49.0|48.3|0.0|50.0|0.0|0.0|50.0,总管效率_pct,204,1.77,2.18,-0.0178,3.51
1101001,49.1|43.0|0.0|50.0|0.0|0.0|50.0,170:1_瞬时流量,127,18.09,23.14,0.0666,0.89
1101001,49.1|43.0|0.0|50.0|0.0|0.0|50.0,170:2_瞬时流量,127,3.41,4.74,-0.2497,0.79
1101001,49.1|43.0|0.0|50.0|0.0|0.0|50.0,70:3_瞬时流量,127,6.24,7.65,0.1889,1.32
1101001,49.1|43.0|0.0|50.0|0.0|0.0|50.0,总管效率_pct,127,2.02,2.39,-0.0753,3.96
1101001,49.1|48.4|0.0|50.0|0.0|0.0|50.0,170:1_瞬时流量,829,33.82,42.44,0.3727,1.51
1101001,49.1|48.4|0.0|50.0|0.0|0.0|50.0,170:2_瞬时流量,829,4.75,5.84,0.4614,0.98
1101001,49.1|48.4|0.0|50.0|0.0|0.0|50.0,70:3_瞬时流量,829,6.75,8.51,0.6183,1.41
1101001,49.1|48.4|0.0|50.0|0.0|0.0|50.0,总管效率_pct,829,1.94,2.35,-0.0223,3.83
1101001,49.1|48.5|0.0|50.0|0.0|0.0|50.0,170:1_瞬时流量,155,37.96,46.24,0.1487,1.68
1101001,49.1|48.5|0.0|50.0|0.0|0.0|50.0,170:2_瞬时流量,155,5.53,6.79,0.1214,1.13
1101001,49.1|48.5|0.0|50.0|0.0|0.0|50.0,70:3_瞬时流量,155,8.39,10.1,0.2332,1.76
1101001,49.1|48.5|0.0|50.0|0.0|0.0|50.0,总管效率_pct,155,1.71,2.11,-0.0159,3.33
1101001,49.2|44.2|0.0|50.0|0.0|0.0|50.0,170:1_瞬时流量,226,20.14,24.07,-0.0615,0.95
1101001,49.2|44.2|0.0|50.0|0.0|0.0|50.0,170:2_瞬时流量,226,4.73,6.33,-0.3066,1.02
1101001,49.2|44.2|0.0|50.0|0.0|0.0|50.0,70:3_瞬时流量,226,6.02,7.53,0.4189,1.24
1101001,49.2|44.2|0.0|50.0|0.0|0.0|50.0,总管效率_pct,226,1.87,2.18,-0.0961,3.59
1101001,49.2|48.3|0.0|50.0|0.0|0.0|50.0,170:1_瞬时流量,711,41.16,47.62,0.2819,1.85
1101001,49.2|48.3|0.0|50.0|0.0|0.0|50.0,170:2_瞬时流量,711,6.44,7.67,0.3475,1.32
1101001,49.2|48.3|0.0|50.0|0.0|0.0|50.0,70:3_瞬时流量,711,7.03,9.07,0.6596,1.4
1101001,49.2|48.3|0.0|50.0|0.0|0.0|50.0,总管效率_pct,711,1.63,2.14,-0.0588,3.27
1101001,49.2|48.5|0.0|50.0|0.0|0.0|50.0,170:1_瞬时流量,1752,32.45,40.8,0.3987,1.45
1101001,49.2|48.5|0.0|50.0|0.0|0.0|50.0,170:2_瞬时流量,1752,4.72,5.96,0.4712,0.97
1101001,49.2|48.5|0.0|50.0|0.0|0.0|50.0,70:3_瞬时流量,1752,6.63,8.45,0.6606,1.36
1101001,49.2|48.5|0.0|50.0|0.0|0.0|50.0,总管效率_pct,1752,1.85,2.19,-0.0056,3.64
1101001,49.3|44.4|0.0|50.0|0.0|0.0|50.0,170:1_瞬时流量,88,12.45,13.76,-0.88,0.59
1101001,49.3|44.4|0.0|50.0|0.0|0.0|50.0,170:2_瞬时流量,88,7.42,9.08,-1.1624,1.57
1101001,49.3|44.4|0.0|50.0|0.0|0.0|50.0,70:3_瞬时流量,88,4.81,6.05,0.5318,0.98
1101001,49.3|44.4|0.0|50.0|0.0|0.0|50.0,总管效率_pct,88,1.1,1.22,-3.4795,2.1
1101001,49.3|48.7|0.0|50.0|0.0|0.0|50.0,170:1_瞬时流量,1296,31.16,40.57,0.1577,1.39
1101001,49.3|48.7|0.0|50.0|0.0|0.0|50.0,170:2_瞬时流量,1296,4.92,6.26,0.2565,1.0
1101001,49.3|48.7|0.0|50.0|0.0|0.0|50.0,70:3_瞬时流量,1296,6.98,8.86,0.5348,1.41
1101001,49.3|48.7|0.0|50.0|0.0|0.0|50.0,总管效率_pct,1296,1.72,2.19,-0.0008,3.41
1101001,49.4|48.8|0.0|50.0|0.0|0.0|50.0,170:1_瞬时流量,812,31.43,43.62,0.0165,1.39
1101001,49.4|48.8|0.0|50.0|0.0|0.0|50.0,170:2_瞬时流量,812,6.01,7.48,0.1561,1.22
1101001,49.4|48.8|0.0|50.0|0.0|0.0|50.0,70:3_瞬时流量,812,7.32,9.27,0.5188,1.47
1101001,49.4|48.8|0.0|50.0|0.0|0.0|50.0,总管效率_pct,812,1.6,2.0,-0.0063,3.21
1101001,49.5|48.1|0.0|50.0|0.0|0.0|50.0,170:1_瞬时流量,66,23.27,25.16,-0.5244,1.01
1101001,49.5|48.1|0.0|50.0|0.0|0.0|50.0,170:2_瞬时流量,66,7.58,8.32,-3.1573,1.51
1101001,49.5|48.1|0.0|50.0|0.0|0.0|50.0,70:3_瞬时流量,66,10.26,11.9,-2.2126,2.13
1101001,49.5|48.1|0.0|50.0|0.0|0.0|50.0,总管效率_pct,66,1.53,1.68,-0.5101,2.93
1101001,49.5|48.9|0.0|50.0|0.0|0.0|50.0,170:1_瞬时流量,351,33.26,43.74,-0.0056,1.47
1101001,49.5|48.9|0.0|50.0|0.0|0.0|50.0,170:2_瞬时流量,351,5.45,6.7,0.3193,1.1
1101001,49.5|48.9|0.0|50.0|0.0|0.0|50.0,70:3_瞬时流量,351,7.61,9.38,0.6474,1.52
1101001,49.5|48.9|0.0|50.0|0.0|0.0|50.0,总管效率_pct,351,1.53,1.84,-0.0275,3.08
1101001,49.5|49.0|0.0|50.0|0.0|0.0|50.0,170:1_瞬时流量,706,36.04,46.68,0.0489,1.6
1101001,49.5|49.0|0.0|50.0|0.0|0.0|50.0,170:2_瞬时流量,706,5.72,6.99,0.2732,1.16
1101001,49.5|49.0|0.0|50.0|0.0|0.0|50.0,70:3_瞬时流量,706,6.44,8.29,0.609,1.3
1101001,49.5|49.0|0.0|50.0|0.0|0.0|50.0,总管效率_pct,706,1.77,2.16,-0.054,3.59
1101001,49.6|44.9|0.0|50.0|0.0|0.0|50.0,170:1_瞬时流量,84,24.55,27.72,-0.9859,1.12
1101001,49.6|44.9|0.0|50.0|0.0|0.0|50.0,170:2_瞬时流量,84,6.69,7.38,-0.4308,1.4
1101001,49.6|44.9|0.0|50.0|0.0|0.0|50.0,70:3_瞬时流量,84,6.72,8.08,-0.055,1.35
1101001,49.6|44.9|0.0|50.0|0.0|0.0|50.0,总管效率_pct,84,1.3,1.86,-0.0143,2.62
1101001,49.8|44.5|0.0|50.0|0.0|0.0|50.0,170:1_瞬时流量,108,12.19,14.86,-0.5158,0.57
1101001,49.8|44.5|0.0|50.0|0.0|0.0|50.0,170:2_瞬时流量,108,4.63,6.0,-2.2991,1.0
1101001,49.8|44.5|0.0|50.0|0.0|0.0|50.0,70:3_瞬时流量,108,8.03,9.8,0.6077,1.75
1101001,49.8|44.5|0.0|50.0|0.0|0.0|50.0,总管效率_pct,108,1.09,1.37,0.0572,2.22
1101001,49.8|44.7|0.0|50.0|0.0|0.0|50.0,170:1_瞬时流量,130,14.22,17.12,-0.2375,0.66
1101001,49.8|44.7|0.0|50.0|0.0|0.0|50.0,170:2_瞬时流量,130,1.73,2.07,0.3825,0.37
1101001,49.8|44.7|0.0|50.0|0.0|0.0|50.0,70:3_瞬时流量,130,8.96,10.17,0.2968,1.91
1101001,49.8|44.7|0.0|50.0|0.0|0.0|50.0,总管效率_pct,130,1.97,2.18,-0.0538,4.0
1101001,49.8|45.7|0.0|50.0|0.0|0.0|50.0,170:1_瞬时流量,53,16.42,22.37,-0.1426,0.75
1101001,49.8|45.7|0.0|50.0|0.0|0.0|50.0,170:2_瞬时流量,53,3.84,4.53,-0.2858,0.78
1101001,49.8|45.7|0.0|50.0|0.0|0.0|50.0,70:3_瞬时流量,53,6.66,8.73,-0.0225,1.36
1101001,49.8|45.7|0.0|50.0|0.0|0.0|50.0,总管效率_pct,53,1.07,1.31,-0.2368,2.09
1101001,49.8|49.7|0.0|50.0|0.0|0.0|50.0,170:1_瞬时流量,1032,35.94,44.36,-0.075,1.56
1101001,49.8|49.7|0.0|50.0|0.0|0.0|50.0,170:2_瞬时流量,1032,6.1,8.15,0.1143,1.21
1101001,49.8|49.7|0.0|50.0|0.0|0.0|50.0,70:3_瞬时流量,1032,6.82,9.35,0.4596,1.38
1101001,49.8|49.7|0.0|50.0|0.0|0.0|50.0,总管效率_pct,1032,1.51,1.83,0.0025,3.01
1101001,50.0|44.7|0.0|50.0|0.0|0.0|50.0,170:1_瞬时流量,62,12.61,15.24,-1.83,0.59
1101001,50.0|44.7|0.0|50.0|0.0|0.0|50.0,170:2_瞬时流量,62,2.89,4.31,0.2922,0.62
1101001,50.0|44.7|0.0|50.0|0.0|0.0|50.0,70:3_瞬时流量,62,10.39,11.99,0.4288,2.22
1101001,50.0|44.7|0.0|50.0|0.0|0.0|50.0,总管效率_pct,62,1.95,2.08,0.0049,3.89
1101001,50.0|44.9|0.0|50.0|0.0|0.0|50.0,170:1_瞬时流量,80,22.5,27.81,-0.0909,1.05
1101001,50.0|44.9|0.0|50.0|0.0|0.0|50.0,170:2_瞬时流量,80,2.71,3.9,0.0054,0.58
1101001,50.0|44.9|0.0|50.0|0.0|0.0|50.0,70:3_瞬时流量,80,6.87,8.63,0.4928,1.45
1101001,50.0|44.9|0.0|50.0|0.0|0.0|50.0,总管效率_pct,80,2.04,2.26,-0.195,4.17
1101001,50.0|46.3|0.0|50.0|0.0|0.0|50.0,170:1_瞬时流量,56,6.79,13.03,0.5657,0.31
1101001,50.0|46.3|0.0|50.0|0.0|0.0|50.0,170:2_瞬时流量,56,2.69,3.11,0.2877,0.55
1101001,50.0|46.3|0.0|50.0|0.0|0.0|50.0,70:3_瞬时流量,56,5.25,8.6,0.7195,1.02
1101001,50.0|46.3|0.0|50.0|0.0|0.0|50.0,总管效率_pct,56,1.51,2.04,-0.3118,2.86
1101001,50.0|49.2|0.0|50.0|0.0|0.0|50.0,170:1_瞬时流量,58,40.45,47.94,-1.2642,1.7
1101001,50.0|49.2|0.0|50.0|0.0|0.0|50.0,170:2_瞬时流量,58,6.73,8.03,-0.9075,1.3
1101001,50.0|49.2|0.0|50.0|0.0|0.0|50.0,70:3_瞬时流量,58,7.18,8.59,0.5976,1.44
1101001,50.0|49.2|0.0|50.0|0.0|0.0|50.0,总管效率_pct,58,1.5,1.65,0.0532,2.94
